run_id,configuration_hash,code_commit,label,network_seed,epidemic_seed,policy_seed,network_hash,transfer_rate,response_delay,strategy,beta,gamma,quarantine_duration,k,selected_tanks,intervention_start_day,status,stop_reason,attempted_transfers,accepted_transfers,blocked_transfers,final_attack_rate,ever_infected,affected_tanks,peak_infected,time_to_peak,time_to_extinction,days_simulated,intervention_cost
7b0bb7f85a37493983def318fce82699,bbcebc07bcbb6586ac47ed9a104899864c24be202270672b00f5b028c7e034a8,44e2704,pilot-stage1-disease-r2,100,9000,,ecc984f043b744b6,0.0,0,none,0.05,0.1,0,2,,,completed,extinction on day 35,0,0,0,0.05,10,1,5,6,35,35,0
16128abf9dce4408a19809d0aaa5910c,be36ce86f22d02f2ab33617ee9d191fcea40f43095fcab26008651f26c56b491,44e2704,pilot-stage1-disease-r2,100,9000,,ecc984f043b744b6,0.01,0,none,0.05,0.1,0,2,,,completed,extinction on day 56,110,98,12,0.095,19,2,9,33,56,56,0
e7e2c7991499443780ff6b46ba662a16,2d3aee00a7edef75b6f36053de108923a06c5cf94e822cb7374ccc2a5bb170c6,44e2704,pilot-stage1-disease-r2,100,9000,,ecc984f043b744b6,0.02,0,none,0.05,0.1,0,2,,,completed,extinction on day 143,574,517,57,0.47,94,9,19,40,143,143,0
1999e97dc74a4d0e8a2160fe1b1d167c,6dd431752e063110849c86ba34d83d5de63c37853ab589c07fab563c40ae003e,44e2704,pilot-stage1-disease-r2,100,9000,,ecc984f043b744b6,0.025,0,none,0.05,0.1,0,2,,,completed,extinction on day 125,608,537,71,0.495,99,10,27,45,125,125,0
130fbf975cfb4eaf8cd247e52e91db82,9e5c47783bd568de31589b71ddfcb159e0ac4e84f4b5c24a588e967f76f490bb,44e2704,pilot-stage1-disease-r2,100,9000,,ecc984f043b744b6,0.05,0,none,0.05,0.1,0,2,,,completed,extinction on day 96,967,847,120,0.735,147,16,45,54,96,96,0
e016fad7940f460fbd1fb5192ecc3b67,5d7378273d3653c78b3b534d1fecd7cc4b58e8f5151e8e6268251eaaca625a6d,44e2704,pilot-stage1-disease-r2,100,9000,,ecc984f043b744b6,0.1,0,none,0.05,0.1,0,2,,,completed,extinction on day 96,1906,1684,222,0.97,194,20,63,44,96,96,0
a18183ca2d494754ad5627f3c8b365bf,3eb3c9a971b0efc23e24bbc12ccbe32a8573aad464f7c19f2db9bb89e6bea4e6,44e2704,pilot-stage1-disease-r2,100,9001,,ecc984f043b744b6,0.0,0,none,0.05,0.1,0,2,,,completed,extinction on day 30,0,0,0,0.05,10,1,9,8,30,30,0
78f63210e7424b3f8ee1bcbee40bfc6c,e0a117cfa585ab196244ba6d7c11a8e08e84dde15bd2ab5d0953db7a6d6820e4,44e2704,pilot-stage1-disease-r2,100,9001,,ecc984f043b744b6,0.01,0,none,0.05,0.1,0,2,,,completed,extinction on day 84,170,157,13,0.13,26,2,10,11,84,84,0
e9d43c8d521143979c5c2ee7a139594d,92a919178edb32a0e371c51d12302d41e05b311a9eba99256fe6062d88c7b9db,44e2704,pilot-stage1-disease-r2,100,9001,,ecc984f043b744b6,0.02,0,none,0.05,0.1,0,2,,,completed,extinction on day 115,456,406,50,0.29,58,6,10,11,115,115,0
1fdea64ddbb04f82886c876cd239df13,f9d89490d402f0c0349c30232e961dfb7fc901ba2db3e13fa1ecb54e6d1a0647,44e2704,pilot-stage1-disease-r2,100,9001,,ecc984f043b744b6,0.025,0,none,0.05,0.1,0,2,,,completed,extinction on day 136,689,606,83,0.505,101,11,14,39,136,136,0
886bf98414b0429399338e13ea74d7cb,18a919949baf59193293343762f469e9c243e1ff714c9ed90f7565482cbca0c4,44e2704,pilot-stage1-disease-r2,100,9001,,ecc984f043b744b6,0.05,0,none,0.05,0.1,0,2,,,completed,extinction on day 85,870,735,135,0.35,70,7,17,46,85,85,0
c3dd1bd1e71c46adadcfc5a2dcfd342b,04eff247338a09060d15eef5a908c4f66884d333ed0c7158c4f8f544cae3a973,44e2704,pilot-stage1-disease-r2,100,9001,,ecc984f043b744b6,0.1,0,none,0.05,0.1,0,2,,,completed,extinction on day 144,2858,2520,338,0.94,188,19,31,109,144,144,0
8320e8b9dc684f1793706029468332b6,08d20584177d01abd2fba6c7a57dc73e621e49bb90561cac036ea11f6c5e5ba4,44e2704,pilot-stage1-disease-r2,100,9002,,ecc984f043b744b6,0.0,0,none,0.05,0.1,0,2,,,completed,extinction on day 35,0,0,0,0.05,10,1,6,8,35,35,0
8a11708078f64d3bb6b73141956d1975,355c541b8a50ce5bba480ef0837e8d9ad7c77edc0806f0eff08c043fef93287a,44e2704,pilot-stage1-disease-r2,100,9002,,ecc984f043b744b6,0.01,0,none,0.05,0.1,0,2,,,completed,extinction on day 50,89,82,7,0.07,14,1,7,10,50,50,0
6549756f635a4f89badea2c363de3c2a,3a2d5dbf36d3e25d7627e04d1bc731f8b159d053d43267bf839917e6482cecda,44e2704,pilot-stage1-disease-r2,100,9002,,ecc984f043b744b6,0.02,0,none,0.05,0.1,0,2,,,completed,extinction on day 80,295,273,22,0.24,48,4,12,28,80,80,0
08fc6c4297e54aa4bd8244536ab4b40f,61fc697bc78e4ff299691282f47fa980689c4366cbf6b0e46817cb2cfe47bf94,44e2704,pilot-stage1-disease-r2,100,9002,,ecc984f043b744b6,0.025,0,none,0.05,0.1,0,2,,,completed,extinction on day 73,330,302,28,0.44,88,9,35,31,73,73,0
bf447b766fba4cd787917b6bf7e896d1,10f4a3616f0a7e16d9b261ab558a41810477b52d7db1e4a316f50ea036ebd9e0,44e2704,pilot-stage1-disease-r2,100,9002,,ecc984f043b744b6,0.05,0,none,0.05,0.1,0,2,,,completed,extinction on day 67,658,599,59,0.4,80,8,21,41,67,67,0
2d3fcc7298ad42edbdc774d21078df7f,b983e6d6673cd6101fd6db78606c59fc91ae720320e3d4c5be56ac1630d3bace,44e2704,pilot-stage1-disease-r2,100,9002,,ecc984f043b744b6,0.1,0,none,0.05,0.1,0,2,,,completed,extinction on day 160,3201,2862,339,0.735,147,16,31,39,160,160,0
968def2a7ca048218f56f714eb0513a3,2b64f1524f427bd35e03f8f2287199aa9547e05d08c32328e9cdae0bf47c48e8,44e2704,pilot-stage1-disease-r2,100,9003,,ecc984f043b744b6,0.0,0,none,0.05,0.1,0,2,,,completed,extinction on day 1,0,0,0,0.005,1,1,1,0,1,1,0
266c4af3ffdd4bdda1bdc0dbefb616ad,5d1fbde8743e5dc8496f72d8c41eb88ac60a2b086fbb8c96d49d1e19c8e2cbc9,44e2704,pilot-stage1-disease-r2,100,9003,,ecc984f043b744b6,0.01,0,none,0.05,0.1,0,2,,,completed,extinction on day 1,3,3,0,0.005,1,1,1,0,1,1,0
13018bf1d3b046d68859d5967b5cc016,5c3287605fa8cc2209c96da8b90e538bc6334fc8dcd44c75e0d81e9b6b1cb98e,44e2704,pilot-stage1-disease-r2,100,9003,,ecc984f043b744b6,0.02,0,none,0.05,0.1,0,2,,,completed,extinction on day 1,5,5,0,0.005,1,1,1,0,1,1,0
8e74f3b4ef584609ab0e1930eb9e6824,1009cac80874a760d732f62e0ab23ca1ac6a86bd7d672f57724d4a3b828d387c,44e2704,pilot-stage1-disease-r2,100,9003,,ecc984f043b744b6,0.025,0,none,0.05,0.1,0,2,,,completed,extinction on day 1,5,5,0,0.005,1,1,1,0,1,1,0
6b7be2408dc34303816331ac1eed1aa3,738a19163d4eef636b7e3c5f9d5c3b8ef54a48a357d5a38f1c5245e7671f293d,44e2704,pilot-stage1-disease-r2,100,9003,,ecc984f043b744b6,0.05,0,none,0.05,0.1,0,2,,,completed,extinction on day 1,9,9,0,0.005,1,1,1,0,1,1,0
3b336c45453442fda9318aacaf76ee85,b11260794b739137e1592017fb2b8d77f87e76f2698e520fc172b9c19df888b3,44e2704,pilot-stage1-disease-r2,100,9003,,ecc984f043b744b6,0.1,0,none,0.05,0.1,0,2,,,completed,extinction on day 1,16,16,0,0.005,1,1,1,0,1,1,0
fb7bc9fcecec4095ba560f7e2e2a26e5,ed9a7a03c81d1b25a809e01c751096ec76780ec4e2bef57e72933f2b26dd225f,44e2704,pilot-stage1-disease-r2,100,9004,,ecc984f043b744b6,0.0,0,none,0.05,0.1,0,2,,,completed,extinction on day 40,0,0,0,0.05,10,1,6,9,40,40,0
45b691363fc542419af4c70740f00b7d,4ce98e39081b8eb518ac199eb84c67fa4d10d85174ecb334013f7aa92d02c282,44e2704,pilot-stage1-disease-r2,100,9004,,ecc984f043b744b6,0.01,0,none,0.05,0.1,0,2,,,completed,extinction on day 44,88,84,4,0.105,21,2,13,21,44,44,0
bc63a19dc3de49c0ac4c7897726b2b76,b2c73f740974fce03208cef582bd7f88658319674750f69f0f994a55f2b78b20,44e2704,pilot-stage1-disease-r2,100,9004,,ecc984f043b744b6,0.02,0,none,0.05,0.1,0,2,,,completed,extinction on day 44,174,159,15,0.155,31,3,13,21,44,44,0
eabed40a595c4e47bf69c48c980cc1f7,c6af036bed8835c6fe5713dca843521ed101886c364c85e2062b7df1dac1f9be,44e2704,pilot-stage1-disease-r2,100,9004,,ecc984f043b744b6,0.025,0,none,0.05,0.1,0,2,,,completed,extinction on day 94,505,444,61,0.16,32,4,10,23,94,94,0
9036af8405b641f786eec502d42afdb4,c534319d7ece78d74b90a821ada31eb898875cb32de28628a54b6a106318ab20,44e2704,pilot-stage1-disease-r2,100,9004,,ecc984f043b744b6,0.05,0,none,0.05,0.1,0,2,,,completed,extinction on day 91,934,817,117,0.245,49,5,17,21,91,91,0
c4c045cc97164ca09ee0970edccbf8f8,ec271c8779c19c01999dcaea2cbb0079261d85de5885c86c04d17b7d71efcce5,44e2704,pilot-stage1-disease-r2,100,9004,,ecc984f043b744b6,0.1,0,none,0.05,0.1,0,2,,,completed,extinction on day 140,2819,2512,307,0.95,190,20,36,77,140,140,0
c44e5b432ab049b399c147b3932c5b7d,cf6c75f722511d0f5c74728e0ad4dc053ec84a4aa758fccfe4a31e153ea8b7eb,44e2704,pilot-stage1-disease-r2,100,9005,,ecc984f043b744b6,0.0,0,none,0.05,0.1,0,2,,,completed,extinction on day 23,0,0,0,0.05,10,1,7,11,23,23,0
4ec58636af94457187ecf929375bd7b8,2d2a85e90d19e5b1ab5927dd500a3d5bdbfa95bdc158b82e3ca61263fdf743c3,44e2704,pilot-stage1-disease-r2,100,9005,,ecc984f043b744b6,0.01,0,none,0.05,0.1,0,2,,,completed,extinction on day 32,64,58,6,0.1,20,2,8,19,32,32,0
9e0a033236ff4c66babf3cffe65eb681,c5fa976b03661855c60a203a1e7d93fa7d98515e61544af70aa417adae843f53,44e2704,pilot-stage1-disease-r2,100,9005,,ecc984f043b744b6,0.02,0,none,0.05,0.1,0,2,,,completed,extinction on day 84,362,311,51,0.24,48,5,13,30,84,84,0
b85da23cbefb4316a8532f8334f7ec09,760df1693a56ea90414cf06de5729b4e1e6e3c5b576430ac3ff928faab949c58,44e2704,pilot-stage1-disease-r2,100,9005,,ecc984f043b744b6,0.025,0,none,0.05,0.1,0,2,,,completed,extinction on day 45,224,192,32,0.145,29,3,9,7,45,45,0
8b2f9af19afe4900ba92f6bb42d2a2af,1b032e57d4d56f88bfcf7ffdf6bd6559b41a6a7a892d09503e849878bfb9353a,44e2704,pilot-stage1-disease-r2,100,9005,,ecc984f043b744b6,0.05,0,none,0.05,0.1,0,2,,,completed,extinction on day 149,1541,1347,194,0.93,186,20,38,65,149,149,0
a2a8b7214564423da1f4164afa4d4db2,175adf14c9dc951aecfe309aa9b3e3e954870a74ff1de7e4910e517678d099f1,44e2704,pilot-stage1-disease-r2,100,9005,,ecc984f043b744b6,0.1,0,none,0.05,0.1,0,2,,,completed,extinction on day 124,2535,2260,275,0.945,189,20,31,74,124,124,0
456c45dc928e441bad97f7f35392d438,3de6f0a028e169ee2cf5a96d577c2ea4ebd1066a20a6c567a567b2c1fb8f3cfd,44e2704,pilot-stage1-disease-r2,100,9006,,ecc984f043b744b6,0.0,0,none,0.05,0.1,0,2,,,completed,extinction on day 1,0,0,0,0.005,1,1,1,0,1,1,0
cb159800f9a34b2dbf95341661c6292c,4a934f925968b8541fb1c519acd3b68fa2365c0009d3879df7310f22d516343e,44e2704,pilot-stage1-disease-r2,100,9006,,ecc984f043b744b6,0.01,0,none,0.05,0.1,0,2,,,completed,extinction on day 1,5,5,0,0.005,1,1,1,0,1,1,0
624c6df8ad8d479fa3701d4693dd2f17,2efccdf459601abe8c88c277b34e6068f053a2707e98122ad9daee814d57149e,44e2704,pilot-stage1-disease-r2,100,9006,,ecc984f043b744b6,0.02,0,none,0.05,0.1,0,2,,,completed,extinction on day 1,6,6,0,0.005,1,1,1,0,1,1,0
bad3b73cfe944a9e9e9888432df79ee6,dd6eaebe6fc5f4ad387d06f42680698e76df45632b6aa88bd4564a97478dd6a7,44e2704,pilot-stage1-disease-r2,100,9006,,ecc984f043b744b6,0.025,0,none,0.05,0.1,0,2,,,completed,extinction on day 1,7,7,0,0.005,1,1,1,0,1,1,0
d297a48ca1aa46c8b42f56ad6793f74c,868d4ad0b15e185abc8762d6e0c24383c97f5f5453a3ef653f47e6f04e22cfb8,44e2704,pilot-stage1-disease-r2,100,9006,,ecc984f043b744b6,0.05,0,none,0.05,0.1,0,2,,,completed,extinction on day 1,14,12,2,0.005,1,1,1,0,1,1,0
5dade923a38b429fae1c72b015d60481,900dfdb86e0b54764a08a4756a6f72ecad3e46207723ab786716c375a8ad9c8b,44e2704,pilot-stage1-disease-r2,100,9006,,ecc984f043b744b6,0.1,0,none,0.05,0.1,0,2,,,completed,extinction on day 1,19,17,2,0.005,1,1,1,0,1,1,0
79873b3f3d734a82b3902bf9492bb839,4b5f85d6b9100e4383c965673c62714e3f0180a8ae80cc3bcf6b7f59a2253e07,44e2704,pilot-stage1-disease-r2,100,9007,,ecc984f043b744b6,0.0,0,none,0.05,0.1,0,2,,,completed,extinction on day 29,0,0,0,0.05,10,1,5,12,29,29,0
fe7dca47d3724d2eabcfb957a3c725ff,49546f3af58a75e7c29814b5e7478aac833ddc81de61f79d77f09e996e7d52b7,44e2704,pilot-stage1-disease-r2,100,9007,,ecc984f043b744b6,0.01,0,none,0.05,0.1,0,2,,,completed,extinction on day 54,102,95,7,0.095,19,2,10,28,54,54,0
f4e882775a5b4a189da90a0a19394eed,e8000e368df0d2bb5e0893a4eb8ab26a4920e375e4341e6b4b77a0f6a5d08dac,44e2704,pilot-stage1-disease-r2,100,9007,,ecc984f043b744b6,0.02,0,none,0.05,0.1,0,2,,,completed,extinction on day 100,394,358,36,0.32,64,6,17,60,100,100,0
850fe61e34524153a26c252bb53f67f3,a0cd3c4321ad0e20ae3acb7a0ff814fd10990d848fce0932324415251daa90b5,44e2704,pilot-stage1-disease-r2,100,9007,,ecc984f043b744b6,0.025,0,none,0.05,0.1,0,2,,,completed,extinction on day 29,139,133,6,0.04,8,1,5,12,29,29,0
9f9535191bf54d88927b16aa23b9d88c,98aea2cb7d3b2c43b9394c4036f7d20a57abd35fbb601a7b2a3e66e7d2ccb044,44e2704,pilot-stage1-disease-r2,100,9007,,ecc984f043b744b6,0.05,0,none,0.05,0.1,0,2,,,completed,extinction on day 163,1612,1418,194,0.87,174,19,39,56,163,163,0
7cca4bbb086443cc9f7bbb99f0d7d879,813e55a18b7e500a2e6e8b5043658245a2d886e0dde269883000981542711e0d,44e2704,pilot-stage1-disease-r2,100,9007,,ecc984f043b744b6,0.1,0,none,0.05,0.1,0,2,,,completed,extinction on day 130,2600,2328,272,0.96,192,20,39,60,130,130,0
be5d5226b6134788820a1a237753a3f2,39403f9293deb218586a8aa7c9a5afc323bc99fce39739233ae0ab04d12c699d,44e2704,pilot-stage1-disease-r2,100,9008,,ecc984f043b744b6,0.0,0,none,0.05,0.1,0,2,,,completed,extinction on day 38,0,0,0,0.05,10,1,7,9,38,38,0
d339425fcbd2403ea78aa2fad5633b45,449bad56271202e9351188091591000f013d2657ded8c4fd27792c989f2fcbac,44e2704,pilot-stage1-disease-r2,100,9008,,ecc984f043b744b6,0.01,0,none,0.05,0.1,0,2,,,completed,extinction on day 67,155,141,14,0.14,28,4,12,20,67,67,0
403cac324cea41da949d8692b0505471,e8ebc993144f6a2aec51e636b74fcb872aa4dd9b914b583609eac451577ab50f,44e2704,pilot-stage1-disease-r2,100,9008,,ecc984f043b744b6,0.02,0,none,0.05,0.1,0,2,,,completed,extinction on day 78,324,292,32,0.145,29,4,9,10,78,78,0
676167265efd48bd9731c13e0c3d88f4,3dd5d3a697aad5471eb9ad5e34e6be8f965bd23087ae72487c9e03b7d2c9b68e,44e2704,pilot-stage1-disease-r2,100,9008,,ecc984f043b744b6,0.025,0,none,0.05,0.1,0,2,,,completed,extinction on day 85,438,409,29,0.34,68,8,16,25,85,85,0
199dbf5f3bce449e95cd19e22fd98883,39a00aba000affccb6537d5c972590147eef296f9311aa542156f27ad2b05c1c,44e2704,pilot-stage1-disease-r2,100,9008,,ecc984f043b744b6,0.05,0,none,0.05,0.1,0,2,,,completed,extinction on day 99,988,894,94,0.265,53,6,14,20,99,99,0
58882b9dd46b4da5808d7bf85a6ff3a4,234e8ad206834f27582e7b120020d93ae1247e2ef134a63d70b2feb7285e1ebf,44e2704,pilot-stage1-disease-r2,100,9008,,ecc984f043b744b6,0.1,0,none,0.05,0.1,0,2,,,completed,extinction on day 74,1499,1353,146,0.285,57,5,25,22,74,74,0
a70bc1ec282c49a3b9686f358a8c6a1d,bfd1b4e07ac04739c820afc196e9732b45fa1b194b180611101f1ba434908514,44e2704,pilot-stage1-disease-r2,100,9009,,ecc984f043b744b6,0.0,0,none,0.05,0.1,0,2,,,completed,extinction on day 34,0,0,0,0.05,10,1,4,4,34,34,0
84c919573046416c9a07562b7dc626d4,8c0b598ced6a9648c6b33fdd5fbe03742f83dcfe49e6d7804fd569693c96f1af,44e2704,pilot-stage1-disease-r2,100,9009,,ecc984f043b744b6,0.01,0,none,0.05,0.1,0,2,,,completed,extinction on day 34,69,66,3,0.06,12,1,4,4,34,34,0
af94803a916d4045b20078f87cd1ba98,c16060f9a40817beade724fce36e3b09eb3df6780d71c9a66aba9d81bf698d64,44e2704,pilot-stage1-disease-r2,100,9009,,ecc984f043b744b6,0.02,0,none,0.05,0.1,0,2,,,completed,extinction on day 83,338,289,49,0.325,65,6,26,16,83,83,0
6111c454aaaa4cafb7ae7a0a26de904c,0d2c257c96c6bdbedc2cf9a1ac039dc57927105fc7d016aff2e75b4811f244d8,44e2704,pilot-stage1-disease-r2,100,9009,,ecc984f043b744b6,0.025,0,none,0.05,0.1,0,2,,,completed,extinction on day 84,419,375,44,0.425,85,9,26,14,84,84,0
c2a3238bd5c74739a8cc5898b5e6c7c6,9b6d3124dbe039c12e6bb84e3bd3dfed1896c7a7a2094072b4be113c1378f861,44e2704,pilot-stage1-disease-r2,100,9009,,ecc984f043b744b6,0.05,0,none,0.05,0.1,0,2,,,completed,extinction on day 143,1473,1358,115,0.735,147,16,32,27,143,143,0
95d5bdf4ee3d48d6849e97cb3fda4124,0d3aa1f29dda7397fbf25ea33104bc43d4693e57ef7ad50143ce5921658c73a8,44e2704,pilot-stage1-disease-r2,100,9009,,ecc984f043b744b6,0.1,0,none,0.05,0.1,0,2,,,completed,extinction on day 95,1964,1748,216,0.97,194,20,52,32,95,95,0
54a4914505f84ed7801e9778466661fb,1384667018cefea2a8c198a1670b56edaf16b92ae826d604eebf586933d2173c,44e2704,pilot-stage1-disease-r2,101,9000,,a94b904840df0142,0.0,0,none,0.05,0.1,0,2,,,completed,extinction on day 35,0,0,0,0.05,10,1,5,6,35,35,0
31bcb1d34fe44af7bf1e287a09ba13ca,90c74b510918bd091952d6fe9ba7ccb3f7583a94c8b94567c98e04e691664b46,44e2704,pilot-stage1-disease-r2,101,9000,,a94b904840df0142,0.01,0,none,0.05,0.1,0,2,,,completed,extinction on day 56,110,100,10,0.075,15,2,5,6,56,56,0
13ef96418d264491b03cfea5c66fce80,75eef3c897295d1631184c09256d84a059b715f2183d06b7c32f2632b63510ca,44e2704,pilot-stage1-disease-r2,101,9000,,a94b904840df0142,0.02,0,none,0.05,0.1,0,2,,,completed,extinction on day 186,760,720,40,0.525,105,14,18,145,186,186,0
b5a9402a6f5343b9a4fb7621edb600bf,84c83659b5cb2f1cce6b43395fd2a4352a12414e0cd8b1d6951453fa5e9787dd,44e2704,pilot-stage1-disease-r2,101,9000,,a94b904840df0142,0.025,0,none,0.05,0.1,0,2,,,completed,extinction on day 79,394,369,25,0.125,25,2,9,40,79,79,0
1af6255a3bb24fd1ac2af2a0086c68bc,b7308d3cf2d344d0256a800abcfd340d631eddb174ef3ee878be4dfc1647eb50,44e2704,pilot-stage1-disease-r2,101,9000,,a94b904840df0142,0.05,0,none,0.05,0.1,0,2,,,completed,extinction on day 102,1029,959,70,0.955,191,20,48,33,102,102,0
5236a1555d084bafa9a27d876898f8b7,0a8e1b09b2ffa94447ec9f92be237d0cd16c3931516eadd9dd7474a7aaf5f516,44e2704,pilot-stage1-disease-r2,101,9000,,a94b904840df0142,0.1,0,none,0.05,0.1,0,2,,,completed,extinction on day 96,1906,1785,121,0.975,195,20,58,34,96,96,0
86a3475845904e2bb0fcb580772640ee,16781d379c01d9b695b2fa338ae65ef1056352769391148c1ec760981351b1b2,44e2704,pilot-stage1-disease-r2,101,9001,,a94b904840df0142,0.0,0,none,0.05,0.1,0,2,,,completed,extinction on day 30,0,0,0,0.05,10,1,9,8,30,30,0
1aa3a1ab54e34fc79a6aeb5b24e34361,b56a7a73a70fd4adafd874d8a012b2bebb0f4a0b614122d2fc4e42dc9309173b,44e2704,pilot-stage1-disease-r2,101,9001,,a94b904840df0142,0.01,0,none,0.05,0.1,0,2,,,completed,extinction on day 72,145,133,12,0.175,35,4,11,11,72,72,0
0be7724896474571a1a394f37d7b3053,e8b14124c59ecdc4ed1d39b74bfde3b4354bd3bebbf68fb73f27067387a3014e,44e2704,pilot-stage1-disease-r2,101,9001,,a94b904840df0142,0.02,0,none,0.05,0.1,0,2,,,completed,extinction on day 108,430,405,25,0.36,72,8,14,69,108,108,0
6b3486e67cb34641bc7d28bb15a59097,54c86c90b7b2c5a7aab4d2bb26926dc8be5e18f2a9cb0f4568a1bee54e42426f,44e2704,pilot-stage1-disease-r2,101,9001,,a94b904840df0142,0.025,0,none,0.05,0.1,0,2,,,completed,extinction on day 62,296,269,27,0.185,37,6,12,28,62,62,0
ceb191845b08469483d9d86c17abc535,c2021eb0f03f4940456c2207948a13dbcaf0c138be4a128cfb0d827bebe0b581,44e2704,pilot-stage1-disease-r2,101,9001,,a94b904840df0142,0.05,0,none,0.05,0.1,0,2,,,completed,extinction on day 119,1211,1141,70,0.85,170,17,34,73,119,119,0
0bbe8811427a46e8a95257da8dd54217,b02fbd9c712f9431f723c4e93a85b557d781190a9b4330e575e450c012163bfc,44e2704,pilot-stage1-disease-r2,101,9001,,a94b904840df0142,0.1,0,none,0.05,0.1,0,2,,,completed,extinction on day 77,1573,1468,105,0.96,192,20,45,34,77,77,0
224ffa50873244f399b8d55ae3b102ef,054b44c3ec1becb5fdb2fa5b035caed8561222b80b87f017a8e5c1f8d83333e2,44e2704,pilot-stage1-disease-r2,101,9002,,a94b904840df0142,0.0,0,none,0.05,0.1,0,2,,,completed,extinction on day 35,0,0,0,0.05,10,1,6,8,35,35,0
f5cef153d3c54d7ba74e087629970f5a,20444afa470806cdfcce45b1a5994939fb8b4eab4dca48bb898030d1a1bd5244,44e2704,pilot-stage1-disease-r2,101,9002,,a94b904840df0142,0.01,0,none,0.05,0.1,0,2,,,completed,extinction on day 48,89,84,5,0.07,14,1,7,10,48,48,0
0c89d3325e9547e080be768457bb91fa,cb8289fb4d98f39b4914f08e2bf55d10c2f301eda227c51a222f69d5d071b094,44e2704,pilot-stage1-disease-r2,101,9002,,a94b904840df0142,0.02,0,none,0.05,0.1,0,2,,,completed,extinction on day 143,565,528,37,0.535,107,11,17,41,143,143,0
7e683ddbafde42c8ac9f4e3e7cbd6ccc,073d341534036ceb5e6a92cf4045a9f1ab3044c812fd8518fa7c0b798970002c,44e2704,pilot-stage1-disease-r2,101,9002,,a94b904840df0142,0.025,0,none,0.05,0.1,0,2,,,completed,extinction on day 85,404,371,33,0.54,108,11,39,36,85,85,0
838a34b3d2f4476e886464a8e807f33d,1a3611f2f543662377c0359f15a9d8747d80bf0ff10dc96b72573508b73fac74,44e2704,pilot-stage1-disease-r2,101,9002,,a94b904840df0142,0.05,0,none,0.05,0.1,0,2,,,completed,extinction on day 178,1811,1692,119,0.925,185,20,31,60,178,178,0
f1fc36fd29524f60b893221c28b6d6c7,41c759b55580e4b755289f9e2374e7a7706ebaca516077c67723854510c8a387,44e2704,pilot-stage1-disease-r2,101,9002,,a94b904840df0142,0.1,0,none,0.05,0.1,0,2,,,completed,extinction on day 102,2007,1886,121,0.84,168,18,46,54,102,102,0
4aed72ee624f4a94a2e8505056fc7a31,8e8346ff7654bcd5526ba1cb1f5c0f6fb4cfee0b76126a19ddc0c76e2844f3a9,44e2704,pilot-stage1-disease-r2,101,9003,,a94b904840df0142,0.0,0,none,0.05,0.1,0,2,,,completed,extinction on day 1,0,0,0,0.005,1,1,1,0,1,1,0
64ebf95b59f84aa192f5d1d3d8c1ac70,a5579ea7a699ec4acc15561adfb83e4c085639fec6d6e9a8e82af718de758e53,44e2704,pilot-stage1-disease-r2,101,9003,,a94b904840df0142,0.01,0,none,0.05,0.1,0,2,,,completed,extinction on day 1,3,3,0,0.005,1,1,1,0,1,1,0
898ba4e3ca184a75889793fd88265a2e,bcae5ae6917caf3be41583d970ec98389540489e0b0bd1f52831851ecb0b5ffd,44e2704,pilot-stage1-disease-r2,101,9003,,a94b904840df0142,0.02,0,none,0.05,0.1,0,2,,,completed,extinction on day 1,5,5,0,0.005,1,1,1,0,1,1,0
042fd40caf4b428fb275c5dfec0d4ce1,a68e20285b4233878a6ad5d2aeebe6bdee33400a336e45478f8c0237dbdbb9e3,44e2704,pilot-stage1-disease-r2,101,9003,,a94b904840df0142,0.025,0,none,0.05,0.1,0,2,,,completed,extinction on day 1,5,5,0,0.005,1,1,1,0,1,1,0
5bf8b29bb9094de9bc5f5b757a6da42f,1785735f075bdaf218b3dfad0b540b26567a524830e919c4d8e7a047167a41a9,44e2704,pilot-stage1-disease-r2,101,9003,,a94b904840df0142,0.05,0,none,0.05,0.1,0,2,,,completed,extinction on day 1,9,9,0,0.005,1,1,1,0,1,1,0
547c173d868a48c6a5fb843b7781b758,093152c02414d212e3c4b4aa6426e325091903a5920042264c2abbac63f0b754,44e2704,pilot-stage1-disease-r2,101,9003,,a94b904840df0142,0.1,0,none,0.05,0.1,0,2,,,completed,extinction on day 1,16,16,0,0.005,1,1,1,0,1,1,0
203f85bf62fd48038de45718ee49070e,a66ac1cd1531db5eae70e7667b3f6d8d48e67e6c95539f107f96932ecd42adca,44e2704,pilot-stage1-disease-r2,101,9004,,a94b904840df0142,0.0,0,none,0.05,0.1,0,2,,,completed,extinction on day 40,0,0,0,0.05,10,1,6,9,40,40,0
dadfa39531e94220b93b1e84d549798f,23746295659f2742df37ed3ee0a6600902b33ba631b5c4b8d85f282fb380c0f2,44e2704,pilot-stage1-disease-r2,101,9004,,a94b904840df0142,0.01,0,none,0.05,0.1,0,2,,,completed,extinction on day 44,88,84,4,0.115,23,2,13,21,44,44,0
f9f04ad9ecdc4fafadd139956817a0ee,8f4fba81eef907b4f8a984b0d678df9c9d7ae92f34dec70f2a8c0015839b6db4,44e2704,pilot-stage1-disease-r2,101,9004,,a94b904840df0142,0.02,0,none,0.05,0.1,0,2,,,completed,extinction on day 131,567,540,27,0.645,129,13,23,81,131,131,0
fc179560f0ff4bc1983ea7ff65152c52,0c89d02a449eccbea3c3785488a1677d4188144da300cd5f64935747c63d885c,44e2704,pilot-stage1-disease-r2,101,9004,,a94b904840df0142,0.025,0,none,0.05,0.1,0,2,,,completed,extinction on day 136,718,678,40,0.795,159,17,23,69,136,136,0
fc9cfb433fee46379de629e7dcf04dc0,a8802040bf30c17a259eba2089fb528e79038af18885b26bbf8d41a0ac6b94c2,44e2704,pilot-stage1-disease-r2,101,9004,,a94b904840df0142,0.05,0,none,0.05,0.1,0,2,,,completed,extinction on day 136,1381,1279,102,0.89,178,19,41,24,136,136,0
d5498e029c8249e88626d7ee632ee911,e1f7463c472504252487776358d1375ecc65876a69acd84405f1ff3091fc3db9,44e2704,pilot-stage1-disease-r2,101,9004,,a94b904840df0142,0.1,0,none,0.05,0.1,0,2,,,completed,extinction on day 108,2191,2063,128,0.915,183,19,46,48,108,108,0
c2ccbb0a303549b7b61f78f3db5ba158,1f8a2feb16f059ce83b06ae6c7dfefbd3b7c2de1bf584eed1da7d16e286876da,44e2704,pilot-stage1-disease-r2,101,9005,,a94b904840df0142,0.0,0,none,0.05,0.1,0,2,,,completed,extinction on day 23,0,0,0,0.05,10,1,7,11,23,23,0
8fef9dd4a3f4453bbe4f807ece423cbe,1b0551436f09ab4b235deacd5777e629a0f41e2842eb9ba34e057eba3a3c57e4,44e2704,pilot-stage1-disease-r2,101,9005,,a94b904840df0142,0.01,0,none,0.05,0.1,0,2,,,completed,extinction on day 64,136,121,15,0.15,30,5,9,17,64,64,0
8d808562a9e54ecf92a56a91177d4261,85d3faaf2028c4cce17819df07e291fda25a8c03c6d0c88ff824817716202718,44e2704,pilot-stage1-disease-r2,101,9005,,a94b904840df0142,0.02,0,none,0.05,0.1,0,2,,,completed,extinction on day 64,278,255,23,0.23,46,5,12,28,64,64,0
46431c36189347d2a81dde7a1bd2f1d0,0104e7c796f3680f487b1d89473ff2d7fd7bb80abb9f95fa9df4678d077e54f0,44e2704,pilot-stage1-disease-r2,101,9005,,a94b904840df0142,0.025,0,none,0.05,0.1,0,2,,,completed,extinction on day 120,632,591,41,0.355,71,8,12,28,120,120,0
2568e2fd6a2e4b12b0b07f793b28aaf7,ca2f21ce48c510c7812019aafacfcf6ecd6241646b5517ee1e41afc2aba4d650,44e2704,pilot-stage1-disease-r2,101,9005,,a94b904840df0142,0.05,0,none,0.05,0.1,0,2,,,completed,extinction on day 100,1045,990,55,0.56,112,15,16,72,100,100,0
c03029f6b6034a239053950ce4a9f2b8,00387412d1d64656870bd3744a7f1f1ea7d543d41beec91ff8d9706d2086695b,44e2704,pilot-stage1-disease-r2,101,9005,,a94b904840df0142,0.1,0,none,0.05,0.1,0,2,,,completed,extinction on day 149,3055,2875,180,0.875,175,20,38,79,149,149,0
247b2a6f4dbb4f7f9cff5ca3248a8d0f,9efa5034ba13f159712486f787b387bf83f50cc5b725b8b68171b279c4d903f9,44e2704,pilot-stage1-disease-r2,101,9006,,a94b904840df0142,0.0,0,none,0.05,0.1,0,2,,,completed,extinction on day 1,0,0,0,0.005,1,1,1,0,1,1,0
b06a99512a4942e0af7171aa088c6e70,17a981a8f3d3b349dc7899c1de677c3b516fe388122e9f2f06ac93d044afd043,44e2704,pilot-stage1-disease-r2,101,9006,,a94b904840df0142,0.01,0,none,0.05,0.1,0,2,,,completed,extinction on day 1,5,5,0,0.005,1,1,1,0,1,1,0
055451fe27d84e8c99b6a66a39481455,4d2e37a01a1c42a036f8bdba3011f4e0e7b4433d598800b19fc8a6d29d1c4b21,44e2704,pilot-stage1-disease-r2,101,9006,,a94b904840df0142,0.02,0,none,0.05,0.1,0,2,,,completed,extinction on day 1,6,6,0,0.005,1,1,1,0,1,1,0
98419dfdfb2d4ccb8c41e97a11a18c94,19e3333da0b87a30f51e7d13ed19b0fcaa525d8b8a5643c24e70dc3822c1646a,44e2704,pilot-stage1-disease-r2,101,9006,,a94b904840df0142,0.025,0,none,0.05,0.1,0,2,,,completed,extinction on day 1,7,7,0,0.005,1,1,1,0,1,1,0
7f16ab06729d47acb4d849863a7edbcf,c48f809f2060372f3d1d3bee59fa8b1635c662631c5cf8b83d2435f6ae84c67d,44e2704,pilot-stage1-disease-r2,101,9006,,a94b904840df0142,0.05,0,none,0.05,0.1,0,2,,,completed,extinction on day 1,14,14,0,0.005,1,1,1,0,1,1,0
cd7ffd23e4294461bafffb660131400d,9e9f2d15d51ae6da8fbf32c9e74800aeb6973c5bebb180a40e0335328d6912c4,44e2704,pilot-stage1-disease-r2,101,9006,,a94b904840df0142,0.1,0,none,0.05,0.1,0,2,,,completed,extinction on day 1,19,18,1,0.005,1,1,1,0,1,1,0
29ecd8e558554a2188e0ed4d3de212ae,9358cfe297b2275b2b3157d338f3b143df6cf8166f6cfc0763a924cf34e8ce2f,44e2704,pilot-stage1-disease-r2,101,9007,,a94b904840df0142,0.0,0,none,0.05,0.1,0,2,,,completed,extinction on day 29,0,0,0,0.05,10,1,5,12,29,29,0
85e6e940e0d64286b30a2c3f962a7367,633ce596cf0414e52c6b795a41ebc6597d5f78ae8245b538a81deafc0e75db3c,44e2704,pilot-stage1-disease-r2,101,9007,,a94b904840df0142,0.01,0,none,0.05,0.1,0,2,,,completed,extinction on day 53,99,92,7,0.105,21,2,7,12,53,53,0
4783619a78354628a9a1743cd90f4482,6319f5589b5642b153752a72eb314078310dafb45ada6a1fea812d1c66391843,44e2704,pilot-stage1-disease-r2,101,9007,,a94b904840df0142,0.02,0,none,0.05,0.1,0,2,,,completed,extinction on day 30,115,101,14,0.09,18,2,6,12,30,30,0
3dad1010d4b44b3a9bd93effab015db2,3072daa5e969933f1e15b2224007c7e2c073e0cbe22a29a9ea65312cacaf0789,44e2704,pilot-stage1-disease-r2,101,9007,,a94b904840df0142,0.025,0,none,0.05,0.1,0,2,,,completed,extinction on day 29,139,125,14,0.06,12,1,7,13,29,29,0
633db617725145e9b83eed53aaa7a3b3,4e3f721086df0a71af194acb1e31d68e242c3b978ed6436c41c5308c7decc5e9,44e2704,pilot-stage1-disease-r2,101,9007,,a94b904840df0142,0.05,0,none,0.05,0.1,0,2,,,completed,extinction on day 130,1279,1200,79,0.88,176,19,40,60,130,130,0
4789bb906fab4cfeb35e246a415cf69e,0e28999e5bad3f033e6c3a8bc3fbafc524ca76246ecb1a690451b8d791e3d31e,44e2704,pilot-stage1-disease-r2,101,9007,,a94b904840df0142,0.1,0,none,0.05,0.1,0,2,,,completed,extinction on day 120,2402,2285,117,0.955,191,19,51,40,120,120,0
848956e080354a2f904d28c0b14d50f9,a78dc7fdb6372bfe193cc835b1469ce52e7f6d549dc307d5c407f4eb351a3ba4,44e2704,pilot-stage1-disease-r2,101,9008,,a94b904840df0142,0.0,0,none,0.05,0.1,0,2,,,completed,extinction on day 38,0,0,0,0.05,10,1,7,9,38,38,0
c70d38d0f25841aea411aace9d4dcdff,6dff02d9d3c3b87438791d9b1cb873f7bd329998eb87e5c0b4a9984ee3d64031,44e2704,pilot-stage1-disease-r2,101,9008,,a94b904840df0142,0.01,0,none,0.05,0.1,0,2,,,completed,extinction on day 48,109,105,4,0.06,12,2,8,10,48,48,0
09d81ff5b14844ad8a8ae0185a127cec,ef433209b5269cf8e4169ac7a7755e97c68c24f30336760077b48866be921744,44e2704,pilot-stage1-disease-r2,101,9008,,a94b904840df0142,0.02,0,none,0.05,0.1,0,2,,,completed,extinction on day 85,354,337,17,0.185,37,5,13,45,85,85,0
d9cf941f7b74416bb00bb3f11431d7f1,22796dda42af4fdf0ec3630fe2290212d27e67e17901707a146a7be4fcaacb22,44e2704,pilot-stage1-disease-r2,101,9008,,a94b904840df0142,0.025,0,none,0.05,0.1,0,2,,,completed,extinction on day 111,574,548,26,0.705,141,14,32,46,111,111,0
0f3fa71e86ad41d387d27b62e74f4ed3,970a62c68ccafbb0db03f1caa026faf2c10dc307f67bee6d80c7700952353dc9,44e2704,pilot-stage1-disease-r2,101,9008,,a94b904840df0142,0.05,0,none,0.05,0.1,0,2,,,completed,extinction on day 130,1300,1212,88,0.91,182,19,45,41,130,130,0
dafb8e95211647bda791dd8296efec3a,888228e12824f7bdb274082c29a269148ade593b7108311bff42b0ecc14a66eb,44e2704,pilot-stage1-disease-r2,101,9008,,a94b904840df0142,0.1,0,none,0.05,0.1,0,2,,,completed,extinction on day 108,2173,2034,139,0.975,195,20,57,60,108,108,0
61304749e0c9470681f2a3802f26693f,0d90717832980294256ed3994c9d887801a742925ec458d84b44fbf3b6b0c622,44e2704,pilot-stage1-disease-r2,101,9009,,a94b904840df0142,0.0,0,none,0.05,0.1,0,2,,,completed,extinction on day 34,0,0,0,0.05,10,1,4,4,34,34,0
c88336373fc3429a8649188a0dad455d,43158c8e830b36e17a74b89d0f51b3c681e242d8bdc0730140ce7b44331ec009,44e2704,pilot-stage1-disease-r2,101,9009,,a94b904840df0142,0.01,0,none,0.05,0.1,0,2,,,completed,extinction on day 34,69,65,4,0.055,11,1,4,4,34,34,0
e1d3ca995ffe4219bfeb9d4b88d1a51c,aace16fe26b7a2c858cb985522582df3de07e01aeb5a74b8ca5fd8d6fd003b4c,44e2704,pilot-stage1-disease-r2,101,9009,,a94b904840df0142,0.02,0,none,0.05,0.1,0,2,,,completed,extinction on day 53,215,207,8,0.195,39,4,17,16,53,53,0
2128e10e315642d6b595556b72793409,1b3de55506bf283736195c9d012a2829b45b8c2593015a16a48cf40bf93ecc98,44e2704,pilot-stage1-disease-r2,101,9009,,a94b904840df0142,0.025,0,none,0.05,0.1,0,2,,,completed,extinction on day 129,646,616,30,0.89,178,19,38,35,129,129,0
fdd69bfdfff04e8c892fb508e3ac4a27,4decdecd17162a3221578212497b21960e36c21c40c1dcec2abf64ef49d9332b,44e2704,pilot-stage1-disease-r2,101,9009,,a94b904840df0142,0.05,0,none,0.05,0.1,0,2,,,completed,extinction on day 136,1397,1319,78,0.915,183,20,44,47,136,136,0
95843be8cbbc4209accf0dffca05f804,4423d53e4a64f214b7491c74a8393973ad4fb4fee76e5d488a021da3cd1d563a,44e2704,pilot-stage1-disease-r2,101,9009,,a94b904840df0142,0.1,0,none,0.05,0.1,0,2,,,completed,extinction on day 96,1990,1886,104,0.87,174,19,58,46,96,96,0
bf012c44b26644c7b4af987747c830b4,e6fdad963b84e5ce963ffc935fce231c65289781d82036966bce9e4ba037762a,44e2704,pilot-stage1-disease-r2,102,9000,,0a9f06b6dff3de72,0.0,0,none,0.05,0.1,0,2,,,completed,extinction on day 35,0,0,0,0.05,10,1,5,6,35,35,0
79d4c4b299e046c3be0d24cebbd7071a,dc11b53daa05e8ea41749bb146103366af34d995fce1cda708caf5c515add9f2,44e2704,pilot-stage1-disease-r2,102,9000,,0a9f06b6dff3de72,0.01,0,none,0.05,0.1,0,2,,,completed,extinction on day 62,129,128,1,0.12,24,3,9,34,62,62,0
bcd733c788fe436a852e27d8f4f50214,2e0d32ee8cf7e82a6ecf1f6766c644c90371e2c838cf9530d0b9b95ad3d6ff7c,44e2704,pilot-stage1-disease-r2,102,9000,,0a9f06b6dff3de72,0.02,0,none,0.05,0.1,0,2,,,completed,extinction on day 119,464,419,45,0.36,72,9,17,48,119,119,0
a9d7ec1690c348179edac5d30da519e4,59286c4e5e2d3ad481ec36496bd9acc40a5552aa500965cf1542a1d7faffc7af,44e2704,pilot-stage1-disease-r2,102,9000,,0a9f06b6dff3de72,0.025,0,none,0.05,0.1,0,2,,,completed,extinction on day 105,510,473,37,0.545,109,11,22,80,105,105,0
9353709f161546d6833cc0e64a737af8,466b0162366df4da51bca64b61b3f70fc4ac12e5fddc913058013733303c722b,44e2704,pilot-stage1-disease-r2,102,9000,,0a9f06b6dff3de72,0.05,0,none,0.05,0.1,0,2,,,completed,extinction on day 105,1061,1003,58,0.94,188,20,36,71,105,105,0
e11bca3ce5ed4f6daa9efd3b5088adde,24542171d0918b15924bbc6e12af0309c487fb21b473de61685026dbf6733bcf,44e2704,pilot-stage1-disease-r2,102,9000,,0a9f06b6dff3de72,0.1,0,none,0.05,0.1,0,2,,,completed,extinction on day 100,2005,1855,150,0.965,193,20,68,51,100,100,0
5794a2edfa0449d0b4a517e387417e0a,def5138522c838ef03e692875c8334ff9c551d69d1793ea3da5a607c79570b79,44e2704,pilot-stage1-disease-r2,102,9001,,0a9f06b6dff3de72,0.0,0,none,0.05,0.1,0,2,,,completed,extinction on day 30,0,0,0,0.05,10,1,9,8,30,30,0
998cfb755232470c9f9904fd61fadf83,03a9d39d2a0244128a77cc64e5308fba16082cac7ac29ee07672ba6bf1968463,44e2704,pilot-stage1-disease-r2,102,9001,,0a9f06b6dff3de72,0.01,0,none,0.05,0.1,0,2,,,completed,extinction on day 41,82,78,4,0.085,17,2,10,11,41,41,0
338f070a1e2b4c6a8607ac71a52ce9d7,3903a432c865a6e89ea04084cb877d373fe4a63a2380aa5767e1268edcaf12d5,44e2704,pilot-stage1-disease-r2,102,9001,,0a9f06b6dff3de72,0.02,0,none,0.05,0.1,0,2,,,completed,extinction on day 60,226,214,12,0.125,25,3,10,11,60,60,0
dd8cb8a956e7468fb5e02eefde4caaf9,c376f421a1e57fd18e7a326968d3e96bc467ca049616bf3309755fa0b51681e4,44e2704,pilot-stage1-disease-r2,102,9001,,0a9f06b6dff3de72,0.025,0,none,0.05,0.1,0,2,,,completed,extinction on day 60,286,262,24,0.125,25,3,10,11,60,60,0
fc628e1b0930418aa54277aaa936dc7e,762f64f6c6014a10a82f58bc284a9cf2ffc6c897e47fe2135e70f87b0dc7cc8b,44e2704,pilot-stage1-disease-r2,102,9001,,0a9f06b6dff3de72,0.05,0,none,0.05,0.1,0,2,,,completed,extinction on day 181,1790,1658,132,0.65,130,15,16,25,181,181,0
6d3629d8c15a418cb3ecd459e69b0c10,7c6db0d07b00547b0b3ba3f9011eb2fd5815d9fe606369b6d7818b37af9aab91,44e2704,pilot-stage1-disease-r2,102,9001,,0a9f06b6dff3de72,0.1,0,none,0.05,0.1,0,2,,,completed,extinction on day 120,2390,2218,172,0.97,194,20,58,72,120,120,0
0512209d10aa4db98b635551e1169335,c5e221ab8ae3b70c77327f1296a11fad0b54cc77343284753ff8f3965490cf4f,44e2704,pilot-stage1-disease-r2,102,9002,,0a9f06b6dff3de72,0.0,0,none,0.05,0.1,0,2,,,completed,extinction on day 35,0,0,0,0.05,10,1,6,8,35,35,0
960526239b3047399eeed9bcdea7ffe4,d5e02e4ef9092958ece68b9e5dd1c327ff86d13e15da9cdc006f8b265ed99a8a,44e2704,pilot-stage1-disease-r2,102,9002,,0a9f06b6dff3de72,0.01,0,none,0.05,0.1,0,2,,,completed,extinction on day 63,112,109,3,0.06,12,1,6,8,63,63,0
c2f9fd057c85429b88032e74c6ffe158,5f9631d7aa2a57e5270a08e4f7a77dbfed384b473cc38df641275c6bf45fd1e8,44e2704,pilot-stage1-disease-r2,102,9002,,0a9f06b6dff3de72,0.02,0,none,0.05,0.1,0,2,,,completed,extinction on day 100,383,359,24,0.185,37,5,10,39,100,100,0
fd1adb5d827148818abd53c5bcbc9009,7fba15d20eb06792217c1e42c221de01ca77e3259ab58d6947a17595af1b42d2,44e2704,pilot-stage1-disease-r2,102,9002,,0a9f06b6dff3de72,0.025,0,none,0.05,0.1,0,2,,,completed,extinction on day 53,240,218,22,0.16,32,5,9,15,53,53,0
9581d6a5d45f417ca73f1502727b0b34,46c008ced21feb4f554595161f95a2744c59fe3a81f34b980c1bd243af735648,44e2704,pilot-stage1-disease-r2,102,9002,,0a9f06b6dff3de72,0.05,0,none,0.05,0.1,0,2,,,completed,extinction on day 127,1279,1189,90,0.935,187,20,37,36,127,127,0
f6348aff60a749dead85a2d16bd3e4d7,be1bd5e2704b75f186b2fc8f88ef78be08d1424c36f0285e4e750df3e3fe4488,44e2704,pilot-stage1-disease-r2,102,9002,,0a9f06b6dff3de72,0.1,0,none,0.05,0.1,0,2,,,completed,extinction on day 97,1901,1762,139,0.955,191,20,40,27,97,97,0
03c3597cd50b4998b30a69acff2663c4,de3c0d116025caecbb763d4778e6c292c072d97c4d3d154ec2029589ba394ae8,44e2704,pilot-stage1-disease-r2,102,9003,,0a9f06b6dff3de72,0.0,0,none,0.05,0.1,0,2,,,completed,extinction on day 1,0,0,0,0.005,1,1,1,0,1,1,0
b9c4e082289841acb99de991a26be033,1d47808ab3d771c4d9c467efb0c0541c1608bc043b23350c7fd56833daca675a,44e2704,pilot-stage1-disease-r2,102,9003,,0a9f06b6dff3de72,0.01,0,none,0.05,0.1,0,2,,,completed,extinction on day 1,3,3,0,0.005,1,1,1,0,1,1,0
ebba4335fded410a8ce8762854123328,1d70df4663a1976597f6521dab9b418cc7a7baceaebe2c7481e0dc9d875934e7,44e2704,pilot-stage1-disease-r2,102,9003,,0a9f06b6dff3de72,0.02,0,none,0.05,0.1,0,2,,,completed,extinction on day 1,5,5,0,0.005,1,1,1,0,1,1,0
f21a83b8cac3447e8fc6fbd41f157eab,f7b00f419841dc2d3d0fa26109904e42be7cfd499d37ca7d7b6c301e2f0e1440,44e2704,pilot-stage1-disease-r2,102,9003,,0a9f06b6dff3de72,0.025,0,none,0.05,0.1,0,2,,,completed,extinction on day 1,5,5,0,0.005,1,1,1,0,1,1,0
564e0d8bf26c4b62887106927be1e253,3ed53316ba9c856b612bb479a51fd8144ea81bdd4ee49065a0f3258dd02e293b,44e2704,pilot-stage1-disease-r2,102,9003,,0a9f06b6dff3de72,0.05,0,none,0.05,0.1,0,2,,,completed,extinction on day 1,9,9,0,0.005,1,1,1,0,1,1,0
c40d15952d5649be89ade373aa5c86e2,7cf7d9b5806dbb75549d5f300bc54e12ce493cdf8750f2282e2cf2b134c70dde,44e2704,pilot-stage1-disease-r2,102,9003,,0a9f06b6dff3de72,0.1,0,none,0.05,0.1,0,2,,,completed,extinction on day 1,16,16,0,0.005,1,1,1,0,1,1,0
f9487e5108964198a15b8205aea53cc0,91ab30358f17be350a05d400014c04f9a81912237a6c43189169d235bc89f7ad,44e2704,pilot-stage1-disease-r2,102,9004,,0a9f06b6dff3de72,0.0,0,none,0.05,0.1,0,2,,,completed,extinction on day 40,0,0,0,0.05,10,1,6,9,40,40,0
97ef70c5f68d494e8e1d796e9ec02e94,ad07f24a33d7b0f1c4cc85dd28d7dac3d51806cc9ac75d01d861d21ef31279e8,44e2704,pilot-stage1-disease-r2,102,9004,,0a9f06b6dff3de72,0.01,0,none,0.05,0.1,0,2,,,completed,extinction on day 44,88,85,3,0.155,31,3,15,21,44,44,0
8c33994bf07146d588bf0165ba1915e0,47f0078301c1ffe7340d4442eb5622b49649d9ed0789a5fe34f32069662a8433,44e2704,pilot-stage1-disease-r2,102,9004,,0a9f06b6dff3de72,0.02,0,none,0.05,0.1,0,2,,,completed,extinction on day 85,363,338,25,0.195,39,4,17,24,85,85,0
0c903da9e99b4ec09d9e24b96781f5d5,1a112c0f2ee91e4e2693346fb5261047cdc5bddf95ce55f7e46018d19d6de8c8,44e2704,pilot-stage1-disease-r2,102,9004,,0a9f06b6dff3de72,0.025,0,none,0.05,0.1,0,2,,,completed,extinction on day 85,448,405,43,0.23,46,5,13,24,85,85,0
5d1d97ab860a44bea895c5a3c17de035,91e01184ada976eef1a8dbc925c2056828ee4fac9f4a0d64f104b92f8a487f8a,44e2704,pilot-stage1-disease-r2,102,9004,,0a9f06b6dff3de72,0.05,0,none,0.05,0.1,0,2,,,completed,extinction on day 151,1518,1405,113,0.78,156,18,33,84,151,151,0
75ba79ea3d3647e89647f434bf5e846d,e391e4ddf70af835d962462912816e9d538ba0b1285f921ff8c39c2b394f941d,44e2704,pilot-stage1-disease-r2,102,9004,,0a9f06b6dff3de72,0.1,0,none,0.05,0.1,0,2,,,completed,extinction on day 121,2454,2267,187,0.99,198,20,51,32,121,121,0
fdd5326473c24324bb2cfbb4b5673e93,461012455f42960ad07fabb45a00de1a4b8f2f14cc4bcaad6769b60c39f3dfa1,44e2704,pilot-stage1-disease-r2,102,9005,,0a9f06b6dff3de72,0.0,0,none,0.05,0.1,0,2,,,completed,extinction on day 23,0,0,0,0.05,10,1,7,11,23,23,0
5367daab9c3f4781a184d66864b2c7db,7af7ba49406a47fe7d706ee5d27ccb2a0ab4238f84f8eee3d5760f61f0963280,44e2704,pilot-stage1-disease-r2,102,9005,,0a9f06b6dff3de72,0.01,0,none,0.05,0.1,0,2,,,completed,extinction on day 79,172,161,11,0.12,24,2,9,7,79,79,0
87135e53c0934feaa855252e0560a38b,4101747e907d0c40c03815095481b34f023aaca3495b22d2262f45683b52de8b,44e2704,pilot-stage1-disease-r2,102,9005,,0a9f06b6dff3de72,0.02,0,none,0.05,0.1,0,2,,,completed,extinction on day 68,294,275,19,0.21,42,4,9,7,68,68,0
8c8b023572904142ae40e7f137e1cc4e,39fe9f27656ba81c94cac485214d681465915b9e33e476f18f6cb8a4f56300ee,44e2704,pilot-stage1-disease-r2,102,9005,,0a9f06b6dff3de72,0.025,0,none,0.05,0.1,0,2,,,completed,extinction on day 26,119,111,8,0.07,14,2,9,7,26,26,0
9a4287d3b03c45d198d428d287b8dab5,046695b70bcaf25cc24f0697cbcc0a4f6bacfb202b306938af3408eed451bae5,44e2704,pilot-stage1-disease-r2,102,9005,,0a9f06b6dff3de72,0.05,0,none,0.05,0.1,0,2,,,completed,extinction on day 106,1102,1036,66,0.88,176,20,47,40,106,106,0
e05c25599a3b4cf79f4ed78a98221438,589c9c0c847b676a5dc676452fb6ede3478f7a0efc9e30e9d29c0fccfb2c2c8b,44e2704,pilot-stage1-disease-r2,102,9005,,0a9f06b6dff3de72,0.1,0,none,0.05,0.1,0,2,,,completed,extinction on day 135,2788,2578,210,0.885,177,20,48,26,135,135,0
bb3b6b4fa93f4c83ba8197375d3c882f,fa1cd066bd57ad66d252a85ce65348f120e668794cf1fc1636cc3bfd9f632b40,44e2704,pilot-stage1-disease-r2,102,9006,,0a9f06b6dff3de72,0.0,0,none,0.05,0.1,0,2,,,completed,extinction on day 1,0,0,0,0.005,1,1,1,0,1,1,0
c21239eaa4bf45a590ba5caf8bdc858c,8e4ab3eff66ff724b056ff5c045f5b80ee2e9b4ee7ffa296b32387a8ee6db0db,44e2704,pilot-stage1-disease-r2,102,9006,,0a9f06b6dff3de72,0.01,0,none,0.05,0.1,0,2,,,completed,extinction on day 1,5,5,0,0.005,1,1,1,0,1,1,0
3e8db7d27418488cbf24c36851659903,86472e830cbc1030e57d5a94a8420044cdb95fea790730941fbf25167270c34a,44e2704,pilot-stage1-disease-r2,102,9006,,0a9f06b6dff3de72,0.02,0,none,0.05,0.1,0,2,,,completed,extinction on day 1,6,6,0,0.005,1,1,1,0,1,1,0
d17468b344c14fbea1fcc892fd39f7e9,9cbbc41568ef65832a87c8e1aeb761efa84ec62125158eee26f9818a0b8f00d8,44e2704,pilot-stage1-disease-r2,102,9006,,0a9f06b6dff3de72,0.025,0,none,0.05,0.1,0,2,,,completed,extinction on day 1,7,7,0,0.005,1,1,1,0,1,1,0
f76bccd9c7eb40e28f439f81664e5093,255110522698b9fc809cda9fce6af4e28069e29d822a72bdfd117a0d2e4dfd45,44e2704,pilot-stage1-disease-r2,102,9006,,0a9f06b6dff3de72,0.05,0,none,0.05,0.1,0,2,,,completed,extinction on day 1,14,14,0,0.005,1,1,1,0,1,1,0
bc3bb81ca511492dbf75c8ac09f47047,5bce2dcfa1fcbf18c33b3d21e0721ac7d48e93d2432f304a93a3a6325e8646d8,44e2704,pilot-stage1-disease-r2,102,9006,,0a9f06b6dff3de72,0.1,0,none,0.05,0.1,0,2,,,completed,extinction on day 1,19,19,0,0.005,1,1,1,0,1,1,0
93bd32fbc8424f19a613b026b99fa8fc,da9b1f46c960ae26e607292de866bd466901a42400e0a62109281554a7cd18f4,44e2704,pilot-stage1-disease-r2,102,9007,,0a9f06b6dff3de72,0.0,0,none,0.05,0.1,0,2,,,completed,extinction on day 29,0,0,0,0.05,10,1,5,12,29,29,0
4da6ecd822fb41e59d8509e6b9f1257e,94213c1d4030371556db47e3f817f9eeb8c289627eb24a7816e7ef92735a2e7c,44e2704,pilot-stage1-disease-r2,102,9007,,0a9f06b6dff3de72,0.01,0,none,0.05,0.1,0,2,,,completed,extinction on day 74,148,139,9,0.105,21,2,10,22,74,74,0
ac959642f32a4c64b6a83a154b322333,e1e01ddddd6749013baaf98f2aaa6c806e9bde877215de925015d3d4da99c442,44e2704,pilot-stage1-disease-r2,102,9007,,0a9f06b6dff3de72,0.02,0,none,0.05,0.1,0,2,,,completed,extinction on day 69,265,252,13,0.115,23,2,10,22,69,69,0
a998cb7807f1416cadebf9d8a0f9f18e,6d25e690539e609c291015ba8cf219d77483e8eb3f9e1b761fc45d3f1beb0877,44e2704,pilot-stage1-disease-r2,102,9007,,0a9f06b6dff3de72,0.025,0,none,0.05,0.1,0,2,,,completed,extinction on day 29,139,131,8,0.04,8,1,5,13,29,29,0
5607d9c8e6944bf9b2932fca6fb3bd7c,7f5f776aadcd151c57240653992356903d7abeea0b283a8ad4df06eb84193e7e,44e2704,pilot-stage1-disease-r2,102,9007,,0a9f06b6dff3de72,0.05,0,none,0.05,0.1,0,2,,,completed,extinction on day 69,673,632,41,0.095,19,2,6,13,69,69,0
ddce064e2f1b4cca9559d1abce2a3487,50d328b6ee0e7c046e724e8819f0c265384873aa4e9d290411bd451f04706026,44e2704,pilot-stage1-disease-r2,102,9007,,0a9f06b6dff3de72,0.1,0,none,0.05,0.1,0,2,,,completed,extinction on day 91,1853,1739,114,0.98,196,20,55,58,91,91,0
59fe132e4b1c49b7a3b02069c22c36ba,2b439574ad325d453f6d87666b87ed84a009c200b48784488bb7599495b4a13e,44e2704,pilot-stage1-disease-r2,102,9008,,0a9f06b6dff3de72,0.0,0,none,0.05,0.1,0,2,,,completed,extinction on day 38,0,0,0,0.05,10,1,7,9,38,38,0
7dc777883ab54b7d84ebca8679625d8d,cd717536c40d8946f3c2f939509935a7ae7ec0b235c434c46bf248a201713a44,44e2704,pilot-stage1-disease-r2,102,9008,,0a9f06b6dff3de72,0.01,0,none,0.05,0.1,0,2,,,completed,extinction on day 108,234,220,14,0.51,102,12,25,67,108,108,0
33162160fcd241fab9c37a946df74cfb,d2228615ecb924bc4dfc1a5180567950f68ca7e26986fbd5377eb09419aa06f9,44e2704,pilot-stage1-disease-r2,102,9008,,0a9f06b6dff3de72,0.02,0,none,0.05,0.1,0,2,,,completed,extinction on day 118,497,469,28,0.485,97,8,23,53,118,118,0
dd7673912b3e4d2796efabf8031f4750,0a1afc0023afe30da348b8334be69160f69b2a7b0bb1b48154ff2a6fca930702,44e2704,pilot-stage1-disease-r2,102,9008,,0a9f06b6dff3de72,0.025,0,none,0.05,0.1,0,2,,,completed,extinction on day 146,751,695,56,0.645,129,14,26,36,146,146,0
40e754dc28cf4073b942308bcec5cbf8,8043377c74d6e3100752e88c7ff3bd47177bbe49a76be273be9508ecaff3e7f7,44e2704,pilot-stage1-disease-r2,102,9008,,0a9f06b6dff3de72,0.05,0,none,0.05,0.1,0,2,,,completed,extinction on day 89,886,803,83,0.96,192,20,53,27,89,89,0
d0dd8f5bbda44adb9e9624c3e707530e,888d377f56f31586140348ade61a7c0db41c1c2a5681b35df03a1d41ce88c758,44e2704,pilot-stage1-disease-r2,102,9008,,0a9f06b6dff3de72,0.1,0,none,0.05,0.1,0,2,,,completed,extinction on day 104,2092,1943,149,0.97,194,20,62,47,104,104,0
22408f7fe50c4244850fe98c4f44f4b1,2e66b2ec49d398f1b97f23bb190a6cae91fbf034154fe6e0075dc30b66daec03,44e2704,pilot-stage1-disease-r2,102,9009,,0a9f06b6dff3de72,0.0,0,none,0.05,0.1,0,2,,,completed,extinction on day 34,0,0,0,0.05,10,1,4,4,34,34,0
146a0b501a3249c780080b2d3923dbb5,5ea7189a3e3cbd8f5d3d9375f00cd1474ec915d24539e4ae49754ef64951e751,44e2704,pilot-stage1-disease-r2,102,9009,,0a9f06b6dff3de72,0.01,0,none,0.05,0.1,0,2,,,completed,extinction on day 190,409,382,27,0.2,40,4,7,115,190,190,0
1778d465b6574f5bb77afd4869d843e1,00c5568b825dc257afb5fe2b7e54082814bf6ab342efce29d9c0c548f43af808,44e2704,pilot-stage1-disease-r2,102,9009,,0a9f06b6dff3de72,0.02,0,none,0.05,0.1,0,2,,,completed,extinction on day 30,116,115,1,0.1,20,3,9,8,30,30,0
f478c186db864c3382f6f4aa651815c8,e253f1ce89abb249258944cad2012c3c8923bfaee5ae93b8630d046fe290ad78,44e2704,pilot-stage1-disease-r2,102,9009,,0a9f06b6dff3de72,0.025,0,none,0.05,0.1,0,2,,,completed,extinction on day 30,147,143,4,0.105,21,3,9,8,30,30,0
5f80f62e3add466fb8228cb9ed9416c1,583e1f691460407aa052d6aa3c0ac5f8dfdb1dbaf6f44af0c6c2c199c2699a3e,44e2704,pilot-stage1-disease-r2,102,9009,,0a9f06b6dff3de72,0.05,0,none,0.05,0.1,0,2,,,completed,extinction on day 95,968,913,55,0.625,125,14,39,30,95,95,0
b25fffe55de5445bb0ecdbc43c28203d,2676388b61d6d17b5de067aba7a6f68661a3fd804ce15391a6a41135353e4e73,44e2704,pilot-stage1-disease-r2,102,9009,,0a9f06b6dff3de72,0.1,0,none,0.05,0.1,0,2,,,completed,extinction on day 173,3526,3283,243,0.95,190,20,38,31,173,173,0
9763a84994ce4397ae6287588cf92189,2e328e0a67fe2ca6d8070a3b6256ca3627979323b58a8ae873a6ee0aad87363c,44e2704,pilot-stage1-disease-r2,103,9000,,3eba5fa24d22e1a9,0.0,0,none,0.05,0.1,0,2,,,completed,extinction on day 35,0,0,0,0.05,10,1,5,6,35,35,0
bb0e82f5eca943a79cbbb7a69d259625,b0a190ec4008004272b565a1581ed8c71097bece348df7ac95def04dc60ec73b,44e2704,pilot-stage1-disease-r2,103,9000,,3eba5fa24d22e1a9,0.01,0,none,0.05,0.1,0,2,,,completed,extinction on day 83,170,168,2,0.185,37,4,11,33,83,83,0
1a6d3dd59a944d838dc336dcffd1fe0e,2021d04e432e1f2484924f929045a618712ed5f80c37c1c2a8f034b36ac22bcd,44e2704,pilot-stage1-disease-r2,103,9000,,3eba5fa24d22e1a9,0.02,0,none,0.05,0.1,0,2,,,completed,extinction on day 236,952,910,42,0.575,115,14,17,193,236,236,0
5f7e700b07374c34bb3d02e839ae4325,9a8ff1069406defe5828544d87904d099e51eb46640572242936c47f98b82abd,44e2704,pilot-stage1-disease-r2,103,9000,,3eba5fa24d22e1a9,0.025,0,none,0.05,0.1,0,2,,,completed,extinction on day 100,482,456,26,0.31,62,7,18,43,100,100,0
0c9fc6e26dba4c2185d2cacc35c39c7b,c53eee0c8d5b81770bdfb4805eda05fac64991675d67fb2d44d89c75dd112ce3,44e2704,pilot-stage1-disease-r2,103,9000,,3eba5fa24d22e1a9,0.05,0,none,0.05,0.1,0,2,,,completed,extinction on day 157,1609,1532,77,0.735,147,18,23,33,157,157,0
0473bc4e39a946f598ff73827f092158,e5621ca6655206278f9bf3ee1e5e43898259d0564abbf821117561185c131eb9,44e2704,pilot-stage1-disease-r2,103,9000,,3eba5fa24d22e1a9,0.1,0,none,0.05,0.1,0,2,,,completed,extinction on day 96,1906,1804,102,0.77,154,16,44,51,96,96,0
ac5d09f34d454a149e19d7d14cc9012d,edd0ec2791a874b351a8d6b22b6e7e0c1918f762ede7b668c1b6821cf2c31f96,44e2704,pilot-stage1-disease-r2,103,9001,,3eba5fa24d22e1a9,0.0,0,none,0.05,0.1,0,2,,,completed,extinction on day 30,0,0,0,0.05,10,1,9,8,30,30,0
0e849f2e05564cf784274d14e1739d1b,d36e51e0be54ae60e700fe63fc3451b105960cc06b6414a6302059d02d1e71cd,44e2704,pilot-stage1-disease-r2,103,9001,,3eba5fa24d22e1a9,0.01,0,none,0.05,0.1,0,2,,,completed,extinction on day 56,111,108,3,0.09,18,2,10,8,56,56,0
9f2af26d554c4b1ab9a8462cc2cb8aa3,7e11846a1a4b66c46624fda40033608574902649864511fc5efd97c2c76c94f8,44e2704,pilot-stage1-disease-r2,103,9001,,3eba5fa24d22e1a9,0.02,0,none,0.05,0.1,0,2,,,completed,extinction on day 156,605,581,24,0.57,114,15,16,87,156,156,0
0d62fe27f0db49378735f467f8cb16ab,0acbfea5a19e3784971521d775de115418aa18b3f2450a72c187b580d074c089,44e2704,pilot-stage1-disease-r2,103,9001,,3eba5fa24d22e1a9,0.025,0,none,0.05,0.1,0,2,,,completed,extinction on day 138,697,657,40,0.34,68,8,18,107,138,138,0
926d8c8450f44e04a327b5025db83ff8,b7dfcc911ad0b88746ff388394654a39c0e48f77ecc2aadf550e24121357104d,44e2704,pilot-stage1-disease-r2,103,9001,,3eba5fa24d22e1a9,0.05,0,none,0.05,0.1,0,2,,,completed,extinction on day 114,1151,1118,33,0.535,107,10,20,49,114,114,0
4932e479d83545a69b99f777074447ac,f1662e9f048c9a27c3c29fea0aef5f9328d7176b7e66e0506878e29a08187c2b,44e2704,pilot-stage1-disease-r2,103,9001,,3eba5fa24d22e1a9,0.1,0,none,0.05,0.1,0,2,,,completed,extinction on day 14,277,268,9,0.02,4,2,3,7,14,14,0
bd55261c6709456da21949860cea9145,f3a155e5687868b8163b235eda8d92ca05c41891904e3af2993ea70077b23e88,44e2704,pilot-stage1-disease-r2,103,9002,,3eba5fa24d22e1a9,0.0,0,none,0.05,0.1,0,2,,,completed,extinction on day 35,0,0,0,0.05,10,1,6,8,35,35,0
b79c35bac40e45b8a7a60adfc56732ac,88b33b64152ffc8eeae1b9c259104f39842214ab56fee03146cb4df07c927833,44e2704,pilot-stage1-disease-r2,103,9002,,3eba5fa24d22e1a9,0.01,0,none,0.05,0.1,0,2,,,completed,extinction on day 35,66,63,3,0.055,11,1,6,8,35,35,0
846dff63b59d49458906c03b2e979b96,6acd7972a4d944b750a0d4cc80a0c9ed3f5b143cc4a995f79d860bd44533cda6,44e2704,pilot-stage1-disease-r2,103,9002,,3eba5fa24d22e1a9,0.02,0,none,0.05,0.1,0,2,,,completed,extinction on day 35,132,124,8,0.06,12,1,6,8,35,35,0
7c3cc96f3bd34d269c25008a5b507688,74802290e447da93f1d81d71d5d3aa7817a336d8d22bfc7d25d3cf32a1333368,44e2704,pilot-stage1-disease-r2,103,9002,,3eba5fa24d22e1a9,0.025,0,none,0.05,0.1,0,2,,,completed,extinction on day 80,376,357,19,0.16,32,3,9,29,80,80,0
516dabaf8e2f4d0e86194e9e2e7c26e7,70d3bf0da9e91f7cef2cb251caed8adba63579394e2bd99b0e668e5e73fafddb,44e2704,pilot-stage1-disease-r2,103,9002,,3eba5fa24d22e1a9,0.05,0,none,0.05,0.1,0,2,,,completed,extinction on day 60,585,567,18,0.155,31,5,10,29,60,60,0
3f606bdb2880417b8cb8f3da29c3fe42,f1030013c76302fb3855e57ce9c66500e87df8700f9d059399e187d44496ee03,44e2704,pilot-stage1-disease-r2,103,9002,,3eba5fa24d22e1a9,0.1,0,none,0.05,0.1,0,2,,,completed,extinction on day 127,2527,2395,132,0.965,193,20,49,59,127,127,0
799c38fddc984f9c9cabc45000ea7dd2,971b2c79cd9b707639659d3607433b331c547116d559e57a11cfb5f3fe8ab2c1,44e2704,pilot-stage1-disease-r2,103,9003,,3eba5fa24d22e1a9,0.0,0,none,0.05,0.1,0,2,,,completed,extinction on day 1,0,0,0,0.005,1,1,1,0,1,1,0
78114400ba5b442d81fa93587f01ae36,ef509533d5e5eb434c6b5a2732eea0ff4088d573fa471e4b192c0df2ebc09df1,44e2704,pilot-stage1-disease-r2,103,9003,,3eba5fa24d22e1a9,0.01,0,none,0.05,0.1,0,2,,,completed,extinction on day 1,3,3,0,0.005,1,1,1,0,1,1,0
bdec2989ebf249f3b9579b7085b6845a,437b4a0d377887aa99087adff965919445930012e85bc9e99cd138ad0c610370,44e2704,pilot-stage1-disease-r2,103,9003,,3eba5fa24d22e1a9,0.02,0,none,0.05,0.1,0,2,,,completed,extinction on day 1,5,5,0,0.005,1,1,1,0,1,1,0
cc7ab0f3ae204c9cbed37f604e0606b9,69926dcfe7318272ebe7a43f46a9ab10fafbb3ddf93be3bc64a6b8f1c36eb6a0,44e2704,pilot-stage1-disease-r2,103,9003,,3eba5fa24d22e1a9,0.025,0,none,0.05,0.1,0,2,,,completed,extinction on day 1,5,5,0,0.005,1,1,1,0,1,1,0
b5a52f6a8a1645ec810402fa4d4441e6,bfb57a4306cc0a7efe8c44fd16c4ea4c444cfe5b4cb6a01b5fb35ba0e42c87a3,44e2704,pilot-stage1-disease-r2,103,9003,,3eba5fa24d22e1a9,0.05,0,none,0.05,0.1,0,2,,,completed,extinction on day 1,9,9,0,0.005,1,1,1,0,1,1,0
b10a1ac588e14eb9969ecd5dff6251a7,5b5cbc8b14500f6a741a303206b468eed89f54c8c9ff16c85c1cb0f6df3c80cb,44e2704,pilot-stage1-disease-r2,103,9003,,3eba5fa24d22e1a9,0.1,0,none,0.05,0.1,0,2,,,completed,extinction on day 1,16,16,0,0.005,1,1,1,0,1,1,0
66c0bb705b374d1b87c56f007ce37ae4,cd20c98429b5ffe881e49e006275a1a9dc2e2650b5d45cdb48e4620440127ff8,44e2704,pilot-stage1-disease-r2,103,9004,,3eba5fa24d22e1a9,0.0,0,none,0.05,0.1,0,2,,,completed,extinction on day 40,0,0,0,0.05,10,1,6,9,40,40,0
196edda20d4d48c58ccebf464085a7ef,ff9907f154b24fca29b9b79d38212df21fc7bec5eb10bc342f74d0c14c23b1e7,44e2704,pilot-stage1-disease-r2,103,9004,,3eba5fa24d22e1a9,0.01,0,none,0.05,0.1,0,2,,,completed,extinction on day 43,84,82,2,0.115,23,2,9,24,43,43,0
4b55c7f3e14f435eb42b59e27271a9ad,7f2dd20d88e0168bd7693d17460aa2c45b403c1fc89e923391ddadd2b860e555,44e2704,pilot-stage1-disease-r2,103,9004,,3eba5fa24d22e1a9,0.02,0,none,0.05,0.1,0,2,,,completed,extinction on day 147,622,592,30,0.25,50,5,14,39,147,147,0
6fcf8e3827a04a77b77d3858d29047ae,0bfafba96f05e9fd0d9995ad7ef557936fdb04d58c4a0cfefdc33b0f80d925de,44e2704,pilot-stage1-disease-r2,103,9004,,3eba5fa24d22e1a9,0.025,0,none,0.05,0.1,0,2,,,completed,extinction on day 157,813,748,65,0.405,81,9,16,103,157,157,0
bb3e9491668042a582911344eb718d2b,7e4174d3ddfdd6223da402e66fa0a6b04322f03f2bba4295b595d6f4df52932d,44e2704,pilot-stage1-disease-r2,103,9004,,3eba5fa24d22e1a9,0.05,0,none,0.05,0.1,0,2,,,completed,extinction on day 99,1014,959,55,0.73,146,15,34,39,99,99,0
12e3020c858349ddac8916d9c4cb7e6e,d3ddc1f0b6a45758b6f78b618c01e6a05d0b2981765620d1c9f689ab4040315b,44e2704,pilot-stage1-disease-r2,103,9004,,3eba5fa24d22e1a9,0.1,0,none,0.05,0.1,0,2,,,completed,extinction on day 109,2213,2095,118,0.315,63,7,25,25,109,109,0
e21c3c78e5a84da6831ac439ca9864fa,04a2a246e237531c5c996c4c2db4264eada608f19d940523fd48a81176c7fe9f,44e2704,pilot-stage1-disease-r2,103,9005,,3eba5fa24d22e1a9,0.0,0,none,0.05,0.1,0,2,,,completed,extinction on day 23,0,0,0,0.05,10,1,7,11,23,23,0
e58e0ea51a6846cd83d31223ffaf8c70,971c925e5755ebbf280355a103e4b86e7e5b6fd3e563503bf55a4d15219f8967,44e2704,pilot-stage1-disease-r2,103,9005,,3eba5fa24d22e1a9,0.01,0,none,0.05,0.1,0,2,,,completed,extinction on day 82,180,170,10,0.14,28,4,8,23,82,82,0
700151b759374124aefc7fe1c3edfe0d,086fc5b9bd4a635184fb0357628522105212f8f44dc04fd6a383525db4b52eea,44e2704,pilot-stage1-disease-r2,103,9005,,3eba5fa24d22e1a9,0.02,0,none,0.05,0.1,0,2,,,completed,extinction on day 99,430,413,17,0.305,61,8,13,19,99,99,0
91aed10bb8e84958b828d5212d9bf202,61e39d6f657329599851ec5aafb497e5045c89b3153f995964c58eafd1724b8e,44e2704,pilot-stage1-disease-r2,103,9005,,3eba5fa24d22e1a9,0.025,0,none,0.05,0.1,0,2,,,completed,extinction on day 67,345,332,13,0.2,40,4,12,19,67,67,0
c62ba2338a6b4f72871c598a3f73fc15,4e6b92f0a47fe9610c8af5d79b8ea58e48214c1428b9181ba5a579bf2b2de0da,44e2704,pilot-stage1-disease-r2,103,9005,,3eba5fa24d22e1a9,0.05,0,none,0.05,0.1,0,2,,,completed,extinction on day 218,2243,2135,108,0.72,144,17,18,34,218,218,0
8ae5de49aaea4843bad8b3566073fb05,5bdf7a5ef9080229f9618999c4c40a9a105c18cbe172f77c4490956507772bd1,44e2704,pilot-stage1-disease-r2,103,9005,,3eba5fa24d22e1a9,0.1,0,none,0.05,0.1,0,2,,,completed,extinction on day 128,2625,2506,119,0.73,146,15,35,42,128,128,0
dd8559c7a4b440cf8b36be9ea8b29c35,b8b34eb9e1447f52e12f79d629bcd37452eab12e42c32cb7c015ea3a0bf61ad2,44e2704,pilot-stage1-disease-r2,103,9006,,3eba5fa24d22e1a9,0.0,0,none,0.05,0.1,0,2,,,completed,extinction on day 1,0,0,0,0.005,1,1,1,0,1,1,0
6f65e9aeb4624ae793aaf76d0ddf210a,7eca237f331095fab353060573f8ce57e902c0369740ec58435807e406ea2684,44e2704,pilot-stage1-disease-r2,103,9006,,3eba5fa24d22e1a9,0.01,0,none,0.05,0.1,0,2,,,completed,extinction on day 1,5,5,0,0.005,1,1,1,0,1,1,0
510681d79a5e4664a3448b29e566a08c,59d819c8211c6c2a6231f96de20ea85d18a632f069afa2fe8687f647153c3c1f,44e2704,pilot-stage1-disease-r2,103,9006,,3eba5fa24d22e1a9,0.02,0,none,0.05,0.1,0,2,,,completed,extinction on day 1,6,6,0,0.005,1,1,1,0,1,1,0
bf44db23b4e54c0f98b2b651b3f48cd3,64fa56e015bfc978c49f6b96078a3673338dfd4b405f220f6ccb1c4ddaf51b9a,44e2704,pilot-stage1-disease-r2,103,9006,,3eba5fa24d22e1a9,0.025,0,none,0.05,0.1,0,2,,,completed,extinction on day 1,7,7,0,0.005,1,1,1,0,1,1,0
75a2b4e149e04a8f99f4f1da0df2f5b7,ccb933b896404e18e29f4e279935bdb4f7dc4ee44d45c65c6d898f96ea8701cf,44e2704,pilot-stage1-disease-r2,103,9006,,3eba5fa24d22e1a9,0.05,0,none,0.05,0.1,0,2,,,completed,extinction on day 1,14,14,0,0.005,1,1,1,0,1,1,0
aa36a5f008a349f0a93c52107ce1f97a,03fd10e5b307ce3d0f302be1e0154494ed6801715452d8e22603cf34caa19e87,44e2704,pilot-stage1-disease-r2,103,9006,,3eba5fa24d22e1a9,0.1,0,none,0.05,0.1,0,2,,,completed,extinction on day 1,19,19,0,0.005,1,1,1,0,1,1,0
e1c33d639b9242188ae1600f172b3851,f656e82e0e71273a19026b1c4107229771400f62f6b09d24cd916c577a150d64,44e2704,pilot-stage1-disease-r2,103,9007,,3eba5fa24d22e1a9,0.0,0,none,0.05,0.1,0,2,,,completed,extinction on day 29,0,0,0,0.05,10,1,5,12,29,29,0
4765c4c182b247ccb96759dc3a07d55e,14cd51601f17a8adfe1d0c0f7a1fdbf0ea6fd3e52d68918fb5779d1f88fd7865,44e2704,pilot-stage1-disease-r2,103,9007,,3eba5fa24d22e1a9,0.01,0,none,0.05,0.1,0,2,,,completed,extinction on day 72,145,140,5,0.095,19,3,6,12,72,72,0
2f618a8e399d4c7a89853db9359c480b,1eb45ca5ec95e459a8150f22ae62818cbe533851bb2b82f03aa9fdb743807625,44e2704,pilot-stage1-disease-r2,103,9007,,3eba5fa24d22e1a9,0.02,0,none,0.05,0.1,0,2,,,completed,extinction on day 109,429,404,25,0.255,51,5,8,59,109,109,0
9ac067ba56284c58b94b187ad1844c20,3934e58903497965fd67c2947071777ea2ce97ae8f9a772d2cd7bafb73d37f44,44e2704,pilot-stage1-disease-r2,103,9007,,3eba5fa24d22e1a9,0.025,0,none,0.05,0.1,0,2,,,completed,extinction on day 29,139,128,11,0.055,11,1,6,12,29,29,0
ea547287350f48e98c40bba5d24d6d1d,d4788ab5e3bdae191c15d355ef8d2d819f2b669df8b6a171f979b4e04074a702,44e2704,pilot-stage1-disease-r2,103,9007,,3eba5fa24d22e1a9,0.05,0,none,0.05,0.1,0,2,,,completed,extinction on day 130,1279,1249,30,0.74,148,17,27,71,130,130,0
ce828e57863841049a6ff8700f5f44a8,e70dc01a0c6ac5629921845d69c22cee8c8fd85137c702907119f656bafd5c92,44e2704,pilot-stage1-disease-r2,103,9007,,3eba5fa24d22e1a9,0.1,0,none,0.05,0.1,0,2,,,completed,extinction on day 99,1989,1887,102,0.985,197,20,63,36,99,99,0
1f3d217ec3fe406d90e1a356140c0f5b,85ae61fe546b91fde6c570b80fda4738aa9db9a88d2d80dffacf3d4c26ed49ad,44e2704,pilot-stage1-disease-r2,103,9008,,3eba5fa24d22e1a9,0.0,0,none,0.05,0.1,0,2,,,completed,extinction on day 38,0,0,0,0.05,10,1,7,9,38,38,0
a160a78782f441cd9a393164e61fbe8d,5cea211af9d0d14211aee2fe5919a89609872ec36ccafe9e2cd07b3a7ec7301a,44e2704,pilot-stage1-disease-r2,103,9008,,3eba5fa24d22e1a9,0.01,0,none,0.05,0.1,0,2,,,completed,extinction on day 87,190,183,7,0.27,54,5,14,52,87,87,0
816cb59299b34e2499647f4fdbe19e7f,40649bb22e65eb744211d72a262b8b2896c080e1dbf8aba0d7ce5378562e88ee,44e2704,pilot-stage1-disease-r2,103,9008,,3eba5fa24d22e1a9,0.02,0,none,0.05,0.1,0,2,,,completed,extinction on day 104,436,416,20,0.175,35,4,10,69,104,104,0
a8101e06757a40dabf2ff0cbc9222a5e,560423403a6b6098188acf5eee13083c4dc9c0de4e64c62865cf7caae7c318c8,44e2704,pilot-stage1-disease-r2,103,9008,,3eba5fa24d22e1a9,0.025,0,none,0.05,0.1,0,2,,,completed,extinction on day 114,583,558,25,0.695,139,16,25,32,114,114,0
fcd333f515a64a67aad8fe74f9fa150d,2efd51d6cd34536869ded8b7e6f76d3bc8eacf841fcb74557ebe9fec7f5bf703,44e2704,pilot-stage1-disease-r2,103,9008,,3eba5fa24d22e1a9,0.05,0,none,0.05,0.1,0,2,,,completed,extinction on day 132,1317,1254,63,0.73,146,15,32,23,132,132,0
c6d4eced766a458f85f1481dff2b1d3d,b7f239515ca65fbb5872a5579bc2a3d06e0a504cb200e826c99dac222bd387cb,44e2704,pilot-stage1-disease-r2,103,9008,,3eba5fa24d22e1a9,0.1,0,none,0.05,0.1,0,2,,,completed,extinction on day 128,2572,2440,132,0.99,198,20,52,50,128,128,0
7ff0e0b84fd84e6bace5845400e155e9,1a1d57ba40fb9d2c552056b70bd4d57f1fd34248833b1d89fa8d2dddfb278022,44e2704,pilot-stage1-disease-r2,103,9009,,3eba5fa24d22e1a9,0.0,0,none,0.05,0.1,0,2,,,completed,extinction on day 34,0,0,0,0.05,10,1,4,4,34,34,0
5069de4bbd6844249d5302cc4cbf59d7,7b207c6c2757b309ed3fa803ca3e4cbc3bfdf44d95463b9776de0d2b59230d42,44e2704,pilot-stage1-disease-r2,103,9009,,3eba5fa24d22e1a9,0.01,0,none,0.05,0.1,0,2,,,completed,extinction on day 38,75,75,0,0.075,15,1,5,7,38,38,0
5c6bfc8723ed4040a9d6f19ab0f71750,e56d38f9e2876fd5f3988dccc5496c0cdd8e8e8d83cd39e005063413c1836812,44e2704,pilot-stage1-disease-r2,103,9009,,3eba5fa24d22e1a9,0.02,0,none,0.05,0.1,0,2,,,completed,extinction on day 50,197,196,1,0.21,42,5,18,16,50,50,0
8df0fcb4e3c240ff8b910284fa583c3a,09e0072355a31438d5f4b57e3a4f9baca673dc367229f75cecff774e58637fb8,44e2704,pilot-stage1-disease-r2,103,9009,,3eba5fa24d22e1a9,0.025,0,none,0.05,0.1,0,2,,,completed,extinction on day 62,308,303,5,0.255,51,5,20,24,62,62,0
d8aaa40e3c1f4dab85de1853155451c1,d94c580d1a7ba285295d052eababdd0d2fda1be4d51bd49b9819fa54577e6d60,44e2704,pilot-stage1-disease-r2,103,9009,,3eba5fa24d22e1a9,0.05,0,none,0.05,0.1,0,2,,,completed,extinction on day 110,1113,1066,47,0.705,141,15,31,29,110,110,0
9daeae842b3444178996e42877d0e976,6f145148521db31e7256f2466c330749b374fec126ceda65641ee145d6a206c7,44e2704,pilot-stage1-disease-r2,103,9009,,3eba5fa24d22e1a9,0.1,0,none,0.05,0.1,0,2,,,completed,extinction on day 94,1949,1832,117,0.74,148,16,42,16,94,94,0
54499cab471a4f4287fef5d434001617,e865f942adebed3024428f0aeb73f57cc17c93018ecdcf2a53a52ae9b1bc2b6f,44e2704,pilot-stage1-disease-r2,104,9000,,bc0241eae73e5142,0.0,0,none,0.05,0.1,0,2,,,completed,extinction on day 35,0,0,0,0.05,10,1,5,6,35,35,0
ff106b80d71a4bbd81a014f1ed1cf8be,da5d0f5c24afc078c77f755fffc13de2c48f6f3a98edfbedce91843f32f3e66b,44e2704,pilot-stage1-disease-r2,104,9000,,bc0241eae73e5142,0.01,0,none,0.05,0.1,0,2,,,completed,extinction on day 114,227,210,17,0.14,28,3,7,31,114,114,0
3a753b9bee0e4c758ed057cc192721e1,293593275254bbc343ab28fffbf2b2bdb89034440ed3f767eb0ec2fbd2535d7b,44e2704,pilot-stage1-disease-r2,104,9000,,bc0241eae73e5142,0.02,0,none,0.05,0.1,0,2,,,completed,extinction on day 124,483,434,49,0.6,120,11,20,80,124,124,0
0a221548b1db4866a112b00d76568b03,dd41703edcef8849fe8ff33379fd266604fc40e1b5b91da45251245824d7c325,44e2704,pilot-stage1-disease-r2,104,9000,,bc0241eae73e5142,0.025,0,none,0.05,0.1,0,2,,,completed,extinction on day 165,820,727,93,0.745,149,15,28,106,165,165,0
73143b659afc402cbdac0f94576d4161,dfba5a1efccf3801c1eabd663e2221f8ce32fe4f9011e84a5ea90df5e87c1a5e,44e2704,pilot-stage1-disease-r2,104,9000,,bc0241eae73e5142,0.05,0,none,0.05,0.1,0,2,,,completed,extinction on day 76,782,714,68,0.37,74,8,17,40,76,76,0
83c8a9f455114775abf01ca3aefcefe4,491e56ce61aa387d3f411d8b7108abaa9828cac2083b7337f48103d412d46117,44e2704,pilot-stage1-disease-r2,104,9000,,bc0241eae73e5142,0.1,0,none,0.05,0.1,0,2,,,completed,extinction on day 98,1949,1806,143,0.95,190,20,31,15,98,98,0
36146756778d437f9c952b08aff8f795,ad769da659f169facd928d18f874b7cd4a006645eb7ae43180e458bc7948f040,44e2704,pilot-stage1-disease-r2,104,9001,,bc0241eae73e5142,0.0,0,none,0.05,0.1,0,2,,,completed,extinction on day 30,0,0,0,0.05,10,1,9,8,30,30,0
e274ac79c53f47ac8ced5b9e96068bfd,d4fe376828597e7a34df246928d2cf3a78185c7296b7ca188a69034164195e39,44e2704,pilot-stage1-disease-r2,104,9001,,bc0241eae73e5142,0.01,0,none,0.05,0.1,0,2,,,completed,extinction on day 71,139,123,16,0.16,32,4,11,11,71,71,0
d36cec7b8fb640658a5bf8f0eaaf974b,0f79854d3c42dc555b682bb1720370b67d9766eabcfce9d5587718bc7146c24e,44e2704,pilot-stage1-disease-r2,104,9001,,bc0241eae73e5142,0.02,0,none,0.05,0.1,0,2,,,completed,extinction on day 90,357,328,29,0.32,64,7,14,38,90,90,0
6c33f6c7b11b42538776d29173a80580,70c664ec8bf55ff5be470074786bb58db19f407e155cbe2b39a16dbcebe392e3,44e2704,pilot-stage1-disease-r2,104,9001,,bc0241eae73e5142,0.025,0,none,0.05,0.1,0,2,,,completed,extinction on day 148,729,680,49,0.555,111,10,20,90,148,148,0
8b25b32bcba143a088380de845d2d88d,deb488aa623ff303d13ac096474e024416882a77d33f6cd7786b98a3df26cf78,44e2704,pilot-stage1-disease-r2,104,9001,,bc0241eae73e5142,0.05,0,none,0.05,0.1,0,2,,,completed,extinction on day 180,1781,1616,165,0.835,167,18,20,56,180,180,0
365d13bc367447eeb6f39cf1d364666c,519d24645f835ef4e25407dad7b53ec8cebd8b27f2c92810bab62cd1982029cf,44e2704,pilot-stage1-disease-r2,104,9001,,bc0241eae73e5142,0.1,0,none,0.05,0.1,0,2,,,completed,extinction on day 84,1720,1570,150,0.95,190,20,49,39,84,84,0
01254c2688ec42c096e7e123f1e55fe1,b25be16117eac23210f45372bc264da88b90eeedbdf8133383c19023a26eb793,44e2704,pilot-stage1-disease-r2,104,9002,,bc0241eae73e5142,0.0,0,none,0.05,0.1,0,2,,,completed,extinction on day 35,0,0,0,0.05,10,1,6,8,35,35,0
288a7ae5f3c2425f8d610b4c50ab4508,19ffa67589ac4d30c2a3386926eba31f6b300dfe3d9c7df8a522616f2b315aa6,44e2704,pilot-stage1-disease-r2,104,9002,,bc0241eae73e5142,0.01,0,none,0.05,0.1,0,2,,,completed,extinction on day 35,66,63,3,0.06,12,1,7,10,35,35,0
00f680bee22b4827b05ad690bc7261b7,b8226007628637ef362715a893e53acf1fca1cb5f73df5fb6c7ad705d07c5987,44e2704,pilot-stage1-disease-r2,104,9002,,bc0241eae73e5142,0.02,0,none,0.05,0.1,0,2,,,completed,extinction on day 64,234,225,9,0.165,33,4,10,15,64,64,0
932a0a9568c1469b9967728f3afa5d58,061313822edc3bc61b1cdb46528cb40b67ef4ed25180187655a6a29c94418dcf,44e2704,pilot-stage1-disease-r2,104,9002,,bc0241eae73e5142,0.025,0,none,0.05,0.1,0,2,,,completed,extinction on day 194,993,920,73,0.53,106,10,13,71,194,194,0
222c0f331e0b4ed9965b3082c3219ccb,d35db82a6886737a31d8975258277b4f589d8758483c10d82951dba6ea7e56a8,44e2704,pilot-stage1-disease-r2,104,9002,,bc0241eae73e5142,0.05,0,none,0.05,0.1,0,2,,,completed,extinction on day 50,489,456,33,0.055,11,1,7,8,50,50,0
c1ed2fb777f14680928da509c4ed66a4,68ff82b90f86336eae821d7c826c8fb552974ff4b23f5e6e702e3ac51583cf95,44e2704,pilot-stage1-disease-r2,104,9002,,bc0241eae73e5142,0.1,0,none,0.05,0.1,0,2,,,completed,extinction on day 80,1578,1453,125,0.955,191,20,72,19,80,80,0
ea4e642ff9234217a1ee171182f0ff80,97489eb34faa1f0a046ceefb8a20705f289cf8dfef284812f1219572e97edfe9,44e2704,pilot-stage1-disease-r2,104,9003,,bc0241eae73e5142,0.0,0,none,0.05,0.1,0,2,,,completed,extinction on day 1,0,0,0,0.005,1,1,1,0,1,1,0
f4500b3c821b4acf9ce6f7f9564d012b,46e0210d8d2edb85a24aefd0f9f8455b7b691feaa7f94c3b97689fde05b14315,44e2704,pilot-stage1-disease-r2,104,9003,,bc0241eae73e5142,0.01,0,none,0.05,0.1,0,2,,,completed,extinction on day 1,3,3,0,0.005,1,1,1,0,1,1,0
029c068439a24a588475a095231df085,2af972460d81ad9bb852f51c87166c0ed80d4e2961cb51485a81e4b8f5978189,44e2704,pilot-stage1-disease-r2,104,9003,,bc0241eae73e5142,0.02,0,none,0.05,0.1,0,2,,,completed,extinction on day 1,5,5,0,0.005,1,1,1,0,1,1,0
7dffc650e7a3404b9cd219332103d83b,ec5c21c03e2fe1d8cd1b0767a9d64ce9f08051a5968ba56b2f0552722da75db0,44e2704,pilot-stage1-disease-r2,104,9003,,bc0241eae73e5142,0.025,0,none,0.05,0.1,0,2,,,completed,extinction on day 1,5,5,0,0.005,1,1,1,0,1,1,0
b243517b75f6423b89619fa8c80ed964,5a33326cabc1167483a85a95433eb826296b36d521badd0e8e3131a79ae3abf7,44e2704,pilot-stage1-disease-r2,104,9003,,bc0241eae73e5142,0.05,0,none,0.05,0.1,0,2,,,completed,extinction on day 1,9,9,0,0.005,1,1,1,0,1,1,0
aad35c5359d04e3594f2233247608169,e16165f1185b533b91046f69534d1cd05490bd4e96207e98b1d476335e7d5877,44e2704,pilot-stage1-disease-r2,104,9003,,bc0241eae73e5142,0.1,0,none,0.05,0.1,0,2,,,completed,extinction on day 1,16,16,0,0.005,1,1,1,0,1,1,0
d1f74ba1c6714ff8823ed72e42dd2b35,a30f678269305de69894962655850bc74db085f0348056765dc9e86211ffe775,44e2704,pilot-stage1-disease-r2,104,9004,,bc0241eae73e5142,0.0,0,none,0.05,0.1,0,2,,,completed,extinction on day 40,0,0,0,0.05,10,1,6,9,40,40,0
7bf8c440c84948958647d90813e4310e,7f8892ded4f08eed9726e1226a432f1536037874b2468d079cf03307eaa24ef0,44e2704,pilot-stage1-disease-r2,104,9004,,bc0241eae73e5142,0.01,0,none,0.05,0.1,0,2,,,completed,extinction on day 44,88,86,2,0.105,21,2,11,21,44,44,0
a6006991c3c34ef0ae5bbbd5e9254360,4e61b1c11386c7a5ff01af27de1a15514f1858ade6182884cc7d80ddfaf93a65,44e2704,pilot-stage1-disease-r2,104,9004,,bc0241eae73e5142,0.02,0,none,0.05,0.1,0,2,,,completed,extinction on day 94,406,383,23,0.265,53,6,14,24,94,94,0
7cc1c0e41ecc480cbc5b18bfb6eb740f,1d685effbf8c2b13da04a23825d9dac577e8ec76cfd33b3785cd14be3622a9f5,44e2704,pilot-stage1-disease-r2,104,9004,,bc0241eae73e5142,0.025,0,none,0.05,0.1,0,2,,,completed,extinction on day 92,492,460,32,0.265,53,6,13,36,92,92,0
67bd450bba1945209f8f41f2d4bb2fa9,974b421ab5861cc48f0c40a31934f66d0bc7f2cf516010e1b9deeafe82b0408d,44e2704,pilot-stage1-disease-r2,104,9004,,bc0241eae73e5142,0.05,0,none,0.05,0.1,0,2,,,completed,extinction on day 102,1052,976,76,0.63,126,15,30,41,102,102,0
08057706a3634b2d823eb08c8dd4bfa8,5d3e23c945f6a0c879aef9237ae3693d91077229138f63858ff737feb0d9a77d,44e2704,pilot-stage1-disease-r2,104,9004,,bc0241eae73e5142,0.1,0,none,0.05,0.1,0,2,,,completed,extinction on day 147,2944,2683,261,0.86,172,19,50,24,147,147,0
a98eae14815449059c7198d8d0a45d01,7ab8a347821d1731e0d4dc99da57796362c3a5b6edd6da22df0cbb1b365d994a,44e2704,pilot-stage1-disease-r2,104,9005,,bc0241eae73e5142,0.0,0,none,0.05,0.1,0,2,,,completed,extinction on day 23,0,0,0,0.05,10,1,7,11,23,23,0
a66d6886ae314d77864b8d09950c654a,13e89deec5a7c103c7c802438178d5672b50f646da6c143d9083402988570e33,44e2704,pilot-stage1-disease-r2,104,9005,,bc0241eae73e5142,0.01,0,none,0.05,0.1,0,2,,,completed,extinction on day 64,136,131,5,0.165,33,3,11,17,64,64,0
fc2a985ac1864925aec187ed874467f1,55687c1ebb2c31fcf0b474ef0842cad3e7f37b5a0a6a582ae6150b78c0c1524b,44e2704,pilot-stage1-disease-r2,104,9005,,bc0241eae73e5142,0.02,0,none,0.05,0.1,0,2,,,completed,extinction on day 74,323,302,21,0.255,51,6,11,17,74,74,0
055069d16506422197b551555fbd79cc,85900fd4a4ec3ed64a737ca9e93960234fe4ae5e10ef84aa81108b981b9a3362,44e2704,pilot-stage1-disease-r2,104,9005,,bc0241eae73e5142,0.025,0,none,0.05,0.1,0,2,,,completed,extinction on day 48,249,225,24,0.105,21,2,8,7,48,48,0
a02f9dfc9e344e36a965c962177a43ec,582c0f9daa462a477fd29e6069e1c1d77736b64720839d4baab8e00f6521ff2e,44e2704,pilot-stage1-disease-r2,104,9005,,bc0241eae73e5142,0.05,0,none,0.05,0.1,0,2,,,completed,extinction on day 111,1156,1060,96,0.89,178,19,37,79,111,111,0
6dd4dd5081e44694824686f68ba3dc11,b545b577195a83dadce389132c0151e4a4da572d16ceca673c6c3c3eb5235b78,44e2704,pilot-stage1-disease-r2,104,9005,,bc0241eae73e5142,0.1,0,none,0.05,0.1,0,2,,,completed,extinction on day 108,2211,2046,165,0.975,195,20,34,40,108,108,0
82a0677481104c1584fddce5ae5676f4,4d790bf74f5cb8a6fd9fe087694dc3f98d9d666dd75e55656c8e2df261cf4ec7,44e2704,pilot-stage1-disease-r2,104,9006,,bc0241eae73e5142,0.0,0,none,0.05,0.1,0,2,,,completed,extinction on day 1,0,0,0,0.005,1,1,1,0,1,1,0
d2b82a2b48e74db18d44a61c55775934,6e90547dc73e32f3e30e598f50f8ae1f3d69b82bd6a82bc1b63e4cdf7a0ea6b3,44e2704,pilot-stage1-disease-r2,104,9006,,bc0241eae73e5142,0.01,0,none,0.05,0.1,0,2,,,completed,extinction on day 1,5,5,0,0.005,1,1,1,0,1,1,0
bd564ff1cb534edb990baa6210565bc2,908d2a999e700e12869d4ea6ba9421d6bbda574cdcc02e6eccce81673f0aed76,44e2704,pilot-stage1-disease-r2,104,9006,,bc0241eae73e5142,0.02,0,none,0.05,0.1,0,2,,,completed,extinction on day 1,6,6,0,0.005,1,1,1,0,1,1,0
d6c86ee39f6b47d68222acd629e12162,1996d59fdf9cd4ac967cffd9c8df1fd1e8024782572d1efd697b83d713f7004a,44e2704,pilot-stage1-disease-r2,104,9006,,bc0241eae73e5142,0.025,0,none,0.05,0.1,0,2,,,completed,extinction on day 1,7,7,0,0.005,1,1,1,0,1,1,0
12cd1cb06e4f441096a2fe2699f50caa,4460b6592b534712d391061c6b9022d24a508f9aeb2e9efa3dc40c2ad03d0a0b,44e2704,pilot-stage1-disease-r2,104,9006,,bc0241eae73e5142,0.05,0,none,0.05,0.1,0,2,,,completed,extinction on day 1,14,14,0,0.005,1,1,1,0,1,1,0
53c1d1d68d3f4582849de23c6fe554e1,081bfe6dd33be6e932e584ae5f0d67a827501c1b6c3a937341924276a5a80786,44e2704,pilot-stage1-disease-r2,104,9006,,bc0241eae73e5142,0.1,0,none,0.05,0.1,0,2,,,completed,extinction on day 1,19,19,0,0.005,1,1,1,0,1,1,0
3ddf6bcc200d43acb83c6e0b79334e42,f4768eaf135274dabd72f5b74b0262afd839fe99deef300ba5cf4d8a6eb663cf,44e2704,pilot-stage1-disease-r2,104,9007,,bc0241eae73e5142,0.0,0,none,0.05,0.1,0,2,,,completed,extinction on day 29,0,0,0,0.05,10,1,5,12,29,29,0
2538096a0e90480a9f1c1fcf96cee2b5,eba34eb032847fa176a3dd163795c0c34f2a6637b4c3fc24ed97a8b180aac533,44e2704,pilot-stage1-disease-r2,104,9007,,bc0241eae73e5142,0.01,0,none,0.05,0.1,0,2,,,completed,extinction on day 69,136,125,11,0.11,22,2,9,22,69,69,0
d1fcc4bce0d74492b8a28272f18edc50,1e0137bb22d44826778770d57e04b3a05ce0608c58995358bd25f38dd2572b8f,44e2704,pilot-stage1-disease-r2,104,9007,,bc0241eae73e5142,0.02,0,none,0.05,0.1,0,2,,,completed,extinction on day 132,535,498,37,0.33,66,6,14,60,132,132,0
6c54c983b87e43479ae822c7035d3e58,57c6391cc860623975d97d3c21a6f809f4af1458074e53f648af83b346187f5e,44e2704,pilot-stage1-disease-r2,104,9007,,bc0241eae73e5142,0.025,0,none,0.05,0.1,0,2,,,completed,extinction on day 39,184,171,13,0.075,15,1,9,13,39,39,0
9756bd388e284c2dae88d0f2b7db30be,0b36c3f9df66ba2afbf7a6f657a1e19109cf3ff62bf76c2e98c30b80c0edd2de,44e2704,pilot-stage1-disease-r2,104,9007,,bc0241eae73e5142,0.05,0,none,0.05,0.1,0,2,,,completed,extinction on day 139,1370,1257,113,0.915,183,19,36,98,139,139,0
df242efb57ca4d67bca3f6db9cf6279f,0e984dfbb6828ae250fcb5b64470756c3c94b26a2161cff5a27088a66ec7dca4,44e2704,pilot-stage1-disease-r2,104,9007,,bc0241eae73e5142,0.1,0,none,0.05,0.1,0,2,,,completed,extinction on day 140,2792,2540,252,0.975,195,19,38,60,140,140,0
049bef471eb5424fa77de9cb861ae488,1f2d25991d66eb8e0d0bc77b1bb13fe69d1c31387ccd20c5e23e731fee662636,44e2704,pilot-stage1-disease-r2,104,9008,,bc0241eae73e5142,0.0,0,none,0.05,0.1,0,2,,,completed,extinction on day 38,0,0,0,0.05,10,1,7,9,38,38,0
53b2ef48cd03488fb23ab1f883638861,5f3da212a97713d5ca9a1ec4f2e736aa3781144e83ee2cc169603c9193c0d8fd,44e2704,pilot-stage1-disease-r2,104,9008,,bc0241eae73e5142,0.01,0,none,0.05,0.1,0,2,,,completed,extinction on day 174,385,352,33,0.28,56,7,11,60,174,174,0
2c208f4bae214a29a767e032127ab4f6,ec977a08cec9093676e5d6251bc62b63882363a48fb7b47bc649782a2b535586,44e2704,pilot-stage1-disease-r2,104,9008,,bc0241eae73e5142,0.02,0,none,0.05,0.1,0,2,,,completed,extinction on day 59,254,237,17,0.11,22,3,8,33,59,59,0
8d8f27a249fd47a8aa8f4ce5c3ca077a,686d61cf94a7276548849fb04a6c9e4596a07ace0fe1d71d46b41377aeca8b59,44e2704,pilot-stage1-disease-r2,104,9008,,bc0241eae73e5142,0.025,0,none,0.05,0.1,0,2,,,completed,extinction on day 67,352,319,33,0.27,54,6,18,25,67,67,0
881676a3b4b54c178b3b7b78e9f2aed0,bddf8027876d271a31127b5896b1e112a05242f5aab76ab8376ab8ac97629bd6,44e2704,pilot-stage1-disease-r2,104,9008,,bc0241eae73e5142,0.05,0,none,0.05,0.1,0,2,,,completed,extinction on day 132,1317,1228,89,0.955,191,20,40,68,132,132,0
c03e1cbcd9e64a6c8fe91f54d1c105f2,3fb8a3c8fca7e19d73dfcfb2fb2f7315daece46930798933bd7b28ba24b89565,44e2704,pilot-stage1-disease-r2,104,9008,,bc0241eae73e5142,0.1,0,none,0.05,0.1,0,2,,,completed,extinction on day 108,2173,2022,151,0.94,188,20,44,67,108,108,0
8816b0ca0aba4b4099e9e1324ad8d1b5,9d78c78fdd6415a5c011dc07e1977ba0e9c9e1ed3bf7b8ebad54c5fc2e45e9d9,44e2704,pilot-stage1-disease-r2,104,9009,,bc0241eae73e5142,0.0,0,none,0.05,0.1,0,2,,,completed,extinction on day 34,0,0,0,0.05,10,1,4,4,34,34,0
94f67518322d426c92f13e653ffcbc10,bc1e6b2f9e160b96d045746d6d65479b3117d867ab5f521fddadfc099755b3fe,44e2704,pilot-stage1-disease-r2,104,9009,,bc0241eae73e5142,0.01,0,none,0.05,0.1,0,2,,,completed,extinction on day 34,69,66,3,0.065,13,1,5,7,34,34,0
f4308bcc20bf454db0d76cf69f3d15fd,7baa0a92e78a7df32a91c6d392bfccea7fdbce2d9d238485f6f7624938ef2731,44e2704,pilot-stage1-disease-r2,104,9009,,bc0241eae73e5142,0.02,0,none,0.05,0.1,0,2,,,completed,extinction on day 34,136,128,8,0.155,31,3,17,15,34,34,0
b016dbb0c9db4d6681562744a1b59034,3c4c6e5d147832f610b350b0f96c5fa5503a4adcbbab4f28bcbdbfddf9043cb4,44e2704,pilot-stage1-disease-r2,104,9009,,bc0241eae73e5142,0.025,0,none,0.05,0.1,0,2,,,completed,extinction on day 165,838,769,69,0.535,107,11,24,90,165,165,0
1c9abe3ea8834c5b8c97bc56e2ded223,7d7d063332535dcc893cf7daf9e1596647c2be32a29dea6b4c9375d2b597659e,44e2704,pilot-stage1-disease-r2,104,9009,,bc0241eae73e5142,0.05,0,none,0.05,0.1,0,2,,,completed,extinction on day 96,979,902,77,0.91,182,20,51,30,96,96,0
dd9d71809f5d44e788f5012c42617338,688db5c62ff867aab54c18391d2b67feab5add0aec72a069063328f0e7c5bb70,44e2704,pilot-stage1-disease-r2,104,9009,,bc0241eae73e5142,0.1,0,none,0.05,0.1,0,2,,,completed,extinction on day 111,2248,2045,203,0.97,194,20,55,46,111,111,0
7a0e9efee75b43728fbcd4f3d3a86595,768ed7edbb1af7e37fb290ba32a5a5861d0564871403c3e1968fa3d5b41f801f,44e2704,pilot-stage1-disease-r2,100,9000,,ecc984f043b744b6,0.0,0,none,0.05,0.2,0,2,,,completed,extinction on day 7,0,0,0,0.025,5,1,2,1,7,7,0
84ffbd1301cd4d31ace9bbed84b972bc,a4f8e5aa80d75cf5d497bc692d56f2bdebc187c5b45fe1f21580195f45bc6346,44e2704,pilot-stage1-disease-r2,100,9000,,ecc984f043b744b6,0.01,0,none,0.05,0.2,0,2,,,completed,extinction on day 7,14,13,1,0.025,5,1,2,1,7,7,0
1268b10f515d41b688e4566dcb08bb6b,898163ff26104938c6ea564c1edb553edebd723c3be33465d9ddf1f082870814,44e2704,pilot-stage1-disease-r2,100,9000,,ecc984f043b744b6,0.02,0,none,0.05,0.2,0,2,,,completed,extinction on day 7,32,30,2,0.025,5,1,2,1,7,7,0
bb80bae1149e4d2c852378321ccb974b,dd3bc827869d766a946ec4221568e94e8c32cb6e80aee207cc6c9acb9aa9dc42,44e2704,pilot-stage1-disease-r2,100,9000,,ecc984f043b744b6,0.025,0,none,0.05,0.2,0,2,,,completed,extinction on day 7,39,35,4,0.025,5,1,2,1,7,7,0
2a36c2d141ac40ae917e6fa997076bb6,6925c34f32af103d03bd73442981a402a1e3648da7dd2aa2b1251b177ddfb32e,44e2704,pilot-stage1-disease-r2,100,9000,,ecc984f043b744b6,0.05,0,none,0.05,0.2,0,2,,,completed,extinction on day 7,81,67,14,0.015,3,1,2,1,7,7,0
95fec21249224333bcde51f78c3f9a8b,8d9a4f7c99c0b60c43ca7bb8093bd1bc1886756000b257ce13648b934101e36f,44e2704,pilot-stage1-disease-r2,100,9000,,ecc984f043b744b6,0.1,0,none,0.05,0.2,0,2,,,completed,extinction on day 62,1248,1092,156,0.6,120,15,21,48,62,62,0
5e8185e7b510438e8dfa096de6c19b03,e0b717161981c6467ea2c65415e534fcc4f551356813f65707e6e818e13b73da,44e2704,pilot-stage1-disease-r2,100,9001,,ecc984f043b744b6,0.0,0,none,0.05,0.2,0,2,,,completed,extinction on day 24,0,0,0,0.05,10,1,7,6,24,24,0
1e47c30213aa4f94b86ff69734593f49,6a3704a9474c81c495892f2b1768d04c52c3b55d5a6563c42a09b69f9302c48d,44e2704,pilot-stage1-disease-r2,100,9001,,ecc984f043b744b6,0.01,0,none,0.05,0.2,0,2,,,completed,extinction on day 37,74,67,7,0.1,20,2,8,11,37,37,0
7a91d0f985c04073a6f42e15108a726f,9282d6502b42db20ead8b9eb44c882a5d5a182ab350a1defb79352aeab735c6e,44e2704,pilot-stage1-disease-r2,100,9001,,ecc984f043b744b6,0.02,0,none,0.05,0.2,0,2,,,completed,extinction on day 45,172,151,21,0.12,24,2,8,11,45,45,0
4efc15b3d25944479b64871b61383aff,f295a9c5fd64cab8e2fad78c1f7be68d60f0c1fceb94e7025ab08bb13bd4b692,44e2704,pilot-stage1-disease-r2,100,9001,,ecc984f043b744b6,0.025,0,none,0.05,0.2,0,2,,,completed,extinction on day 48,235,198,37,0.17,34,5,8,11,48,48,0
8e252f6677864ebca86b80770c80cd31,102522bcaad2e1d765ce6309ea79167495f73c455534c843bfd751d58d5df6bb,44e2704,pilot-stage1-disease-r2,100,9001,,ecc984f043b744b6,0.05,0,none,0.05,0.2,0,2,,,completed,extinction on day 68,678,558,120,0.305,61,7,9,30,68,68,0
149c337a79d041929023d8400f4afc69,c23bebfe71550c1c5833a33f2c92c352741f22d413ef1a50312eb2ca6c20f3fd,44e2704,pilot-stage1-disease-r2,100,9001,,ecc984f043b744b6,0.1,0,none,0.05,0.2,0,2,,,completed,extinction on day 28,565,494,71,0.06,12,4,5,8,28,28,0
dfb9b45a520e4ad8b0607467e8369d68,ee025d50c4f1157363770c51e4e1ee73d515a94138d9d70b8f6116e62b0751e7,44e2704,pilot-stage1-disease-r2,100,9002,,ecc984f043b744b6,0.0,0,none,0.05,0.2,0,2,,,completed,extinction on day 7,0,0,0,0.015,3,1,2,3,7,7,0
ff4cd286c0c740ce9e5dbf6c2bb769da,dfcaffb96f8eed4d820f0afda4fb13abfe1f8b8838530b5b398bb4dad770db73,44e2704,pilot-stage1-disease-r2,100,9002,,ecc984f043b744b6,0.01,0,none,0.05,0.2,0,2,,,completed,extinction on day 7,9,9,0,0.015,3,1,2,3,7,7,0
f2987a708cc84f3080f19ab456debeaa,ba3d0f16cd7e53f65d19468009e3da7e895ca0f49be6e02119872ea216110b8a,44e2704,pilot-stage1-disease-r2,100,9002,,ecc984f043b744b6,0.02,0,none,0.05,0.2,0,2,,,completed,extinction on day 7,18,17,1,0.015,3,1,2,3,7,7,0
d5c86ef844f24501be06a5cc64a9b5b2,e334d83884354fc0f892d22dcb380785b342ff859877ea67bf53c9a12f6448fc,44e2704,pilot-stage1-disease-r2,100,9002,,ecc984f043b744b6,0.025,0,none,0.05,0.2,0,2,,,completed,extinction on day 7,27,26,1,0.015,3,1,2,3,7,7,0
5d88bc70ddda4c69b6a0978bd8e6f78e,8ce6b7c9dc979f28fd5a155255cf9acc26afb3a1a58ec9b8e41e79133dcda5cf,44e2704,pilot-stage1-disease-r2,100,9002,,ecc984f043b744b6,0.05,0,none,0.05,0.2,0,2,,,completed,extinction on day 7,56,54,2,0.015,3,1,2,3,7,7,0
bfcc780e4ab740bc8d16b3357284770a,d24a2e1f6360d1468fc73b28da8282574833ae87203c974d7dc40da78e3c26f3,44e2704,pilot-stage1-disease-r2,100,9002,,ecc984f043b744b6,0.1,0,none,0.05,0.2,0,2,,,completed,extinction on day 13,220,203,17,0.025,5,2,2,4,13,13,0
7fd7ae1d6bde4864bd9abff740317808,ddc02076b267d97afdbbe97bb1b0320d107f8a935819dd3b3d4da7c998512b36,44e2704,pilot-stage1-disease-r2,100,9003,,ecc984f043b744b6,0.0,0,none,0.05,0.2,0,2,,,completed,extinction on day 1,0,0,0,0.005,1,1,1,0,1,1,0
2ebfe3ca492d49ecb055a5d6ba811856,122b8a46208e180172df4cd3232e275ef8c69cef36ebbe974fa2f68f3da50d28,44e2704,pilot-stage1-disease-r2,100,9003,,ecc984f043b744b6,0.01,0,none,0.05,0.2,0,2,,,completed,extinction on day 1,3,3,0,0.005,1,1,1,0,1,1,0
ea11d361fbbe45f2ae615f5c1d2dbd58,ec62782f3ff92ea5c558b394f784216d493fef1633a9ddc4ed3d8a051869b2b2,44e2704,pilot-stage1-disease-r2,100,9003,,ecc984f043b744b6,0.02,0,none,0.05,0.2,0,2,,,completed,extinction on day 1,5,5,0,0.005,1,1,1,0,1,1,0
7791aad80bfb453e9e58d492e7ea2c9d,b540abee9d5574d5a4d461128f6eb2b587bc7a71702fec46e7b49c1dc5f3ac15,44e2704,pilot-stage1-disease-r2,100,9003,,ecc984f043b744b6,0.025,0,none,0.05,0.2,0,2,,,completed,extinction on day 1,5,5,0,0.005,1,1,1,0,1,1,0
c37792ba664d4b94989e6d8c9ed5f3db,387731c86b399e9788d38aeb3b15a3107fc45461d62fb7d4d1537a5ab0ae016f,44e2704,pilot-stage1-disease-r2,100,9003,,ecc984f043b744b6,0.05,0,none,0.05,0.2,0,2,,,completed,extinction on day 1,9,9,0,0.005,1,1,1,0,1,1,0
4638d1ab06e84b5b998bb2efed197093,33c050e559777e537cc0f7e2f54cd03bd68f96584aee148e5cbbc3ef2510d991,44e2704,pilot-stage1-disease-r2,100,9003,,ecc984f043b744b6,0.1,0,none,0.05,0.2,0,2,,,completed,extinction on day 1,16,16,0,0.005,1,1,1,0,1,1,0
9fd787cabfac468aa5cb0d87339393e4,96fac5ff59917b5776da7fbb76478211a4c93f14ae353602e086faf0496350e9,44e2704,pilot-stage1-disease-r2,100,9004,,ecc984f043b744b6,0.0,0,none,0.05,0.2,0,2,,,completed,extinction on day 7,0,0,0,0.015,3,1,1,0,7,7,0
5cae376b49844942953555935859cb12,b5d6d6ce78e270a36559514f462b47d5a7f424463d5eb0724b67b5633d04b700,44e2704,pilot-stage1-disease-r2,100,9004,,ecc984f043b744b6,0.01,0,none,0.05,0.2,0,2,,,completed,extinction on day 7,12,12,0,0.015,3,1,1,0,7,7,0
40ba8f89acd449a1bb7a7c0ce240a9ab,f17e2296db9d99f6e4547170e185be5a4ccf36f4c6e8b4cc96e97defb7c7b68d,44e2704,pilot-stage1-disease-r2,100,9004,,ecc984f043b744b6,0.02,0,none,0.05,0.2,0,2,,,completed,extinction on day 7,24,24,0,0.015,3,1,1,0,7,7,0
7d72390901934c968115e67970dd3fcb,031ac9fa3ddae8b34a09a2c64b8ca67ae472fc3fcf27a03aa07a3244ff61c728,44e2704,pilot-stage1-disease-r2,100,9004,,ecc984f043b744b6,0.025,0,none,0.05,0.2,0,2,,,completed,extinction on day 7,30,30,0,0.015,3,1,1,0,7,7,0
5789444975e742e1bba24f299b4f09ee,d463d242fc9e4562ec5aeec3112790815650b2960c1dc34e02d3788b4dbff042,44e2704,pilot-stage1-disease-r2,100,9004,,ecc984f043b744b6,0.05,0,none,0.05,0.2,0,2,,,completed,extinction on day 7,68,66,2,0.015,3,1,1,0,7,7,0
05a88b8035ca4d93a4d38ffb9fffb4ae,0a78ba30bb02cca07ccd748ceeb871051f471233e967ba4ec4db866b51575a0b,44e2704,pilot-stage1-disease-r2,100,9004,,ecc984f043b744b6,0.1,0,none,0.05,0.2,0,2,,,completed,extinction on day 44,865,766,99,0.13,26,4,8,21,44,44,0
9466aef5ee6140849c386f914d55737c,87c2164e11476b0a100cd6252a6d5d6c5de0e98a441579d401972a96e83a2b0e,44e2704,pilot-stage1-disease-r2,100,9005,,ecc984f043b744b6,0.0,0,none,0.05,0.2,0,2,,,completed,extinction on day 22,0,0,0,0.05,10,1,4,3,22,22,0
b3bf632438874630a1a83ff08eb8ebe1,84289e5795c8a603763edb98099190cfe8a8d5a47255c26bc8221f319a837653,44e2704,pilot-stage1-disease-r2,100,9005,,ecc984f043b744b6,0.01,0,none,0.05,0.2,0,2,,,completed,extinction on day 35,71,64,7,0.105,21,2,6,19,35,35,0
ae394a04497d4215a4bbcbf3d8054288,ad0cd67c96e33233141cae134ec551257975605b70e19299bf5861d9696ac7df,44e2704,pilot-stage1-disease-r2,100,9005,,ecc984f043b744b6,0.02,0,none,0.05,0.2,0,2,,,completed,extinction on day 25,98,86,12,0.105,21,3,7,7,25,25,0
094063553278472ba3260bfe941c69ef,250a8a2e84f0f7fc80a04a636647b4305dda2d7a1b00c0b910b4797f70215e40,44e2704,pilot-stage1-disease-r2,100,9005,,ecc984f043b744b6,0.025,0,none,0.05,0.2,0,2,,,completed,extinction on day 25,116,99,17,0.105,21,3,7,7,25,25,0
54d3ecce9160456baa7b3128d97f0a97,8d125a8b70a923b3efae3db1a83486f5083043c5c12386164d2009cdc6d2cf88,44e2704,pilot-stage1-disease-r2,100,9005,,ecc984f043b744b6,0.05,0,none,0.05,0.2,0,2,,,completed,extinction on day 43,424,378,46,0.15,30,5,7,7,43,43,0
c9238e768bda4176824838ff92e7186e,af36f18f26182ffa55f6f5bbc94fcaeb0476cbbcd487c38f7e08cfa66d5509e2,44e2704,pilot-stage1-disease-r2,100,9005,,ecc984f043b744b6,0.1,0,none,0.05,0.2,0,2,,,completed,extinction on day 22,416,362,54,0.135,27,4,7,6,22,22,0
e447c42f53994a3fab53f65a68f4a942,79ed04cd346d9f50d657ea0570fa2af3a2f266f3bd52e2a0e52ba53b1678623b,44e2704,pilot-stage1-disease-r2,100,9006,,ecc984f043b744b6,0.0,0,none,0.05,0.2,0,2,,,completed,extinction on day 1,0,0,0,0.005,1,1,1,0,1,1,0
76dd0b02b73a433aa87469f273fb0cbe,542184ba5494bb9f14945723b5203a664c567dea80b24927142d6da4e0bd934a,44e2704,pilot-stage1-disease-r2,100,9006,,ecc984f043b744b6,0.01,0,none,0.05,0.2,0,2,,,completed,extinction on day 1,5,5,0,0.005,1,1,1,0,1,1,0
0aaf2bb8943047d9918ec9f37bef6501,eb1888fd449ddd7e323f76b682c45d520e46b753d810e15f55b4d12a8ca57d03,44e2704,pilot-stage1-disease-r2,100,9006,,ecc984f043b744b6,0.02,0,none,0.05,0.2,0,2,,,completed,extinction on day 1,6,6,0,0.005,1,1,1,0,1,1,0
8b4826cc4a0344dd800e45322ea5116e,065d011f39b65513a92866d5fd866a19719ce3767ead8adae953d385b87dcce2,44e2704,pilot-stage1-disease-r2,100,9006,,ecc984f043b744b6,0.025,0,none,0.05,0.2,0,2,,,completed,extinction on day 1,7,7,0,0.005,1,1,1,0,1,1,0
5c7540a4800047e9a808ba1ff9874ed2,b76f189ed99417d74b2c33f4b2c543203414279e83aba9d2b432774668db6646,44e2704,pilot-stage1-disease-r2,100,9006,,ecc984f043b744b6,0.05,0,none,0.05,0.2,0,2,,,completed,extinction on day 1,14,12,2,0.005,1,1,1,0,1,1,0
a054d23653af47889ae2e1bdb7b73a1b,c0b0603aea137ad05afa323d4df2ff8f5a126a91000556b3fa262595b789c98f,44e2704,pilot-stage1-disease-r2,100,9006,,ecc984f043b744b6,0.1,0,none,0.05,0.2,0,2,,,completed,extinction on day 1,19,17,2,0.005,1,1,1,0,1,1,0
2d02cfee78c9420eaeb1198d6fc03fa9,2147c1a6dc84dd05aae850defc39cb91a18ec0df4227315260f4154109512a09,44e2704,pilot-stage1-disease-r2,100,9007,,ecc984f043b744b6,0.0,0,none,0.05,0.2,0,2,,,completed,extinction on day 18,0,0,0,0.04,8,1,4,12,18,18,0
620972639e6f4511aba291ea45967dfc,cb0ae367a5d3a98d5ff6ba75d67d58bd716973d232c5ffb68aaac1dfeb50a7ad,44e2704,pilot-stage1-disease-r2,100,9007,,ecc984f043b744b6,0.01,0,none,0.05,0.2,0,2,,,completed,extinction on day 14,28,28,0,0.035,7,1,4,12,14,14,0
3a269d12041643349bd6ea1fb0b07258,663bcc8bb435f2b2172115a55d0c9c87d5266f5774524d8e7d7a204521ca51a5,44e2704,pilot-stage1-disease-r2,100,9007,,ecc984f043b744b6,0.02,0,none,0.05,0.2,0,2,,,completed,extinction on day 14,55,54,1,0.025,5,1,3,6,14,14,0
feab312b22dc44fda55a937621af96a5,ca0c8c4f489c7b45c5d6ee4a0b0305fb44b1f0f3ab1d5efeb81347c3155842a4,44e2704,pilot-stage1-disease-r2,100,9007,,ecc984f043b744b6,0.025,0,none,0.05,0.2,0,2,,,completed,extinction on day 15,75,72,3,0.03,6,1,3,6,15,15,0
86ef175f35944af6906d7d4596c2d50e,164fa4e7cb4a7e96758b817999afefb3af9b73979939e46ac4736e6362f2e482,44e2704,pilot-stage1-disease-r2,100,9007,,ecc984f043b744b6,0.05,0,none,0.05,0.2,0,2,,,completed,extinction on day 46,438,388,50,0.21,42,6,14,29,46,46,0
b91b749d6fb14aaaa276ebb02bb7a747,e40decb2540648f4e24edddd592dc34b61f5a41367ed9a41d544e184aec6a3a4,44e2704,pilot-stage1-disease-r2,100,9007,,ecc984f043b744b6,0.1,0,none,0.05,0.2,0,2,,,completed,extinction on day 15,335,303,32,0.03,6,1,4,7,15,15,0
1f5d9e37fc2d40f290478255840a6d2c,6e15437f9e72e9031d13c1eb5611a1fb6ab8e2466da76233d3fc088d6f3d7999,44e2704,pilot-stage1-disease-r2,100,9008,,ecc984f043b744b6,0.0,0,none,0.05,0.2,0,2,,,completed,extinction on day 21,0,0,0,0.045,9,1,5,9,21,21,0
7edca9bd3de54f0c8cf7eabcb09fcd29,aa7d7f678eaab1f1702d172c70312b1bc60ea64579ee2024d7aeae56d7266b14,44e2704,pilot-stage1-disease-r2,100,9008,,ecc984f043b744b6,0.01,0,none,0.05,0.2,0,2,,,completed,extinction on day 21,40,37,3,0.055,11,1,7,9,21,21,0
c432aa1c6c8347ab9b402c544c1fc61d,a28ec44cb52c0f5beab03a448be197dee65229019cf13c232ca2d2d76f805843,44e2704,pilot-stage1-disease-r2,100,9008,,ecc984f043b744b6,0.02,0,none,0.05,0.2,0,2,,,completed,extinction on day 20,90,87,3,0.05,10,1,6,10,20,20,0
d493796e34e143d0b86b7bbb04b1a5c0,e948f99a86a04749bdf2a0145ed22546537c29d0d5200e5a32056d15b54bb50f,44e2704,pilot-stage1-disease-r2,100,9008,,ecc984f043b744b6,0.025,0,none,0.05,0.2,0,2,,,completed,extinction on day 41,223,211,12,0.155,31,4,10,10,41,41,0
87a7c48fb243491592a9d888fb5994bc,91b95f29ced8b43ab5f66908c151ff87c1819acc4a1b0b4e2517fea67765598e,44e2704,pilot-stage1-disease-r2,100,9008,,ecc984f043b744b6,0.05,0,none,0.05,0.2,0,2,,,completed,extinction on day 27,285,255,30,0.07,14,3,7,10,27,27,0
c1cabd847b3745c692093044654dc075,867c8fd60750c4a7e5c164111596d86c5f03f51998b8c7c3f0344f28b4d18dd9,44e2704,pilot-stage1-disease-r2,100,9008,,ecc984f043b744b6,0.1,0,none,0.05,0.2,0,2,,,completed,extinction on day 70,1421,1285,136,0.25,50,5,14,47,70,70,0
28b86902386e4a17b4d6b05e0bfc7299,02587ce5ebc470873a9a92f7fc357190f03784dbf8a121aa5f9ce7bed3f1d401,44e2704,pilot-stage1-disease-r2,100,9009,,ecc984f043b744b6,0.0,0,none,0.05,0.2,0,2,,,completed,extinction on day 11,0,0,0,0.04,8,1,4,4,11,11,0
2492fcf9c9fa4794ad733e9d4e8c8fd5,1c5d5fe467e41a7f7ce7717c5eef961036dc35e8804b15d8dec86bc835459db4,44e2704,pilot-stage1-disease-r2,100,9009,,ecc984f043b744b6,0.01,0,none,0.05,0.2,0,2,,,completed,extinction on day 11,13,13,0,0.04,8,1,4,4,11,11,0
deb1303324994457a2f4c3fbccaaec2c,6763a44b9ffba01b8026f4eacda3c3f1074f5ba65e058703ce32d635b7e3fbfb,44e2704,pilot-stage1-disease-r2,100,9009,,ecc984f043b744b6,0.02,0,none,0.05,0.2,0,2,,,completed,extinction on day 44,168,152,16,0.19,38,5,11,16,44,44,0
2bd09f9e7ee34cc4b481e122ccfa42a0,a79891015d5202d115b80b6fbbf08a516bc8f436e94e66483bbee543b9da0e73,44e2704,pilot-stage1-disease-r2,100,9009,,ecc984f043b744b6,0.025,0,none,0.05,0.2,0,2,,,completed,extinction on day 47,227,208,19,0.2,40,5,10,14,47,47,0
2bb8bf0a3c1c476785ae01e538a94627,08174bded29ee8e91de9380c1481a48f917bf20a87f760be4b85e9eed8bccb56,44e2704,pilot-stage1-disease-r2,100,9009,,ecc984f043b744b6,0.05,0,none,0.05,0.2,0,2,,,completed,extinction on day 30,289,269,20,0.215,43,6,13,18,30,30,0
19847319c76d4f408ac94aa89c9e0385,15835bc004f8b5ca126acb1b7b6254c175ba902b643eb99899eb822f36135fc1,44e2704,pilot-stage1-disease-r2,100,9009,,ecc984f043b744b6,0.1,0,none,0.05,0.2,0,2,,,completed,extinction on day 45,889,779,110,0.345,69,9,18,18,45,45,0
2bd8aeac372744cfacfa3f6f8e80f803,7d9cb4512ffafa12b18cfd97c5ae7a359078e55c1f2d7ea2b65b15ff098bcc9b,44e2704,pilot-stage1-disease-r2,101,9000,,a94b904840df0142,0.0,0,none,0.05,0.2,0,2,,,completed,extinction on day 7,0,0,0,0.025,5,1,2,1,7,7,0
3eeb246c83c146c69edeafb64c15c49b,3ee4ff03577ad0bcb3369175d1192c9c9a30b093750ebcc298a68426ed501609,44e2704,pilot-stage1-disease-r2,101,9000,,a94b904840df0142,0.01,0,none,0.05,0.2,0,2,,,completed,extinction on day 7,14,13,1,0.025,5,1,2,1,7,7,0
72e286d83e3d44d4b34d1626bebf9053,0178f9650b21e03c9241842319f0c8e8aba4bcc108bf12b34e4b5606afa88f7a,44e2704,pilot-stage1-disease-r2,101,9000,,a94b904840df0142,0.02,0,none,0.05,0.2,0,2,,,completed,extinction on day 7,32,31,1,0.025,5,1,2,1,7,7,0
6679925092af41fb999cdd4b57cd1793,9ddea53bba768198b892a6924d341ec32dac6c6668ae32cab57d8461e110a728,44e2704,pilot-stage1-disease-r2,101,9000,,a94b904840df0142,0.025,0,none,0.05,0.2,0,2,,,completed,extinction on day 7,39,37,2,0.025,5,1,2,1,7,7,0
9b7f12e142114d0f96b8daf65f0324ef,c14c5b8567a6c69cb852f522b1447ce72d48602e062bf538d8a5aa6289608a82,44e2704,pilot-stage1-disease-r2,101,9000,,a94b904840df0142,0.05,0,none,0.05,0.2,0,2,,,completed,extinction on day 7,81,77,4,0.015,3,1,2,1,7,7,0
5c70523878ad4ee58582cd176e093fb4,5b0ecae6c5543acdc13e3ab5862c78fb1158655513b51f9135818dcc97387c96,44e2704,pilot-stage1-disease-r2,101,9000,,a94b904840df0142,0.1,0,none,0.05,0.2,0,2,,,completed,extinction on day 7,154,150,4,0.015,3,2,2,1,7,7,0
8b94582adecb4e68b10ffe635f0ceb0f,f18349f155116ff6c0bbe0735ddbbd4aec87352533e17d1ca4e773a334325bb0,44e2704,pilot-stage1-disease-r2,101,9001,,a94b904840df0142,0.0,0,none,0.05,0.2,0,2,,,completed,extinction on day 24,0,0,0,0.05,10,1,7,6,24,24,0
f68f4cb8ca61404a993825c97e269943,3749b5fbfc0466177d6d185cfa76ea5aeef1e9dc105fd53dfb1e3fc79668883a,44e2704,pilot-stage1-disease-r2,101,9001,,a94b904840df0142,0.01,0,none,0.05,0.2,0,2,,,completed,extinction on day 45,89,81,8,0.135,27,3,8,11,45,45,0
738bca97d92e4df19519e05e4b9d0d48,34516459ad61b012e8614055c5394ae690f669208f781fa296a46c241b6e20a2,44e2704,pilot-stage1-disease-r2,101,9001,,a94b904840df0142,0.02,0,none,0.05,0.2,0,2,,,completed,extinction on day 32,116,107,9,0.09,18,3,8,11,32,32,0
5139b1e40d644125886d62dd61506ddf,ccbfc4cdb67da38d3f809197e25868e176f5261f7a11d3c6a1f6be5f658b8758,44e2704,pilot-stage1-disease-r2,101,9001,,a94b904840df0142,0.025,0,none,0.05,0.2,0,2,,,completed,extinction on day 32,145,133,12,0.12,24,4,8,11,32,32,0
ca5f5f2900194a99a5b696dd56d81adb,3cee9ab70f69ee4de0e540f7c042d491f79008f8122ea444964cefed6c43ba4a,44e2704,pilot-stage1-disease-r2,101,9001,,a94b904840df0142,0.05,0,none,0.05,0.2,0,2,,,completed,extinction on day 27,259,241,18,0.085,17,2,8,11,27,27,0
071b93bbbc2a4c278c32103e0e5de2cf,d08cde4f24a98adaf972415d049713c66572d4e8e832dbe00e38199e54324478,44e2704,pilot-stage1-disease-r2,101,9001,,a94b904840df0142,0.1,0,none,0.05,0.2,0,2,,,completed,extinction on day 48,983,921,62,0.175,35,7,10,17,48,48,0
894c308d3eae4be591be59c38d157cd4,67ccce90cea190e47285c57909bfea99fcda196fe206ec64d8c8d611f0300d1e,44e2704,pilot-stage1-disease-r2,101,9002,,a94b904840df0142,0.0,0,none,0.05,0.2,0,2,,,completed,extinction on day 7,0,0,0,0.015,3,1,2,3,7,7,0
230410c6605f410280c36adfcbd33630,7610f358ce2423f7ed59546f4daf0e61d413f6c7e212c85bedf97572148cc207,44e2704,pilot-stage1-disease-r2,101,9002,,a94b904840df0142,0.01,0,none,0.05,0.2,0,2,,,completed,extinction on day 7,9,9,0,0.015,3,1,2,3,7,7,0
66d3a5ed676944d5b9b7fa34a2f1c15a,4cdae96b35953e66a819186a3c3612fa9b8cc928bf179758bc037f8c1e465b9b,44e2704,pilot-stage1-disease-r2,101,9002,,a94b904840df0142,0.02,0,none,0.05,0.2,0,2,,,completed,extinction on day 12,34,31,3,0.035,7,1,3,7,12,12,0
1f2e084b95334d459a118892cf407642,f402e451004b59d08946e350fee4941a3a1294b98473216fb9cb43c609809647,44e2704,pilot-stage1-disease-r2,101,9002,,a94b904840df0142,0.025,0,none,0.05,0.2,0,2,,,completed,extinction on day 12,47,43,4,0.035,7,1,3,7,12,12,0
b7def9fe23f14d2b836a0d29c8f5589f,1ab934cc16792baeeb665392fac68629d6f18178776161715d70e96457522a9d,44e2704,pilot-stage1-disease-r2,101,9002,,a94b904840df0142,0.05,0,none,0.05,0.2,0,2,,,completed,extinction on day 7,56,54,2,0.02,4,1,3,5,7,7,0
7325def0d21746d8b776b67567c356e3,d88ca91df2b395034310471da981f119e0aa387cea6a5047f373ab443ca1416b,44e2704,pilot-stage1-disease-r2,101,9002,,a94b904840df0142,0.1,0,none,0.05,0.2,0,2,,,completed,extinction on day 86,1694,1590,104,0.5,100,16,19,55,86,86,0
4a7df6d90dc743c69ab50a8cf6099f1e,c55a32992642cccc625dc9dfba709000b9a02d5da4f1394d69ce2f2548cd181c,44e2704,pilot-stage1-disease-r2,101,9003,,a94b904840df0142,0.0,0,none,0.05,0.2,0,2,,,completed,extinction on day 1,0,0,0,0.005,1,1,1,0,1,1,0
bdcd516b29f64c54862ed8cf9a4cd638,c01035cd887099dd9c6c2c1bc187e3b0385be6a2f37f650448c96e52110032e2,44e2704,pilot-stage1-disease-r2,101,9003,,a94b904840df0142,0.01,0,none,0.05,0.2,0,2,,,completed,extinction on day 1,3,3,0,0.005,1,1,1,0,1,1,0
bc6734deb4f2479a97721f44d604bb52,04b143ce7ec7b1f9127b4129af11d6e5dcb07764ef286311acc485daabcfc8c9,44e2704,pilot-stage1-disease-r2,101,9003,,a94b904840df0142,0.02,0,none,0.05,0.2,0,2,,,completed,extinction on day 1,5,5,0,0.005,1,1,1,0,1,1,0
5331bc01d3ef449c8b7459ca817ee1f4,0e2f4ee70edfb35409760ab1a484bbcdde9403889009b0f1cf9547d85f29b028,44e2704,pilot-stage1-disease-r2,101,9003,,a94b904840df0142,0.025,0,none,0.05,0.2,0,2,,,completed,extinction on day 1,5,5,0,0.005,1,1,1,0,1,1,0
267efa24f4b84f818b9c33419dabdc45,f2175c90fc8597d6c3a4843e785ee5fc15f4bf57659c0f3eab44cb60a3bf5f6f,44e2704,pilot-stage1-disease-r2,101,9003,,a94b904840df0142,0.05,0,none,0.05,0.2,0,2,,,completed,extinction on day 1,9,9,0,0.005,1,1,1,0,1,1,0
6f8cbc4a871a432aafadc3fd085f59de,d04a1870feb3221c88dec539bf7569dcafa933f7caf5a25b75fbd1f852cef5bd,44e2704,pilot-stage1-disease-r2,101,9003,,a94b904840df0142,0.1,0,none,0.05,0.2,0,2,,,completed,extinction on day 1,16,16,0,0.005,1,1,1,0,1,1,0
63bbea2b3a13488599b1b58746d2f6fb,de2ac8750c58875f8030b82aeab719e028e60e06e662c89388b64e63ab215bec,44e2704,pilot-stage1-disease-r2,101,9004,,a94b904840df0142,0.0,0,none,0.05,0.2,0,2,,,completed,extinction on day 7,0,0,0,0.015,3,1,1,0,7,7,0
5214c43300b545c6b5c6eb48718cb597,4d167e53229e288eb46fd81907f04cf31627b662bc4d0f40c5d83095b444451b,44e2704,pilot-stage1-disease-r2,101,9004,,a94b904840df0142,0.01,0,none,0.05,0.2,0,2,,,completed,extinction on day 26,58,58,0,0.055,11,1,4,11,26,26,0
58012fb06d3a4d6691d3d6d2a646b70d,495cf8b7cc4ef0b555b22585738d3f7800e3dd9f0a6f28955b603b4c332a011d,44e2704,pilot-stage1-disease-r2,101,9004,,a94b904840df0142,0.02,0,none,0.05,0.2,0,2,,,completed,extinction on day 7,24,24,0,0.015,3,1,1,0,7,7,0
bb6738c17105462f93a84bff1d2d81fe,2ec7a97240a374aa2f557d0ef6ad978966ffd435ac024d771e78df98a13e07f1,44e2704,pilot-stage1-disease-r2,101,9004,,a94b904840df0142,0.025,0,none,0.05,0.2,0,2,,,completed,extinction on day 7,30,30,0,0.015,3,1,1,0,7,7,0
7cb4a5de10bf468da6b049e7331131ef,88d2888d3d1c5378d0442a6c184fdb17cf28f74af6ef42fe15107bac73448935,44e2704,pilot-stage1-disease-r2,101,9004,,a94b904840df0142,0.05,0,none,0.05,0.2,0,2,,,completed,extinction on day 7,68,67,1,0.015,3,1,1,0,7,7,0
9eb8bae2cee54a4d891f9d9e6b57abe4,f55bde8c065673ed3a26e43e6ac1821548696fd0573a19b8d7d42ed08cc2a214,44e2704,pilot-stage1-disease-r2,101,9004,,a94b904840df0142,0.1,0,none,0.05,0.2,0,2,,,completed,extinction on day 10,187,184,3,0.02,4,2,1,0,10,10,0
2bd70959ec484123a938c01ae28d0e71,7ff1ce2f78a00c456e9e2c44e2e32212bae1e97a36bb1df4252b2b3708ddf6a4,44e2704,pilot-stage1-disease-r2,101,9005,,a94b904840df0142,0.0,0,none,0.05,0.2,0,2,,,completed,extinction on day 22,0,0,0,0.05,10,1,4,3,22,22,0
313b26fecc6c4c638904832212fb240b,519dabc51b3efaeb3446e374cd679d7453c0610dcb0e3b29fd488baa21c0d2d9,44e2704,pilot-stage1-disease-r2,101,9005,,a94b904840df0142,0.01,0,none,0.05,0.2,0,2,,,completed,extinction on day 23,48,45,3,0.095,19,3,7,17,23,23,0
878b3a39e38941d4a2f2e3ea80991f49,f54d34a6b79b852d19cdda984a3dbd345a525720ff2e9a2f17d19f8a182b73cd,44e2704,pilot-stage1-disease-r2,101,9005,,a94b904840df0142,0.02,0,none,0.05,0.2,0,2,,,completed,extinction on day 39,166,157,9,0.145,29,3,7,25,39,39,0
70583a1c59fc4eb798a856061bd85dfd,893612f0cb15b5aa12b264f680581e343977bf91c43dc860f1ef254fd672df98,44e2704,pilot-stage1-disease-r2,101,9005,,a94b904840df0142,0.025,0,none,0.05,0.2,0,2,,,completed,extinction on day 42,210,197,13,0.155,31,4,8,25,42,42,0
835d61d528954c24b669c12a15fda3bb,9102e5e0a946e18cb3cdf5c6f59024d46cff695779bdb7ffc74811f8cbda3064,44e2704,pilot-stage1-disease-r2,101,9005,,a94b904840df0142,0.05,0,none,0.05,0.2,0,2,,,completed,extinction on day 52,526,494,32,0.22,44,7,9,14,52,52,0
092b15da141041d098c2dd80308a78c9,4e682d5619bed5c9c84bcae290b86807a14fc100e87d0c35e68fc2bf8eb1f86a,44e2704,pilot-stage1-disease-r2,101,9005,,a94b904840df0142,0.1,0,none,0.05,0.2,0,2,,,completed,extinction on day 19,349,324,25,0.07,14,2,7,4,19,19,0
2c54b5adfbca4f41bd9c1303a8058a93,900bd91f4787a6626e47ff877cca256e0c47a6c63b439d391472c1de2ec349d9,44e2704,pilot-stage1-disease-r2,101,9006,,a94b904840df0142,0.0,0,none,0.05,0.2,0,2,,,completed,extinction on day 1,0,0,0,0.005,1,1,1,0,1,1,0
e08c5af4ba414d388637d9720e2e0ea8,c5627474f61d0cd43cbff464cc0dc49c1c664dac21d83dc61d4a787abe2e68bd,44e2704,pilot-stage1-disease-r2,101,9006,,a94b904840df0142,0.01,0,none,0.05,0.2,0,2,,,completed,extinction on day 1,5,5,0,0.005,1,1,1,0,1,1,0
43617e06fadf49849a3a141795cef4fa,76703b114771989891f5f2aa9e9543ed128f0ad22e6f7b68f8752ce3aec47abf,44e2704,pilot-stage1-disease-r2,101,9006,,a94b904840df0142,0.02,0,none,0.05,0.2,0,2,,,completed,extinction on day 1,6,6,0,0.005,1,1,1,0,1,1,0
fd9d172eb1094529b839d35704913653,e0e5235077a3fc0151ab7f92962ca5d3564d499451b3d861bf75caca913f9f98,44e2704,pilot-stage1-disease-r2,101,9006,,a94b904840df0142,0.025,0,none,0.05,0.2,0,2,,,completed,extinction on day 1,7,7,0,0.005,1,1,1,0,1,1,0
30933f3c2130423db612daebd73c79f6,1af14fd6ff481026156f51512d2973d72252796c777b0db84e4dc9774974b2a1,44e2704,pilot-stage1-disease-r2,101,9006,,a94b904840df0142,0.05,0,none,0.05,0.2,0,2,,,completed,extinction on day 1,14,14,0,0.005,1,1,1,0,1,1,0
11c7ef5a14fb496d83681862c5158fb6,7b0d8c4b58d9390ce60f6d7f9c7f5f4442ba4b709d28efa617a5013f75780fbf,44e2704,pilot-stage1-disease-r2,101,9006,,a94b904840df0142,0.1,0,none,0.05,0.2,0,2,,,completed,extinction on day 1,19,18,1,0.005,1,1,1,0,1,1,0
2fc9f0a0e3374f3ab85a7f905250e884,60aff57f0a43c90dcf1c23ab78067ad7ea30fb20b92efaf495cc9b02fe1ce1a9,44e2704,pilot-stage1-disease-r2,101,9007,,a94b904840df0142,0.0,0,none,0.05,0.2,0,2,,,completed,extinction on day 18,0,0,0,0.04,8,1,4,12,18,18,0
cac41139a44c41bdb81cc4964465c63f,d9325da273621d54aff6c291d3b20c4951451ba4fe6f46f1826b3c55f6d27688,44e2704,pilot-stage1-disease-r2,101,9007,,a94b904840df0142,0.01,0,none,0.05,0.2,0,2,,,completed,extinction on day 14,28,28,0,0.045,9,1,6,12,14,14,0
df0fad6b5ee8402481f6dea8e7df7619,ccd055c90600af32180e9beeba42c51e9015229ca5518c91912db68f84724d86,44e2704,pilot-stage1-disease-r2,101,9007,,a94b904840df0142,0.02,0,none,0.05,0.2,0,2,,,completed,extinction on day 24,94,84,10,0.075,15,2,4,12,24,24,0
d43597246e124bf3beb12c75dcf8acbd,c330b339260948d8bcf0e6e5006d781170fe65c1e674de1aaa7519eef99de6ac,44e2704,pilot-stage1-disease-r2,101,9007,,a94b904840df0142,0.025,0,none,0.05,0.2,0,2,,,completed,extinction on day 19,91,86,5,0.055,11,1,5,12,19,19,0
5ed5226532ed48158fd676b59547a23d,8ccacc1e4603373c2c39710059105eff2f9b833f2b0789cddcb26cebf735220a,44e2704,pilot-stage1-disease-r2,101,9007,,a94b904840df0142,0.05,0,none,0.05,0.2,0,2,,,completed,extinction on day 23,236,226,10,0.075,15,2,9,17,23,23,0
bc374bb8ab344e43b8a480f475090099,7c0e07ebf8fd0b945692c9095a49b29fc46a0777011366ca400b14cbaae02659,44e2704,pilot-stage1-disease-r2,101,9007,,a94b904840df0142,0.1,0,none,0.05,0.2,0,2,,,completed,extinction on day 55,1122,1067,55,0.165,33,5,6,28,55,55,0
5856463e49a94a10b0e0d2e23d0e10cc,b90443d2736adeff045b8b75a0beb649d90320f64fd6cc85ddca22a0adc9e054,44e2704,pilot-stage1-disease-r2,101,9008,,a94b904840df0142,0.0,0,none,0.05,0.2,0,2,,,completed,extinction on day 21,0,0,0,0.045,9,1,5,9,21,21,0
c738c089195a45c9b2658ceb99499a96,b89337a09349e581ab6b1ba7ef861f1a632b0bdfd6680ce30794278d541393a4,44e2704,pilot-stage1-disease-r2,101,9008,,a94b904840df0142,0.01,0,none,0.05,0.2,0,2,,,completed,extinction on day 21,40,38,2,0.055,11,1,6,10,21,21,0
1dd0a2a0f1d84b39ba3e48ac65051baa,e2effc5ea7e0adac892e99fea7c0b38072d76578a43e0b6e5e4baa955da3b04f,44e2704,pilot-stage1-disease-r2,101,9008,,a94b904840df0142,0.02,0,none,0.05,0.2,0,2,,,completed,extinction on day 16,73,67,6,0.055,11,1,7,10,16,16,0
dd2977c1dd4c45be9df2887b5b2de213,c4056a7913024b28f184ab694d0fe9229e483f9e0a5f3a6a77de201caf23536e,44e2704,pilot-stage1-disease-r2,101,9008,,a94b904840df0142,0.025,0,none,0.05,0.2,0,2,,,completed,extinction on day 30,159,148,11,0.105,21,3,9,10,30,30,0
90f2bd2ba00a4715bf05e9ba13f7e480,5a2a05d84de2baddd852cc2767830cb94088286ee8b5a129c5ce5dd1331f365d,44e2704,pilot-stage1-disease-r2,101,9008,,a94b904840df0142,0.05,0,none,0.05,0.2,0,2,,,completed,extinction on day 18,199,180,19,0.045,9,3,4,11,18,18,0
b365854c227849a087d04c6a6e305f4f,b864effb5a0a3db6e05384ce70c7a9144f2ba6f065be32d5c121015aff50fc72,44e2704,pilot-stage1-disease-r2,101,9008,,a94b904840df0142,0.1,0,none,0.05,0.2,0,2,,,completed,extinction on day 11,239,216,23,0.01,2,1,1,0,11,11,0
f305b78f5ea840deb2865cd12488a03e,c141011262662f2bce8009f727fdaed419c70070bb99dafd028773cecd5fa324,44e2704,pilot-stage1-disease-r2,101,9009,,a94b904840df0142,0.0,0,none,0.05,0.2,0,2,,,completed,extinction on day 11,0,0,0,0.04,8,1,4,4,11,11,0
62a49c02a24f48eeb52246444063819f,f4e2420820b97b8c12f702afb72ad92c62a5c207e71eb9114c4c4f75f4fe30ce,44e2704,pilot-stage1-disease-r2,101,9009,,a94b904840df0142,0.01,0,none,0.05,0.2,0,2,,,completed,extinction on day 11,13,13,0,0.04,8,1,4,4,11,11,0
5acc750ca9784d0ba2360e590c23411f,e87ad31173a35cb38ee246fbe0698b70fd113aa5e474ed8b6ce1157d4f206674,44e2704,pilot-stage1-disease-r2,101,9009,,a94b904840df0142,0.02,0,none,0.05,0.2,0,2,,,completed,extinction on day 19,77,76,1,0.095,19,3,6,8,19,19,0
6204674829fd4492bbe6ce2349bbc505,49363ec1bb364da64222e344261a0b4bd6037d96188c100ca57a6af3aae06c98,44e2704,pilot-stage1-disease-r2,101,9009,,a94b904840df0142,0.025,0,none,0.05,0.2,0,2,,,completed,extinction on day 83,413,403,10,0.41,82,11,13,16,83,83,0
bff6df3d91c64529bbdb51033ae0471d,f42d2debfe1578f88a3fbc792e97c2f8052bc78a25c356f20efcc9b2a4bb47b0,44e2704,pilot-stage1-disease-r2,101,9009,,a94b904840df0142,0.05,0,none,0.05,0.2,0,2,,,completed,extinction on day 11,103,98,5,0.035,7,1,4,4,11,11,0
51369551303e48eeba06be93865b1932,697bc2a630017b1285949cfdd54b73a59c8526c0749c02cb6e24bd8defd6a535,44e2704,pilot-stage1-disease-r2,101,9009,,a94b904840df0142,0.1,0,none,0.05,0.2,0,2,,,completed,extinction on day 32,625,593,32,0.1,20,4,5,16,32,32,0
dc44ade2bb0a420baf8a6b27470870e3,a02752f8796a1ab6df0bb52a5f4f88cd49162752eafcf01e6130992f1924b75b,44e2704,pilot-stage1-disease-r2,102,9000,,0a9f06b6dff3de72,0.0,0,none,0.05,0.2,0,2,,,completed,extinction on day 7,0,0,0,0.025,5,1,2,1,7,7,0
9d80ee760d2c4b2897c1209934ffd27f,2fd5feaea0bc68d59cf74d21535fba190cc2c730660a51ec42324a19ea8a092f,44e2704,pilot-stage1-disease-r2,102,9000,,0a9f06b6dff3de72,0.01,0,none,0.05,0.2,0,2,,,completed,extinction on day 7,14,14,0,0.025,5,1,2,1,7,7,0
bdc56f875a7a49b08f17bc08831a1903,6316a0e7d235c96c35fc8f9a33bf946666dc641c418e191bd0bff7afe9cc72c7,44e2704,pilot-stage1-disease-r2,102,9000,,0a9f06b6dff3de72,0.02,0,none,0.05,0.2,0,2,,,completed,extinction on day 7,32,32,0,0.025,5,1,2,1,7,7,0
57a5a8961e7942528c870b62eb106d0d,f67f8ded05a34666bf0bbd032eeffb2adbe19e3a068a5489b483ec8d134a29d4,44e2704,pilot-stage1-disease-r2,102,9000,,0a9f06b6dff3de72,0.025,0,none,0.05,0.2,0,2,,,completed,extinction on day 7,39,39,0,0.025,5,1,2,1,7,7,0
b087f21fa4a04a00bff6352dbb85044d,9d9dc715e9a0c75a9090992e1c102e8c4369998e96f7cdaa7242a710f30abf55,44e2704,pilot-stage1-disease-r2,102,9000,,0a9f06b6dff3de72,0.05,0,none,0.05,0.2,0,2,,,completed,extinction on day 7,81,76,5,0.015,3,1,2,1,7,7,0
cf5dd5e5c2c24ae386a434c3b904502e,73e65b73cda53fb2540fb01f59e33565bbf493216ac313a23e35af8ef00a9e01,44e2704,pilot-stage1-disease-r2,102,9000,,0a9f06b6dff3de72,0.1,0,none,0.05,0.2,0,2,,,completed,extinction on day 37,763,706,57,0.12,24,4,6,11,37,37,0
2fc5f91f2894459989e34a17052c1086,5419c2b2ef42e9eb3c08aac51990feb0e227f0d7006f5644d3a376279cf81019,44e2704,pilot-stage1-disease-r2,102,9001,,0a9f06b6dff3de72,0.0,0,none,0.05,0.2,0,2,,,completed,extinction on day 24,0,0,0,0.05,10,1,7,6,24,24,0
5728f0fc82a84a66a41657cd49c82e43,a8082977bb16e020078c8623688a02616ce1feba6461e89db811ace90c1a0ff2,44e2704,pilot-stage1-disease-r2,102,9001,,0a9f06b6dff3de72,0.01,0,none,0.05,0.2,0,2,,,completed,extinction on day 32,61,57,4,0.085,17,2,8,11,32,32,0
1b5182846fbd417194a037c7d0c5ea37,9f2847b347f09d41d2402a6cfff300def721619d206382dad0ef96361822d46a,44e2704,pilot-stage1-disease-r2,102,9001,,0a9f06b6dff3de72,0.02,0,none,0.05,0.2,0,2,,,completed,extinction on day 32,116,112,4,0.1,20,3,8,11,32,32,0
f6cb3791ba444c6eadcf5553e0091bea,e80e80ec75b61d91f7fa31cf993b72b5741ea56549f0827446335a5aadfb153b,44e2704,pilot-stage1-disease-r2,102,9001,,0a9f06b6dff3de72,0.025,0,none,0.05,0.2,0,2,,,completed,extinction on day 36,166,153,13,0.09,18,3,8,11,36,36,0
002ae5d78aeb45a1aa0501b51ff041dd,40a24d9dfbc9804c62b5284a2a1a46b6683a5443e010cf213f0e2dfe15351f8f,44e2704,pilot-stage1-disease-r2,102,9001,,0a9f06b6dff3de72,0.05,0,none,0.05,0.2,0,2,,,completed,extinction on day 45,458,426,32,0.155,31,3,10,21,45,45,0
bd3f182c02c44f29804fedd60a3aed2f,6c988068a52668973dc92086a64acf73d64424a66e28216e144b635795299452,44e2704,pilot-stage1-disease-r2,102,9001,,0a9f06b6dff3de72,0.1,0,none,0.05,0.2,0,2,,,completed,extinction on day 24,490,454,36,0.075,15,5,8,12,24,24,0
42a92a59510e42b98d8ea8ddb2858322,d0ae3dc4d0c7f30b178eeb4a034dc47e105e82f7d7d8b7b7e72f8afc4d7bcf64,44e2704,pilot-stage1-disease-r2,102,9002,,0a9f06b6dff3de72,0.0,0,none,0.05,0.2,0,2,,,completed,extinction on day 7,0,0,0,0.015,3,1,2,3,7,7,0
c164ea5bdb3b4f33b8cd14997724d99b,9798d3cbe94bf8884e240d545a1bd7e63154d0b46c7401daed4f04379e594ee3,44e2704,pilot-stage1-disease-r2,102,9002,,0a9f06b6dff3de72,0.01,0,none,0.05,0.2,0,2,,,completed,extinction on day 7,9,9,0,0.015,3,1,2,3,7,7,0
7a96a5da8d07466a9179d5431152a8b0,fd18a772cfcae4fab5c9466a4d8e1b1726e916a821fa73ada00888a6a597fbf0,44e2704,pilot-stage1-disease-r2,102,9002,,0a9f06b6dff3de72,0.02,0,none,0.05,0.2,0,2,,,completed,extinction on day 7,18,18,0,0.015,3,1,2,3,7,7,0
61d93a096bd24d11a988cb362f6bd90b,63d4d8fb07f32a989a4565b9910fe78beca69154d4d6fd12454e5277fe2556ba,44e2704,pilot-stage1-disease-r2,102,9002,,0a9f06b6dff3de72,0.025,0,none,0.05,0.2,0,2,,,completed,extinction on day 7,27,27,0,0.015,3,1,2,3,7,7,0
8a53a7bfa9c7436db819c1427ad2da52,be88ac637bd252b9973f6ff5443b41471b7dbc9d8f62f0e5355543d59742f71d,44e2704,pilot-stage1-disease-r2,102,9002,,0a9f06b6dff3de72,0.05,0,none,0.05,0.2,0,2,,,completed,extinction on day 7,56,56,0,0.015,3,1,2,3,7,7,0
5a96737302f84efb860b7490939a67fd,e13539765d99233aa7a402a25f433b62420c1087f7adae910af867a0ac16bab9,44e2704,pilot-stage1-disease-r2,102,9002,,0a9f06b6dff3de72,0.1,0,none,0.05,0.2,0,2,,,completed,extinction on day 50,960,889,71,0.23,46,5,10,28,50,50,0
2ab75b4e66d64d618aaaea9ec62c89fa,ad7a28c178cb7b8a4bfd950633e405a1f0633d946716924bccbf7d50ca9bf7da,44e2704,pilot-stage1-disease-r2,102,9003,,0a9f06b6dff3de72,0.0,0,none,0.05,0.2,0,2,,,completed,extinction on day 1,0,0,0,0.005,1,1,1,0,1,1,0
8c2908a23ecd4712b0573688fc7588b8,0cde38db8c7f0ed2d259c09d471a58c3a76fe920af40d46676523a14b65a15c9,44e2704,pilot-stage1-disease-r2,102,9003,,0a9f06b6dff3de72,0.01,0,none,0.05,0.2,0,2,,,completed,extinction on day 1,3,3,0,0.005,1,1,1,0,1,1,0
1487fd7a5642449cacf64c27a63287e3,4ae90f3c927a609d17a28e593baa15986d3d36cbaa25d717c68ba53be660f467,44e2704,pilot-stage1-disease-r2,102,9003,,0a9f06b6dff3de72,0.02,0,none,0.05,0.2,0,2,,,completed,extinction on day 1,5,5,0,0.005,1,1,1,0,1,1,0
ffa3d792c5d04e2ca28a2d152a0b44ab,1f1fba0520995ddbcfc97f9a15dba9640d4949c035111fd26a686cb816fe96d5,44e2704,pilot-stage1-disease-r2,102,9003,,0a9f06b6dff3de72,0.025,0,none,0.05,0.2,0,2,,,completed,extinction on day 1,5,5,0,0.005,1,1,1,0,1,1,0
b89e74135c8d40b3a06892f14d8ce276,f72c6ff266a1aed7be037fe2c37dd352143f25c0d913941d5d60a600bba39ec8,44e2704,pilot-stage1-disease-r2,102,9003,,0a9f06b6dff3de72,0.05,0,none,0.05,0.2,0,2,,,completed,extinction on day 1,9,9,0,0.005,1,1,1,0,1,1,0
4ee2b0527b064fcabf885d9c4437b5a2,e9c80b89eb4b64138363bd04a164184a6c1789f79af35934d8a7629edd21357d,44e2704,pilot-stage1-disease-r2,102,9003,,0a9f06b6dff3de72,0.1,0,none,0.05,0.2,0,2,,,completed,extinction on day 1,16,16,0,0.005,1,1,1,0,1,1,0
25ca5b59ef0c4b4a870172f0ee7f5520,8aa7475ebab11a1f637f60477dc1d9a6a8490f05db33584d6775ecdc3bda78c7,44e2704,pilot-stage1-disease-r2,102,9004,,0a9f06b6dff3de72,0.0,0,none,0.05,0.2,0,2,,,completed,extinction on day 7,0,0,0,0.015,3,1,1,0,7,7,0
4c01b7045d7e4523a6c4539036b0effc,46d22aed3008c812011c313d4638b25205fbafcaf13d47fb7f134d0e0ba42f44,44e2704,pilot-stage1-disease-r2,102,9004,,0a9f06b6dff3de72,0.01,0,none,0.05,0.2,0,2,,,completed,extinction on day 7,12,12,0,0.015,3,1,1,0,7,7,0
b141e21b4d0b471da013e61e3308c696,24038b9b4143dcb13f28af85c868e976a73fc00ea0109bdd353045bde26ee08e,44e2704,pilot-stage1-disease-r2,102,9004,,0a9f06b6dff3de72,0.02,0,none,0.05,0.2,0,2,,,completed,extinction on day 7,24,24,0,0.015,3,1,1,0,7,7,0
9bb62c13ac3341c4ac963b39e139314b,3b4cae2c535ba93a63bb7b26ce3f382b7aa5e18591430ea67c79fecdeeb87248,44e2704,pilot-stage1-disease-r2,102,9004,,0a9f06b6dff3de72,0.025,0,none,0.05,0.2,0,2,,,completed,extinction on day 7,30,30,0,0.015,3,1,1,0,7,7,0
f4bfc04b162e45c09aa7b76e93422a13,c93f10dedb651aaee4ac4690503cb19b410d071671a8ae8aef21de5bf82bf05b,44e2704,pilot-stage1-disease-r2,102,9004,,0a9f06b6dff3de72,0.05,0,none,0.05,0.2,0,2,,,completed,extinction on day 40,380,353,27,0.195,39,7,11,26,40,40,0
741825b8dd67499ab2846beac831efdb,e1e0aa3d381490e6e8b8ac05c503b0146d23be0a8a27fb357dbf399101e5fdca,44e2704,pilot-stage1-disease-r2,102,9004,,0a9f06b6dff3de72,0.1,0,none,0.05,0.2,0,2,,,completed,extinction on day 10,187,166,21,0.02,4,2,1,0,10,10,0
716e43c22266429f8a1f8d15a8fe02b3,9a525ea88776942338dd4320a98a75a108857a084b8e1b310e56f5a751bfee5a,44e2704,pilot-stage1-disease-r2,102,9005,,0a9f06b6dff3de72,0.0,0,none,0.05,0.2,0,2,,,completed,extinction on day 22,0,0,0,0.05,10,1,4,3,22,22,0
cba72dd10c384af98ab9d1b64387ff33,fc3e4fdd41e1bac165d80a460f30e7fd88cdded9c046a645330a4c8930695e78,44e2704,pilot-stage1-disease-r2,102,9005,,0a9f06b6dff3de72,0.01,0,none,0.05,0.2,0,2,,,completed,extinction on day 22,48,47,1,0.065,13,2,6,6,22,22,0
5b6dcb487e3e4bdab4747e0303717565,686c9f7094c0e668ea360a8cc6fded9b51c2dc4150498710d2df26ca3e27cbb3,44e2704,pilot-stage1-disease-r2,102,9005,,0a9f06b6dff3de72,0.02,0,none,0.05,0.2,0,2,,,completed,extinction on day 42,175,165,10,0.13,26,3,6,6,42,42,0
dece6e21a4a3494899d61db795ca0186,74dc051007f0dfd2fa241bd35d8b09f37811f4e4e672540a6b12e3607f099c27,44e2704,pilot-stage1-disease-r2,102,9005,,0a9f06b6dff3de72,0.025,0,none,0.05,0.2,0,2,,,completed,extinction on day 22,103,98,5,0.065,13,2,7,6,22,22,0
b406524a36754b9d8744ad098ab8bdb6,8fd6bf35f609ac2aa2aac09b36321b24ad2364acaa39ff66e0ade915a29aa28a,44e2704,pilot-stage1-disease-r2,102,9005,,0a9f06b6dff3de72,0.05,0,none,0.05,0.2,0,2,,,completed,extinction on day 86,890,833,57,0.505,101,13,18,37,86,86,0
36f29bf6bebd4dd0ba3ede4fd429c2a7,e5062c6107bb9d1a9ab7d71211bee9c2b516f099d92c1fcfda54c6991c2299ea,44e2704,pilot-stage1-disease-r2,102,9005,,0a9f06b6dff3de72,0.1,0,none,0.05,0.2,0,2,,,completed,extinction on day 99,2022,1870,152,0.53,106,15,18,23,99,99,0
71958cc14a914ed7949795c97c6e8109,3cb239fac38847d3ac1c57c937c83945946cd7bc5c479c17ef587dced40b99e8,44e2704,pilot-stage1-disease-r2,102,9006,,0a9f06b6dff3de72,0.0,0,none,0.05,0.2,0,2,,,completed,extinction on day 1,0,0,0,0.005,1,1,1,0,1,1,0
2febbe7d17b84a4fab2488b353a4dd4f,a24cf6471cc3e543a0574a74564c32693e60bb4f85ba656a845e70300979ec7f,44e2704,pilot-stage1-disease-r2,102,9006,,0a9f06b6dff3de72,0.01,0,none,0.05,0.2,0,2,,,completed,extinction on day 1,5,5,0,0.005,1,1,1,0,1,1,0
ac7cdbcfc5db4df292a1b3ee11497587,594d363e6b3561eb003bcc0fdb2044f2bed1c5faba58df54367ab4e49d2cbdbc,44e2704,pilot-stage1-disease-r2,102,9006,,0a9f06b6dff3de72,0.02,0,none,0.05,0.2,0,2,,,completed,extinction on day 1,6,6,0,0.005,1,1,1,0,1,1,0
5bdd6b39d01542488982a21ecce5d0e9,6f22f9be18c4c78f59fae8d37efd796535890a779f37499b8e7df2bcda6f0341,44e2704,pilot-stage1-disease-r2,102,9006,,0a9f06b6dff3de72,0.025,0,none,0.05,0.2,0,2,,,completed,extinction on day 1,7,7,0,0.005,1,1,1,0,1,1,0
8d4660da04a140e29632723aea309d3a,fb6463f095165f7f6bec251f791f12b85fc8a898741f14c84159c9eb9e624a1d,44e2704,pilot-stage1-disease-r2,102,9006,,0a9f06b6dff3de72,0.05,0,none,0.05,0.2,0,2,,,completed,extinction on day 1,14,14,0,0.005,1,1,1,0,1,1,0
4eb36f17b41149fbab7e44205bd5515c,b041b345a8ab802c59629cc3ac3e76b6d9b1f10aeddb0af90ee52ac74900ba86,44e2704,pilot-stage1-disease-r2,102,9006,,0a9f06b6dff3de72,0.1,0,none,0.05,0.2,0,2,,,completed,extinction on day 1,19,19,0,0.005,1,1,1,0,1,1,0
d9dcf8d163da40b186d743687ff650fb,e0683a542ee0884bca65696c9a4931c4addfbd59eed73005f90b4a0ca6bcbe7e,44e2704,pilot-stage1-disease-r2,102,9007,,0a9f06b6dff3de72,0.0,0,none,0.05,0.2,0,2,,,completed,extinction on day 18,0,0,0,0.04,8,1,4,12,18,18,0
69277447d1ca492da58c17735d343780,9c153b447ae4c53ef84d3765c4921bc91ebf3e236b9aa44142204f0ea1200789,44e2704,pilot-stage1-disease-r2,102,9007,,0a9f06b6dff3de72,0.01,0,none,0.05,0.2,0,2,,,completed,extinction on day 35,63,60,3,0.095,19,2,7,22,35,35,0
8dd250e6866846dcb33a3b4f15bc9960,7d3481324349228f85e983200976b9fd8b22f3a5a7e4ac6a8b6dd717a942954c,44e2704,pilot-stage1-disease-r2,102,9007,,0a9f06b6dff3de72,0.02,0,none,0.05,0.2,0,2,,,completed,extinction on day 35,127,120,7,0.1,20,2,7,22,35,35,0
5244f668be21441db1ce4b3de7aa0f2f,3d23fabfb9d5d81a96d31c8c89daf6c771a2e686a34de0c1f50c6bba6ca04802,44e2704,pilot-stage1-disease-r2,102,9007,,0a9f06b6dff3de72,0.025,0,none,0.05,0.2,0,2,,,completed,extinction on day 18,87,82,5,0.03,6,1,3,6,18,18,0
cd6bda21454c4db5b13d097c56b132ac,830a4b3743f4f21d1d93b59716bb2b7b291c08d0c34a681ab75920b3c1497626,44e2704,pilot-stage1-disease-r2,102,9007,,0a9f06b6dff3de72,0.05,0,none,0.05,0.2,0,2,,,completed,extinction on day 20,200,187,13,0.05,10,1,5,9,20,20,0
68901c6ec1bf4d0494148a05d1e93b2e,8c23294400e4dcc9d15aaad572582d6f2dc3048e9293d76ee5a96b7e5f02e354,44e2704,pilot-stage1-disease-r2,102,9007,,0a9f06b6dff3de72,0.1,0,none,0.05,0.2,0,2,,,completed,extinction on day 15,335,307,28,0.035,7,1,5,7,15,15,0
243c3d8dcedb4b56968a6286cfbce9c9,48fc6e67cd117e65769e6fb3236de7415ffa2efd30d69b3d0e54942b15274e1c,44e2704,pilot-stage1-disease-r2,102,9008,,0a9f06b6dff3de72,0.0,0,none,0.05,0.2,0,2,,,completed,extinction on day 21,0,0,0,0.045,9,1,5,9,21,21,0
27fc59f06d06438cb3736252c595d7e2,a55442355f0cfc6963d12ffe5a0c89691ffc3f5a48eaa1339e3a18c26e271623,44e2704,pilot-stage1-disease-r2,102,9008,,0a9f06b6dff3de72,0.01,0,none,0.05,0.2,0,2,,,completed,extinction on day 21,40,40,0,0.055,11,1,7,10,21,21,0
0a47149328c04b6390a62fa90320a541,82fb4fcc648164b1abbf81cd5b6b777ede90f0e24777f8a2086a43a53debfdaa,44e2704,pilot-stage1-disease-r2,102,9008,,0a9f06b6dff3de72,0.02,0,none,0.05,0.2,0,2,,,completed,extinction on day 20,90,83,7,0.055,11,1,6,10,20,20,0
711125f2e8814c899dd2be8dcb2f0a1e,324398c14afd02d8c56d861bb62872fcea197809bf6634694e8be419501f80ed,44e2704,pilot-stage1-disease-r2,102,9008,,0a9f06b6dff3de72,0.025,0,none,0.05,0.2,0,2,,,completed,extinction on day 36,195,174,21,0.115,23,2,9,12,36,36,0
309c0772c049469ca7e844b1d2388900,9163dd29b664e30201d3202442e380ca7ba293200a6e09aec12a601dcee348c2,44e2704,pilot-stage1-disease-r2,102,9008,,0a9f06b6dff3de72,0.05,0,none,0.05,0.2,0,2,,,completed,extinction on day 54,561,500,61,0.255,51,7,10,22,54,54,0
abd0098df6f84b1fa1ab7cc28fbd1c64,8126a52289c27cd7b9eb865a0760a0f1323427d3310029b86f07156e3ead865b,44e2704,pilot-stage1-disease-r2,102,9008,,0a9f06b6dff3de72,0.1,0,none,0.05,0.2,0,2,,,completed,extinction on day 14,301,272,29,0.025,5,3,3,11,14,14,0
82eceac3c6eb41fd8f7633d3f0f98d7f,2792b1d9be16dc023c898a277155e320ba026b133b7018aba6b1c86bcf97a85e,44e2704,pilot-stage1-disease-r2,102,9009,,0a9f06b6dff3de72,0.0,0,none,0.05,0.2,0,2,,,completed,extinction on day 11,0,0,0,0.04,8,1,4,4,11,11,0
f79c6ef83d61416fb5cd05c7738ca5af,65b144308ae67b5ea68ec4cb92fc350ad2c063a26d5213fa6698e91c26249012,44e2704,pilot-stage1-disease-r2,102,9009,,0a9f06b6dff3de72,0.01,0,none,0.05,0.2,0,2,,,completed,extinction on day 11,13,13,0,0.04,8,1,4,4,11,11,0
fa35db8ae8be4f6f88c2605954664c99,7b0913bd76829eee94d9ed3b48187fd03459157f980e531baa396298fc6b9734,44e2704,pilot-stage1-disease-r2,102,9009,,0a9f06b6dff3de72,0.02,0,none,0.05,0.2,0,2,,,completed,extinction on day 21,86,86,0,0.085,17,3,6,4,21,21,0
f910e27d98d74f24be89341e6d2a7dca,3c7d815b8b7e04b62b0db5363f56513aaf466d40ceda173bcc322776fe7de2ef,44e2704,pilot-stage1-disease-r2,102,9009,,0a9f06b6dff3de72,0.025,0,none,0.05,0.2,0,2,,,completed,extinction on day 21,107,107,0,0.085,17,3,6,4,21,21,0
64ed94dd29634dc88f9e71e5c564d675,996acb052f24541bb9f5988d005d3dc5827b1fd3b02ebab8a4be38346f1cf00a,44e2704,pilot-stage1-disease-r2,102,9009,,0a9f06b6dff3de72,0.05,0,none,0.05,0.2,0,2,,,completed,extinction on day 57,559,525,34,0.415,83,11,19,16,57,57,0
84d3465773c94d5c8ffe39dae898f87a,ebf7703bafe4e325896a8ef21ae4748f4b72c74634d9098daa992bef1bb86515,44e2704,pilot-stage1-disease-r2,102,9009,,0a9f06b6dff3de72,0.1,0,none,0.05,0.2,0,2,,,completed,extinction on day 25,494,454,40,0.145,29,5,8,7,25,25,0
177cff3a28d04aafa27674922684ab43,5c0e43841aac831cd658af0ddd04b6906cca87b5e4e86d3469b9d2c2f707354d,44e2704,pilot-stage1-disease-r2,103,9000,,3eba5fa24d22e1a9,0.0,0,none,0.05,0.2,0,2,,,completed,extinction on day 7,0,0,0,0.025,5,1,2,1,7,7,0
c44670bf2d404e5e8f7693a5081e167b,52969b5cbf9bad7e485a04ece778d844aa37ac8b7706ed4cc009488f69ea9b4f,44e2704,pilot-stage1-disease-r2,103,9000,,3eba5fa24d22e1a9,0.01,0,none,0.05,0.2,0,2,,,completed,extinction on day 7,14,14,0,0.025,5,1,2,1,7,7,0
83849df0dc3b4908b71390895a9e15f0,2ae1f31024ecbb72a8d2e82bda937c6fd4a2a464195b9c1343b93a6a235170e4,44e2704,pilot-stage1-disease-r2,103,9000,,3eba5fa24d22e1a9,0.02,0,none,0.05,0.2,0,2,,,completed,extinction on day 7,32,31,1,0.025,5,1,2,1,7,7,0
1f35c6e5a6154452b4081d81f5fa2696,d3d5d751e5eb487c2bced9aeabbc792fce094eb281adb8f5cb83672cfdc99bcc,44e2704,pilot-stage1-disease-r2,103,9000,,3eba5fa24d22e1a9,0.025,0,none,0.05,0.2,0,2,,,completed,extinction on day 7,39,39,0,0.025,5,1,2,1,7,7,0
b6359945ffa549ea84831939025b92cd,e883546b7e694b2ceefa0821c5217e5cdba41959e48f25b4df7323000ee0bf9d,44e2704,pilot-stage1-disease-r2,103,9000,,3eba5fa24d22e1a9,0.05,0,none,0.05,0.2,0,2,,,completed,extinction on day 7,81,80,1,0.015,3,1,2,1,7,7,0
642aacac75a445a09e3b1ab89bba3dc0,149f35eabd8447b824804b055127ee1931340de729c5c50c21ae65ff558788dd,44e2704,pilot-stage1-disease-r2,103,9000,,3eba5fa24d22e1a9,0.1,0,none,0.05,0.2,0,2,,,completed,extinction on day 7,154,146,8,0.015,3,2,2,1,7,7,0
972a464b9aec4e7093e02da48c2c6975,ebfc077878548c2dd1145b7b4c5a27a060671273dcfe318f98ad748a9b23e8f8,44e2704,pilot-stage1-disease-r2,103,9001,,3eba5fa24d22e1a9,0.0,0,none,0.05,0.2,0,2,,,completed,extinction on day 24,0,0,0,0.05,10,1,7,6,24,24,0
22401426578048d6b725441f7477c6e8,c930330e0c4c11829f258e1e6cd203b196e3d585a83b045ed0bbf78f44a90f11,44e2704,pilot-stage1-disease-r2,103,9001,,3eba5fa24d22e1a9,0.01,0,none,0.05,0.2,0,2,,,completed,extinction on day 32,61,58,3,0.08,16,2,8,6,32,32,0
715c93a58eef40ff83735f4d7f158cf4,f987d088e8e53a36bc9097d40a828bcfb099fcf117a6390bfacea2b31d094b89,44e2704,pilot-stage1-disease-r2,103,9001,,3eba5fa24d22e1a9,0.02,0,none,0.05,0.2,0,2,,,completed,extinction on day 32,116,111,5,0.1,20,2,8,6,32,32,0
e9f39a2d3f144802ae4999f40e36195e,a8f2143c6ac9f83a475c0f06798dcaa96bc9ff4afe76d3e20779dbd940470952,44e2704,pilot-stage1-disease-r2,103,9001,,3eba5fa24d22e1a9,0.025,0,none,0.05,0.2,0,2,,,completed,extinction on day 32,145,143,2,0.1,20,3,8,6,32,32,0
f6c7b7cdea6c49a48cc90ea68d900a06,36fad22a999596032e4d9d9c3a4a97f15f1fca99530bba4e94c8dcd55cc65dfa,44e2704,pilot-stage1-disease-r2,103,9001,,3eba5fa24d22e1a9,0.05,0,none,0.05,0.2,0,2,,,completed,extinction on day 63,622,611,11,0.24,48,9,9,11,63,63,0
ff9bc2ba464141a79dce60d34fb144c0,6a98e4617f54e2f5dd5810df7811c480360c50db9c145d50cf1d14d157d52461,44e2704,pilot-stage1-disease-r2,103,9001,,3eba5fa24d22e1a9,0.1,0,none,0.05,0.2,0,2,,,completed,extinction on day 14,277,268,9,0.02,4,2,3,7,14,14,0
e13e74557ef442438e0b66b59033514d,f2001219b8dcb3e921555fee071730283c103526ac66331144aaa27784309b16,44e2704,pilot-stage1-disease-r2,103,9002,,3eba5fa24d22e1a9,0.0,0,none,0.05,0.2,0,2,,,completed,extinction on day 7,0,0,0,0.015,3,1,2,3,7,7,0
b6ae771e5bbd4c3888cc2c9ac22b0298,b70b67c406f8be26fef79daf6990a9d178b1f9bbc13ce60765a8f4582c31193a,44e2704,pilot-stage1-disease-r2,103,9002,,3eba5fa24d22e1a9,0.01,0,none,0.05,0.2,0,2,,,completed,extinction on day 7,9,9,0,0.015,3,1,2,3,7,7,0
e6229c6a75a54ef8b5ff408d41959c29,875f5c09d5e0bab04f81963cfe7724dbfbcbe7c76b78a7d7727e913b87d8b665,44e2704,pilot-stage1-disease-r2,103,9002,,3eba5fa24d22e1a9,0.02,0,none,0.05,0.2,0,2,,,completed,extinction on day 7,18,18,0,0.015,3,1,2,3,7,7,0
ad793d187b5c42b094a8bb1329538ac0,755e8a9d4f391345f363593843481761e6d46fcff9d7402844e2df3d74480b3a,44e2704,pilot-stage1-disease-r2,103,9002,,3eba5fa24d22e1a9,0.025,0,none,0.05,0.2,0,2,,,completed,extinction on day 12,47,46,1,0.035,7,1,4,8,12,12,0
d37f97b5f2ee4811b5f31ff4471780a8,38fa37dbe5e974b809c949470800450b70ed26f3bc417c0334dcc6acefe30da4,44e2704,pilot-stage1-disease-r2,103,9002,,3eba5fa24d22e1a9,0.05,0,none,0.05,0.2,0,2,,,completed,extinction on day 7,56,56,0,0.015,3,1,2,3,7,7,0
fa4c40776ed2439e8c93ab1d8a9eac55,0954a8b9fa91527bb95370ddafa6746a38d836e29883dd307342e73dc98b0118,44e2704,pilot-stage1-disease-r2,103,9002,,3eba5fa24d22e1a9,0.1,0,none,0.05,0.2,0,2,,,completed,extinction on day 78,1547,1462,85,0.215,43,5,14,9,78,78,0
1295ae64828f4c02b4480156c549d336,7ad28e535ff9a7e714175998b055b202e51802175c2db092dd51121a55e002cb,44e2704,pilot-stage1-disease-r2,103,9003,,3eba5fa24d22e1a9,0.0,0,none,0.05,0.2,0,2,,,completed,extinction on day 1,0,0,0,0.005,1,1,1,0,1,1,0
bb29810f3d3543a7b52fae24aaff40bb,06154317b4fb1c0696eb00de08e351476d9ed674d6b04d5c54a4e67c456190b5,44e2704,pilot-stage1-disease-r2,103,9003,,3eba5fa24d22e1a9,0.01,0,none,0.05,0.2,0,2,,,completed,extinction on day 1,3,3,0,0.005,1,1,1,0,1,1,0
1671b820369f4f4b84d135b3e1a617fa,761385c3d5270ad702771eb14b6ea4216f682c0048f154247efef47cac4eb1b0,44e2704,pilot-stage1-disease-r2,103,9003,,3eba5fa24d22e1a9,0.02,0,none,0.05,0.2,0,2,,,completed,extinction on day 1,5,5,0,0.005,1,1,1,0,1,1,0
349f70646c6142d4b7d9c9c0263ef0b4,8f6d7c2943e78978e7319b65226a320e5b9314687380006e9badd4a7217b41bb,44e2704,pilot-stage1-disease-r2,103,9003,,3eba5fa24d22e1a9,0.025,0,none,0.05,0.2,0,2,,,completed,extinction on day 1,5,5,0,0.005,1,1,1,0,1,1,0
ca5dc2a8cfb640359404014f3a0a24a4,973ceb2f71f590839c9def2cb8759b8eaa140646cc6429c061df0d567a7b5f0d,44e2704,pilot-stage1-disease-r2,103,9003,,3eba5fa24d22e1a9,0.05,0,none,0.05,0.2,0,2,,,completed,extinction on day 1,9,9,0,0.005,1,1,1,0,1,1,0
a0851e13b63342009345b29c26f63070,2641ffaa6439e2e49677b26b67b8961a68112c5bbe216707a17d1fd4166b94d9,44e2704,pilot-stage1-disease-r2,103,9003,,3eba5fa24d22e1a9,0.1,0,none,0.05,0.2,0,2,,,completed,extinction on day 1,16,16,0,0.005,1,1,1,0,1,1,0
0bc840b9157a4abf95f857509990264b,3781a3c38f11f06673672af3eced9b4161c4b63caf6ecfcf75957ca0c4da4427,44e2704,pilot-stage1-disease-r2,103,9004,,3eba5fa24d22e1a9,0.0,0,none,0.05,0.2,0,2,,,completed,extinction on day 7,0,0,0,0.015,3,1,1,0,7,7,0
65c91dee899c47039d370f7affb8fe9c,d166f97d0fb6af12596fef3b3f427f332392007a07dacf848bb28873a923a2ad,44e2704,pilot-stage1-disease-r2,103,9004,,3eba5fa24d22e1a9,0.01,0,none,0.05,0.2,0,2,,,completed,extinction on day 26,58,56,2,0.06,12,1,5,9,26,26,0
30053328a3e24ce587685c944ea315f9,3c26f99d630c24a754d8812970549fe9ac11c2a4142016c4d8942de07fd2cb03,44e2704,pilot-stage1-disease-r2,103,9004,,3eba5fa24d22e1a9,0.02,0,none,0.05,0.2,0,2,,,completed,extinction on day 22,89,85,4,0.06,12,1,5,9,22,22,0
ff8ce78710314bfca1440bd0dfa5460c,ad56c16e8c1c55b8262e14db066852509f037d2b7dec5b96f1bd7938a5849de3,44e2704,pilot-stage1-disease-r2,103,9004,,3eba5fa24d22e1a9,0.025,0,none,0.05,0.2,0,2,,,completed,extinction on day 22,114,103,11,0.06,12,1,5,9,22,22,0
72a2780e8c8143c4bcfb7019664e2c2f,5b4c121e23a590dfeab49c56c5aabf0163bd58344a507feb8993efa43a02d5a7,44e2704,pilot-stage1-disease-r2,103,9004,,3eba5fa24d22e1a9,0.05,0,none,0.05,0.2,0,2,,,completed,extinction on day 84,861,814,47,0.45,90,13,20,71,84,84,0
13d594928c8b4b8db6fc51b9e13fbf2a,d259a4e7b7b3c4975f2e3a1c22771616ca09e7f13f9f833d13680f0c4d28dea9,44e2704,pilot-stage1-disease-r2,103,9004,,3eba5fa24d22e1a9,0.1,0,none,0.05,0.2,0,2,,,completed,extinction on day 5,105,98,7,0.01,2,2,1,0,5,5,0
17cdf7110e964e0f85ba2736076c35ce,57e0427d65e950ee401a9d5ed94f95f660bee654165a99a5f4d94f1e7f0fd3e3,44e2704,pilot-stage1-disease-r2,103,9005,,3eba5fa24d22e1a9,0.0,0,none,0.05,0.2,0,2,,,completed,extinction on day 22,0,0,0,0.05,10,1,4,3,22,22,0
12f80908b56a4cf1ae584bb959324326,cc65a5c9a3812ffe994c103ceb75d1ccdb96a3cb67527a6d0147499cdbc2100e,44e2704,pilot-stage1-disease-r2,103,9005,,3eba5fa24d22e1a9,0.01,0,none,0.05,0.2,0,2,,,completed,extinction on day 34,67,67,0,0.1,20,2,5,15,34,34,0
0f9e363b800846129519ebd6d639cafa,85ca70727d8c63b2ce74dbb57234069e31e6300985152f127e0c618c3692a384,44e2704,pilot-stage1-disease-r2,103,9005,,3eba5fa24d22e1a9,0.02,0,none,0.05,0.2,0,2,,,completed,extinction on day 34,139,133,6,0.12,24,4,8,19,34,34,0
d1cbfaac88c7419a9b22699f672f9d47,862d70a670fd11933fff192bd895dabfd251a5894783efa3c70061789d67600d,44e2704,pilot-stage1-disease-r2,103,9005,,3eba5fa24d22e1a9,0.025,0,none,0.05,0.2,0,2,,,completed,extinction on day 51,261,251,10,0.175,35,4,8,19,51,51,0
1393f690341a42bbb75551707eb1e4cb,a5b9a6c501b19f112cd648785cb7b22be488748d9452baa947239689691b78ce,44e2704,pilot-stage1-disease-r2,103,9005,,3eba5fa24d22e1a9,0.05,0,none,0.05,0.2,0,2,,,completed,extinction on day 51,516,501,15,0.175,35,5,8,6,51,51,0
74e2b0ae054649bc803e1e9d16cfebdd,fc13d9dbc190c0b1242a0dcd72e7174e24a1d00b739fafd13b17c59f3be9c556,44e2704,pilot-stage1-disease-r2,103,9005,,3eba5fa24d22e1a9,0.1,0,none,0.05,0.2,0,2,,,completed,extinction on day 51,1022,994,28,0.225,45,5,13,7,51,51,0
759e10357fa14daea3bb7998a47f1908,422a652448899912d152790948429f59692bd72ccca791262eab62f6d637da5b,44e2704,pilot-stage1-disease-r2,103,9006,,3eba5fa24d22e1a9,0.0,0,none,0.05,0.2,0,2,,,completed,extinction on day 1,0,0,0,0.005,1,1,1,0,1,1,0
e737fc85ab214a09a168b6acc495c0c3,e6dc3d00ee114df8a36aa74d250486f6df99289800e27448d0d650d53daecd11,44e2704,pilot-stage1-disease-r2,103,9006,,3eba5fa24d22e1a9,0.01,0,none,0.05,0.2,0,2,,,completed,extinction on day 1,5,5,0,0.005,1,1,1,0,1,1,0
6fdb88a1cbf0496d80186d0143a554a0,0c7d0eb67869ef958b19ba917f057ab3a6bba9a8ff90364a8218571a12170b7c,44e2704,pilot-stage1-disease-r2,103,9006,,3eba5fa24d22e1a9,0.02,0,none,0.05,0.2,0,2,,,completed,extinction on day 1,6,6,0,0.005,1,1,1,0,1,1,0
d586c4f42f364f288e537e5ed2237b8f,a459fc91c8d12e65ab205cc6fc1908adbb6498851c207f324e7b7bdf2f98a337,44e2704,pilot-stage1-disease-r2,103,9006,,3eba5fa24d22e1a9,0.025,0,none,0.05,0.2,0,2,,,completed,extinction on day 1,7,7,0,0.005,1,1,1,0,1,1,0
2c882a7154d64b7aa4a3da9de7a2f529,510aeee8a3b84f5791480eb9d5711c7c0d1ca57fb8fc1a0e26dd42936ccd3480,44e2704,pilot-stage1-disease-r2,103,9006,,3eba5fa24d22e1a9,0.05,0,none,0.05,0.2,0,2,,,completed,extinction on day 1,14,14,0,0.005,1,1,1,0,1,1,0
b2cdd2d8928d40b7997a7de42aada258,b8fed1d5d6d05ec23529b13404ec3ff10fcdd202f0c86039ac03533b9e1b4b7b,44e2704,pilot-stage1-disease-r2,103,9006,,3eba5fa24d22e1a9,0.1,0,none,0.05,0.2,0,2,,,completed,extinction on day 1,19,19,0,0.005,1,1,1,0,1,1,0
fa7e2677b7914f00b185f0c15e642b96,abb6b3b3df87b126a9426014fcab3e18b9ff6753e8daea1da4c5baa59577c197,44e2704,pilot-stage1-disease-r2,103,9007,,3eba5fa24d22e1a9,0.0,0,none,0.05,0.2,0,2,,,completed,extinction on day 18,0,0,0,0.04,8,1,4,12,18,18,0
3c423bdd1c6d40ecbeb07d894fa8749c,5d597dabc214573e65003a0b44cb7de19a2f0d29921f826bb1af5e86a42220b1,44e2704,pilot-stage1-disease-r2,103,9007,,3eba5fa24d22e1a9,0.01,0,none,0.05,0.2,0,2,,,completed,extinction on day 19,38,37,1,0.045,9,2,5,12,19,19,0
0102427545604bf19d5ff2ede4ff7692,42ec2780f5a7712a2c095a9322b6482a4348a07868a223b4b0cb4384da8fb852,44e2704,pilot-stage1-disease-r2,103,9007,,3eba5fa24d22e1a9,0.02,0,none,0.05,0.2,0,2,,,completed,extinction on day 19,71,67,4,0.045,9,1,4,7,19,19,0
1632bcdf879e45d1a0fac96b69857679,a595fcd342ebcac2bcc0e3f39ce2db42fc842881ea2cb2f319851522f498a286,44e2704,pilot-stage1-disease-r2,103,9007,,3eba5fa24d22e1a9,0.025,0,none,0.05,0.2,0,2,,,completed,extinction on day 19,91,87,4,0.05,10,1,4,7,19,19,0
5d430aaf3b054f09a0edbc395dced2ea,3cd1db364775f553ab9b574c48c5a567c6e24cd28623a620af4453418c1810fb,44e2704,pilot-stage1-disease-r2,103,9007,,3eba5fa24d22e1a9,0.05,0,none,0.05,0.2,0,2,,,completed,extinction on day 23,236,231,5,0.06,12,1,5,17,23,23,0
5b9afb7935fc4bdf9f6729e4616e201b,25fa868b5de3769a67aa1749eab607619b2711b9e3bdfa32ba6ca3c5e1e05979,44e2704,pilot-stage1-disease-r2,103,9007,,3eba5fa24d22e1a9,0.1,0,none,0.05,0.2,0,2,,,completed,extinction on day 76,1537,1453,84,0.81,162,19,26,49,76,76,0
0a71f9efd199460795b99987db1ca210,2a10357964e9494c3ca43bd9f9793f7cab3d4f632d0c94eaaf388594d0e1f693,44e2704,pilot-stage1-disease-r2,103,9008,,3eba5fa24d22e1a9,0.0,0,none,0.05,0.2,0,2,,,completed,extinction on day 21,0,0,0,0.045,9,1,5,9,21,21,0
38f4bad7e11b439d92d7cf16e40c0554,31c9393de481b21ef4995abbff5ceca0414b526b279930bb7cf413d0e81c3604,44e2704,pilot-stage1-disease-r2,103,9008,,3eba5fa24d22e1a9,0.01,0,none,0.05,0.2,0,2,,,completed,extinction on day 21,40,40,0,0.05,10,1,6,10,21,21,0
7076fb0528034ea1845afbecd024689a,d9621d6de2a9e9fc9f41eb6e0bebefa765f2806fb0cb84c016a34811c1c0e3f8,44e2704,pilot-stage1-disease-r2,103,9008,,3eba5fa24d22e1a9,0.02,0,none,0.05,0.2,0,2,,,completed,extinction on day 15,66,61,5,0.04,8,1,5,9,15,15,0
3d05ada645cb4b29bfb9351fef75cd31,d9c0469063c5aa542c76d9c1a6f32b563324f1ca76094fa4027f053ad75455a4,44e2704,pilot-stage1-disease-r2,103,9008,,3eba5fa24d22e1a9,0.025,0,none,0.05,0.2,0,2,,,completed,extinction on day 43,233,225,8,0.255,51,7,14,22,43,43,0
631738577f6d415e80e661b7066351d3,239618a64d57110506af7b5972bc534153b57f1c3f80ca490192d5af2e677a41,44e2704,pilot-stage1-disease-r2,103,9008,,3eba5fa24d22e1a9,0.05,0,none,0.05,0.2,0,2,,,completed,extinction on day 28,294,279,15,0.08,16,4,7,12,28,28,0
5a301d8c7e624fdebe68e8bd441b1418,43913e6e8d65cd923d769024f6e89242d0212efcfa34e3966c76e302fa225499,44e2704,pilot-stage1-disease-r2,103,9008,,3eba5fa24d22e1a9,0.1,0,none,0.05,0.2,0,2,,,completed,extinction on day 16,344,325,19,0.02,4,1,2,10,16,16,0
cf3945aeaf41497b9156b554441db952,da49ac3c497bb23b1fedc2c6fad382fe38419fb33ea4ff386186da3168252964,44e2704,pilot-stage1-disease-r2,103,9009,,3eba5fa24d22e1a9,0.0,0,none,0.05,0.2,0,2,,,completed,extinction on day 11,0,0,0,0.04,8,1,4,4,11,11,0
c7ee2d6a4bd44f3193b890f1e4428519,f771d809e9b04420f18cbf46b13cef6353e70020330e7c7f72fad6213ab29f88,44e2704,pilot-stage1-disease-r2,103,9009,,3eba5fa24d22e1a9,0.01,0,none,0.05,0.2,0,2,,,completed,extinction on day 11,13,13,0,0.04,8,1,4,4,11,11,0
b071a0ea584243acac04a55cddb66286,47da62aa7e82d5d42fc00241906d3f528e1d0c9dd74a8b53ad6e962038d64c4e,44e2704,pilot-stage1-disease-r2,103,9009,,3eba5fa24d22e1a9,0.02,0,none,0.05,0.2,0,2,,,completed,extinction on day 21,86,85,1,0.075,15,4,5,5,21,21,0
de396845ca704477a1681f1a9ded4c9b,2ec84d82875e25df20ad44e2258e2bddd21ae89c31459614e38940d60c55c2b5,44e2704,pilot-stage1-disease-r2,103,9009,,3eba5fa24d22e1a9,0.025,0,none,0.05,0.2,0,2,,,completed,extinction on day 21,107,106,1,0.07,14,4,5,5,21,21,0
38a5ea25831d465ea150713d64567cd5,656c6900e1291fef7852e222aa31a71d94dfaadeee9581d1777b5c53f4273c83,44e2704,pilot-stage1-disease-r2,103,9009,,3eba5fa24d22e1a9,0.05,0,none,0.05,0.2,0,2,,,completed,extinction on day 30,289,282,7,0.145,29,6,7,7,30,30,0
d768eec5518443ccb502571d0de246a5,03b2c96b1d340356a52f26b9242638238c15331bb961500a2e882197a20cce3a,44e2704,pilot-stage1-disease-r2,103,9009,,3eba5fa24d22e1a9,0.1,0,none,0.05,0.2,0,2,,,completed,extinction on day 64,1310,1234,76,0.58,116,16,22,22,64,64,0
78d0137873404a4e9fdda39b6857416d,6eecc4fc573f054efcc9b7a3ec36f19157a8c3429bae80a06673675da1b23bbd,44e2704,pilot-stage1-disease-r2,104,9000,,bc0241eae73e5142,0.0,0,none,0.05,0.2,0,2,,,completed,extinction on day 7,0,0,0,0.025,5,1,2,1,7,7,0
ed75127649fe4a3b998d554f73b9dff9,7d9741120eef5e9d709fd160beae26bb18c5eec7b9215e552b3ca795b4813b42,44e2704,pilot-stage1-disease-r2,104,9000,,bc0241eae73e5142,0.01,0,none,0.05,0.2,0,2,,,completed,extinction on day 7,14,14,0,0.025,5,1,2,1,7,7,0
b2aeddc29f65423ca66399678f970195,89cfc2c3885ef80299b495b6f85195b1b167c9158e1bbdf71a79fae72384ece1,44e2704,pilot-stage1-disease-r2,104,9000,,bc0241eae73e5142,0.02,0,none,0.05,0.2,0,2,,,completed,extinction on day 7,32,29,3,0.025,5,1,2,1,7,7,0
a9b9250910e8427f9f02b0ea929faade,8b9b1e0b903da72e59d650ff8b1a7b3e7999cbf3b8d82638c17b080df927fe7f,44e2704,pilot-stage1-disease-r2,104,9000,,bc0241eae73e5142,0.025,0,none,0.05,0.2,0,2,,,completed,extinction on day 7,39,36,3,0.025,5,1,2,1,7,7,0
d716441a279e4fe3860fe1d4f2ee1949,4587dcd9acf81fefe4711a2ff24e139c1906d4c61d80c3a568445daa8fb8fef2,44e2704,pilot-stage1-disease-r2,104,9000,,bc0241eae73e5142,0.05,0,none,0.05,0.2,0,2,,,completed,extinction on day 47,482,441,41,0.185,37,6,8,13,47,47,0
8cd710e956a44d7f965e2ba26097acfb,f03160f730b1cc36023d2221e3f461e91bb311422673d3bf603b91069e2b89e9,44e2704,pilot-stage1-disease-r2,104,9000,,bc0241eae73e5142,0.1,0,none,0.05,0.2,0,2,,,completed,extinction on day 43,874,810,64,0.305,61,8,22,13,43,43,0
c47883e451214f8a948671290c3e86fb,b599fc005d9b1c21085a983653c5973a998a4e14869828219e96df75415d88ba,44e2704,pilot-stage1-disease-r2,104,9001,,bc0241eae73e5142,0.0,0,none,0.05,0.2,0,2,,,completed,extinction on day 24,0,0,0,0.05,10,1,7,6,24,24,0
90cc71e9464745b2ae4380889e43403a,c49bc8bb2ee6c91a0e74739bb7c9e1dd606070386d7713bbaa65e4620c60b6c9,44e2704,pilot-stage1-disease-r2,104,9001,,bc0241eae73e5142,0.01,0,none,0.05,0.2,0,2,,,completed,extinction on day 24,46,42,4,0.06,12,2,8,11,24,24,0
013ede48e6a34412aaa451f81f10585b,d72833fa3268f3aeefd5adde2aec07399205198e741a0ce903a840de88089f9f,44e2704,pilot-stage1-disease-r2,104,9001,,bc0241eae73e5142,0.02,0,none,0.05,0.2,0,2,,,completed,extinction on day 63,239,218,21,0.155,31,3,8,11,63,63,0
4f9d8795c9ac4f42bd39712c1008e30d,a95918f7a95f5db8189b3be2637d6168705d98a4d7136887d5c0835e09076af4,44e2704,pilot-stage1-disease-r2,104,9001,,bc0241eae73e5142,0.025,0,none,0.05,0.2,0,2,,,completed,extinction on day 75,374,347,27,0.18,36,3,8,11,75,75,0
818b732f327043fa8382c1ec69b58c00,38555478734de52cf76c951d878b23fa79e4fc6e4e2cc9d6aac1a764974b1d93,44e2704,pilot-stage1-disease-r2,104,9001,,bc0241eae73e5142,0.05,0,none,0.05,0.2,0,2,,,completed,extinction on day 28,266,240,26,0.08,16,2,6,6,28,28,0
0faea723bd6d433e8f10cac5d4a37d38,2b3b0ea755b870ed7815f4464aded8246875851e273af3d407c6baae5950536e,44e2704,pilot-stage1-disease-r2,104,9001,,bc0241eae73e5142,0.1,0,none,0.05,0.2,0,2,,,completed,extinction on day 29,586,536,50,0.085,17,6,6,6,29,29,0
1353e57a99e9429faad8eff20580f119,9f400e31255a609a00d2a7d7f4f9185752a03f6665414ded430310b98a97f783,44e2704,pilot-stage1-disease-r2,104,9002,,bc0241eae73e5142,0.0,0,none,0.05,0.2,0,2,,,completed,extinction on day 7,0,0,0,0.015,3,1,2,3,7,7,0
4d5185dd1567420297d8738f78c00e78,2cf74dd44ec3b1b333bd0ba3fd8521de0625a5d65e6c970ea62278695a4ae249,44e2704,pilot-stage1-disease-r2,104,9002,,bc0241eae73e5142,0.01,0,none,0.05,0.2,0,2,,,completed,extinction on day 7,9,9,0,0.015,3,1,2,3,7,7,0
56c900021cd84f8091cde7e2a646f84d,7bc3a5f8f674f8ed4c87e273a8da615e768e8aebde9bc0bb270376b50a05829c,44e2704,pilot-stage1-disease-r2,104,9002,,bc0241eae73e5142,0.02,0,none,0.05,0.2,0,2,,,completed,extinction on day 7,18,18,0,0.015,3,1,2,3,7,7,0
0b128cc5a66c489e8ea6dac8a1157052,2673b0f5594528ac235204ba42f1f4c039a88118f47f36f8187dc95f541d7c4b,44e2704,pilot-stage1-disease-r2,104,9002,,bc0241eae73e5142,0.025,0,none,0.05,0.2,0,2,,,completed,extinction on day 7,27,26,1,0.015,3,1,2,3,7,7,0
51c5140be07a4b9daa197c018e6bc8ec,23f678e055ceb4e2fa0f9def66bd47bb98691531124bdeeace2b5f4536a810bf,44e2704,pilot-stage1-disease-r2,104,9002,,bc0241eae73e5142,0.05,0,none,0.05,0.2,0,2,,,completed,extinction on day 12,104,97,7,0.035,7,1,3,7,12,12,0
f68eac9b42ec41c39170bfcfe74cb629,5df5da3ef19fde1cd9b5972de9790f501dc9d02066e2958577cc1c75a70a31c0,44e2704,pilot-stage1-disease-r2,104,9002,,bc0241eae73e5142,0.1,0,none,0.05,0.2,0,2,,,completed,extinction on day 63,1214,1116,98,0.66,132,19,33,14,63,63,0
a53f8d2b2beb49fd823a03dbe927d4b8,51ce2292e4c991e00eb42eb34be22147ccd9e61787829d26b9608de701ce282e,44e2704,pilot-stage1-disease-r2,104,9003,,bc0241eae73e5142,0.0,0,none,0.05,0.2,0,2,,,completed,extinction on day 1,0,0,0,0.005,1,1,1,0,1,1,0
e38ba1b54d6548b5b26c769685f10fa6,32e6da886d8bb1660ecc1204b8973e694d27f9a870142e68ecc1637d5d36d2ef,44e2704,pilot-stage1-disease-r2,104,9003,,bc0241eae73e5142,0.01,0,none,0.05,0.2,0,2,,,completed,extinction on day 1,3,3,0,0.005,1,1,1,0,1,1,0
38d4ffbee81c4133a13d6908acc16919,e8ea70e7129ad0bafdb63a0657283669b55654779565ce239d95c1bc0c13b617,44e2704,pilot-stage1-disease-r2,104,9003,,bc0241eae73e5142,0.02,0,none,0.05,0.2,0,2,,,completed,extinction on day 1,5,5,0,0.005,1,1,1,0,1,1,0
cc271b3fa30644f0b0579127a4231671,d91394748b1109e04f1b1cfabed46d67606a59f5f920cc3bbae2b6b290ba44b8,44e2704,pilot-stage1-disease-r2,104,9003,,bc0241eae73e5142,0.025,0,none,0.05,0.2,0,2,,,completed,extinction on day 1,5,5,0,0.005,1,1,1,0,1,1,0
93c245076a5c494eab7a049a882ece0c,c6d6c865992203351f01d21adc11d3fb6170468fbeb67a242ccdae8485047f94,44e2704,pilot-stage1-disease-r2,104,9003,,bc0241eae73e5142,0.05,0,none,0.05,0.2,0,2,,,completed,extinction on day 1,9,9,0,0.005,1,1,1,0,1,1,0
fcb4ea65107e464aba937d4d524d4c67,3c720f7a468b84c94979147227b54f0b6515859ee46f699d1206614884518412,44e2704,pilot-stage1-disease-r2,104,9003,,bc0241eae73e5142,0.1,0,none,0.05,0.2,0,2,,,completed,extinction on day 1,16,16,0,0.005,1,1,1,0,1,1,0
6a0669f0b3864426b365e8eb2a00151e,41c8869e27c9d2f4cf166b32f8006e987a3d6e614e09c2d10fe6a8a45b8cae04,44e2704,pilot-stage1-disease-r2,104,9004,,bc0241eae73e5142,0.0,0,none,0.05,0.2,0,2,,,completed,extinction on day 7,0,0,0,0.015,3,1,1,0,7,7,0
c6702840a72e403c8e05f313f2e5409c,3c7d7578f67456da292ab0b96507dd5a1577941e1ced43b74579a2d610c6506a,44e2704,pilot-stage1-disease-r2,104,9004,,bc0241eae73e5142,0.01,0,none,0.05,0.2,0,2,,,completed,extinction on day 7,12,12,0,0.015,3,1,1,0,7,7,0
d94cffa3a6ef425a8afe2d109bd389fd,f6270e05be48fd6352786ad4fa5c0f052fa39b48128914e1248150b78ff940c9,44e2704,pilot-stage1-disease-r2,104,9004,,bc0241eae73e5142,0.02,0,none,0.05,0.2,0,2,,,completed,extinction on day 7,24,23,1,0.015,3,1,1,0,7,7,0
3c7df16eeb3a4a4a8a443a811217129e,37c00e696afae4d38dec6739265d4f37a7b67ed918e348c942e058a4f8d1103a,44e2704,pilot-stage1-disease-r2,104,9004,,bc0241eae73e5142,0.025,0,none,0.05,0.2,0,2,,,completed,extinction on day 7,30,29,1,0.015,3,1,1,0,7,7,0
345ff4d6652743ffb44f80ebb9c9c4bd,21eee12cd00dfdbb428e9bf61dc894c3290ec832612d2ea6902e9ce53bf5711a,44e2704,pilot-stage1-disease-r2,104,9004,,bc0241eae73e5142,0.05,0,none,0.05,0.2,0,2,,,completed,extinction on day 7,68,68,0,0.015,3,1,1,0,7,7,0
12e8516a5c3c41038cd38e99d3032018,30c7e096a010c73723eb94c7595ceaf8137251ad01f433fcda08289f02b9a251,44e2704,pilot-stage1-disease-r2,104,9004,,bc0241eae73e5142,0.1,0,none,0.05,0.2,0,2,,,completed,extinction on day 9,165,159,6,0.015,3,2,1,0,9,9,0
a70a823b96f448abb4b9c5f888c846b7,ee83bb312eeeaf2e760f5fb05ccb6401a9f4bc2ba8254b3ee7c88c247a7ccb80,44e2704,pilot-stage1-disease-r2,104,9005,,bc0241eae73e5142,0.0,0,none,0.05,0.2,0,2,,,completed,extinction on day 22,0,0,0,0.05,10,1,4,3,22,22,0
13e48f1e967e4ab295029b2d6704ab6a,9e04c30c86ce23ef38b20c1c826a6efc70d89299a1d51f5656419b068f83193e,44e2704,pilot-stage1-disease-r2,104,9005,,bc0241eae73e5142,0.01,0,none,0.05,0.2,0,2,,,completed,extinction on day 51,108,104,4,0.15,30,3,9,17,51,51,0
e871416906204d53a2283733fd1decb9,6d1f2fd0791672558b7ead8877e4f363d32556acd6e412c242f08aafd5edcc00,44e2704,pilot-stage1-disease-r2,104,9005,,bc0241eae73e5142,0.02,0,none,0.05,0.2,0,2,,,completed,extinction on day 33,133,122,11,0.15,30,4,8,17,33,33,0
df33c0902cbe4c0896fa95a7312c897a,1c923cf59f44adb4f2e5cbc8e5567d908dddf04928ae95a31893af4f4fa451a9,44e2704,pilot-stage1-disease-r2,104,9005,,bc0241eae73e5142,0.025,0,none,0.05,0.2,0,2,,,completed,extinction on day 34,171,159,12,0.1,20,2,5,4,34,34,0
267a6a1ae1ef4f259e5600859aa91037,f4d92738f9bf4b91dd94fc6cfd9e74e653b8c2640637be81b8736381f0f195a4,44e2704,pilot-stage1-disease-r2,104,9005,,bc0241eae73e5142,0.05,0,none,0.05,0.2,0,2,,,completed,extinction on day 66,665,611,54,0.415,83,11,13,48,66,66,0
e9f347f0a7b34b5f9b0b2f8f67503f1e,d9678b9aaaa356cca0e4c0c29aadf03fd6795f384e6defc9e67e38c441e7b681,44e2704,pilot-stage1-disease-r2,104,9005,,bc0241eae73e5142,0.1,0,none,0.05,0.2,0,2,,,completed,extinction on day 86,1755,1631,124,0.36,72,10,11,16,86,86,0
5f1e2610dd1b42eaa23e4ec50c62b534,173db443ee30803b91129536ecc99c16a415d715142a27ea1753453df041c92f,44e2704,pilot-stage1-disease-r2,104,9006,,bc0241eae73e5142,0.0,0,none,0.05,0.2,0,2,,,completed,extinction on day 1,0,0,0,0.005,1,1,1,0,1,1,0
c9e63ebc9e624451a13291d2c1ded196,2382ca9826d179813d641d2d6b7c8277f5bd10b42239cab9a45f3b331c84320d,44e2704,pilot-stage1-disease-r2,104,9006,,bc0241eae73e5142,0.01,0,none,0.05,0.2,0,2,,,completed,extinction on day 1,5,5,0,0.005,1,1,1,0,1,1,0
28481f7093e248e9801733f6d068d017,7b089a5de1ccf2a1a25125545c6487c4dead1300a8bc4ade28bae5679dcaedf3,44e2704,pilot-stage1-disease-r2,104,9006,,bc0241eae73e5142,0.02,0,none,0.05,0.2,0,2,,,completed,extinction on day 1,6,6,0,0.005,1,1,1,0,1,1,0
012cdb8bab0a42cb81d507f89fe4d87d,2fe83603b1f532b6c976a2e114d7ff4432f38c1bd49225c375a7c84016ca36e9,44e2704,pilot-stage1-disease-r2,104,9006,,bc0241eae73e5142,0.025,0,none,0.05,0.2,0,2,,,completed,extinction on day 1,7,7,0,0.005,1,1,1,0,1,1,0
e8cd0ef4584a46f8aefcf78c33aee304,3f58fa461f835b23374261295192c1478cbf60bd71f586c70ec42c523d8e857a,44e2704,pilot-stage1-disease-r2,104,9006,,bc0241eae73e5142,0.05,0,none,0.05,0.2,0,2,,,completed,extinction on day 1,14,14,0,0.005,1,1,1,0,1,1,0
b194a72a6513480d9a9746678df001b2,9181698ec214009d84c3a62d3d92d979c50012e4ac5bb1ff0fc717e6933d2659,44e2704,pilot-stage1-disease-r2,104,9006,,bc0241eae73e5142,0.1,0,none,0.05,0.2,0,2,,,completed,extinction on day 1,19,19,0,0.005,1,1,1,0,1,1,0
364b32aefffd48f4a3afeddf95613919,fe4cf65a3bbf1980968c456bb5f29f5f0460baa3811dbb9e5021fae5175e704e,44e2704,pilot-stage1-disease-r2,104,9007,,bc0241eae73e5142,0.0,0,none,0.05,0.2,0,2,,,completed,extinction on day 18,0,0,0,0.04,8,1,4,12,18,18,0
4057d9464ef842b88562a74b640f812e,0d7b1642dca6165f663ee5fd27f677f8276919cd5ac377f2304e70146f12914e,44e2704,pilot-stage1-disease-r2,104,9007,,bc0241eae73e5142,0.01,0,none,0.05,0.2,0,2,,,completed,extinction on day 35,63,59,4,0.105,21,2,7,12,35,35,0
7b70fec6415a413c829eee75d1459811,82a2439dc50b2997626a9b22bf9b9dd2c479ffdc36162db5b2f39fcfa5d1d4ef,44e2704,pilot-stage1-disease-r2,104,9007,,bc0241eae73e5142,0.02,0,none,0.05,0.2,0,2,,,completed,extinction on day 39,146,139,7,0.115,23,2,6,22,39,39,0
c0a6c0a7abba4a34bfd6021679029b49,472c5f5e60311a80637a516359a123790ad4db9f3a9657990f0ef47fcf8e23bc,44e2704,pilot-stage1-disease-r2,104,9007,,bc0241eae73e5142,0.025,0,none,0.05,0.2,0,2,,,completed,extinction on day 19,91,85,6,0.065,13,1,6,13,19,19,0
6985e3c0867343d28d11f0d533ae0ffc,41c4b60e40295c1fbc21284c7b3d12911bc595fad63ae962030659153cc46c39,44e2704,pilot-stage1-disease-r2,104,9007,,bc0241eae73e5142,0.05,0,none,0.05,0.2,0,2,,,completed,extinction on day 23,236,221,15,0.07,14,1,7,9,23,23,0
417cad8ed08a40768a6c549113aecd2e,f9900de589f16a480a7396b0e4592a7f1d3b3d1bbf7acc4c4828f29e44c1bdb9,44e2704,pilot-stage1-disease-r2,104,9007,,bc0241eae73e5142,0.1,0,none,0.05,0.2,0,2,,,completed,extinction on day 46,943,852,91,0.175,35,6,10,40,46,46,0
9bf34ed2a7164b1390f25533016e5cdf,37da014f836662b285b1e51522b59eadd52008d0799c5f1ade3ccbbfaa66db11,44e2704,pilot-stage1-disease-r2,104,9008,,bc0241eae73e5142,0.0,0,none,0.05,0.2,0,2,,,completed,extinction on day 21,0,0,0,0.045,9,1,5,9,21,21,0
f64d6aab871f49d995267e20b81787a9,0d9e38e6d2f0899f3fbae574a4a104d8b388445c4e058b3c31b733efb14046e4,44e2704,pilot-stage1-disease-r2,104,9008,,bc0241eae73e5142,0.01,0,none,0.05,0.2,0,2,,,completed,extinction on day 21,40,40,0,0.05,10,1,6,9,21,21,0
b2548a40de244a1e9e50220507a2f88d,bd9d5d2a5d1947cf56c9417885be8b2bc9a037daa7a8740f37ae3f84f496f20d,44e2704,pilot-stage1-disease-r2,104,9008,,bc0241eae73e5142,0.02,0,none,0.05,0.2,0,2,,,completed,extinction on day 15,66,63,3,0.04,8,1,5,9,15,15,0
539cefaca8cb4e5cb02be7d9ebb6e08a,748f6c6963f6834978550cb6d424081b963c5270994d4bda47ff604c3d226745,44e2704,pilot-stage1-disease-r2,104,9008,,bc0241eae73e5142,0.025,0,none,0.05,0.2,0,2,,,completed,extinction on day 41,223,209,14,0.1,20,4,6,10,41,41,0
32caf2584bb046f88456b58c3fb86048,d36d32c956b238dc9e79825de5a6b462a7c764047adee2300428998b111650ff,44e2704,pilot-stage1-disease-r2,104,9008,,bc0241eae73e5142,0.05,0,none,0.05,0.2,0,2,,,completed,extinction on day 15,164,161,3,0.035,7,2,4,9,15,15,0
981866e61727497f8f36f29708261922,686c8a42717f9933bd3d555797641c66f6957d89e4c25e83aaaa6d5d0429a536,44e2704,pilot-stage1-disease-r2,104,9008,,bc0241eae73e5142,0.1,0,none,0.05,0.2,0,2,,,completed,extinction on day 14,301,283,18,0.015,3,2,2,10,14,14,0
044e1241f4024c35875899857f4d064d,bc26ce4ab0eba43528b6b04a05a8118eed91adef68bf07229034558ea5e2f451,44e2704,pilot-stage1-disease-r2,104,9009,,bc0241eae73e5142,0.0,0,none,0.05,0.2,0,2,,,completed,extinction on day 11,0,0,0,0.04,8,1,4,4,11,11,0
a5fdda15968a4f4ab440c42d53071a95,a1ad4de6fc4107121207e6797d5d830388e466fa5f2f0726543a6a514423e4f1,44e2704,pilot-stage1-disease-r2,104,9009,,bc0241eae73e5142,0.01,0,none,0.05,0.2,0,2,,,completed,extinction on day 11,13,13,0,0.04,8,1,4,4,11,11,0
8953957eb06140d1887cb9e1df0e8960,e9530ea1c234564266d53238a20801dd8a8ffc3be4f27a13455eefd622dc60d3,44e2704,pilot-stage1-disease-r2,104,9009,,bc0241eae73e5142,0.02,0,none,0.05,0.2,0,2,,,completed,extinction on day 24,100,93,7,0.075,15,2,6,6,24,24,0
6eb4b0d9c14942a5a01573ba23fa740f,7134dd3bf170b8a8fb007985899237657509c460194880f4c26ab655f25c68e7,44e2704,pilot-stage1-disease-r2,104,9009,,bc0241eae73e5142,0.025,0,none,0.05,0.2,0,2,,,completed,extinction on day 24,125,113,12,0.08,16,2,6,6,24,24,0
aeb1fdfb048a4a19b89fe54c0353f8e6,a8b8e0e91d27f131e1b28609fcf2c22b2b071851884894b6554b48c7ff098fca,44e2704,pilot-stage1-disease-r2,104,9009,,bc0241eae73e5142,0.05,0,none,0.05,0.2,0,2,,,completed,extinction on day 22,215,201,14,0.075,15,2,6,6,22,22,0
7e7c34fa87ff46a5a7298cd77b37afbe,9b75564990f8d55bcf1d215de62248d4a684d1edf729280a0f0ea5d3215f3a38,44e2704,pilot-stage1-disease-r2,104,9009,,bc0241eae73e5142,0.1,0,none,0.05,0.2,0,2,,,completed,extinction on day 36,708,645,63,0.175,35,5,7,16,36,36,0
eb53e8985e314cafbe1e8a6ed804af40,5b43efb1237abc52069430b80be180a27889eb6d4ddeedda88854f4bc36aa1dc,44e2704,pilot-stage1-disease-r2,100,9000,,ecc984f043b744b6,0.0,0,none,0.1,0.1,0,2,,,completed,extinction on day 35,0,0,0,0.05,10,1,8,6,35,35,0
edd9551241f645f59780be71b18e51c8,73f893989bc0b28d8a16a05a56eb1ee8604f30efac837d6ce2c64356197b4b36,44e2704,pilot-stage1-disease-r2,100,9000,,ecc984f043b744b6,0.01,0,none,0.1,0.1,0,2,,,completed,extinction on day 56,110,98,12,0.095,19,2,10,31,56,56,0
f19dddd7c4ea42888d59c7a0d1496cbb,eb5b9a9a4c3aea0b74958f2dcf25a055d08c4acc830e2ea7f166fe7082b7afec,44e2704,pilot-stage1-disease-r2,100,9000,,ecc984f043b744b6,0.02,0,none,0.1,0.1,0,2,,,completed,extinction on day 84,338,296,42,0.255,51,5,23,40,84,84,0
c381e65ecec64e7a9725d8232935b48d,8dda900c70ccf52a8c8bd933f8ee9fefab35cf94c534fcea5bbdb44f338252f7,44e2704,pilot-stage1-disease-r2,100,9000,,ecc984f043b744b6,0.025,0,none,0.1,0.1,0,2,,,completed,extinction on day 125,608,537,71,0.475,95,9,32,41,125,125,0
b1361c86bcee40de8cbbc5faf92c7502,a9a213ce1d3f5e702c5fa46fd9325ad555bd6ae2d764c07b3b84f874fe3f39c5,44e2704,pilot-stage1-disease-r2,100,9000,,ecc984f043b744b6,0.05,0,none,0.1,0.1,0,2,,,completed,extinction on day 96,967,847,120,0.525,105,10,36,44,96,96,0
721e6e485df545b9945c756029eff4c8,b2849239ff49c223b48b05be6c9cf0265983dff202ca4064c7919f51e5e67892,44e2704,pilot-stage1-disease-r2,100,9000,,ecc984f043b744b6,0.1,0,none,0.1,0.1,0,2,,,completed,extinction on day 82,1650,1451,199,1.0,200,20,55,23,82,82,0
d084d4b4133a491d941c53b1151ba9ef,821bf6961e2627acf5c4335b63177a956bf40bfb533a82fecc69becba55cfca8,44e2704,pilot-stage1-disease-r2,100,9001,,ecc984f043b744b6,0.0,0,none,0.1,0.1,0,2,,,completed,extinction on day 29,0,0,0,0.05,10,1,9,5,29,29,0
50f815964cb9495aa4cff09164ccd20c,3583b89c4dfe98c2ceac69e211ca0a1b196ff7a58911ed5475fde605ebcca838,44e2704,pilot-stage1-disease-r2,100,9001,,ecc984f043b744b6,0.01,0,none,0.1,0.1,0,2,,,completed,extinction on day 84,170,157,13,0.14,28,2,9,5,84,84,0
dd986758053f4199a3a130f26d7816b5,24afd495ad0bced74624e1ec9483af8bcb0abe72d0c8486752148204590d6d86,44e2704,pilot-stage1-disease-r2,100,9001,,ecc984f043b744b6,0.02,0,none,0.1,0.1,0,2,,,completed,extinction on day 133,532,472,60,0.39,78,7,19,63,133,133,0
356b5dd561794ecdb2c5b706fd23bcb7,bc40e70fd1394f5f64a00c25d6f4e4dec8139a474344413a2fb2026902002a2d,44e2704,pilot-stage1-disease-r2,100,9001,,ecc984f043b744b6,0.025,0,none,0.1,0.1,0,2,,,completed,extinction on day 159,775,682,93,0.69,138,13,23,81,159,159,0
0280de121d884068897837b689e4e928,2034154bc9cc46d7c0c708b58272cfc2fdc340c2e84fbc978ddde66ddd0ac77b,44e2704,pilot-stage1-disease-r2,100,9001,,ecc984f043b744b6,0.05,0,none,0.1,0.1,0,2,,,completed,extinction on day 85,870,735,135,0.415,83,8,21,46,85,85,0
31d9570528eb459ab06422221d35af9b,aeb6d2580959d226460edd93701d9adf1e06db5449e1ffda43d8506d13aa96a4,44e2704,pilot-stage1-disease-r2,100,9001,,ecc984f043b744b6,0.1,0,none,0.1,0.1,0,2,,,completed,extinction on day 99,1994,1768,226,0.99,198,20,59,57,99,99,0
46f8801068ef489e97f257c148e00279,874f00c01c332479d6a0752e82eeff75b8533dbe2191f1d87f8a24dec2fd2c0b,44e2704,pilot-stage1-disease-r2,100,9002,,ecc984f043b744b6,0.0,0,none,0.1,0.1,0,2,,,completed,extinction on day 44,0,0,0,0.05,10,1,9,5,44,44,0
d331be19d73b4df5b48ed4a4ffde23bc,95c37fd4b2d2beae5abc4eb8c5059b629a8d929a1bc7125cd6c35b5d5965b782,44e2704,pilot-stage1-disease-r2,100,9002,,ecc984f043b744b6,0.01,0,none,0.1,0.1,0,2,,,completed,extinction on day 50,89,82,7,0.07,14,1,10,5,50,50,0
28997bae3a4e4965b44e91c91a4b9887,0aa11af758a5ced0647308c153749ee60de3f8436d830cdeb4a483b16d11b93b,44e2704,pilot-stage1-disease-r2,100,9002,,ecc984f043b744b6,0.02,0,none,0.1,0.1,0,2,,,completed,extinction on day 49,177,162,15,0.08,16,1,10,5,49,49,0
a6a0404ed31a49b18870ce2060299463,a962e6ef6ebd9ed9714e98514428117f2a4fa7d11474b47b29f5045b569f90e9,44e2704,pilot-stage1-disease-r2,100,9002,,ecc984f043b744b6,0.025,0,none,0.1,0.1,0,2,,,completed,extinction on day 172,873,784,89,0.655,131,14,26,118,172,172,0
87d596c5a651429989e84e3f2d5e3393,0665606a0121a8b6fb806342a846a745050b522f8fde54fa0963fae4d3a643b2,44e2704,pilot-stage1-disease-r2,100,9002,,ecc984f043b744b6,0.05,0,none,0.1,0.1,0,2,,,completed,extinction on day 121,1209,1089,120,0.97,194,20,38,16,121,121,0
c7c5a005b86348e58d203a840f5a5f8b,4766373c8e05ac96b6bb0a1841a8d6b6c7b51c7d951c6926e7dced9b45dcd3d7,44e2704,pilot-stage1-disease-r2,100,9002,,ecc984f043b744b6,0.1,0,none,0.1,0.1,0,2,,,completed,extinction on day 103,2027,1800,227,0.84,168,16,60,32,103,103,0
1b6522c1f8344e37a0ac8e2cbad6895f,ce491696d51bd9536240a3ba31eb2d749e08a92e0212e20521220cf4cca8972d,44e2704,pilot-stage1-disease-r2,100,9003,,ecc984f043b744b6,0.0,0,none,0.1,0.1,0,2,,,completed,extinction on day 1,0,0,0,0.005,1,1,1,0,1,1,0
1aea0931b5d144f5b1126ac6bb1210f9,dab7bce079c37ae935840a1c94178e7c1d4ad0fa91d2ae2f7dd796560e65b562,44e2704,pilot-stage1-disease-r2,100,9003,,ecc984f043b744b6,0.01,0,none,0.1,0.1,0,2,,,completed,extinction on day 1,3,3,0,0.005,1,1,1,0,1,1,0
6ef5e4e659fc4cf580bcb25117dc0867,b826372584fad8ff49e92d70e45770809d761fb3610dbd16bbb4a3feebd3de76,44e2704,pilot-stage1-disease-r2,100,9003,,ecc984f043b744b6,0.02,0,none,0.1,0.1,0,2,,,completed,extinction on day 1,5,5,0,0.005,1,1,1,0,1,1,0
e6da3e854bea427baa26fe0949d19a10,dfa9fe852a1e91c2806cc52bb7588cebb86a1e99cb30d49fb2b4ab6630b7e8f6,44e2704,pilot-stage1-disease-r2,100,9003,,ecc984f043b744b6,0.025,0,none,0.1,0.1,0,2,,,completed,extinction on day 1,5,5,0,0.005,1,1,1,0,1,1,0
c749eaf002264fac8837604cf831a5ad,ee70338625a63832a54928d336c7ef6c4b60e366ce02be8571cc30e46cf9d716,44e2704,pilot-stage1-disease-r2,100,9003,,ecc984f043b744b6,0.05,0,none,0.1,0.1,0,2,,,completed,extinction on day 1,9,9,0,0.005,1,1,1,0,1,1,0
9d6e30a92a844174887d88612c19b48f,fadc3cbcdec8f4f14f0a21255575eec835ca096916ce3e0eeeb062945de5af2d,44e2704,pilot-stage1-disease-r2,100,9003,,ecc984f043b744b6,0.1,0,none,0.1,0.1,0,2,,,completed,extinction on day 1,16,16,0,0.005,1,1,1,0,1,1,0
75dc56371ad14784a97317c4d1d0b4a8,cfa6acf4fcf68be223c53fdd09d3ab9ed756ba6312c8a04e281611875190297d,44e2704,pilot-stage1-disease-r2,100,9004,,ecc984f043b744b6,0.0,0,none,0.1,0.1,0,2,,,completed,extinction on day 40,0,0,0,0.05,10,1,8,6,40,40,0
f04e5c28dfdb413bbaa96755da91f84a,5894567ea02516ae6960701aa9aa40f194079ee9779991da3eb3acceabf6e3a3,44e2704,pilot-stage1-disease-r2,100,9004,,ecc984f043b744b6,0.01,0,none,0.1,0.1,0,2,,,completed,extinction on day 44,88,84,4,0.105,21,2,11,20,44,44,0
cdba5798f51648f29df7c12141f099a1,93b06733cf4005d1700abae393272dff0a36f5ceebd642f43b4986d447c4caf0,44e2704,pilot-stage1-disease-r2,100,9004,,ecc984f043b744b6,0.02,0,none,0.1,0.1,0,2,,,completed,extinction on day 44,174,159,15,0.16,32,3,18,19,44,44,0
4ff95f08d0cc4ffb8c56d266758b4b1e,c29339b2e99c292691842f7e1cd2d0e335ccd7397a2de7c3fc18202cbf24140f,44e2704,pilot-stage1-disease-r2,100,9004,,ecc984f043b744b6,0.025,0,none,0.1,0.1,0,2,,,completed,extinction on day 93,498,440,58,0.27,54,5,21,68,93,93,0
86d505f5e5b646cbb5a5039ab6433546,722182c445de3d6107b3ebca981d6588c6e9ff5e1b542820fffc44d0690ec743,44e2704,pilot-stage1-disease-r2,100,9004,,ecc984f043b744b6,0.05,0,none,0.1,0.1,0,2,,,completed,extinction on day 101,1041,914,127,0.25,50,5,17,20,101,101,0
c10bfbe4fc9e4a93930e64f450e0c6f7,e5a4a3f9d889c22b05bf9fedd2028d3fe650eff116ffb73de890a6e88993884b,44e2704,pilot-stage1-disease-r2,100,9004,,ecc984f043b744b6,0.1,0,none,0.1,0.1,0,2,,,completed,extinction on day 85,1708,1519,189,1.0,200,20,63,39,85,85,0
381bca545ca94762a31b7dbdff4510bb,cb24bbe5f1d04cc90774620ba14c0970b1e9b700ba71e1f3ae26d4adea2510cc,44e2704,pilot-stage1-disease-r2,100,9005,,ecc984f043b744b6,0.0,0,none,0.1,0.1,0,2,,,completed,extinction on day 23,0,0,0,0.05,10,1,8,5,23,23,0
6fe7dc6d8310493ca25e5a481edaec02,ad957af8b638d2b4251fad537ec264274c4b6f60ea4054fda49f539726bbfaa2,44e2704,pilot-stage1-disease-r2,100,9005,,ecc984f043b744b6,0.01,0,none,0.1,0.1,0,2,,,completed,extinction on day 32,64,58,6,0.1,20,2,10,5,32,32,0
3ac01043d8c64ffba4f5475eb3387445,6db7273fa5df23a582380cb5ed2bdfb27102331038309f2523aa7d07c21726b9,44e2704,pilot-stage1-disease-r2,100,9005,,ecc984f043b744b6,0.02,0,none,0.1,0.1,0,2,,,completed,extinction on day 93,408,354,54,0.33,66,6,22,21,93,93,0
b744b1b88809493abfef7c91a249910b,35351ce2f72cb3bf757450a7d6e25150ce899e58b290ab66c9fc00dc7b6343fc,44e2704,pilot-stage1-disease-r2,100,9005,,ecc984f043b744b6,0.025,0,none,0.1,0.1,0,2,,,completed,extinction on day 37,191,161,30,0.145,29,3,14,21,37,37,0
fe83dc22a0fe4151a7da967819b6e5b9,caf71f6b7a184ca0914387be0f4baa88096f5aeb74e9ba2eb8bbcd2d44fd5b34,44e2704,pilot-stage1-disease-r2,100,9005,,ecc984f043b744b6,0.05,0,none,0.1,0.1,0,2,,,completed,extinction on day 101,1054,925,129,0.94,188,18,46,38,101,101,0
d02c9d6c48e242d39f23e9c29379c2ff,aa5086bb9f50cca77c75a8b9c2804aa4b96e41974d793958232d2aa0bb2d83c4,44e2704,pilot-stage1-disease-r2,100,9005,,ecc984f043b744b6,0.1,0,none,0.1,0.1,0,2,,,completed,extinction on day 99,2022,1787,235,0.97,194,20,52,55,99,99,0
2818fa40c9964b778358508ff03edc67,c9de904c620d88395bddfeadb8da8a63a15efdd1c7387758c78e4dd82d84af10,44e2704,pilot-stage1-disease-r2,100,9006,,ecc984f043b744b6,0.0,0,none,0.1,0.1,0,2,,,completed,extinction on day 1,0,0,0,0.005,1,1,1,0,1,1,0
8d4c18187c884e668586bfc3b05360fe,758784d88ef83a27b6e4741d230a5e58a506a31b9a223a3788ead9ca1920d007,44e2704,pilot-stage1-disease-r2,100,9006,,ecc984f043b744b6,0.01,0,none,0.1,0.1,0,2,,,completed,extinction on day 1,5,5,0,0.005,1,1,1,0,1,1,0
4e5e39e2838546a38ea62b74cb934df9,18b0f6d858f7149582e9819754cac135c3bd93f45a811ab2261f0034ee6518b0,44e2704,pilot-stage1-disease-r2,100,9006,,ecc984f043b744b6,0.02,0,none,0.1,0.1,0,2,,,completed,extinction on day 1,6,6,0,0.005,1,1,1,0,1,1,0
588762ca62444749a350024fbcebe22d,b490a8e75c041e0a8a0fe367e3cb829384102dac44ece803fb0776a3396b2b61,44e2704,pilot-stage1-disease-r2,100,9006,,ecc984f043b744b6,0.025,0,none,0.1,0.1,0,2,,,completed,extinction on day 1,7,7,0,0.005,1,1,1,0,1,1,0
d3a5f5a3cb5245cead77781eb7d5a1a0,cb6cdb0156672fab0e5823819ff1bfe1d3be539c94f6b2263e40800880266f93,44e2704,pilot-stage1-disease-r2,100,9006,,ecc984f043b744b6,0.05,0,none,0.1,0.1,0,2,,,completed,extinction on day 1,14,12,2,0.005,1,1,1,0,1,1,0
6707ec5575dd4552a458d6b0d94a958d,8023d8624ff0377f151dcca3a64e7ab68566edd75728b00adf28c16f4ce13570,44e2704,pilot-stage1-disease-r2,100,9006,,ecc984f043b744b6,0.1,0,none,0.1,0.1,0,2,,,completed,extinction on day 1,19,17,2,0.005,1,1,1,0,1,1,0
91d3c12493ee41ffa6a25fa1564bf514,0dcef7996446386ebfdf12ed43c14e44ac984f53b987c1fd0cb41a1840e1126a,44e2704,pilot-stage1-disease-r2,100,9007,,ecc984f043b744b6,0.0,0,none,0.1,0.1,0,2,,,completed,extinction on day 29,0,0,0,0.05,10,1,6,3,29,29,0
dee06e5f005f49c3852c555a1e5847c2,764d7f00dd24cbb1e5881d697290d66b44f80ac73053f8010e78520bc9d5a027,44e2704,pilot-stage1-disease-r2,100,9007,,ecc984f043b744b6,0.01,0,none,0.1,0.1,0,2,,,completed,extinction on day 41,76,73,3,0.095,19,2,9,17,41,41,0
ff78e6c3be1045d085d9bfbf3e6896af,0b0261fddb79b99b75d4d25728b36961fc79a87664d5870629672f139451c4e6,44e2704,pilot-stage1-disease-r2,100,9007,,ecc984f043b744b6,0.02,0,none,0.1,0.1,0,2,,,completed,extinction on day 93,364,330,34,0.31,62,6,22,59,93,93,0
6764dbc3dc254048a32e895799b6bb05,79c449f0d57fd51d8fdd7526138ddf09f9bf969c949722f3b71d0c186d2b6ad0,44e2704,pilot-stage1-disease-r2,100,9007,,ecc984f043b744b6,0.025,0,none,0.1,0.1,0,2,,,completed,extinction on day 139,696,627,69,0.71,142,14,44,35,139,139,0
b8462ba05cf6482e8dad86e027982790,48f1f462e121ca4ef06db384ea6aa3836e6535cca6cfdb7be54bac2077b3c626,44e2704,pilot-stage1-disease-r2,100,9007,,ecc984f043b744b6,0.05,0,none,0.1,0.1,0,2,,,completed,extinction on day 112,1105,949,156,1.0,200,20,52,58,112,112,0
715278d85c4649e1acc05df9a3962ea8,b10e39d23d0bfa84bae2a8396e5fd63f140c64778c36a20300e97ebab931d892,44e2704,pilot-stage1-disease-r2,100,9007,,ecc984f043b744b6,0.1,0,none,0.1,0.1,0,2,,,completed,extinction on day 85,1723,1539,184,1.0,200,20,75,36,85,85,0
07fc7790410e41418b413897a486f08c,dfb5cd5f473b3085f0b3671cab796161a899aab39254abdadaad807bfcbd9d09,44e2704,pilot-stage1-disease-r2,100,9008,,ecc984f043b744b6,0.0,0,none,0.1,0.1,0,2,,,completed,extinction on day 38,0,0,0,0.05,10,1,6,9,38,38,0
69e9f347309144ba8ced4b90bd934dc8,11385003ca164db0947d33b6c5133a847af1f68a5442799caf3341010553aac8,44e2704,pilot-stage1-disease-r2,100,9008,,ecc984f043b744b6,0.01,0,none,0.1,0.1,0,2,,,completed,extinction on day 67,155,141,14,0.195,39,4,16,37,67,67,0
b1785a4c4fa94463ba2c8f2c3e196f77,ff26817caf7e494bc4e1b36d37e992f8086cc4b5ba84fba48d070f2df57a9b09,44e2704,pilot-stage1-disease-r2,100,9008,,ecc984f043b744b6,0.02,0,none,0.1,0.1,0,2,,,completed,extinction on day 83,341,304,37,0.185,37,4,17,42,83,83,0
fd16dbfe83544d4cb9360d3e142256bd,53c7d6e45a019fbffef64e985a17c515068ec4d6141d157183281b8a4d28104d,44e2704,pilot-stage1-disease-r2,100,9008,,ecc984f043b744b6,0.025,0,none,0.1,0.1,0,2,,,completed,extinction on day 97,503,471,32,0.235,47,5,21,17,97,97,0
ecb9c5d3c4ef4ed49062bf12add11de8,b50d3429b6fd93f6ce58d65a0aa6c143136a16f8031e224989a65cc781e7f11f,44e2704,pilot-stage1-disease-r2,100,9008,,ecc984f043b744b6,0.05,0,none,0.1,0.1,0,2,,,completed,extinction on day 76,753,687,66,0.53,106,10,30,20,76,76,0
79a982a10baf47aebdd209c89f542f54,52f0bc3c78c80ff13a84ca73693c3201a06d46fa7872939c6df3c385222c1443,44e2704,pilot-stage1-disease-r2,100,9008,,ecc984f043b744b6,0.1,0,none,0.1,0.1,0,2,,,completed,extinction on day 92,1846,1669,177,0.995,199,20,63,47,92,92,0
556421b30bc4415d954e483d08e693c7,bf33209945a1181ef7ff93ad2b383e0cbb4ce85268560e46559304dd3fdfa36f,44e2704,pilot-stage1-disease-r2,100,9009,,ecc984f043b744b6,0.0,0,none,0.1,0.1,0,2,,,completed,extinction on day 29,0,0,0,0.05,10,1,6,4,29,29,0
26c636af72134731882701af53f5abf7,fcbff4e9c1cf7c7beba6ff3b719382ce60e0d87707bcffb7c87cbeccf9115eb9,44e2704,pilot-stage1-disease-r2,100,9009,,ecc984f043b744b6,0.01,0,none,0.1,0.1,0,2,,,completed,extinction on day 29,53,50,3,0.06,12,1,6,4,29,29,0
6dd93f442432482d83df708a4993e460,2c09b9a68aa6904848f611af64a5853e51dde831b61d5b77289274c5127e3786,44e2704,pilot-stage1-disease-r2,100,9009,,ecc984f043b744b6,0.02,0,none,0.1,0.1,0,2,,,completed,extinction on day 101,409,357,52,0.47,94,9,27,14,101,101,0
eb462a5b00034788a464a351dc11354b,11e280475156e6a876029438f47b19e3c884e6f1fcd4c67b7b494815e5323bcf,44e2704,pilot-stage1-disease-r2,100,9009,,ecc984f043b744b6,0.025,0,none,0.1,0.1,0,2,,,completed,extinction on day 78,391,351,40,0.51,102,10,35,28,78,78,0
91d86c72210b4ab89bfbb171faff6fc5,64ec01ddc0e9aa3a8b36ac2c35851d54c5b98b278b8e95d0ddaf1af96f3bf85e,44e2704,pilot-stage1-disease-r2,100,9009,,ecc984f043b744b6,0.05,0,none,0.1,0.1,0,2,,,completed,extinction on day 90,909,850,59,0.53,106,10,47,22,90,90,0
0c869606d22e45a8a45afc406b68c53b,b8aa6500e2ad4e7f60b87be94bf0aa88183b28675b702169f52234901315c82c,44e2704,pilot-stage1-disease-r2,100,9009,,ecc984f043b744b6,0.1,0,none,0.1,0.1,0,2,,,completed,extinction on day 95,1964,1748,216,0.995,199,20,82,35,95,95,0
6aef1dd03315458ead08a316472e2773,9febe9c78b3c84541980e6c7169b04d36396220710e7d3da53fbadd9e274cb0b,44e2704,pilot-stage1-disease-r2,101,9000,,a94b904840df0142,0.0,0,none,0.1,0.1,0,2,,,completed,extinction on day 35,0,0,0,0.05,10,1,8,6,35,35,0
567ea2d4193f4977bb1c91fc26118dff,280f2ff437b23afc52c3dd1febc10dbcf09f08c3632ef9ff47211c9ed67b0f52,44e2704,pilot-stage1-disease-r2,101,9000,,a94b904840df0142,0.01,0,none,0.1,0.1,0,2,,,completed,extinction on day 102,206,192,14,0.175,35,4,13,39,102,102,0
787d0e85f77347ae9051de5b5b6cbb76,65694f2444e8afbf500148178be641e2b076e4e3f508ac699a93e41d0d962d9c,44e2704,pilot-stage1-disease-r2,101,9000,,a94b904840df0142,0.02,0,none,0.1,0.1,0,2,,,completed,extinction on day 198,795,752,43,0.62,124,15,17,95,198,198,0
508558c7c1724e84b6ef1455252d98a8,c06070f98313fbe4faa2c28dd98ed296ab9cf31930e65607d62d5728282649e5,44e2704,pilot-stage1-disease-r2,101,9000,,a94b904840df0142,0.025,0,none,0.1,0.1,0,2,,,completed,extinction on day 122,598,560,38,0.94,188,19,55,49,122,122,0
67af416d038342cf860450692e861e6b,0575c4ddb3281c01ee63773c8a7696dd4bdf53c187db52636369803317bf292c,44e2704,pilot-stage1-disease-r2,101,9000,,a94b904840df0142,0.05,0,none,0.1,0.1,0,2,,,completed,extinction on day 89,919,855,64,0.99,198,20,80,33,89,89,0
9f7da76268b9473a8337003c6e1a8fb0,e714c6a1f2f89880fb51ef662b8196ef483da61832ccc07e336c49dbdd532c8d,44e2704,pilot-stage1-disease-r2,101,9000,,a94b904840df0142,0.1,0,none,0.1,0.1,0,2,,,completed,extinction on day 77,1539,1442,97,0.995,199,20,63,27,77,77,0
20053fffcc8f4b4f91823539e9a752b8,9a6ddc98d481734e0da2aad91b41b0a71e5254da6d36157d19ad40d8b04c82e5,44e2704,pilot-stage1-disease-r2,101,9001,,a94b904840df0142,0.0,0,none,0.1,0.1,0,2,,,completed,extinction on day 29,0,0,0,0.05,10,1,9,5,29,29,0
80c9f5887abf42e9976311c383ee9f91,d0fa4a3708b2acd425a63c1a3eb71178adef0114a7647566515f6c09b1c5de4d,44e2704,pilot-stage1-disease-r2,101,9001,,a94b904840df0142,0.01,0,none,0.1,0.1,0,2,,,completed,extinction on day 72,145,133,12,0.195,39,3,18,26,72,72,0
980a157848ef414290923eb3c83c2557,7f1aea1528da755855949d955722f3464316b74ecaa966414426fd87412734f3,44e2704,pilot-stage1-disease-r2,101,9001,,a94b904840df0142,0.02,0,none,0.1,0.1,0,2,,,completed,extinction on day 119,471,446,25,0.645,129,12,22,57,119,119,0
da5a8b9f13ec4f3db774a305f2d114be,f392cb4f985405f1089528131e3dc795c2e3c551f6506a6711181d66e7d78e75,44e2704,pilot-stage1-disease-r2,101,9001,,a94b904840df0142,0.025,0,none,0.1,0.1,0,2,,,completed,extinction on day 87,438,404,34,0.53,106,11,30,51,87,87,0
ae6db4ca4893473e8a072bd28391df06,b4d3ddd96a55480e18be231640cc2e102a69d34dd17c23f40ea0249696597dc8,44e2704,pilot-stage1-disease-r2,101,9001,,a94b904840df0142,0.05,0,none,0.1,0.1,0,2,,,completed,extinction on day 80,815,779,36,0.95,190,19,53,39,80,80,0
e8bdccd899de47e6ad940b9b85adcdcf,2efe7a3e879a048277255558639fb508c2b60cb485a83f1fb3a74b3526cda0de,44e2704,pilot-stage1-disease-r2,101,9001,,a94b904840df0142,0.1,0,none,0.1,0.1,0,2,,,completed,extinction on day 69,1399,1308,91,0.995,199,20,112,17,69,69,0
841ee50de06b413793d574291ef6ff1e,801f7dfedc82b4cb16ae474a363ab9921652312f91fa45fd6988e311bd648b9a,44e2704,pilot-stage1-disease-r2,101,9002,,a94b904840df0142,0.0,0,none,0.1,0.1,0,2,,,completed,extinction on day 44,0,0,0,0.05,10,1,9,5,44,44,0
6668bb5e8a484906aa9f7e65585d3d0f,69a24a8bd09d4e5a0c4497510817e39b19aa9cfc9de383092ed6700febc5419d,44e2704,pilot-stage1-disease-r2,101,9002,,a94b904840df0142,0.01,0,none,0.1,0.1,0,2,,,completed,extinction on day 48,89,84,5,0.075,15,1,10,5,48,48,0
e9a2bb42e04d4ad1aea5d7a9c9bbb1f7,77b3c375d889926d8187db28d5eec2f87b6bf43ee529655b3fc337f92902cdd2,44e2704,pilot-stage1-disease-r2,101,9002,,a94b904840df0142,0.02,0,none,0.1,0.1,0,2,,,completed,extinction on day 25,94,89,5,0.07,14,1,11,5,25,25,0
3c8c43f0677546daa577ae98cde09da2,fcaf3a3dcc35a78f35b1602d2d420f2a3e5c78f59f3e1ddac3bc7ef3e4e80883,44e2704,pilot-stage1-disease-r2,101,9002,,a94b904840df0142,0.025,0,none,0.1,0.1,0,2,,,completed,extinction on day 25,123,114,9,0.07,14,1,11,5,25,25,0
01947cb9fbeb41b6bfb886ac8f2910f3,ad89878f82f8ea02d6bae34650bb539df7fd263a789afaae172eb8be902c22d5,44e2704,pilot-stage1-disease-r2,101,9002,,a94b904840df0142,0.05,0,none,0.1,0.1,0,2,,,completed,extinction on day 171,1741,1628,113,0.955,191,19,41,38,171,171,0
4c4f4765fe184617a22ba17a573e365e,6c8e11059a1eab13e06fa69ad8c03e31a2a3eacfbc097d2941b57e195d1a704c,44e2704,pilot-stage1-disease-r2,101,9002,,a94b904840df0142,0.1,0,none,0.1,0.1,0,2,,,completed,extinction on day 91,1776,1670,106,0.995,199,20,82,19,91,91,0
568bf98dc9254679a39ac0c8dd0069a5,b65e6e23b1e4ea73a3f75c76a57dd594baa53dceb156d18cc887e3e945f26c7f,44e2704,pilot-stage1-disease-r2,101,9003,,a94b904840df0142,0.0,0,none,0.1,0.1,0,2,,,completed,extinction on day 1,0,0,0,0.005,1,1,1,0,1,1,0
09bc22f06e6c455890f2984c4dead2d8,8bd2b92c5e32bd88a223efba85af93f4c62ecf209f64dd76d7c6c8edaf264a52,44e2704,pilot-stage1-disease-r2,101,9003,,a94b904840df0142,0.01,0,none,0.1,0.1,0,2,,,completed,extinction on day 1,3,3,0,0.005,1,1,1,0,1,1,0
e90c2e934ee74909988d29a638808b3b,0574e168835720c60ff8b9d8bdbce1290acb66e0c1fc3bf4ace15c5bb46851e7,44e2704,pilot-stage1-disease-r2,101,9003,,a94b904840df0142,0.02,0,none,0.1,0.1,0,2,,,completed,extinction on day 1,5,5,0,0.005,1,1,1,0,1,1,0
bc4f21c3b3dc43beba7de8b14ef28f30,1fc8286d6ca7a274311efa71aa9da4298e7d5b6c03dd5c95c0303e9a996cb0e4,44e2704,pilot-stage1-disease-r2,101,9003,,a94b904840df0142,0.025,0,none,0.1,0.1,0,2,,,completed,extinction on day 1,5,5,0,0.005,1,1,1,0,1,1,0
b115effc7c9c4632b3834926bebe307f,03ff37195c2e20f0b4b9c273b592c6e5aa95300989e4fa1f4e49763f94cfc86e,44e2704,pilot-stage1-disease-r2,101,9003,,a94b904840df0142,0.05,0,none,0.1,0.1,0,2,,,completed,extinction on day 1,9,9,0,0.005,1,1,1,0,1,1,0
a6e21e2bdaaa419aba5d0ce44583498b,8cd63cc338fe6815710324ca5d818aa2c47ba522f8461dc9122ae645046c50b9,44e2704,pilot-stage1-disease-r2,101,9003,,a94b904840df0142,0.1,0,none,0.1,0.1,0,2,,,completed,extinction on day 1,16,16,0,0.005,1,1,1,0,1,1,0
60c92338e5534804aeb79a248a0fc934,5ff8a37c6722b0dca1f739b6598bd9c25941d2422bd8fa6d18e0590f6afa09b0,44e2704,pilot-stage1-disease-r2,101,9004,,a94b904840df0142,0.0,0,none,0.1,0.1,0,2,,,completed,extinction on day 40,0,0,0,0.05,10,1,8,6,40,40,0
98284425835246f8bcb2f2162fee0f4d,5db4899f2da731b187195df3ffcc243611e165fe1a5605162e412ec88723bc38,44e2704,pilot-stage1-disease-r2,101,9004,,a94b904840df0142,0.01,0,none,0.1,0.1,0,2,,,completed,extinction on day 44,88,84,4,0.115,23,2,11,20,44,44,0
6d6e4a22bf6f435c9bb5db2e5a0689d7,01466e5ee5f5d917ce2ae0a10235ccfed73018c359ca83ae6a37c9334ab3c57c,44e2704,pilot-stage1-disease-r2,101,9004,,a94b904840df0142,0.02,0,none,0.1,0.1,0,2,,,completed,extinction on day 131,567,540,27,0.575,115,11,39,24,131,131,0
baa09273353f4a24b4f0030f9b8e2516,0be743470d1146444d366380d75a933612d5d137c348c7b1fe88eb948510cd00,44e2704,pilot-stage1-disease-r2,101,9004,,a94b904840df0142,0.025,0,none,0.1,0.1,0,2,,,completed,extinction on day 85,448,429,19,0.74,148,15,51,24,85,85,0
a7c91df2cfd3445b8063b5639b833041,40acc221311a6b80ed7bfffabea4bbf2a7682975307acd547a7fcf771abe8638,44e2704,pilot-stage1-disease-r2,101,9004,,a94b904840df0142,0.05,0,none,0.1,0.1,0,2,,,completed,extinction on day 115,1177,1092,85,0.77,154,15,36,37,115,115,0
38071f5a26f34b76b68fee9b6b603ea1,c114b3285b234a46aaeb58b3a04d5c4e6abf9f872544d3ba23797b80df510aa2,44e2704,pilot-stage1-disease-r2,101,9004,,a94b904840df0142,0.1,0,none,0.1,0.1,0,2,,,completed,extinction on day 85,1708,1604,104,0.99,198,20,84,28,85,85,0
86f66ef520e449bca88dd14e145be7e7,24e137a232e80f451c756600992e2d0e5d85c80e255de77e98b7ee94ca19d1ef,44e2704,pilot-stage1-disease-r2,101,9005,,a94b904840df0142,0.0,0,none,0.1,0.1,0,2,,,completed,extinction on day 23,0,0,0,0.05,10,1,8,5,23,23,0
573b97de70814ae49edfa3964bc15ec4,bf11c2428688a3cc64464525d111c57c7a0ef7926b38899c68247a7030f6680d,44e2704,pilot-stage1-disease-r2,101,9005,,a94b904840df0142,0.01,0,none,0.1,0.1,0,2,,,completed,extinction on day 64,136,121,15,0.145,29,3,10,28,64,64,0
26f615c68c89459583a82d7b7d51d7cd,4ca3eeaa29cea247d69e49ac3c06af46d84cf05750e8d9bea346710fca48318c,44e2704,pilot-stage1-disease-r2,101,9005,,a94b904840df0142,0.02,0,none,0.1,0.1,0,2,,,completed,extinction on day 62,270,248,22,0.18,36,4,13,23,62,62,0
f72a9fa3966c49d5baf3bcb7dde37620,5f5cf443dc70a36525bdebd45706dd95ac4f0f44db8401732bfb47c0ea1632f2,44e2704,pilot-stage1-disease-r2,101,9005,,a94b904840df0142,0.025,0,none,0.1,0.1,0,2,,,completed,extinction on day 107,574,535,39,0.825,165,15,33,60,107,107,0
98f7045867dc4fbfa964de23b3636611,8a7ca60365deb0459dd5f4a52c8c9d5f4dbb9f75a6880a47b647bb31d5092fc2,44e2704,pilot-stage1-disease-r2,101,9005,,a94b904840df0142,0.05,0,none,0.1,0.1,0,2,,,completed,extinction on day 100,1045,990,55,0.97,194,20,59,40,100,100,0
e18d1aa35a2a4464b9dd8058d2d05ad2,fad92e439d64deec051a7d3afea9328de3bcb1a5a36faec61fad59f06bdfc6f3,44e2704,pilot-stage1-disease-r2,101,9005,,a94b904840df0142,0.1,0,none,0.1,0.1,0,2,,,completed,extinction on day 73,1485,1393,92,0.985,197,19,60,31,73,73,0
313a9786b00f4cebaa10dfff95baec28,abdba72eceb9c29f7b6a15b680892816d149ce461c6a547a5dd46cccbe7ea892,44e2704,pilot-stage1-disease-r2,101,9006,,a94b904840df0142,0.0,0,none,0.1,0.1,0,2,,,completed,extinction on day 1,0,0,0,0.005,1,1,1,0,1,1,0
272b88ff257943cdaa024deffb2118d0,3d7d535820586b9bd3a8331d8e98083fd60e47d758637671cebb66dd88ccdfd8,44e2704,pilot-stage1-disease-r2,101,9006,,a94b904840df0142,0.01,0,none,0.1,0.1,0,2,,,completed,extinction on day 1,5,5,0,0.005,1,1,1,0,1,1,0
d42997766cfe4e51a7e4d1564df5a4bc,83c8dba379794c1e3049862cb95a64285a3cf556a1cdedf7b1315a7559d463d5,44e2704,pilot-stage1-disease-r2,101,9006,,a94b904840df0142,0.02,0,none,0.1,0.1,0,2,,,completed,extinction on day 1,6,6,0,0.005,1,1,1,0,1,1,0
d39bb8f84e1a409e889e7e4a67c46fe8,5e15057854f8997ad6fe793826a925f37930db96c1455f531b38b1dd696717be,44e2704,pilot-stage1-disease-r2,101,9006,,a94b904840df0142,0.025,0,none,0.1,0.1,0,2,,,completed,extinction on day 1,7,7,0,0.005,1,1,1,0,1,1,0
b0dba8b713ab47849e71cae69f1c9fea,680ca642db584fe05264ac4f4d5b82cc133424fa97c7a14c1a145611d6d95db6,44e2704,pilot-stage1-disease-r2,101,9006,,a94b904840df0142,0.05,0,none,0.1,0.1,0,2,,,completed,extinction on day 1,14,14,0,0.005,1,1,1,0,1,1,0
93ce421440f443f7932b46e726e2dd03,a9934a0e9375da6e913e09ebb68133c201819812954c796d77861a21625e0efe,44e2704,pilot-stage1-disease-r2,101,9006,,a94b904840df0142,0.1,0,none,0.1,0.1,0,2,,,completed,extinction on day 1,19,18,1,0.005,1,1,1,0,1,1,0
9f5bd64c24164dd48b8d77a817df82c8,af2943fb14ef8420cf47a6c75faf42df71e191c8e66b6afdf69113ff94e9e7be,44e2704,pilot-stage1-disease-r2,101,9007,,a94b904840df0142,0.0,0,none,0.1,0.1,0,2,,,completed,extinction on day 29,0,0,0,0.05,10,1,6,3,29,29,0
51276c4f022641de85eba3f7c5afd1aa,b18693132dc89e4d46d604fcbabb1b5c8ba43c37d1f5f2a8aba12b15fe1a458b,44e2704,pilot-stage1-disease-r2,101,9007,,a94b904840df0142,0.01,0,none,0.1,0.1,0,2,,,completed,extinction on day 34,62,58,4,0.11,22,2,8,16,34,34,0
3b3398f3b8d4426683b11be38606d9e1,9c0f2516b4c64f4eecedc470520ec95ed668153c6ed4d95fef58b417d8236283,44e2704,pilot-stage1-disease-r2,101,9007,,a94b904840df0142,0.02,0,none,0.1,0.1,0,2,,,completed,extinction on day 77,298,271,27,0.27,54,6,13,60,77,77,0
b4a10ee98a7849928c25943dcf47b5b0,be3471e1ff0f16e8c063aba41c818bdef14f1ba90595c8db23a94f919cb0fa81,44e2704,pilot-stage1-disease-r2,101,9007,,a94b904840df0142,0.025,0,none,0.1,0.1,0,2,,,completed,extinction on day 38,175,158,17,0.095,19,3,7,7,38,38,0
1747c8df4ec24806bc57af533ef19013,237af04371fac875f74fd8ddd181752112c341d8d882cbc782a664705888c28f,44e2704,pilot-stage1-disease-r2,101,9007,,a94b904840df0142,0.05,0,none,0.1,0.1,0,2,,,completed,extinction on day 112,1105,1031,74,0.96,192,19,63,37,112,112,0
ecf7caee4681441b8a18e31e11556218,eb9ce665b0a35b8954893759904ef616ffd187e5ce2337aa273d39c256ea4c7c,44e2704,pilot-stage1-disease-r2,101,9007,,a94b904840df0142,0.1,0,none,0.1,0.1,0,2,,,completed,extinction on day 85,1723,1644,79,1.0,200,20,77,26,85,85,0
805e5115313546e290de96aa8ce82b48,319331478634c276bed23271a46223625f4d2adfed0a9dfb3eb91618d9bab16f,44e2704,pilot-stage1-disease-r2,101,9008,,a94b904840df0142,0.0,0,none,0.1,0.1,0,2,,,completed,extinction on day 38,0,0,0,0.05,10,1,6,9,38,38,0
ae35a0d7ea2547ff9a5a04c5d718a407,a23dda9206e52bc40874eb08e680d28e5c61c236fc1b1ae30c8702dd698353b9,44e2704,pilot-stage1-disease-r2,101,9008,,a94b904840df0142,0.01,0,none,0.1,0.1,0,2,,,completed,extinction on day 90,199,186,13,0.38,76,7,32,67,90,90,0
4242819ef2584e92a36b654efeca33f5,a7a134cce3bf5134e5e47bdbce124e41d4b81135532151fe8cab5d9f009110bf,44e2704,pilot-stage1-disease-r2,101,9008,,a94b904840df0142,0.02,0,none,0.1,0.1,0,2,,,completed,extinction on day 70,289,275,14,0.145,29,2,12,37,70,70,0
952d5415fa9144a49a538b3be861c885,f31743d3314e9c8e41f68da30c2fced56d53dfdc83399616acfcfdaa6602a83e,44e2704,pilot-stage1-disease-r2,101,9008,,a94b904840df0142,0.025,0,none,0.1,0.1,0,2,,,completed,extinction on day 133,677,648,29,0.49,98,9,23,47,133,133,0
b0cfdf9c0c7544bcbe7447cbc2de1185,5bc2cf5adf70bf419896bc5e3dfda43f9f4a09998edaf45dca7c2fa11ebf0845,44e2704,pilot-stage1-disease-r2,101,9008,,a94b904840df0142,0.05,0,none,0.1,0.1,0,2,,,completed,extinction on day 90,896,832,64,0.965,193,20,71,25,90,90,0
eeaa77c84a894845ae9ea24c657d14ca,4c381476ebd010c7cfa1c91ada55a797052e5c5b6cf8a0dd37aa0db699401b56,44e2704,pilot-stage1-disease-r2,101,9008,,a94b904840df0142,0.1,0,none,0.1,0.1,0,2,,,completed,extinction on day 76,1534,1436,98,0.995,199,20,81,36,76,76,0
bb6766b91ac949258d55000fcd966208,7e5bf14396b1cac781334ba2465638398c6506b7eceaa39be9534e9e00826664,44e2704,pilot-stage1-disease-r2,101,9009,,a94b904840df0142,0.0,0,none,0.1,0.1,0,2,,,completed,extinction on day 29,0,0,0,0.05,10,1,6,4,29,29,0
34333f5f2bce4788984ddf27b57dc94a,ec798736799fe1f8db4be8633ee561fee4bbfb7719f95c899b0065e88609b964,44e2704,pilot-stage1-disease-r2,101,9009,,a94b904840df0142,0.01,0,none,0.1,0.1,0,2,,,completed,extinction on day 29,53,49,4,0.055,11,1,6,4,29,29,0
fc9ce53baefc4a77aae91c32ed92840b,5cc940d08d9240d608986df6d4d3284d010001d040b770564f05d72a9a0f1827,44e2704,pilot-stage1-disease-r2,101,9009,,a94b904840df0142,0.02,0,none,0.1,0.1,0,2,,,completed,extinction on day 53,215,207,8,0.205,41,4,20,14,53,53,0
0f3bac0dd8cd4e61a829c8527041cf10,19354d9e6843262b705a7905afba412544b5a54e87726ac8f903e6e3d166a154,44e2704,pilot-stage1-disease-r2,101,9009,,a94b904840df0142,0.025,0,none,0.1,0.1,0,2,,,completed,extinction on day 118,589,562,27,0.9,180,17,36,23,118,118,0
dbe961706b3048d4a6e27fddae4aa1cf,ec3759319ef90c95b27f2d611a196ca15e2bee7134c88a41304a667df9cfeb92,44e2704,pilot-stage1-disease-r2,101,9009,,a94b904840df0142,0.05,0,none,0.1,0.1,0,2,,,completed,extinction on day 95,968,912,56,0.965,193,19,62,45,95,95,0
1c962a1bbedb49bb8e36ca29114148e5,ab1684c64f2d220a0d5b686a0077cdd88037f56c2fb43e5af2715878b3534514,44e2704,pilot-stage1-disease-r2,101,9009,,a94b904840df0142,0.1,0,none,0.1,0.1,0,2,,,completed,extinction on day 95,1964,1861,103,1.0,200,20,90,35,95,95,0
03639bfbc36b4d0b8d05fcb1ec466ea1,2d868a8b23d84a537507bdf92a98f5bc46987f78cf8b3a90bfba8a0d39d2a7e6,44e2704,pilot-stage1-disease-r2,102,9000,,0a9f06b6dff3de72,0.0,0,none,0.1,0.1,0,2,,,completed,extinction on day 35,0,0,0,0.05,10,1,8,6,35,35,0
32dd3bd2223e409fa5e0f105acc42673,92588f12e5fc319164df095a934fc7697fc7d97e4e41895546ba2d5cb76e36b0,44e2704,pilot-stage1-disease-r2,102,9000,,0a9f06b6dff3de72,0.01,0,none,0.1,0.1,0,2,,,completed,extinction on day 58,115,114,1,0.18,36,3,14,36,58,58,0
0443fba2813f40699d6bb0f7ec10c1a3,f83b4f1060d4d9f68c28bd97775e0201d5528cd392cc23dba71933ca36f7a257,44e2704,pilot-stage1-disease-r2,102,9000,,0a9f06b6dff3de72,0.02,0,none,0.1,0.1,0,2,,,completed,extinction on day 117,455,411,44,0.52,104,11,34,47,117,117,0
60f5c3d7ed5149d393d2d0c6fffb1790,d5cf63f39a0db1b2f4ec6918ff8b83312568d0dca587f6864462abfbe5329cef,44e2704,pilot-stage1-disease-r2,102,9000,,0a9f06b6dff3de72,0.025,0,none,0.1,0.1,0,2,,,completed,extinction on day 95,456,427,29,0.575,115,11,28,67,95,95,0
f8910c693aea4ee89c72436549bb089b,c7ac92a3d397896264a99ad6e5b2e9bc063ddec1ca9e2f13ef9ab17a1b73bb1c,44e2704,pilot-stage1-disease-r2,102,9000,,0a9f06b6dff3de72,0.05,0,none,0.1,0.1,0,2,,,completed,extinction on day 113,1141,1077,64,0.97,194,20,42,71,113,113,0
a074eff167184bb3bfb6dd7324634198,77dc44084771b8bd225b1b5d4043534313d71390f8913376c399b8dcfc879a19,44e2704,pilot-stage1-disease-r2,102,9000,,0a9f06b6dff3de72,0.1,0,none,0.1,0.1,0,2,,,completed,extinction on day 62,1248,1171,77,0.995,199,20,86,29,62,62,0
40af3e983bc7445a8b6a7f8de76df110,a6ce01478be74f13f01bb40563236026dc35da61b6395a5dd67da9f7874eb582,44e2704,pilot-stage1-disease-r2,102,9001,,0a9f06b6dff3de72,0.0,0,none,0.1,0.1,0,2,,,completed,extinction on day 29,0,0,0,0.05,10,1,9,5,29,29,0
7f087d0f29bf46498dcf6b77a1718d9c,1287c823151f7eec3ef6f2c6808010b1ba7a4213d272853ea449497415370025,44e2704,pilot-stage1-disease-r2,102,9001,,0a9f06b6dff3de72,0.01,0,none,0.1,0.1,0,2,,,completed,extinction on day 41,82,78,4,0.085,17,2,9,5,41,41,0
be01655bc03442bdaeaa3c3d1ccc25b5,785e044215d6d8bce129c76a0d04aca7c3d07ec72fdd1bd1c5bbf2e9d002d6f0,44e2704,pilot-stage1-disease-r2,102,9001,,0a9f06b6dff3de72,0.02,0,none,0.1,0.1,0,2,,,completed,extinction on day 120,478,446,32,0.595,119,12,25,82,120,120,0
7a88ecff3c554bd9a5c564902b23ae8b,a691eb950586ac937c94794f44456050c44d399a6f8b80299d7fef73deb9bb13,44e2704,pilot-stage1-disease-r2,102,9001,,0a9f06b6dff3de72,0.025,0,none,0.1,0.1,0,2,,,completed,extinction on day 60,286,262,24,0.18,36,3,14,26,60,60,0
fc2271961999490fa6160d4042c85c8b,3a844a974df024ee7826aaf70879e75ff17921aeabaac08466fe807c8a4cd715,44e2704,pilot-stage1-disease-r2,102,9001,,0a9f06b6dff3de72,0.05,0,none,0.1,0.1,0,2,,,completed,extinction on day 120,1219,1132,87,0.885,177,18,38,73,120,120,0
d9098e1a35cb4fb3be2b6701b18228d6,c1f328ff0f0ff3d668f2252e9b6aeb79a2a6ac9a7e9ffa915e5452af717591a8,44e2704,pilot-stage1-disease-r2,102,9001,,0a9f06b6dff3de72,0.1,0,none,0.1,0.1,0,2,,,completed,extinction on day 80,1634,1531,103,0.975,195,20,57,49,80,80,0
0bc0edb4edaa49fa8502016e81fd844e,acadb4d89ff49b1a4727ee703e09809feea41f4d12c7318e7d972f39a0cca4f0,44e2704,pilot-stage1-disease-r2,102,9002,,0a9f06b6dff3de72,0.0,0,none,0.1,0.1,0,2,,,completed,extinction on day 44,0,0,0,0.05,10,1,9,5,44,44,0
24709343118b4ca5a274b5c921a1f3fb,72371a64c5296e5eb2d8445945b1de87c18234942135b604e02faed0a9c37602,44e2704,pilot-stage1-disease-r2,102,9002,,0a9f06b6dff3de72,0.01,0,none,0.1,0.1,0,2,,,completed,extinction on day 63,112,109,3,0.06,12,1,9,5,63,63,0
0d86a0e6c6f0446880f04453bef7681b,3e61056f76c11a92d08c5f416bb61dbed0b68735bf7e12e592def8c4b8e78b9f,44e2704,pilot-stage1-disease-r2,102,9002,,0a9f06b6dff3de72,0.02,0,none,0.1,0.1,0,2,,,completed,extinction on day 44,165,154,11,0.065,13,1,9,5,44,44,0
4e6cd7a92a274911b983dada84515b87,4fd02c1bb82946e4fa21ec1ae17f608218f118da49c1f9dec2373fea1429c642,44e2704,pilot-stage1-disease-r2,102,9002,,0a9f06b6dff3de72,0.025,0,none,0.1,0.1,0,2,,,completed,extinction on day 64,302,278,24,0.135,27,4,9,5,64,64,0
fcf60aef656045c5bc2866bc088281b3,ddc6f059e4e8d6c4c11fe4cb116edd38af5d2f9211cc0211939aefcb3e7bf47e,44e2704,pilot-stage1-disease-r2,102,9002,,0a9f06b6dff3de72,0.05,0,none,0.1,0.1,0,2,,,completed,extinction on day 127,1279,1189,90,0.99,198,20,46,71,127,127,0
84c15d6849ff4057bbde44033818a898,759c7588e961ab1615c919ecc7318e85d1b9f586b8edffb3999d05bdd6661d47,44e2704,pilot-stage1-disease-r2,102,9002,,0a9f06b6dff3de72,0.1,0,none,0.1,0.1,0,2,,,completed,extinction on day 91,1776,1648,128,1.0,200,20,59,52,91,91,0
dcd0eb75d07440a4af2d32bb101753d8,ec2e722ef464678a649d313813c7242d1068024befa09c8c6b36829283dcec06,44e2704,pilot-stage1-disease-r2,102,9003,,0a9f06b6dff3de72,0.0,0,none,0.1,0.1,0,2,,,completed,extinction on day 1,0,0,0,0.005,1,1,1,0,1,1,0
a09629ecae324764b531227041693f4b,dca34077fa983b990623d19af9f1ae9879e22d772597db9d155365215ffe5363,44e2704,pilot-stage1-disease-r2,102,9003,,0a9f06b6dff3de72,0.01,0,none,0.1,0.1,0,2,,,completed,extinction on day 1,3,3,0,0.005,1,1,1,0,1,1,0
307c7e6e83354899ab13a40b97c503c1,1edfe1dd26eec981613fa86454e7446243ec1b99b10b1593965c044dfe2c72a2,44e2704,pilot-stage1-disease-r2,102,9003,,0a9f06b6dff3de72,0.02,0,none,0.1,0.1,0,2,,,completed,extinction on day 1,5,5,0,0.005,1,1,1,0,1,1,0
1d51266bc4fc4440b0408f5dcc832a4b,70a2c5da49bea946cb03bd2f1df164f3bf883838908f67e8df9b5e530caf3831,44e2704,pilot-stage1-disease-r2,102,9003,,0a9f06b6dff3de72,0.025,0,none,0.1,0.1,0,2,,,completed,extinction on day 1,5,5,0,0.005,1,1,1,0,1,1,0
aec9d4a4c4c04579b89653b44469703c,1984dae8555aea14bcbec87bb2c52ec9b0a2c5ed47a4859a0c527e9b15027d7f,44e2704,pilot-stage1-disease-r2,102,9003,,0a9f06b6dff3de72,0.05,0,none,0.1,0.1,0,2,,,completed,extinction on day 1,9,9,0,0.005,1,1,1,0,1,1,0
f850200aa0804334a7ff977f610546c8,ed6be01015f10839c148b10589bf65e8a5e7065802a77085ee8950e076c9fb68,44e2704,pilot-stage1-disease-r2,102,9003,,0a9f06b6dff3de72,0.1,0,none,0.1,0.1,0,2,,,completed,extinction on day 1,16,16,0,0.005,1,1,1,0,1,1,0
c6ed63716fda472cbe0fa9d595c09568,c74171eac9b029221f6662bd0bcaa9da352aad850c96790974f8e5509f1790e9,44e2704,pilot-stage1-disease-r2,102,9004,,0a9f06b6dff3de72,0.0,0,none,0.1,0.1,0,2,,,completed,extinction on day 40,0,0,0,0.05,10,1,8,6,40,40,0
aca121ee8dd34887b23910eefe36cd70,5ce61c0e709b898b0f798c1d84c275fa4466a76d721c89059d538645837f687c,44e2704,pilot-stage1-disease-r2,102,9004,,0a9f06b6dff3de72,0.01,0,none,0.1,0.1,0,2,,,completed,extinction on day 40,80,78,2,0.11,22,3,10,20,40,40,0
55f6b7630be4409bb9c7bfd300d4f80c,785a50f38fd03d81a013a1f8d557582c6861fc97bc9c01b2f4a203ee281409ac,44e2704,pilot-stage1-disease-r2,102,9004,,0a9f06b6dff3de72,0.02,0,none,0.1,0.1,0,2,,,completed,extinction on day 87,369,343,26,0.245,49,5,16,28,87,87,0
cc3ee43c20014c819733f565a226bef3,c53165ea020437a1613f587b8da071a0ee804cca7d0ebd46760c7b5da34dd72b,44e2704,pilot-stage1-disease-r2,102,9004,,0a9f06b6dff3de72,0.025,0,none,0.1,0.1,0,2,,,completed,extinction on day 44,215,196,19,0.195,39,5,20,23,44,44,0
78dff17bc163442f990cb33537446b2b,bf7667b02c705e67076d8aef571d7171014840b81c27c37a0a4d6c7696480f79,44e2704,pilot-stage1-disease-r2,102,9004,,0a9f06b6dff3de72,0.05,0,none,0.1,0.1,0,2,,,completed,extinction on day 188,1906,1759,147,0.955,191,20,33,138,188,188,0
5fd11e33b4254d53a03d13a76edb058c,0babc348dd0e0be57e46cf90e125ac79e192a57120ab602e59e015d36c7eaac8,44e2704,pilot-stage1-disease-r2,102,9004,,0a9f06b6dff3de72,0.1,0,none,0.1,0.1,0,2,,,completed,extinction on day 85,1708,1570,138,1.0,200,20,87,21,85,85,0
ed0e1ccbd0384fe4bc93d6bda43fcca4,6d8fcbfb8cc2543da0090fb4c859c590e48d612c9e0fdf2ebbfb2a8f693f3b90,44e2704,pilot-stage1-disease-r2,102,9005,,0a9f06b6dff3de72,0.0,0,none,0.1,0.1,0,2,,,completed,extinction on day 23,0,0,0,0.05,10,1,8,5,23,23,0
250fe5d691524eb4bcb1cbda41e13771,247c520a38bdceb50818fe23b1e92fbc3881c01df74c16878c3e0773896b8659,44e2704,pilot-stage1-disease-r2,102,9005,,0a9f06b6dff3de72,0.01,0,none,0.1,0.1,0,2,,,completed,extinction on day 42,85,81,4,0.115,23,2,9,5,42,42,0
cedf5853112d4447a4fd99a81f5914b4,271fb255f7ac047e3fda8e2925afa7e1abbcc7d93762533b2236814f0172637a,44e2704,pilot-stage1-disease-r2,102,9005,,0a9f06b6dff3de72,0.02,0,none,0.1,0.1,0,2,,,completed,extinction on day 79,339,314,25,0.335,67,7,17,55,79,79,0
60c037a616e74fa6b53efeae9e321808,3ad764248254c8a67e5b37fb1642573c360b5ea277c58f6fe6beb09e49755813,44e2704,pilot-stage1-disease-r2,102,9005,,0a9f06b6dff3de72,0.025,0,none,0.1,0.1,0,2,,,completed,extinction on day 28,132,121,11,0.115,23,2,10,20,28,28,0
55fd05e3209e4a5f93d5a01579fae587,85ca5baf852d0e1e015ac6996fab7b2c9b03638b0d389037da9836f8ba2ce4f3,44e2704,pilot-stage1-disease-r2,102,9005,,0a9f06b6dff3de72,0.05,0,none,0.1,0.1,0,2,,,completed,extinction on day 76,786,732,54,0.965,193,19,63,35,76,76,0
85511ed10e3d4971a8055351c697ba8e,9c6cf474984acbadaed56f22e3367f6c506e58150908f1a853eadcc6eeb227fb,44e2704,pilot-stage1-disease-r2,102,9005,,0a9f06b6dff3de72,0.1,0,none,0.1,0.1,0,2,,,completed,extinction on day 65,1289,1198,91,0.98,196,20,65,37,65,65,0
4655c396e3eb49878c904cd6fc441520,6885bb16991ee4232434381aa6f620eb1f4b57e9f8aa637f75fd3aec8ec1eefa,44e2704,pilot-stage1-disease-r2,102,9006,,0a9f06b6dff3de72,0.0,0,none,0.1,0.1,0,2,,,completed,extinction on day 1,0,0,0,0.005,1,1,1,0,1,1,0
1faf5a0e441143c3add81793d959989f,393c64bbe97d3b049b6fd4117a7f5bfe6b91dbca6aa58554a685c4bac53074a7,44e2704,pilot-stage1-disease-r2,102,9006,,0a9f06b6dff3de72,0.01,0,none,0.1,0.1,0,2,,,completed,extinction on day 1,5,5,0,0.005,1,1,1,0,1,1,0
9e047f142af64a0db4c925e78988f777,b60a82e570ad0618c69511abfceb5ca73cbf4825258e72ad4f46b02180006b17,44e2704,pilot-stage1-disease-r2,102,9006,,0a9f06b6dff3de72,0.02,0,none,0.1,0.1,0,2,,,completed,extinction on day 1,6,6,0,0.005,1,1,1,0,1,1,0
150a6dcbe42148c2a15a9c5b4036d85b,2289036adcca48b1f9410c8e7fdea9bf3272449721a954ef05fe0f1f31f32ed5,44e2704,pilot-stage1-disease-r2,102,9006,,0a9f06b6dff3de72,0.025,0,none,0.1,0.1,0,2,,,completed,extinction on day 1,7,7,0,0.005,1,1,1,0,1,1,0
e3a25a4f424e4a8099cb18d56504b473,7df9727657a62102b75deabb413ea5db5a268f12c5a9a4950d05c06c947f469e,44e2704,pilot-stage1-disease-r2,102,9006,,0a9f06b6dff3de72,0.05,0,none,0.1,0.1,0,2,,,completed,extinction on day 1,14,14,0,0.005,1,1,1,0,1,1,0
fa0bc9bdb96041118dbe1c0faf7b4896,75e5bc69dec1704f63498884600f8583069e9b706d4d41c71efaa0867f247b16,44e2704,pilot-stage1-disease-r2,102,9006,,0a9f06b6dff3de72,0.1,0,none,0.1,0.1,0,2,,,completed,extinction on day 1,19,19,0,0.005,1,1,1,0,1,1,0
a5ec3b01d4544cf1972edb0d56973c9e,dd9aa0000d9f2bd5b6bb153b037c44eab7dadc79e01b5596901ba5712caf96aa,44e2704,pilot-stage1-disease-r2,102,9007,,0a9f06b6dff3de72,0.0,0,none,0.1,0.1,0,2,,,completed,extinction on day 29,0,0,0,0.05,10,1,6,3,29,29,0
40261ca2ae5049a19da4045f6c3c03ff,ed6399f4251e39a7948e5a3c25b79804ff2e7de1487b1011eec54effda08414b,44e2704,pilot-stage1-disease-r2,102,9007,,0a9f06b6dff3de72,0.01,0,none,0.1,0.1,0,2,,,completed,extinction on day 152,301,284,17,0.655,131,13,21,124,152,152,0
85cf825aeb304b4bb0d7e11215300c2f,28caca26bf468c435e138dfe7a82d3dbb055c3f663e6603f50bcb635297b1167,44e2704,pilot-stage1-disease-r2,102,9007,,0a9f06b6dff3de72,0.02,0,none,0.1,0.1,0,2,,,completed,extinction on day 84,325,306,19,0.385,77,7,21,14,84,84,0
3e2937a3cd4547348c4dd287084be29a,72acd935d382f30af7dace41a13c8f33d5dc541562a3128b27e7653fa950b899,44e2704,pilot-stage1-disease-r2,102,9007,,0a9f06b6dff3de72,0.025,0,none,0.1,0.1,0,2,,,completed,extinction on day 112,565,526,39,0.455,91,8,23,88,112,112,0
a52eaa80810547419ad1bf57865ab1a3,5c5d66d55810c2b819fc09d01837624ba7bf218e9c732d5e39221275c5a5ca7e,44e2704,pilot-stage1-disease-r2,102,9007,,0a9f06b6dff3de72,0.05,0,none,0.1,0.1,0,2,,,completed,extinction on day 77,762,708,54,0.95,190,18,59,26,77,77,0
cfcdf5e101c544698f03be78039d9b5a,cf6d87120a2116683e7d0d76c02d42a3c1d0065a642c3dcae6097f2aa4669b8c,44e2704,pilot-stage1-disease-r2,102,9007,,0a9f06b6dff3de72,0.1,0,none,0.1,0.1,0,2,,,completed,extinction on day 74,1488,1397,91,0.995,199,20,78,31,74,74,0
50525cd81862415cb1ecf7d99365f91b,5f50e7eeab274cfb4c14dde2d3c2a694f268f0e3119eaaeb0d35f790bec6a2f9,44e2704,pilot-stage1-disease-r2,102,9008,,0a9f06b6dff3de72,0.0,0,none,0.1,0.1,0,2,,,completed,extinction on day 38,0,0,0,0.05,10,1,6,9,38,38,0
012249ebd0a04b11a4c097b8cdd055ce,8facb5c78ec820a4eacbd2d16089e24f0c0ceb66f67b746e4fff2096d256a78c,44e2704,pilot-stage1-disease-r2,102,9008,,0a9f06b6dff3de72,0.01,0,none,0.1,0.1,0,2,,,completed,extinction on day 108,234,220,14,0.6,120,14,26,45,108,108,0
35a43fbc472048888f330e920e05ccdf,f77c9862e4b7024166f4f6b9ed3c88e712634e1fb0592b5e544e1c08c4af75d0,44e2704,pilot-stage1-disease-r2,102,9008,,0a9f06b6dff3de72,0.02,0,none,0.1,0.1,0,2,,,completed,extinction on day 121,512,484,28,0.825,165,15,44,47,121,121,0
1adf3042504a40a195fea2d47f19ac02,992f0c4574f5ec6edf471e4279d337fc11c55359f0fd9aa57da9182d542ce0b9,44e2704,pilot-stage1-disease-r2,102,9008,,0a9f06b6dff3de72,0.025,0,none,0.1,0.1,0,2,,,completed,extinction on day 146,751,695,56,0.77,154,17,38,25,146,146,0
7f46ec450e504cb5a78d85e4fccae29b,390f6a7d06a8475637f22220e6daad166aec732d8e56e1a11483444c96386ac5,44e2704,pilot-stage1-disease-r2,102,9008,,0a9f06b6dff3de72,0.05,0,none,0.1,0.1,0,2,,,completed,extinction on day 95,950,863,87,0.96,192,20,57,39,95,95,0
ada2eccf4e2c4feeb8a518437dacda99,50ab0b1d1aece21b19eecae74426d6351cf3f687c16ffc2fcb770ab40295f301,44e2704,pilot-stage1-disease-r2,102,9008,,0a9f06b6dff3de72,0.1,0,none,0.1,0.1,0,2,,,completed,extinction on day 89,1782,1653,129,1.0,200,20,81,28,89,89,0
0cc7f41eaa7442e9a6affb8405b4178e,c4a1fcfa4c19cf18c709589823f9202eb6b5cdc57e6929dc7ca7d18493ec2397,44e2704,pilot-stage1-disease-r2,102,9009,,0a9f06b6dff3de72,0.0,0,none,0.1,0.1,0,2,,,completed,extinction on day 29,0,0,0,0.05,10,1,6,4,29,29,0
f5dead2955cf42bea8ff4a8b0ce8f173,70539b449b806fe68c43827fe3cffdde369a56cf6e5299f10db8114115043fa0,44e2704,pilot-stage1-disease-r2,102,9009,,0a9f06b6dff3de72,0.01,0,none,0.1,0.1,0,2,,,completed,extinction on day 76,166,160,6,0.115,23,2,7,4,76,76,0
1d763af58f6145f5bc15899546f770f9,5d5a16e1e96f7e49ca9bdc4054118c95a902daabfb092370b3e615d5e03308b4,44e2704,pilot-stage1-disease-r2,102,9009,,0a9f06b6dff3de72,0.02,0,none,0.1,0.1,0,2,,,completed,extinction on day 34,136,135,1,0.16,32,3,19,8,34,34,0
9ff93fc422ef4c6aa455876796605f5b,346487b2811bd0bc8848723fb08f96b1217dc323e87f420162264afb4a33dace,44e2704,pilot-stage1-disease-r2,102,9009,,0a9f06b6dff3de72,0.025,0,none,0.1,0.1,0,2,,,completed,extinction on day 126,628,586,42,0.925,185,19,36,46,126,126,0
3f2f2a91e8a44a20900e2d4a99546d68,9311947b401f459a4ae35873d9a6c2be13e3fb76d57f3c4072f6616def2ce2c7,44e2704,pilot-stage1-disease-r2,102,9009,,0a9f06b6dff3de72,0.05,0,none,0.1,0.1,0,2,,,completed,extinction on day 78,772,729,43,0.995,199,20,75,27,78,78,0
d210e47eae1b4b16af512c579702a4a1,7722d032d455d707e3dd95c87f2256746d13486c043901744dfa78c3644e88c1,44e2704,pilot-stage1-disease-r2,102,9009,,0a9f06b6dff3de72,0.1,0,none,0.1,0.1,0,2,,,completed,extinction on day 91,1874,1745,129,1.0,200,20,82,28,91,91,0
a0fa6aaf875f473bb10d6723c0b845ad,ceceebdf56a6220df78d817cbd5c38cad0f7433ad18b724d198dafeaa41b1a51,44e2704,pilot-stage1-disease-r2,103,9000,,3eba5fa24d22e1a9,0.0,0,none,0.1,0.1,0,2,,,completed,extinction on day 35,0,0,0,0.05,10,1,8,6,35,35,0
f77fb5debe454f97ab1687d7adedd89c,776385ea665614c29272500c175c1517f6be198768c9e3e05062d85bd6f6c8bb,44e2704,pilot-stage1-disease-r2,103,9000,,3eba5fa24d22e1a9,0.01,0,none,0.1,0.1,0,2,,,completed,extinction on day 102,206,202,4,0.21,42,4,13,31,102,102,0
c7f3e1c1d21647b0868ba0d0e55f519b,04f87318952ea0b9dc55a6e939788ba3cd8b23253490d6372b6cf984c1ca257d,44e2704,pilot-stage1-disease-r2,103,9000,,3eba5fa24d22e1a9,0.02,0,none,0.1,0.1,0,2,,,completed,extinction on day 126,490,457,33,0.375,75,8,13,52,126,126,0
e62a679c9e5a400c9c581e3e0eedd6dc,9e61a56c2b3a5ad5ccb8e3c06e688e8db2db0182df8d41a9103029d22694c478,44e2704,pilot-stage1-disease-r2,103,9000,,3eba5fa24d22e1a9,0.025,0,none,0.1,0.1,0,2,,,completed,extinction on day 114,552,522,30,0.325,65,7,23,40,114,114,0
82286782425d4ab291852f58166d2d17,063abf3b4172d6e7b48aaf7ca1248404df363fb46aeb947d13b7c60a709bc969,44e2704,pilot-stage1-disease-r2,103,9000,,3eba5fa24d22e1a9,0.05,0,none,0.1,0.1,0,2,,,completed,extinction on day 152,1564,1493,71,0.99,198,20,28,67,152,152,0
8f177c161dd74dbd9141d355ec97a0a9,7ce4ecec1693b2438cda4d9327ce3b27da15c227bba161a7c4872fd48dde03e9,44e2704,pilot-stage1-disease-r2,103,9000,,3eba5fa24d22e1a9,0.1,0,none,0.1,0.1,0,2,,,completed,extinction on day 102,2048,1943,105,1.0,200,20,45,38,102,102,0
a8d2e14f4ad84b00837becae6eb83f6f,64f9945ccbef74e8c950be24b1c4611602ed1fddfc11e159988c5b33a3494596,44e2704,pilot-stage1-disease-r2,103,9001,,3eba5fa24d22e1a9,0.0,0,none,0.1,0.1,0,2,,,completed,extinction on day 29,0,0,0,0.05,10,1,9,5,29,29,0
3e50918140db4c0a802cb76e044e277e,86b5cf598568337163dd4e897635dace9026004717e0b73b21a46373b1626c62,44e2704,pilot-stage1-disease-r2,103,9001,,3eba5fa24d22e1a9,0.01,0,none,0.1,0.1,0,2,,,completed,extinction on day 56,111,108,3,0.09,18,2,9,5,56,56,0
ca136497801c433c8a8d8b95fae8090e,6c444fcbf1e8d975bdc9dbde64f54cf586702fc2cbe1bf760dcbde182ba2f29d,44e2704,pilot-stage1-disease-r2,103,9001,,3eba5fa24d22e1a9,0.02,0,none,0.1,0.1,0,2,,,completed,extinction on day 121,484,463,21,0.56,112,13,20,82,121,121,0
c96117d8a7184018a62b71a218336d4e,6c92f1545700e68244526b4a2a86d70782ace2e4902311ad4fb4343ffcbf3118,44e2704,pilot-stage1-disease-r2,103,9001,,3eba5fa24d22e1a9,0.025,0,none,0.1,0.1,0,2,,,completed,extinction on day 75,374,366,8,0.39,78,7,15,49,75,75,0
3e1e66bb23074179942120d3cacbdd7f,a660eb6102a01311a1dfac9d9560223e2c62913e2d4457b25e237e7e07212ba1,44e2704,pilot-stage1-disease-r2,103,9001,,3eba5fa24d22e1a9,0.05,0,none,0.1,0.1,0,2,,,completed,extinction on day 87,887,865,22,0.77,154,15,35,22,87,87,0
06fc4f285e054bd99c2c9a585d3885bc,4b5edcbca070608001b6dd66e9c576f633720afab3ca2ea174cbc96090f37e1e,44e2704,pilot-stage1-disease-r2,103,9001,,3eba5fa24d22e1a9,0.1,0,none,0.1,0.1,0,2,,,completed,extinction on day 83,1692,1606,86,0.995,199,20,47,23,83,83,0
8a75690cdeda454e9150223ebffd2f78,3f12287fb1faa90f7cff309289e8e5a3c0a7a485d79c2c95115d39200dfd4bf2,44e2704,pilot-stage1-disease-r2,103,9002,,3eba5fa24d22e1a9,0.0,0,none,0.1,0.1,0,2,,,completed,extinction on day 44,0,0,0,0.05,10,1,9,5,44,44,0
5a940a713698480d9f1b0c998f010590,3596f945c6d57ae1fced79a30048d482c54f43aef323ad946b4b1ed99ef46766,44e2704,pilot-stage1-disease-r2,103,9002,,3eba5fa24d22e1a9,0.01,0,none,0.1,0.1,0,2,,,completed,extinction on day 44,82,77,5,0.055,11,1,9,5,44,44,0
81f9d684110f4db59fbe78028ee8f67b,cb57edafda39a2692141cc5e618c1ae26cef7a614d6971f854beceb52989b19a,44e2704,pilot-stage1-disease-r2,103,9002,,3eba5fa24d22e1a9,0.02,0,none,0.1,0.1,0,2,,,completed,extinction on day 44,165,156,9,0.06,12,1,9,5,44,44,0
36d735d1976c4ed9abb9784e0cc22411,562a3be2d88c00deb4811b905bceabc50e03b8e9999a9b837b6d4432f9eb4bab,44e2704,pilot-stage1-disease-r2,103,9002,,3eba5fa24d22e1a9,0.025,0,none,0.1,0.1,0,2,,,completed,extinction on day 35,173,166,7,0.065,13,1,10,5,35,35,0
c3787d17ad36468e803440cfd3d0a58d,05e6bf94010adebe7a86f676d205a13b7a063ce4ba6539494dc7c199768156ce,44e2704,pilot-stage1-disease-r2,103,9002,,3eba5fa24d22e1a9,0.05,0,none,0.1,0.1,0,2,,,completed,extinction on day 91,892,859,33,0.95,190,19,54,27,91,91,0
fcd651a1cc094806aadbcf3f7516bb18,b4884250e8b4a8e11bb98eccfab5918c0f60ddca2ab52f14ea68cb33c37bef7c,44e2704,pilot-stage1-disease-r2,103,9002,,3eba5fa24d22e1a9,0.1,0,none,0.1,0.1,0,2,,,completed,extinction on day 58,1103,1040,63,0.25,50,5,30,9,58,58,0
f7054180a7ac43418a153673100ec881,84e53a4abe0994c0568c80a82a4d1b26b0f15e595172284bbdc52c4f17820084,44e2704,pilot-stage1-disease-r2,103,9003,,3eba5fa24d22e1a9,0.0,0,none,0.1,0.1,0,2,,,completed,extinction on day 1,0,0,0,0.005,1,1,1,0,1,1,0
a47b1b6020d74f0fb38b1e90fc7cdbd0,449413db1482474e8f7ef80f9602e8139745ff5655c802d50778850136930d12,44e2704,pilot-stage1-disease-r2,103,9003,,3eba5fa24d22e1a9,0.01,0,none,0.1,0.1,0,2,,,completed,extinction on day 1,3,3,0,0.005,1,1,1,0,1,1,0
29a3a7871d7740e298097a5c80589ea0,215105badf8566a022811edc195a886f6a4fe15329704f5be3436cd71e192e31,44e2704,pilot-stage1-disease-r2,103,9003,,3eba5fa24d22e1a9,0.02,0,none,0.1,0.1,0,2,,,completed,extinction on day 1,5,5,0,0.005,1,1,1,0,1,1,0
26e15c9fc1364fe6997d2c0104c67bbf,015c97d6deac364565a4ea26b88f07051752038a40c7df86248d82f485beece9,44e2704,pilot-stage1-disease-r2,103,9003,,3eba5fa24d22e1a9,0.025,0,none,0.1,0.1,0,2,,,completed,extinction on day 1,5,5,0,0.005,1,1,1,0,1,1,0
4ead4487ff904476953553221f78460a,9ae9e65c7b3eb25f7940aaa0c69c40e9c4440a337b8ddb71f2c0e3b83a0521a2,44e2704,pilot-stage1-disease-r2,103,9003,,3eba5fa24d22e1a9,0.05,0,none,0.1,0.1,0,2,,,completed,extinction on day 1,9,9,0,0.005,1,1,1,0,1,1,0
e485a9478d4c4c159c6fac0ee2bd4310,7a30971933880c0de0433ce1fac291e6f929bfbf0aca3e43b4b132a341fd696e,44e2704,pilot-stage1-disease-r2,103,9003,,3eba5fa24d22e1a9,0.1,0,none,0.1,0.1,0,2,,,completed,extinction on day 1,16,16,0,0.005,1,1,1,0,1,1,0
c52f457bba2640dfb54f1244dbce9a20,1405ae52917cc2775e49c61f3cbcc8edbfc1bdb1842b599c4f168b9ded8fe99c,44e2704,pilot-stage1-disease-r2,103,9004,,3eba5fa24d22e1a9,0.0,0,none,0.1,0.1,0,2,,,completed,extinction on day 40,0,0,0,0.05,10,1,8,6,40,40,0
0e24bb9351ce4993bd4e5f2d3f3143dd,bdf7121a4cea16e692c3e52de59ebfa27c67c9f33e933e5852cce2f01b4d251a,44e2704,pilot-stage1-disease-r2,103,9004,,3eba5fa24d22e1a9,0.01,0,none,0.1,0.1,0,2,,,completed,extinction on day 43,84,82,2,0.115,23,2,11,19,43,43,0
062fd41b97604d97a5682bc2150b5f95,01e0501f831ae072c7d2d4e678e4a4391a27ac2228a150a9910deea1df54c399,44e2704,pilot-stage1-disease-r2,103,9004,,3eba5fa24d22e1a9,0.02,0,none,0.1,0.1,0,2,,,completed,extinction on day 131,567,537,30,0.53,106,9,27,38,131,131,0
cb42d6bdaefe4120b0af4b02a87dc754,948f7d7c200b2d822bf10efb212b90350c27cf1efb4fdca1271d701562f9eea6,44e2704,pilot-stage1-disease-r2,103,9004,,3eba5fa24d22e1a9,0.025,0,none,0.1,0.1,0,2,,,completed,extinction on day 115,610,550,60,0.595,119,13,26,68,115,115,0
85852dc185384d2481707000e10ebd9f,49a8a586cbc1538f9414b92667c0196d0de9582eaa50d18a7d030fc5ef685919,44e2704,pilot-stage1-disease-r2,103,9004,,3eba5fa24d22e1a9,0.05,0,none,0.1,0.1,0,2,,,completed,extinction on day 131,1338,1270,68,0.995,199,20,59,40,131,131,0
0d7152b78c4e43358a0da6807b360c77,809e2ab1f811dfde5fc914a355bb6de004763532a21a2962740277f841a06b10,44e2704,pilot-stage1-disease-r2,103,9004,,3eba5fa24d22e1a9,0.1,0,none,0.1,0.1,0,2,,,completed,extinction on day 85,1708,1613,95,1.0,200,20,70,34,85,85,0
29fd0d0bf4ef4484ad9330bdb09c952e,a439a5350dfde2fa6c4f363c14a0fa299d7617c6320edf4d81209c297ca622e2,44e2704,pilot-stage1-disease-r2,103,9005,,3eba5fa24d22e1a9,0.0,0,none,0.1,0.1,0,2,,,completed,extinction on day 23,0,0,0,0.05,10,1,8,5,23,23,0
7b2034a69542493a981ca96eb9aa8d8e,e2ab990a32007ab25cbeaa822446fef79e7ba14872b9389835ff4d492dfcc214,44e2704,pilot-stage1-disease-r2,103,9005,,3eba5fa24d22e1a9,0.01,0,none,0.1,0.1,0,2,,,completed,extinction on day 76,169,159,10,0.245,49,5,21,49,76,76,0
b9e8b395f06e40cfb409ddaa68384890,f84b2638f0c0ce93c3f1a09fed13a948ba02ebbfa4a41d366340f3c8919499cf,44e2704,pilot-stage1-disease-r2,103,9005,,3eba5fa24d22e1a9,0.02,0,none,0.1,0.1,0,2,,,completed,extinction on day 100,436,418,18,0.4,80,8,17,21,100,100,0
10ba57a2e89c4ab4891605086fb1618e,5978be4371bb8383749cf61c6e9cb9088319a9a3e057496a7e72888da3280166,44e2704,pilot-stage1-disease-r2,103,9005,,3eba5fa24d22e1a9,0.025,0,none,0.1,0.1,0,2,,,completed,extinction on day 64,330,318,12,0.215,43,4,13,19,64,64,0
46cec92161cb49cd8ccc992d1daa542d,57d22570b949d873188f47f715a45c88d4b1cb6d98fcae4a6b64969c2d126108,44e2704,pilot-stage1-disease-r2,103,9005,,3eba5fa24d22e1a9,0.05,0,none,0.1,0.1,0,2,,,completed,extinction on day 87,902,869,33,0.975,195,20,55,44,87,87,0
622ede5c36ab4a2cb7773bb85de71ad8,7b6977cf0804be63feca7410cb79110dff55419a9c97e2a0e6c856dc8b744c7f,44e2704,pilot-stage1-disease-r2,103,9005,,3eba5fa24d22e1a9,0.1,0,none,0.1,0.1,0,2,,,completed,extinction on day 91,1872,1790,82,0.755,151,15,48,37,91,91,0
227deaaac2874ab3a7e684cafe5f5832,cde0449ac73a1b4a24bde9256f84d39f15f91ed1ab9798242329e6a991d252d8,44e2704,pilot-stage1-disease-r2,103,9006,,3eba5fa24d22e1a9,0.0,0,none,0.1,0.1,0,2,,,completed,extinction on day 1,0,0,0,0.005,1,1,1,0,1,1,0
479b222e986c47a0a1ee3401ef39738a,43c23a02dc23391fb15189d34b04d5c7cf93d569ba50fe3b3871c9bedbd575c9,44e2704,pilot-stage1-disease-r2,103,9006,,3eba5fa24d22e1a9,0.01,0,none,0.1,0.1,0,2,,,completed,extinction on day 1,5,5,0,0.005,1,1,1,0,1,1,0
09273ba1c4d9432d9b391fd390840be4,310c6fb8f89183c88a9a0aee070bbbf7eaa9f803cb0c4d4027e9fddee9d95004,44e2704,pilot-stage1-disease-r2,103,9006,,3eba5fa24d22e1a9,0.02,0,none,0.1,0.1,0,2,,,completed,extinction on day 1,6,6,0,0.005,1,1,1,0,1,1,0
0ed791467a854c88aaa3b2cf48a50d94,bd112dd04a724f8294e9f948980bf0284ba7b19701505348b378d9c95a7694be,44e2704,pilot-stage1-disease-r2,103,9006,,3eba5fa24d22e1a9,0.025,0,none,0.1,0.1,0,2,,,completed,extinction on day 1,7,7,0,0.005,1,1,1,0,1,1,0
91648d7b42f2409786659014b97baea0,c6bde6983bd499152f4c248c1040b6a70b9783171617e61c6c7f3e26bbc261bd,44e2704,pilot-stage1-disease-r2,103,9006,,3eba5fa24d22e1a9,0.05,0,none,0.1,0.1,0,2,,,completed,extinction on day 1,14,14,0,0.005,1,1,1,0,1,1,0
48e5563bd00b448488ef1c7fa1331533,b7b3144dd630d86a66909000fd0e3f572d497b228b69b1692f4b9ac142d9ed01,44e2704,pilot-stage1-disease-r2,103,9006,,3eba5fa24d22e1a9,0.1,0,none,0.1,0.1,0,2,,,completed,extinction on day 1,19,19,0,0.005,1,1,1,0,1,1,0
105be9f5b707432d9e095fe8140e0834,477a5beeb23dcdb2cc1e687c3c1a6ca1d6f18b3a52c3d5f51ea18f02b656c70b,44e2704,pilot-stage1-disease-r2,103,9007,,3eba5fa24d22e1a9,0.0,0,none,0.1,0.1,0,2,,,completed,extinction on day 29,0,0,0,0.05,10,1,6,3,29,29,0
291951591ce94e3c830f693949f260bf,3990fc0187a8ab335020dd1f57f7eecdb82a1e06e066ab0cca0ae0f7515514ec,44e2704,pilot-stage1-disease-r2,103,9007,,3eba5fa24d22e1a9,0.01,0,none,0.1,0.1,0,2,,,completed,extinction on day 84,172,167,5,0.21,42,4,11,64,84,84,0
8a51de7f11d6428b94fcf85b7aef3941,d39140b0d82f7331981220523b91983afe4711ff057785879ab09dda426b379d,44e2704,pilot-stage1-disease-r2,103,9007,,3eba5fa24d22e1a9,0.02,0,none,0.1,0.1,0,2,,,completed,extinction on day 132,535,503,32,0.515,103,11,21,29,132,132,0
dd06c4d0313141d4af8362f1f7e6c624,07886be5b4f9ecaa7998712244334cbd7a863f578798817e3e6a746a1b800545,44e2704,pilot-stage1-disease-r2,103,9007,,3eba5fa24d22e1a9,0.025,0,none,0.1,0.1,0,2,,,completed,extinction on day 104,526,483,43,0.245,49,6,14,24,104,104,0
2a8ca9ef53d94287b288292dbc76416c,7199787273f88947414846633a6f99bdf824ff1f517a33c65efb3088ab1a0260,44e2704,pilot-stage1-disease-r2,103,9007,,3eba5fa24d22e1a9,0.05,0,none,0.1,0.1,0,2,,,completed,extinction on day 93,924,904,20,0.835,167,17,46,51,93,93,0
a584622b78c540d58d91c537a4593781,f30cafa1820048b33eb3224ed53b3aecf49a5030a24a8294192d9508546a7ace,44e2704,pilot-stage1-disease-r2,103,9007,,3eba5fa24d22e1a9,0.1,0,none,0.1,0.1,0,2,,,completed,extinction on day 85,1723,1631,92,0.995,199,20,59,29,85,85,0
1bb8e2d5b80847c7929bc45a8742a88b,4d0320137eabd98bee90ed9ce156b926a479c03d5925f8ae31e6e5b48e1f1f13,44e2704,pilot-stage1-disease-r2,103,9008,,3eba5fa24d22e1a9,0.0,0,none,0.1,0.1,0,2,,,completed,extinction on day 38,0,0,0,0.05,10,1,6,9,38,38,0
23c5f4e6b1be41c3b9d7cfa75fb097a0,69886c5e05c09396eae55606ad56c89cb59e7478d2f0e6df1023ccdbf83d6f33,44e2704,pilot-stage1-disease-r2,103,9008,,3eba5fa24d22e1a9,0.01,0,none,0.1,0.1,0,2,,,completed,extinction on day 91,199,191,8,0.41,82,8,23,67,91,91,0
6a750cdd55cc4f2aaf840b3d64c8cc99,508857ff10f4ba09d597db717c40b1631b2380a5c2cd319a18617bb768f0b16a,44e2704,pilot-stage1-disease-r2,103,9008,,3eba5fa24d22e1a9,0.02,0,none,0.1,0.1,0,2,,,completed,extinction on day 87,367,353,14,0.195,39,3,14,43,87,87,0
a42149fce4774dd8969742af1cf565e2,418a8f2e84166edb128591bfe977d3398c318fa6ca946871a1876361106ee073,44e2704,pilot-stage1-disease-r2,103,9008,,3eba5fa24d22e1a9,0.025,0,none,0.1,0.1,0,2,,,completed,extinction on day 113,578,553,25,0.925,185,19,42,23,113,113,0
4d662265cd0340318174f7e6b1de1d1a,aee7128eba3e1e3590637a7a4d297f064e78ba2fbdc44c375ed0475b69a8bc4d,44e2704,pilot-stage1-disease-r2,103,9008,,3eba5fa24d22e1a9,0.05,0,none,0.1,0.1,0,2,,,completed,extinction on day 82,805,767,38,0.785,157,15,41,21,82,82,0
bb1df60333f34b6e81715c94dd0c9936,1e80fe8fd8f7e5b1fbef5400a1c870b7ca32175ed4b06f829272a42b0fdd7f28,44e2704,pilot-stage1-disease-r2,103,9008,,3eba5fa24d22e1a9,0.1,0,none,0.1,0.1,0,2,,,completed,extinction on day 87,1745,1652,93,0.985,197,20,75,25,87,87,0
8aa205512f084b91926717f00594003c,93c091fa3786c842f3b8b5498aefe44b48f4062d1c5694d4c9dbab3b6c6d191d,44e2704,pilot-stage1-disease-r2,103,9009,,3eba5fa24d22e1a9,0.0,0,none,0.1,0.1,0,2,,,completed,extinction on day 29,0,0,0,0.05,10,1,6,4,29,29,0
76d7a9598aff4b4ea09534ddd3ba27c5,aaf1aad837cac306011239428924c1aa3c29b55b975b559d00ed06c74bd60dfb,44e2704,pilot-stage1-disease-r2,103,9009,,3eba5fa24d22e1a9,0.01,0,none,0.1,0.1,0,2,,,completed,extinction on day 29,53,53,0,0.065,13,1,7,4,29,29,0
ea958b6a9a9b499aa8c240386d3e9d62,5e423ade91b6c03563d65134243a087663305a39fd6210d425eef71336fd9e1f,44e2704,pilot-stage1-disease-r2,103,9009,,3eba5fa24d22e1a9,0.02,0,none,0.1,0.1,0,2,,,completed,extinction on day 50,197,196,1,0.21,42,4,22,8,50,50,0
f5c535f2747846fcb480bfcb93763fef,9f258c63288e972cf2fa7d16075bc59f1040957c3c0a291e86a20caf5ad6ff88,44e2704,pilot-stage1-disease-r2,103,9009,,3eba5fa24d22e1a9,0.025,0,none,0.1,0.1,0,2,,,completed,extinction on day 50,243,242,1,0.255,51,5,22,8,50,50,0
0c37403c49e545968df2d024401394fa,3ee21192548ea5ad5fb6ca756f705317500d93ef04ba59b5f006edae2c9b9361,44e2704,pilot-stage1-disease-r2,103,9009,,3eba5fa24d22e1a9,0.05,0,none,0.1,0.1,0,2,,,completed,extinction on day 90,909,874,35,0.77,154,15,37,30,90,90,0
4126823564aa4e339fcb15b31c69c6e9,64e13bb7e15f070cb6019303582e190f8aa644dc21d26885d5be50cc3a793cd5,44e2704,pilot-stage1-disease-r2,103,9009,,3eba5fa24d22e1a9,0.1,0,none,0.1,0.1,0,2,,,completed,extinction on day 82,1678,1573,105,0.985,197,20,61,17,82,82,0
dafb6b0a88734da6a18a35c5e4636b5e,2ab5e94451c4d5ef28d7bf37a0c08fd1d5bd0f7c55045b97f5cc1f0e69067ce0,44e2704,pilot-stage1-disease-r2,104,9000,,bc0241eae73e5142,0.0,0,none,0.1,0.1,0,2,,,completed,extinction on day 35,0,0,0,0.05,10,1,8,6,35,35,0
904c54d619b94972887598517308c90d,15f36fdb5b93845cee48b95bddf5b8766ea2f1168e53bbb28aae91f54056a493,44e2704,pilot-stage1-disease-r2,104,9000,,bc0241eae73e5142,0.01,0,none,0.1,0.1,0,2,,,completed,extinction on day 117,236,219,17,0.165,33,3,9,6,117,117,0
364642f6e03943fc9bdd950b78f72c86,69ddd30f9052a44a838fdbedd7548e6f08ff830ab967692e6b8fe261f539c2f9,44e2704,pilot-stage1-disease-r2,104,9000,,bc0241eae73e5142,0.02,0,none,0.1,0.1,0,2,,,completed,extinction on day 85,342,311,31,0.245,49,4,18,39,85,85,0
c624c9fff42c43a983dac51b41595897,b65086ae59ceaaa6915dd949da490a82ecbecfaee4fa86e47749355ace2598ac,44e2704,pilot-stage1-disease-r2,104,9000,,bc0241eae73e5142,0.025,0,none,0.1,0.1,0,2,,,completed,extinction on day 174,870,772,98,0.63,126,12,21,40,174,174,0
02f92f1acb8e430d801f5ad288c6eedc,44d31166aae3632b20b3d9c83d264e45200aa0a0889c2529bfc4cd5fa091d75e,44e2704,pilot-stage1-disease-r2,104,9000,,bc0241eae73e5142,0.05,0,none,0.1,0.1,0,2,,,completed,extinction on day 96,967,881,86,0.99,198,19,68,37,96,96,0
239b10b1837f4e32b83a7678890df80f,b97243d94a5c57cd1841f76868378e243256f37695267e50c2e275290f5d139c,44e2704,pilot-stage1-disease-r2,104,9000,,bc0241eae73e5142,0.1,0,none,0.1,0.1,0,2,,,completed,extinction on day 71,1415,1301,114,1.0,200,20,66,32,71,71,0
11922e29362f46ceb3f4f97374eea0a0,a9794458c8137c8910cc89caa328a38291b12c5a16d52ebad633e327a17965a7,44e2704,pilot-stage1-disease-r2,104,9001,,bc0241eae73e5142,0.0,0,none,0.1,0.1,0,2,,,completed,extinction on day 29,0,0,0,0.05,10,1,9,5,29,29,0
51286e23ff4542ffa0f8bcfe3bcaa6d6,d978247b5ccd43f467f42e88b82cf295d8a08d1bb8f4f579e0a61b14792aa40c,44e2704,pilot-stage1-disease-r2,104,9001,,bc0241eae73e5142,0.01,0,none,0.1,0.1,0,2,,,completed,extinction on day 68,134,118,16,0.15,30,3,11,21,68,68,0
6284731a43f8486a86579e84510949f4,0d00160c13733c0bd7c135697edfad4c6c7e1feadcef8e1845ee2d8e7c04e88b,44e2704,pilot-stage1-disease-r2,104,9001,,bc0241eae73e5142,0.02,0,none,0.1,0.1,0,2,,,completed,extinction on day 134,535,491,44,0.45,90,9,24,60,134,134,0
b46a4e32beb7421cbb5115f3a7a6775c,8a38d2094988a4fcb5c1fb36c9f673cdc00f29660d6ec67e296c6dc996049d2a,44e2704,pilot-stage1-disease-r2,104,9001,,bc0241eae73e5142,0.025,0,none,0.1,0.1,0,2,,,completed,extinction on day 119,599,555,44,0.585,117,10,32,50,119,119,0
f225f7d954f14263a2a898409e63e7ab,546f3370dff97fa8592bee9f4aaa628f25e6456709a61f6d2984ff822816b6ea,44e2704,pilot-stage1-disease-r2,104,9001,,bc0241eae73e5142,0.05,0,none,0.1,0.1,0,2,,,completed,extinction on day 119,1211,1101,110,0.885,177,19,43,34,119,119,0
fcfad2a6942d474fac3e606ea5ec255e,fe3b6a5121df6c6395c6007d0d58e6db3160b256c757d79077424f59d63a2afc,44e2704,pilot-stage1-disease-r2,104,9001,,bc0241eae73e5142,0.1,0,none,0.1,0.1,0,2,,,completed,extinction on day 69,1399,1273,126,1.0,200,20,64,29,69,69,0
b96d263e730d42c3a9ea2c8ccba7c0df,0f34125a2f423e1dacaaee65cd9ea44307938149da72e151a5ddae33775fe985,44e2704,pilot-stage1-disease-r2,104,9002,,bc0241eae73e5142,0.0,0,none,0.1,0.1,0,2,,,completed,extinction on day 44,0,0,0,0.05,10,1,9,5,44,44,0
4cd1c66b66fb412bae9be29895076de3,2af7ca529eec97131b7b5f99d01ba59e1979c4e2931bc2c295f3cdce18fae480,44e2704,pilot-stage1-disease-r2,104,9002,,bc0241eae73e5142,0.01,0,none,0.1,0.1,0,2,,,completed,extinction on day 44,82,79,3,0.06,12,1,10,5,44,44,0
2ab01a0adcfd439590c313dfef8f58d3,1ef6f70dd123498cdceb15387bcc82946e0325801e68dfb2294e44886f1e6bfa,44e2704,pilot-stage1-disease-r2,104,9002,,bc0241eae73e5142,0.02,0,none,0.1,0.1,0,2,,,completed,extinction on day 50,179,171,8,0.075,15,2,10,5,50,50,0
4931c06df9a24a6c969ea61ccc3e39f9,24af4baaf9cdc54549c93c2e7a7d9232a9ad9005d1f0f7fab3b0913abc93d675,44e2704,pilot-stage1-disease-r2,104,9002,,bc0241eae73e5142,0.025,0,none,0.1,0.1,0,2,,,completed,extinction on day 54,248,235,13,0.075,15,1,10,5,54,54,0
e0379ae5966941658ea3f4e724f3ee6a,8bc1623923c956fdf727e33b5c3ba02b9f2b24785d3ad4d65647d29f219ea4f7,44e2704,pilot-stage1-disease-r2,104,9002,,bc0241eae73e5142,0.05,0,none,0.1,0.1,0,2,,,completed,extinction on day 73,720,672,48,1.0,200,20,87,20,73,73,0
83a642433f594f2aa841224459c3fc92,2226882282c6f358aa0393a98c15ed0d769e83d9212151d9aa815672b635e2d6,44e2704,pilot-stage1-disease-r2,104,9002,,bc0241eae73e5142,0.1,0,none,0.1,0.1,0,2,,,completed,extinction on day 59,1124,1029,95,0.995,199,20,78,19,59,59,0
21014970ed9a4ea4bcf98ba553279565,6e0b063db0ae1c52500af377ccc38f9e95741aa7c6ed1b7cc6c01f65c4a9af84,44e2704,pilot-stage1-disease-r2,104,9003,,bc0241eae73e5142,0.0,0,none,0.1,0.1,0,2,,,completed,extinction on day 1,0,0,0,0.005,1,1,1,0,1,1,0
f999e3430e7848b98822c9eaabdaed4a,b14905af2da17bbb916fc888787728e73e73e14ba09ccdddc4d76476e4ba45c8,44e2704,pilot-stage1-disease-r2,104,9003,,bc0241eae73e5142,0.01,0,none,0.1,0.1,0,2,,,completed,extinction on day 1,3,3,0,0.005,1,1,1,0,1,1,0
41b2499e1f324650a5eee18d5f51537d,39c9bf7a67f0b3da2fc9ce3bbbaaee3532af10994be3c0bacc764fbe6b003c18,44e2704,pilot-stage1-disease-r2,104,9003,,bc0241eae73e5142,0.02,0,none,0.1,0.1,0,2,,,completed,extinction on day 1,5,5,0,0.005,1,1,1,0,1,1,0
e7549c2a2a3543aebdca0e6a8317ad78,e6f16eae8172e58a4447c7cf1589e336c57a368750f13160eeb7e457a2fdf710,44e2704,pilot-stage1-disease-r2,104,9003,,bc0241eae73e5142,0.025,0,none,0.1,0.1,0,2,,,completed,extinction on day 1,5,5,0,0.005,1,1,1,0,1,1,0
2dcabd580158457487841a6e0ddf61bb,01f2ed7813a2f388788466f1ab2509a63ece3ece672d79cf05a56e55c5519bb8,44e2704,pilot-stage1-disease-r2,104,9003,,bc0241eae73e5142,0.05,0,none,0.1,0.1,0,2,,,completed,extinction on day 1,9,9,0,0.005,1,1,1,0,1,1,0
b24cfef6caa74b30a3637deaafccc89a,5db92a2036d0e91be20fb84a9fb73b62a612e6f11073958fd3975a9311e2a925,44e2704,pilot-stage1-disease-r2,104,9003,,bc0241eae73e5142,0.1,0,none,0.1,0.1,0,2,,,completed,extinction on day 1,16,16,0,0.005,1,1,1,0,1,1,0
f0e021af5407405cb8ae17bd9e569cb5,2d0232ec405b74ce4264d5a9cfed82a03d295cd8d5297ea3b39c1c505ad3e3fb,44e2704,pilot-stage1-disease-r2,104,9004,,bc0241eae73e5142,0.0,0,none,0.1,0.1,0,2,,,completed,extinction on day 40,0,0,0,0.05,10,1,8,6,40,40,0
5842271f7b994926be4ca95f83cc1122,d2b72403139d485f872e7096b7b80e416311e77ed9b71e7630a1ce7b767fd250,44e2704,pilot-stage1-disease-r2,104,9004,,bc0241eae73e5142,0.01,0,none,0.1,0.1,0,2,,,completed,extinction on day 51,106,103,3,0.125,25,2,12,20,51,51,0
c5d15175d44647afa650f3a9c60b79e5,5c2e7271adb439c5049f0e49cd85af6b03f1dfdbf32470c06c02ab81fee3bede,44e2704,pilot-stage1-disease-r2,104,9004,,bc0241eae73e5142,0.02,0,none,0.1,0.1,0,2,,,completed,extinction on day 85,363,343,20,0.3,60,6,25,24,85,85,0
4bcd33ee160c479fbfec33384097f26e,b3ef31324504a258b30b769a13b304843f1664db97f3345def18362889a49606,44e2704,pilot-stage1-disease-r2,104,9004,,bc0241eae73e5142,0.025,0,none,0.1,0.1,0,2,,,completed,extinction on day 136,718,670,48,0.8,160,16,33,41,136,136,0
8dad1bd27cbe48929e9d1cea3671c0d6,9df1da48630ea0e1d25430821c395141ace4e0aa144c38b6e98b12cb06a1ae44,44e2704,pilot-stage1-disease-r2,104,9004,,bc0241eae73e5142,0.05,0,none,0.1,0.1,0,2,,,completed,extinction on day 85,871,815,56,0.765,153,16,48,43,85,85,0
af48aea047ff4c0facc501b47a173225,5386ff66dcf88ed5a7d7519e4f4389827097444723da4d51b0af627d142a379c,44e2704,pilot-stage1-disease-r2,104,9004,,bc0241eae73e5142,0.1,0,none,0.1,0.1,0,2,,,completed,extinction on day 85,1708,1565,143,0.995,199,20,80,24,85,85,0
25a5c039d3ce48299a2b4293c10d6ac3,f6fefd26bc26c2dcc648d7f13702748c03420d42352b0d7cbc00c78d1dd052bc,44e2704,pilot-stage1-disease-r2,104,9005,,bc0241eae73e5142,0.0,0,none,0.1,0.1,0,2,,,completed,extinction on day 23,0,0,0,0.05,10,1,8,5,23,23,0
f57487c2882f4a98ad62d625417597f5,ff456f268f1bfa682014663b2634fcca4760ba20046f775f00466e848107fbf9,44e2704,pilot-stage1-disease-r2,104,9005,,bc0241eae73e5142,0.01,0,none,0.1,0.1,0,2,,,completed,extinction on day 64,136,131,5,0.165,33,3,10,17,64,64,0
132f14a9cc5c45c3b784dbc33672df35,47318d26fe7b80d7e647b98169e74ae681bc226d03aa218868b9ee6455df1516,44e2704,pilot-stage1-disease-r2,104,9005,,bc0241eae73e5142,0.02,0,none,0.1,0.1,0,2,,,completed,extinction on day 44,184,171,13,0.22,44,4,16,22,44,44,0
710f17862ab049789be95fd28d41e90a,a24982b5d87cdd50ace3287c97f028e1568ddc486c8018415c3f2916849f4f2f,44e2704,pilot-stage1-disease-r2,104,9005,,bc0241eae73e5142,0.025,0,none,0.1,0.1,0,2,,,completed,extinction on day 48,249,225,24,0.11,22,2,10,17,48,48,0
cf9c2e7444cf479db32bc9e486fd9096,92856fb9f832b095bf4047850bad43a386c5a47a0a977609eb314a5167d8811e,44e2704,pilot-stage1-disease-r2,104,9005,,bc0241eae73e5142,0.05,0,none,0.1,0.1,0,2,,,completed,extinction on day 129,1319,1203,116,0.915,183,19,25,22,129,129,0
0585732ea4ce488f8b0aa74f47b628b7,75e145d0e3675d390e8df2159fc7848278a10a5dc9ba87b76aea39d96ec4a721,44e2704,pilot-stage1-disease-r2,104,9005,,bc0241eae73e5142,0.1,0,none,0.1,0.1,0,2,,,completed,extinction on day 100,2052,1905,147,0.995,199,20,66,22,100,100,0
1c792044d2c346dbbdf9e3b636fb9b61,8a9d34f6c4c4e986e10dcace00fe224cb06551f9e9f5077a3f66553aa006cb9d,44e2704,pilot-stage1-disease-r2,104,9006,,bc0241eae73e5142,0.0,0,none,0.1,0.1,0,2,,,completed,extinction on day 1,0,0,0,0.005,1,1,1,0,1,1,0
5a86cc58853b406fb494525f5f560f09,e0c2b13dca1c4835ce9e0a3335dac9ba0071f56b5cc0aaa24078f5fb2600ff89,44e2704,pilot-stage1-disease-r2,104,9006,,bc0241eae73e5142,0.01,0,none,0.1,0.1,0,2,,,completed,extinction on day 1,5,5,0,0.005,1,1,1,0,1,1,0
78be7821184e4cc6b9b9b55aa94c344d,b61a2f5b59bd7de71319e84d1f8e6597c8c1ef68003893c5e8e48d82c84f8040,44e2704,pilot-stage1-disease-r2,104,9006,,bc0241eae73e5142,0.02,0,none,0.1,0.1,0,2,,,completed,extinction on day 1,6,6,0,0.005,1,1,1,0,1,1,0
a418106cb2b140feba56f843db40227e,1e98f1991c898dfcc1f451965307c710467c05ba23a407ec26dcbc3654038a9d,44e2704,pilot-stage1-disease-r2,104,9006,,bc0241eae73e5142,0.025,0,none,0.1,0.1,0,2,,,completed,extinction on day 1,7,7,0,0.005,1,1,1,0,1,1,0
cfc86b5b76144cb48d01b6577650e373,063577667517ef4b45d3cb16f3bb85f21c680ac9f7cb29ea5a805f99d94845f9,44e2704,pilot-stage1-disease-r2,104,9006,,bc0241eae73e5142,0.05,0,none,0.1,0.1,0,2,,,completed,extinction on day 1,14,14,0,0.005,1,1,1,0,1,1,0
33d2515b1a464c7a8f33ffce7a3c2958,0bc0e96f8488c5d2b3d5c25e7adcc7d5b8e6ba38554626c2c8847736920021a5,44e2704,pilot-stage1-disease-r2,104,9006,,bc0241eae73e5142,0.1,0,none,0.1,0.1,0,2,,,completed,extinction on day 1,19,19,0,0.005,1,1,1,0,1,1,0
f9ce45eb6f554683bd4b1da341cb9698,66c75bb18a92dec77bfca3928bbc05db598b9b12e0c6f87df5cb7007961bd188,44e2704,pilot-stage1-disease-r2,104,9007,,bc0241eae73e5142,0.0,0,none,0.1,0.1,0,2,,,completed,extinction on day 29,0,0,0,0.05,10,1,6,3,29,29,0
efeb092839984c2aad232f8ab334554c,e8a4f4e094b74c0c8f224ff1daf27d8d2605e86881e831ef46ccc8f90e2dec29,44e2704,pilot-stage1-disease-r2,104,9007,,bc0241eae73e5142,0.01,0,none,0.1,0.1,0,2,,,completed,extinction on day 41,76,70,6,0.095,19,2,9,14,41,41,0
66736ffa945947878ccb68fed1fdb77c,3591c05af326f5b3286bd50b19c4180a28235800be94bb3c5bb9f2384a5c6824,44e2704,pilot-stage1-disease-r2,104,9007,,bc0241eae73e5142,0.02,0,none,0.1,0.1,0,2,,,completed,extinction on day 180,713,667,46,0.505,101,10,17,138,180,180,0
9f86e6120e6b403fa841626164ac2d78,a8aa2f3cbd8a47755b6b574a023e424b982e5791cc59638b27f5a4ef0c4cbdf9,44e2704,pilot-stage1-disease-r2,104,9007,,bc0241eae73e5142,0.025,0,none,0.1,0.1,0,2,,,completed,extinction on day 46,216,203,13,0.12,24,2,10,7,46,46,0
a9084a0b36df41c3accc3e4ad098902f,6fe4d711cf5929cf25345a21d25b0b52c484f3bfc1a8e9a464df019cf610f01e,44e2704,pilot-stage1-disease-r2,104,9007,,bc0241eae73e5142,0.05,0,none,0.1,0.1,0,2,,,completed,extinction on day 120,1173,1075,98,0.955,191,19,50,34,120,120,0
e70b23527a30409fa9bb917535231724,61a622ced30d812681fae4b005b28a9c433f26eb0b5bff549d346ced86abe2a4,44e2704,pilot-stage1-disease-r2,104,9007,,bc0241eae73e5142,0.1,0,none,0.1,0.1,0,2,,,completed,extinction on day 85,1723,1581,142,0.975,195,19,68,34,85,85,0
c5e5166b2a3043b4ac5203bdcf12ce35,a98c5e354066a65f9c3f5fb4c4458ccf59f455c6baab7f6bcca1ea8b336e0c3e,44e2704,pilot-stage1-disease-r2,104,9008,,bc0241eae73e5142,0.0,0,none,0.1,0.1,0,2,,,completed,extinction on day 38,0,0,0,0.05,10,1,6,9,38,38,0
38801c15123e4c97b981b224d368f33c,8a2312a29f944e4af43dfe0def35476f528ba8699cab05ba468dcf9b700ca9ca,44e2704,pilot-stage1-disease-r2,104,9008,,bc0241eae73e5142,0.01,0,none,0.1,0.1,0,2,,,completed,extinction on day 100,220,201,19,0.365,73,7,19,49,100,100,0
e886d15c13d14bf29ed62d7d43bcf49f,e4f20dc71b184622db803b25e681411cdd5c344a14906002524fa04860d77c7c,44e2704,pilot-stage1-disease-r2,104,9008,,bc0241eae73e5142,0.02,0,none,0.1,0.1,0,2,,,completed,extinction on day 59,254,237,17,0.12,24,3,11,37,59,59,0
ce34a9f66a8a4ea787c7dd618bbc225e,6aef6797a1283a2657bcde2b0421178fa9a23f435ab37a30e454987e09ad34a8,44e2704,pilot-stage1-disease-r2,104,9008,,bc0241eae73e5142,0.025,0,none,0.1,0.1,0,2,,,completed,extinction on day 67,352,319,33,0.275,55,6,21,28,67,67,0
2f718c5090c64f088f092599bb65e602,8b0cbb46fc91b7849cb1f83d1fee1ab4e9800e5b45523a7402abfbab76f61396,44e2704,pilot-stage1-disease-r2,104,9008,,bc0241eae73e5142,0.05,0,none,0.1,0.1,0,2,,,completed,extinction on day 132,1317,1228,89,0.985,197,20,35,48,132,132,0
0aa5e05fc86b4829ab7b4917e40227c2,fbc360b8aca19d021c0f906a2648c8cca76faa893448c89abb524c9823036f15,44e2704,pilot-stage1-disease-r2,104,9008,,bc0241eae73e5142,0.1,0,none,0.1,0.1,0,2,,,completed,extinction on day 77,1552,1451,101,0.995,199,20,66,30,77,77,0
53062faaea954320aca5c36317858c6d,def639ffd00b4de0ac2c137f3c0a0693fdb17aaf50e8be81ea4957556f08d686,44e2704,pilot-stage1-disease-r2,104,9009,,bc0241eae73e5142,0.0,0,none,0.1,0.1,0,2,,,completed,extinction on day 29,0,0,0,0.05,10,1,6,4,29,29,0
43ae8be394e94cf2b014a675dcb42e35,b713ff1f74a87baa448868a260ab17c14733f2dbea20b6b6cb883a1150b9757c,44e2704,pilot-stage1-disease-r2,104,9009,,bc0241eae73e5142,0.01,0,none,0.1,0.1,0,2,,,completed,extinction on day 29,53,52,1,0.065,13,1,7,4,29,29,0
fd5d3edb8c2d43efb82559cb2aa67f79,55bf628c8612975a84941f7570126bb13dbc5dedeee23d2caff5638cb74d2a9a,44e2704,pilot-stage1-disease-r2,104,9009,,bc0241eae73e5142,0.02,0,none,0.1,0.1,0,2,,,completed,extinction on day 34,136,128,8,0.155,31,3,14,16,34,34,0
0b71cfc6f8fb4fe58e0090a50eecaffe,d8c145a358a42723409987be65db6f7c2c940789cdae2d4fad5e6ece8f93e9db,44e2704,pilot-stage1-disease-r2,104,9009,,bc0241eae73e5142,0.025,0,none,0.1,0.1,0,2,,,completed,extinction on day 103,519,475,44,0.44,88,9,20,62,103,103,0
d14e6cc7d1ff46359a5fc51a48371007,fb400f3ebf8af192a4f2db80344fbee37500789e2c9f88fad40e126470375fed,44e2704,pilot-stage1-disease-r2,104,9009,,bc0241eae73e5142,0.05,0,none,0.1,0.1,0,2,,,completed,extinction on day 104,1055,972,83,1.0,200,20,59,29,104,104,0
64f066c3a3884c269fb3e69b6280e9ea,0251fd5a132d18548557522071bfbe05bcf5809646fc4d32264283546d8dbab1,44e2704,pilot-stage1-disease-r2,104,9009,,bc0241eae73e5142,0.1,0,none,0.1,0.1,0,2,,,completed,extinction on day 78,1582,1430,152,0.98,196,19,72,28,78,78,0
5fe561f1162f4873a8c0f3eb6c9b2912,0a98e617ef4646fa8e9abf08a9df75cba03cb7236994139c8334ffd31072cd3a,44e2704,pilot-stage1-disease-r2,100,9000,,ecc984f043b744b6,0.0,0,none,0.1,0.2,0,2,,,completed,extinction on day 35,0,0,0,0.05,10,1,4,13,35,35,0
86289422bf5f4313918737f42592778a,13252f9cf16c37ca8a376be416be83974ed666ecb909955f84cd23d3196db044,44e2704,pilot-stage1-disease-r2,100,9000,,ecc984f043b744b6,0.01,0,none,0.1,0.2,0,2,,,completed,extinction on day 35,71,67,4,0.05,10,1,4,13,35,35,0
5d215c5d16cd49ccaa21a9b0eff8977a,4c47385c6981fc40fb95b7c0e10513a0b1db3541d058d04c93515dac9095d065,44e2704,pilot-stage1-disease-r2,100,9000,,ecc984f043b744b6,0.02,0,none,0.1,0.2,0,2,,,completed,extinction on day 37,145,120,25,0.065,13,1,4,13,37,37,0
0eb109b9988e42b3ac30a25c8dada568,295df2778d832d7d87f63dcbf57a14208d6a3d1bef3d8b2e79d49b26cc08d6c5,44e2704,pilot-stage1-disease-r2,100,9000,,ecc984f043b744b6,0.025,0,none,0.1,0.2,0,2,,,completed,extinction on day 37,182,154,28,0.065,13,1,4,13,37,37,0
0e7f107cb5f5410292ce6ee10040ff4d,b1b06df5a7e38a4ec2a36e959c0d431c6cbac95c8274addf4758c7c4e1ebfd2f,44e2704,pilot-stage1-disease-r2,100,9000,,ecc984f043b744b6,0.05,0,none,0.1,0.2,0,2,,,completed,extinction on day 46,475,409,66,0.175,35,3,10,17,46,46,0
fa222ac6e02343548a853f7c240055ac,af2ddd1b2c7c8a8835096a7ed984ccb73b2c262ab06b3f19c372011c47efb330,44e2704,pilot-stage1-disease-r2,100,9000,,ecc984f043b744b6,0.1,0,none,0.1,0.2,0,2,,,completed,extinction on day 64,1279,1119,160,0.555,111,11,20,40,64,64,0
f47ffbbf20bb4bf0a9abffdf46d650e6,c41cf72ee8ff741f13b5ba2cc24eedbb2da059b526dd740b75acc458f259cb4b,44e2704,pilot-stage1-disease-r2,100,9001,,ecc984f043b744b6,0.0,0,none,0.1,0.2,0,2,,,completed,extinction on day 24,0,0,0,0.05,10,1,9,5,24,24,0
b16dfe412102439b8c922db97f82299c,89ad2d282f068c98427fa7b1eb581cc8343d737e2a608f79f12a225be7930d10,44e2704,pilot-stage1-disease-r2,100,9001,,ecc984f043b744b6,0.01,0,none,0.1,0.2,0,2,,,completed,extinction on day 37,74,67,7,0.1,20,2,9,5,37,37,0
22c4bea69df4497192c307d400e99a1f,e03fea47f33afa9e0ba3960b55baa834d20ded81703d1d04921285484d4d3a6c,44e2704,pilot-stage1-disease-r2,100,9001,,ecc984f043b744b6,0.02,0,none,0.1,0.2,0,2,,,completed,extinction on day 32,116,101,15,0.11,22,2,11,20,32,32,0
b31b97c2de5b453ba5b4ba57c3fd1d7b,1fbc85ad6f5ab438b408cc4e8741f4160861a4562b8b9eb133106b0958621cdf,44e2704,pilot-stage1-disease-r2,100,9001,,ecc984f043b744b6,0.025,0,none,0.1,0.2,0,2,,,completed,extinction on day 32,145,118,27,0.105,21,2,11,21,32,32,0
1f7001f32bc645cab5f648d0574ac130,92b841c88431e919e50a5b1a57c7fdc45f3366004c6c59303d052c375c3751c5,44e2704,pilot-stage1-disease-r2,100,9001,,ecc984f043b744b6,0.05,0,none,0.1,0.2,0,2,,,completed,extinction on day 32,315,275,40,0.14,28,3,9,5,32,32,0
7560fb0e89d24693ba7003705119f990,a5c0ee34d26e689867d4bbe1cfa6f67119b88f1d9505d2ace61e546eed9bc3ec,44e2704,pilot-stage1-disease-r2,100,9001,,ecc984f043b744b6,0.1,0,none,0.1,0.2,0,2,,,completed,extinction on day 77,1573,1393,180,0.685,137,15,22,47,77,77,0
df03dab13c554146a51949302a250392,3ee16cd5f026f4bf3cbe3d2c2f014f5f8119112517cba308821a6611f8a0b14a,44e2704,pilot-stage1-disease-r2,100,9002,,ecc984f043b744b6,0.0,0,none,0.1,0.2,0,2,,,completed,extinction on day 10,0,0,0,0.04,8,1,6,5,10,10,0
de2b32321627447fb5a377b68b9ac380,d876397def105da0e53ef6c3b4443f3fd1a31cbb923492c63b175ac3983e3f72,44e2704,pilot-stage1-disease-r2,100,9002,,ecc984f043b744b6,0.01,0,none,0.1,0.2,0,2,,,completed,extinction on day 10,12,12,0,0.05,10,1,7,5,10,10,0
d65d44a7ceed4ba4bdfefc97a631aa7e,2e18c951eab3c68c243e51d173a5a0bc0bafe69908a4f437846d1a3c8aa9f67f,44e2704,pilot-stage1-disease-r2,100,9002,,ecc984f043b744b6,0.02,0,none,0.1,0.2,0,2,,,completed,extinction on day 10,25,23,2,0.05,10,1,7,5,10,10,0
2ae98fbf038845b6805d9ed8a7fc22ba,d19bcc8b50549b8b5e1f4de75b62c7ab8fc182f111a85d34b4c6cbdc4b75ff3b,44e2704,pilot-stage1-disease-r2,100,9002,,ecc984f043b744b6,0.025,0,none,0.1,0.2,0,2,,,completed,extinction on day 10,37,35,2,0.05,10,1,7,5,10,10,0
16a3a7eb9c54448ab9499c1a4fe2bfcf,3b0e631ea543972400bff303fe22a33567bc2950e78c4334e3d3000e0937aad2,44e2704,pilot-stage1-disease-r2,100,9002,,ecc984f043b744b6,0.05,0,none,0.1,0.2,0,2,,,completed,extinction on day 45,449,407,42,0.32,64,8,19,16,45,45,0
77d4d6ea98024cc08542949120adaf7c,3a5691276f724256df82f7f70aed623eab476c98ae6d09060dab7ddc4172acd9,44e2704,pilot-stage1-disease-r2,100,9002,,ecc984f043b744b6,0.1,0,none,0.1,0.2,0,2,,,completed,extinction on day 101,1989,1766,223,0.835,167,18,20,79,101,101,0
830eee1fe6d24629a6b96641a10b4dc8,f30193b4a99d23be836aaa45853004e2bb1d488c2fe553a16fcdbc73df833242,44e2704,pilot-stage1-disease-r2,100,9003,,ecc984f043b744b6,0.0,0,none,0.1,0.2,0,2,,,completed,extinction on day 1,0,0,0,0.005,1,1,1,0,1,1,0
c603f1610c6d489eaa9db833b701d515,c69ee7923126fb4cadedaad34657c018aef551a665e4c8356f56384a99ca87d1,44e2704,pilot-stage1-disease-r2,100,9003,,ecc984f043b744b6,0.01,0,none,0.1,0.2,0,2,,,completed,extinction on day 1,3,3,0,0.005,1,1,1,0,1,1,0
6d2bc5ed0d12404b885a0e9272a315a9,2007a57ef1ac353b3834ddfd6bc48e4231327c4648bf21f948505ef8a2340776,44e2704,pilot-stage1-disease-r2,100,9003,,ecc984f043b744b6,0.02,0,none,0.1,0.2,0,2,,,completed,extinction on day 1,5,5,0,0.005,1,1,1,0,1,1,0
e37163c6d22b4f198571b290f5432eac,671545515e76acb21a9204960244f49de1fde4c3fceae6a78ac128ff6c3be76e,44e2704,pilot-stage1-disease-r2,100,9003,,ecc984f043b744b6,0.025,0,none,0.1,0.2,0,2,,,completed,extinction on day 1,5,5,0,0.005,1,1,1,0,1,1,0
6c29a57bc15946aaa8ad3ca04cdfaab2,6d222460e8fb59523ef58226bd03c862480430cfe1b36c513eaabb4ecb008594,44e2704,pilot-stage1-disease-r2,100,9003,,ecc984f043b744b6,0.05,0,none,0.1,0.2,0,2,,,completed,extinction on day 1,9,9,0,0.005,1,1,1,0,1,1,0
0aefcfd70b5c45f8845b50badb0312b7,7e293114926fe36e23a0281c38b63a8e4e246a5fbc388d0284a473849378adbe,44e2704,pilot-stage1-disease-r2,100,9003,,ecc984f043b744b6,0.1,0,none,0.1,0.2,0,2,,,completed,extinction on day 1,16,16,0,0.005,1,1,1,0,1,1,0
faf02b056af649d787987b94b91b572a,be92804abda9c5437791984a1e4cec23600b19d48729e178cc8bb5b67c3565c9,44e2704,pilot-stage1-disease-r2,100,9004,,ecc984f043b744b6,0.0,0,none,0.1,0.2,0,2,,,completed,extinction on day 26,0,0,0,0.05,10,1,6,6,26,26,0
21aaa1f5a4754800a2301f89f9f635cc,7069e35f248bd43b00e2c00cfd4f8463f90c3a0e7cad522794014b769caaf801,44e2704,pilot-stage1-disease-r2,100,9004,,ecc984f043b744b6,0.01,0,none,0.1,0.2,0,2,,,completed,extinction on day 26,58,55,3,0.055,11,1,6,6,26,26,0
1f3263f38ae64763a49a9ae171b0fe46,d7f787e0b58f07e0c55910c58ef515a24dcbb48f1dedb9a275fd761b8db42111,44e2704,pilot-stage1-disease-r2,100,9004,,ecc984f043b744b6,0.02,0,none,0.1,0.2,0,2,,,completed,extinction on day 32,127,119,8,0.11,22,2,7,19,32,32,0
f0555d621d164a31914806d71b4cbc5b,44975f1f753dff42020a0578f109e322377e79fae91a4206c5ad97b605f730d2,44e2704,pilot-stage1-disease-r2,100,9004,,ecc984f043b744b6,0.025,0,none,0.1,0.2,0,2,,,completed,extinction on day 32,162,153,9,0.105,21,2,7,19,32,32,0
be7dfe6111494229b95aa1189f9f36cc,a101ae3cc282d17af33b939149015efbc80bf36b1255dc55727f315ed63e45f2,44e2704,pilot-stage1-disease-r2,100,9004,,ecc984f043b744b6,0.05,0,none,0.1,0.2,0,2,,,completed,extinction on day 44,418,371,47,0.205,41,5,13,19,44,44,0
c98c8b640b0446b9a57f108adcc8c5d6,b452c37b97e42424ff6f036a8b7cf8049729ea8aefadb60f885fe3d96a7f4f7f,44e2704,pilot-stage1-disease-r2,100,9004,,ecc984f043b744b6,0.1,0,none,0.1,0.2,0,2,,,completed,extinction on day 85,1708,1519,189,0.885,177,17,38,67,85,85,0
4ffbdbb60b9442aabce3bef972ad00c9,090915e0061192dd43dceeaed0c29f69cab1b360f47d1ee82186369cd392fc95,44e2704,pilot-stage1-disease-r2,100,9005,,ecc984f043b744b6,0.0,0,none,0.1,0.2,0,2,,,completed,extinction on day 8,0,0,0,0.05,10,1,6,3,8,8,0
c8345d7549ad4bd5928903c4d6ec2d3b,8f2dddc2b18216c6aba7e96ee479f666e70ac5affef7f26e14c3bed1037d1e2e,44e2704,pilot-stage1-disease-r2,100,9005,,ecc984f043b744b6,0.01,0,none,0.1,0.2,0,2,,,completed,extinction on day 9,28,27,1,0.06,12,1,8,5,9,9,0
6a7349a3c0cd4c2ca9fd0c3b97924805,3a37166e099ce4856622830e6f2afa1307d84c8bda6352de5aaf4c2be451e8e0,44e2704,pilot-stage1-disease-r2,100,9005,,ecc984f043b744b6,0.02,0,none,0.1,0.2,0,2,,,completed,extinction on day 8,39,35,4,0.06,12,1,7,4,8,8,0
6469f28fecdc42b9a733ad7e3ff5a387,daaeb0fa99b02d9ec63b6b9f98b5777af1550101f3721d0d20a2bb528b7883f5,44e2704,pilot-stage1-disease-r2,100,9005,,ecc984f043b744b6,0.025,0,none,0.1,0.2,0,2,,,completed,extinction on day 12,60,53,7,0.06,12,1,7,4,12,12,0
bcc793742e034cbb8fa67f260842fa8f,591b58b4f58f0e48f7a024fcbf4de05843cd719120be9d604d9afef9d3186685,44e2704,pilot-stage1-disease-r2,100,9005,,ecc984f043b744b6,0.05,0,none,0.1,0.2,0,2,,,completed,extinction on day 100,1045,918,127,0.875,175,18,23,61,100,100,0
05d59594bbc34d8cbb0d20c1474492fa,25c86c0b18d8dea3eefd0569d9d1b459a97362d8cb9b7af905aecb68580eacb3,44e2704,pilot-stage1-disease-r2,100,9005,,ecc984f043b744b6,0.1,0,none,0.1,0.2,0,2,,,completed,extinction on day 81,1644,1434,210,0.46,92,10,19,58,81,81,0
e7fcedebdbb044b9a06dd0652129b7ee,25a3011da7b0641bdd19c47a40ceec79f04cc4f1a19ae1e248c453405ae8dc84,44e2704,pilot-stage1-disease-r2,100,9006,,ecc984f043b744b6,0.0,0,none,0.1,0.2,0,2,,,completed,extinction on day 1,0,0,0,0.005,1,1,1,0,1,1,0
3ab82235f06749a6a664f92222964709,1275828525976470531597572fb2d31e58bb3a2d89ebb43c858ee6aaebdb815b,44e2704,pilot-stage1-disease-r2,100,9006,,ecc984f043b744b6,0.01,0,none,0.1,0.2,0,2,,,completed,extinction on day 1,5,5,0,0.005,1,1,1,0,1,1,0
0e1801957e6e4656901009c6b2b13350,5914608aea2b1914d4e255dc977181d54acede13b5dd19aed19ce27eacb9da2f,44e2704,pilot-stage1-disease-r2,100,9006,,ecc984f043b744b6,0.02,0,none,0.1,0.2,0,2,,,completed,extinction on day 1,6,6,0,0.005,1,1,1,0,1,1,0
fffa8070225c410da5aed706d1235402,9fdccb8f627dfdebb2c5da9068d83c333fd1a8510915a0f7d1197adccea84923,44e2704,pilot-stage1-disease-r2,100,9006,,ecc984f043b744b6,0.025,0,none,0.1,0.2,0,2,,,completed,extinction on day 1,7,7,0,0.005,1,1,1,0,1,1,0
f98bff9d34aa475daeee06fd8a6fa7c5,2db4d969883fe151d35355570bde9af351055bd1a42ad98d61f1fb3ae67c84bb,44e2704,pilot-stage1-disease-r2,100,9006,,ecc984f043b744b6,0.05,0,none,0.1,0.2,0,2,,,completed,extinction on day 1,14,12,2,0.005,1,1,1,0,1,1,0
619529cfc1a9417498a7234a8afe8d56,a2b653601776ffa21cd6229a08e1cda27c0337f44e5cb5513d2d13c9ccb08eed,44e2704,pilot-stage1-disease-r2,100,9006,,ecc984f043b744b6,0.1,0,none,0.1,0.2,0,2,,,completed,extinction on day 1,19,17,2,0.005,1,1,1,0,1,1,0
831515ee05ac48d99ca9d28b337aed38,5e12203e3731c455b12eccfc96c8322f85467fbb44ea1930cda4a05c06e2bfd6,44e2704,pilot-stage1-disease-r2,100,9007,,ecc984f043b744b6,0.0,0,none,0.1,0.2,0,2,,,completed,extinction on day 14,0,0,0,0.05,10,1,6,3,14,14,0
c1d2e7cb10cc4958a9c85ca95a6c0c92,eef44136d3e69083e55f273ad45a054834ff36c90e3b732b6c976aae1718d8d6,44e2704,pilot-stage1-disease-r2,100,9007,,ecc984f043b744b6,0.01,0,none,0.1,0.2,0,2,,,completed,extinction on day 36,66,63,3,0.095,19,2,8,13,36,36,0
0f9f1bd2d5b242dc944b6b8b1a8e4a54,7d314bb1971d79b811febde3aaa3ed2dd29c537d12b58d3d071394c946d4f387,44e2704,pilot-stage1-disease-r2,100,9007,,ecc984f043b744b6,0.02,0,none,0.1,0.2,0,2,,,completed,extinction on day 23,89,85,4,0.09,18,2,7,13,23,23,0
01e3b55202eb49d69a0f385c957cafa5,dd0dbf1c83488ce5dcab59d3ad4e2e7416f91f1d45d4fc33e521e7f7709e8b8f,44e2704,pilot-stage1-disease-r2,100,9007,,ecc984f043b744b6,0.025,0,none,0.1,0.2,0,2,,,completed,extinction on day 52,247,227,20,0.465,93,9,27,35,52,52,0
b7bee8e9ded24c0780d978b80dfd9db9,126129d77b25b66cef55519c5b189329bf49b5a527c618bcb2c84b25e4a9873b,44e2704,pilot-stage1-disease-r2,100,9007,,ecc984f043b744b6,0.05,0,none,0.1,0.2,0,2,,,completed,extinction on day 28,288,260,28,0.205,41,5,16,13,28,28,0
bb0f86e7198d4dab856a5bf90565c303,78fe3a5341baa58a2fe45f494bd607806417a85852def45f980c163add8489e7,44e2704,pilot-stage1-disease-r2,100,9007,,ecc984f043b744b6,0.1,0,none,0.1,0.2,0,2,,,completed,extinction on day 28,594,527,67,0.33,66,8,25,16,28,28,0
d4b9d6e25b204120ab120464f41db31a,efc2842155f4a522858abc79ed1b40443b6d774ae0b53fbf978c8b6e2694f347,44e2704,pilot-stage1-disease-r2,100,9008,,ecc984f043b744b6,0.0,0,none,0.1,0.2,0,2,,,completed,extinction on day 21,0,0,0,0.045,9,1,4,5,21,21,0
5cc6d6bcfb1b47c19e7599c9642f0036,503d6e240400433f028e4ced91d71bdfa3b3790412721c869e518e30340a8d05,44e2704,pilot-stage1-disease-r2,100,9008,,ecc984f043b744b6,0.01,0,none,0.1,0.2,0,2,,,completed,extinction on day 30,53,48,5,0.065,13,1,5,5,30,30,0
9bd4c84cd01741d1a3f41d87ef5d1941,d3aefe24250bca98a46f9e971dbf1e7540a3ea0c821e102d52ecd9d3bae73fc5,44e2704,pilot-stage1-disease-r2,100,9008,,ecc984f043b744b6,0.02,0,none,0.1,0.2,0,2,,,completed,extinction on day 15,66,64,2,0.055,11,1,4,5,15,15,0
3dab0355663e459d8f04173ec93405b2,b6c1d38f1f79c5d88c6041b6f5818d9cebc86adaa429fff22a9aa9412fb72419,44e2704,pilot-stage1-disease-r2,100,9008,,ecc984f043b744b6,0.025,0,none,0.1,0.2,0,2,,,completed,extinction on day 41,223,211,12,0.185,37,5,11,26,41,41,0
a01ff62657cc4f67a3b22294922ae3e0,f2ac58a63f573fcaaa503537e2515d3d157ea8749edb353b58d88e833cd041b0,44e2704,pilot-stage1-disease-r2,100,9008,,ecc984f043b744b6,0.05,0,none,0.1,0.2,0,2,,,completed,extinction on day 37,383,347,36,0.15,30,3,9,21,37,37,0
83fa30a32b61467bad1734a07e315a0a,2c946bece0aff2692867e0fcd70aa67d58b3990e7484d198f176cf53d3f9f391,44e2704,pilot-stage1-disease-r2,100,9008,,ecc984f043b744b6,0.1,0,none,0.1,0.2,0,2,,,completed,extinction on day 56,1159,1056,103,0.23,46,4,9,29,56,56,0
503dbdce2f26438687da33f7cedb9bf7,5e9355aeda3d0a37d28450aadd468b52b0ca3cb08e327d31af4e334bc2191cc0,44e2704,pilot-stage1-disease-r2,100,9009,,ecc984f043b744b6,0.0,0,none,0.1,0.2,0,2,,,completed,extinction on day 11,0,0,0,0.04,8,1,6,4,11,11,0
5af24f18e13148c5a24b66dfc6bb4836,ef0d63deed849ccffbe624bffa4087cb7739475541f4d66a93c2282cb053b413,44e2704,pilot-stage1-disease-r2,100,9009,,ecc984f043b744b6,0.01,0,none,0.1,0.2,0,2,,,completed,extinction on day 11,13,13,0,0.04,8,1,6,4,11,11,0
1a7189e25d39495d982f6abd47c5bf1e,987a85d5d3cc88e77f37942e3921aea5f00d9e23519b968b12968af480e1e8f5,44e2704,pilot-stage1-disease-r2,100,9009,,ecc984f043b744b6,0.02,0,none,0.1,0.2,0,2,,,completed,extinction on day 39,146,134,12,0.24,48,5,17,8,39,39,0
d1bdd0eef562429dac1002bb19e5bb9d,550a8b4456cd3ec846008beab4e182fd09e15edff20e62b5dd5088462a676a98,44e2704,pilot-stage1-disease-r2,100,9009,,ecc984f043b744b6,0.025,0,none,0.1,0.2,0,2,,,completed,extinction on day 29,141,129,12,0.255,51,5,17,8,29,29,0
08132f7a13bd4b40bc9568089a23ec87,1ac73649078456383f66b24114e2e6060ae02b3e8608327581d30ed5ec96f1c2,44e2704,pilot-stage1-disease-r2,100,9009,,ecc984f043b744b6,0.05,0,none,0.1,0.2,0,2,,,completed,extinction on day 38,357,337,20,0.3,60,6,15,8,38,38,0
c79001696c6c46708e6fa0ce23555751,2a3dbefde66dff0ad06ea6cef22c2fb75092341899228c71eaa6c0203c7b78c2,44e2704,pilot-stage1-disease-r2,100,9009,,ecc984f043b744b6,0.1,0,none,0.1,0.2,0,2,,,completed,extinction on day 52,1040,911,129,0.405,81,9,20,6,52,52,0
b3661c948099428b9561b2f16275f07c,285cb725014045b64c2b9438d839ed2cefe75ed9a3fd36ff5e54b78ce1609c1b,44e2704,pilot-stage1-disease-r2,101,9000,,a94b904840df0142,0.0,0,none,0.1,0.2,0,2,,,completed,extinction on day 35,0,0,0,0.05,10,1,4,13,35,35,0
0f8add7a41664b55b9a3e2bf816d3a58,7b4a88410beccf37000a59821a49dc51d953f4e8de884e26f71a5044cb81cfa6,44e2704,pilot-stage1-disease-r2,101,9000,,a94b904840df0142,0.01,0,none,0.1,0.2,0,2,,,completed,extinction on day 35,71,66,5,0.055,11,1,4,13,35,35,0
ca3b8944d79b4160a4b058a34ff54199,0ed2bcffb58cfc07462172dd80fbecd894fd4beb721ee3a9d83c590e06c00d11,44e2704,pilot-stage1-disease-r2,101,9000,,a94b904840df0142,0.02,0,none,0.1,0.2,0,2,,,completed,extinction on day 35,141,134,7,0.055,11,1,5,11,35,35,0
85101998955e42d68ee755730fbc153b,8e73b48cdec61d5dedfcc144ad16d6afa072a953cc87ecad8a0987dbaf3b5a81,44e2704,pilot-stage1-disease-r2,101,9000,,a94b904840df0142,0.025,0,none,0.1,0.2,0,2,,,completed,extinction on day 35,177,169,8,0.065,13,1,6,11,35,35,0
421c7b9462f74ee8bfb14711183f49dc,325fbf8f553d1e57f33dbf6b7a5baa9462baf693be0d5c9965731d6f2f647132,44e2704,pilot-stage1-disease-r2,101,9000,,a94b904840df0142,0.05,0,none,0.1,0.2,0,2,,,completed,extinction on day 92,942,875,67,0.665,133,14,27,33,92,92,0
9379dc45338247aeb6821bfa619ecfac,3c68253c761e04145a71c22e9a994a3c04cdb9230d299abf3a10b3a69909d0d5,44e2704,pilot-stage1-disease-r2,101,9000,,a94b904840df0142,0.1,0,none,0.1,0.2,0,2,,,completed,extinction on day 59,1181,1100,81,0.915,183,20,35,17,59,59,0
443305f0cc5b483bb95f28a14c8bf2f9,679208cd7046caf7298f6bcdaf5d7af37acb89e6ceba4b695d07b010de5abfcd,44e2704,pilot-stage1-disease-r2,101,9001,,a94b904840df0142,0.0,0,none,0.1,0.2,0,2,,,completed,extinction on day 24,0,0,0,0.05,10,1,9,5,24,24,0
e81a0b92171e4647abb17f43af5e7f31,1c9356cee3b90bdcfe5246857a33e869cf28b14fcf4957d61afc4eb8e1ea1d5c,44e2704,pilot-stage1-disease-r2,101,9001,,a94b904840df0142,0.01,0,none,0.1,0.2,0,2,,,completed,extinction on day 37,74,66,8,0.17,34,3,14,26,37,37,0
501b863427234014a45d84b8ac0a601e,c837bc8038617b836eaf46202ef22b58b01acf504ff84ce7a1386713995c00b7,44e2704,pilot-stage1-disease-r2,101,9001,,a94b904840df0142,0.02,0,none,0.1,0.2,0,2,,,completed,extinction on day 32,116,107,9,0.1,20,2,9,5,32,32,0
23cdd8263af047bab05afa19317215c4,d44908e3a10bcfdd31703817e0b34b9115f746431a7b4e7b6c65e369adcfe047,44e2704,pilot-stage1-disease-r2,101,9001,,a94b904840df0142,0.025,0,none,0.1,0.2,0,2,,,completed,extinction on day 56,272,247,25,0.235,47,5,9,5,56,56,0
28937810c3a541ecb1922484bb4c50be,bf20d80dfc41a05b08de8c071021afc398ebfa4344d5bcd7535646be322e53ee,44e2704,pilot-stage1-disease-r2,101,9001,,a94b904840df0142,0.05,0,none,0.1,0.2,0,2,,,completed,extinction on day 56,564,535,29,0.265,53,4,14,23,56,56,0
fcb38dc19dfb42fb8d043390e5aa3942,61c61adf3facd992b409790ae02d006ff037ef32f83281d57023a2d9b1d8ab2b,44e2704,pilot-stage1-disease-r2,101,9001,,a94b904840df0142,0.1,0,none,0.1,0.2,0,2,,,completed,extinction on day 39,798,743,55,0.935,187,20,65,18,39,39,0
0d4d81013a0d4e2687991ea11d72903a,6f2fd4bdaf0fee040a78ff45030d8880aa056f2b1fe44aa1362f2087f81a26b7,44e2704,pilot-stage1-disease-r2,101,9002,,a94b904840df0142,0.0,0,none,0.1,0.2,0,2,,,completed,extinction on day 10,0,0,0,0.04,8,1,6,5,10,10,0
fad449fb636442999eeed3750731a095,a464efd773b68e0ace56512b28bcd18e3ce028866f0fa9cb05f4948ed5882388,44e2704,pilot-stage1-disease-r2,101,9002,,a94b904840df0142,0.01,0,none,0.1,0.2,0,2,,,completed,extinction on day 10,12,12,0,0.05,10,1,7,5,10,10,0
10b9be3760044c989d8a9f04fccac590,7270895caa3683fff1edfe0068113cc1a336a8481883f4e744999b08df72e885,44e2704,pilot-stage1-disease-r2,101,9002,,a94b904840df0142,0.02,0,none,0.1,0.2,0,2,,,completed,extinction on day 10,25,24,1,0.055,11,1,8,5,10,10,0
0bc08655e98b48bcbd5efd48759d66d6,313c46aa202dcf22971f457ee764f4776ed657fe6cc161a86f19fd29ea28e18c,44e2704,pilot-stage1-disease-r2,101,9002,,a94b904840df0142,0.025,0,none,0.1,0.2,0,2,,,completed,extinction on day 10,37,35,2,0.055,11,1,8,5,10,10,0
3500276feb2c411ba579022cae39bc0f,aa47c21cd20c38109d7ed90714333049c4e7c9295252ba66a1556845736eea5d,44e2704,pilot-stage1-disease-r2,101,9002,,a94b904840df0142,0.05,0,none,0.1,0.2,0,2,,,completed,extinction on day 86,854,798,56,0.61,122,12,15,41,86,86,0
14d1ab2962b745cf89a5d137b9c9c4a1,332b6ee4a456103c93cea14d6b5df5213020aed96271f89f345faa37a1240593,44e2704,pilot-stage1-disease-r2,101,9002,,a94b904840df0142,0.1,0,none,0.1,0.2,0,2,,,completed,extinction on day 67,1295,1223,72,0.835,167,19,37,15,67,67,0
1d3d414d84574174835798c34614cab5,b00cdea6155522876cdf7c1fcb0c320738689a7114812463144e43fdf9a64108,44e2704,pilot-stage1-disease-r2,101,9003,,a94b904840df0142,0.0,0,none,0.1,0.2,0,2,,,completed,extinction on day 1,0,0,0,0.005,1,1,1,0,1,1,0
52dd5447fbb6491e9836a766fff56fe7,f54a0e3e40e3997e3634ae07419d4c77b67ca2cfdb6b513a94049ca01b9c1bb0,44e2704,pilot-stage1-disease-r2,101,9003,,a94b904840df0142,0.01,0,none,0.1,0.2,0,2,,,completed,extinction on day 1,3,3,0,0.005,1,1,1,0,1,1,0
4363f4be5803400a9f64603d82dae786,33c8ed1e410c6f2bcf9d76a0ababe20bd73acc16af293326a80f80b8804a1c77,44e2704,pilot-stage1-disease-r2,101,9003,,a94b904840df0142,0.02,0,none,0.1,0.2,0,2,,,completed,extinction on day 1,5,5,0,0.005,1,1,1,0,1,1,0
41109e871ce94f7fb5e8a19c4cad3306,22efbc9a2ab850a6f42c213084d978f0ed94737a9fad74e4daebcd88d4905dd3,44e2704,pilot-stage1-disease-r2,101,9003,,a94b904840df0142,0.025,0,none,0.1,0.2,0,2,,,completed,extinction on day 1,5,5,0,0.005,1,1,1,0,1,1,0
f13264634f244e9abe870a2be12128ee,835807b2883909863eab0b31cea2d3399802e5ea98ab92c3f36ed51c1c5f5d66,44e2704,pilot-stage1-disease-r2,101,9003,,a94b904840df0142,0.05,0,none,0.1,0.2,0,2,,,completed,extinction on day 1,9,9,0,0.005,1,1,1,0,1,1,0
9e5b9ca5c85c4b7a9c3001946bc111db,5bea926cf30c86c7bef642d81b47104749f6e5f97687940dab361f47bbde39dc,44e2704,pilot-stage1-disease-r2,101,9003,,a94b904840df0142,0.1,0,none,0.1,0.2,0,2,,,completed,extinction on day 1,16,16,0,0.005,1,1,1,0,1,1,0
76b32201554f4f15a0af2e35bb99c817,613efd2d38503072525336af069930ae341fde5372d6c0ebabcccba4c6d59575,44e2704,pilot-stage1-disease-r2,101,9004,,a94b904840df0142,0.0,0,none,0.1,0.2,0,2,,,completed,extinction on day 26,0,0,0,0.05,10,1,6,6,26,26,0
1d5cbe3bc8154b99ab77a8dcd4f19b5a,a94bf51e6db6c64e1356fcacc421a23dcb3f99e388e6fa2c938ac136f1d41df9,44e2704,pilot-stage1-disease-r2,101,9004,,a94b904840df0142,0.01,0,none,0.1,0.2,0,2,,,completed,extinction on day 26,58,58,0,0.06,12,1,7,6,26,26,0
5ad153f73499430cb0774344091ad252,c059913f9048f93012880f48a506b5eee61e09e167c8b313a9d83bcef64816c2,44e2704,pilot-stage1-disease-r2,101,9004,,a94b904840df0142,0.02,0,none,0.1,0.2,0,2,,,completed,extinction on day 46,182,175,7,0.18,36,4,15,19,46,46,0
8f75bd5cddee427d9d4baed961e78b3a,e8cd062500e9e06ca57b5ad858d5924a7059c9d7f55f2f7fec26aa2336ee399e,44e2704,pilot-stage1-disease-r2,101,9004,,a94b904840df0142,0.025,0,none,0.1,0.2,0,2,,,completed,extinction on day 35,171,166,5,0.215,43,4,17,19,35,35,0
d0a68115181445919b635d13b8283bdb,0d07a21ddfbcca8bf33978be890802ecb0fd6408f4d7d00264ae5dc8813c8319,44e2704,pilot-stage1-disease-r2,101,9004,,a94b904840df0142,0.05,0,none,0.1,0.2,0,2,,,completed,extinction on day 81,829,770,59,0.565,113,13,19,26,81,81,0
0480b8ad23314048a64a99bab913fb4c,5b50788c487ab0fa5be7f94037ff33c8f70bca18260d6416aac7cedecd556a5f,44e2704,pilot-stage1-disease-r2,101,9004,,a94b904840df0142,0.1,0,none,0.1,0.2,0,2,,,completed,extinction on day 53,1056,994,62,0.86,172,19,48,27,53,53,0
11b9b8979b794d4b964d405d6ed9885b,9e94e849790be4515fe0aad0f46c2183730017c954d67d1d53ebbdce5d0a268a,44e2704,pilot-stage1-disease-r2,101,9005,,a94b904840df0142,0.0,0,none,0.1,0.2,0,2,,,completed,extinction on day 8,0,0,0,0.05,10,1,6,3,8,8,0
75ba1b931ad147c196bd7eb726fb8425,c8cff18d09a255a6f11cc37d28ca43a7be03d2f873cc8b45fb133a9f1e9f3cbb,44e2704,pilot-stage1-disease-r2,101,9005,,a94b904840df0142,0.01,0,none,0.1,0.2,0,2,,,completed,extinction on day 10,29,27,2,0.05,10,1,5,3,10,10,0
27ab26754be343a583f9aa9bf6e07ec5,9cd751de9708a0db0a489f8f122152bde5323e3dd42f78c24e851798a54ad769,44e2704,pilot-stage1-disease-r2,101,9005,,a94b904840df0142,0.02,0,none,0.1,0.2,0,2,,,completed,extinction on day 10,44,44,0,0.055,11,1,6,4,10,10,0
801b992c6acd4ce492d5f75f37a342e0,0ced1c9420b8d79228569adeea6f8377f2e0cdaf40039468e46842773a99d101,44e2704,pilot-stage1-disease-r2,101,9005,,a94b904840df0142,0.025,0,none,0.1,0.2,0,2,,,completed,extinction on day 10,52,49,3,0.055,11,1,6,4,10,10,0
dc698cde44fb41ce92174aa9f7525393,e2d28f2af67528a6f408fc03bcc745a961e21e3b6efa302137fdb8a2b3620b19,44e2704,pilot-stage1-disease-r2,101,9005,,a94b904840df0142,0.05,0,none,0.1,0.2,0,2,,,completed,extinction on day 73,753,713,40,0.75,150,17,24,50,73,73,0
882be6236afb41b7b64c8d0317c46c4a,a7b789d801ad51656dd78138bbe9f3d385e971686c86c9d1c9c794f7edd331e8,44e2704,pilot-stage1-disease-r2,101,9005,,a94b904840df0142,0.1,0,none,0.1,0.2,0,2,,,completed,extinction on day 59,1180,1112,68,0.92,184,19,33,21,59,59,0
5659ca16f45447dcbb10798bb5fdf193,96d841c42a793f8218ea298125907c9dcd65e7f71db2bcff116d7807712cba7a,44e2704,pilot-stage1-disease-r2,101,9006,,a94b904840df0142,0.0,0,none,0.1,0.2,0,2,,,completed,extinction on day 1,0,0,0,0.005,1,1,1,0,1,1,0
ff0aab93f64b483f94665225f0cdeae9,cf62f7da89565b020063c0d6ca5a936aed649cafa52c02375a753f070346a14b,44e2704,pilot-stage1-disease-r2,101,9006,,a94b904840df0142,0.01,0,none,0.1,0.2,0,2,,,completed,extinction on day 1,5,5,0,0.005,1,1,1,0,1,1,0
d8773fdd2fb64df3a4943e9b0970f124,0f64375c6027219bd5eca3f0bad325ccc35e56e1969a00a0b05b65444b6dff72,44e2704,pilot-stage1-disease-r2,101,9006,,a94b904840df0142,0.02,0,none,0.1,0.2,0,2,,,completed,extinction on day 1,6,6,0,0.005,1,1,1,0,1,1,0
1ada16219ad64b6f83c7dcb92526d484,f60942ef2495d0b8007c2e16cd2406f885b5ba62ddf1dd37ab5e4a86c2538b16,44e2704,pilot-stage1-disease-r2,101,9006,,a94b904840df0142,0.025,0,none,0.1,0.2,0,2,,,completed,extinction on day 1,7,7,0,0.005,1,1,1,0,1,1,0
bb97e3d426c54ba5a3d53312c5ac459e,ae09bb226c70208e560d70815342403a9f8113cad914186259f978f47adfb8d8,44e2704,pilot-stage1-disease-r2,101,9006,,a94b904840df0142,0.05,0,none,0.1,0.2,0,2,,,completed,extinction on day 1,14,14,0,0.005,1,1,1,0,1,1,0
faf6373917234be9a8a9db0e928a4f0a,51aef9c6c402cdc39ae5749a264eccefa7840fdb37356e6bce538c21d6a6ea95,44e2704,pilot-stage1-disease-r2,101,9006,,a94b904840df0142,0.1,0,none,0.1,0.2,0,2,,,completed,extinction on day 1,19,18,1,0.005,1,1,1,0,1,1,0
a6d70c4419734e1293f3d2635f734e7a,dcd551dad442e6e2cff69779d74066d2443f3656552b868cc6f7a40b589f3545,44e2704,pilot-stage1-disease-r2,101,9007,,a94b904840df0142,0.0,0,none,0.1,0.2,0,2,,,completed,extinction on day 14,0,0,0,0.05,10,1,6,3,14,14,0
5e38a7e8b26845698095ef5b587153e5,2ea9be3f474a2b4d06822ebdf295033705dd8126210417de39c4949606666474,44e2704,pilot-stage1-disease-r2,101,9007,,a94b904840df0142,0.01,0,none,0.1,0.2,0,2,,,completed,extinction on day 30,57,54,3,0.11,22,2,6,3,30,30,0
77370650efc24a7ab5bf0f6b8bbf02b1,e687415ee28bd8f27c659102d9f414c807fe448fd1b31023a453bf356f236762,44e2704,pilot-stage1-disease-r2,101,9007,,a94b904840df0142,0.02,0,none,0.1,0.2,0,2,,,completed,extinction on day 34,126,110,16,0.115,23,3,6,3,34,34,0
473e5f1d36174dac837d443cbbeb23c1,478f71793ea0d48d03b3b0160791c24156f461b4381b1814dc6e97d9590e4e17,44e2704,pilot-stage1-disease-r2,101,9007,,a94b904840df0142,0.025,0,none,0.1,0.2,0,2,,,completed,extinction on day 31,146,132,14,0.095,19,3,6,3,31,31,0
9712dc51afd741ae8a407fd50a99ee4d,3391a1e2d85221f275038c040038acacabdacdf10d6507406637876621e53509,44e2704,pilot-stage1-disease-r2,101,9007,,a94b904840df0142,0.05,0,none,0.1,0.2,0,2,,,completed,extinction on day 23,236,226,10,0.185,37,4,17,13,23,23,0
4602929ac24642f5bd79532fc936fb34,0b21ada568c67ec180991cf4171088b46698395165e4da56d6aadcd50f9e5670,44e2704,pilot-stage1-disease-r2,101,9007,,a94b904840df0142,0.1,0,none,0.1,0.2,0,2,,,completed,extinction on day 68,1371,1302,69,0.91,182,19,37,26,68,68,0
e5ef3c618eb24f33829345c992dc4104,711542b3c0c3e7080e2e1ed001a04c2e5b8cb96da21016ac2cea796dccfca818,44e2704,pilot-stage1-disease-r2,101,9008,,a94b904840df0142,0.0,0,none,0.1,0.2,0,2,,,completed,extinction on day 21,0,0,0,0.045,9,1,4,5,21,21,0
04e3a949472648249a7b2e047a323056,41bed95ac6ae15df8a0f94f7c16817ef4e6ad9646cb165cb25222f823060b3cb,44e2704,pilot-stage1-disease-r2,101,9008,,a94b904840df0142,0.01,0,none,0.1,0.2,0,2,,,completed,extinction on day 21,40,38,2,0.055,11,1,4,5,21,21,0
9824f8e91aaa476b99cb3dd9dda04d8e,5d779ff71be961ab574981f1e0ea016034b666cd5a615dd502d2f4a524e625f0,44e2704,pilot-stage1-disease-r2,101,9008,,a94b904840df0142,0.02,0,none,0.1,0.2,0,2,,,completed,extinction on day 16,73,67,6,0.055,11,1,5,10,16,16,0
71a29607ed544599b2ffb1e7544e9bf1,f3825a6693bae8049681283288999a60fddbd4b7235db17627cbff8b7cd4e054,44e2704,pilot-stage1-disease-r2,101,9008,,a94b904840df0142,0.025,0,none,0.1,0.2,0,2,,,completed,extinction on day 30,159,148,11,0.125,25,3,10,12,30,30,0
f680558f20a44202a7f5a53218af47c6,178e8aaad64e49c209fbf8f5cd678d39fdab40a188e71e273c80a695f7e89f50,44e2704,pilot-stage1-disease-r2,101,9008,,a94b904840df0142,0.05,0,none,0.1,0.2,0,2,,,completed,extinction on day 48,503,461,42,0.45,90,9,20,17,48,48,0
863956d4e9194effa5dda2444f7227e6,955f273cd5c1748a5e39af64753074431d3c6dc75770f558e564aa556144061f,44e2704,pilot-stage1-disease-r2,101,9008,,a94b904840df0142,0.1,0,none,0.1,0.2,0,2,,,completed,extinction on day 72,1450,1359,91,0.9,180,18,30,36,72,72,0
1e62ce93eb2b480484bc074052c3746f,00b8667a144e063a90f194ba17e35cd2a77baf4d03b8bca534f51e82500af024,44e2704,pilot-stage1-disease-r2,101,9009,,a94b904840df0142,0.0,0,none,0.1,0.2,0,2,,,completed,extinction on day 11,0,0,0,0.04,8,1,6,4,11,11,0
957c2dc8172e472b9ad87784ca9ea187,275fad08454563db2eddcf5d4a240b0a2095e65caf1b50eacd185f9047dc7a46,44e2704,pilot-stage1-disease-r2,101,9009,,a94b904840df0142,0.01,0,none,0.1,0.2,0,2,,,completed,extinction on day 11,13,13,0,0.04,8,1,6,4,11,11,0
c462236e32f240cfabbfbc2be8f71f6f,e7dd1b90fbcf86aea66c376737ec6d829258d042b01929e99f8a5f58fc4e9748,44e2704,pilot-stage1-disease-r2,101,9009,,a94b904840df0142,0.02,0,none,0.1,0.2,0,2,,,completed,extinction on day 29,113,110,3,0.195,39,4,10,4,29,29,0
de85b8dc2ac6471b94dd3f7a5c77ef64,7cd4b815bd9cf033f02a594843fd75dfcadfff1a6b089228bf2db7dc6359d818,44e2704,pilot-stage1-disease-r2,101,9009,,a94b904840df0142,0.025,0,none,0.1,0.2,0,2,,,completed,extinction on day 29,141,138,3,0.19,38,4,10,4,29,29,0
b1869729b22b4bd5a64164dcc8316186,3b19966212a91ae5caf0dc8409cf8e2bdf5168a0eaedb0fd074086a8acad5348,44e2704,pilot-stage1-disease-r2,101,9009,,a94b904840df0142,0.05,0,none,0.1,0.2,0,2,,,completed,extinction on day 11,103,98,5,0.035,7,1,5,3,11,11,0
2a1adbef9590424aa07b6d03037bf6e9,711dee5089f64047d4fc87a075ebbf0ffca7b960ac259f96618987d9f9559648,44e2704,pilot-stage1-disease-r2,101,9009,,a94b904840df0142,0.1,0,none,0.1,0.2,0,2,,,completed,extinction on day 83,1700,1612,88,0.94,188,20,32,33,83,83,0
5dd26d95b84641c499b3fe47a4eda7c0,d9c708e52f6a119417c4ff0964b89313a3d333558c99e50523c3189db4f8798c,44e2704,pilot-stage1-disease-r2,102,9000,,0a9f06b6dff3de72,0.0,0,none,0.1,0.2,0,2,,,completed,extinction on day 35,0,0,0,0.05,10,1,4,13,35,35,0
40b26a5a551044b0ad775ec26fd42b5b,159b739ec44bf217148452706b5d8bc5401ae57eab63c02686fe8db0e54399ab,44e2704,pilot-stage1-disease-r2,102,9000,,0a9f06b6dff3de72,0.01,0,none,0.1,0.2,0,2,,,completed,extinction on day 35,71,70,1,0.06,12,1,4,13,35,35,0
6deba0fbdb5e4fd3ac09980dab2ccd5a,346a90a76ace088c7deea7ed7a3991f62f31c3acdb2c3fa0aeb990297546a601,44e2704,pilot-stage1-disease-r2,102,9000,,0a9f06b6dff3de72,0.02,0,none,0.1,0.2,0,2,,,completed,extinction on day 37,145,134,11,0.075,15,1,6,11,37,37,0
aaa9a86b1c9a4d4ba7875b8812fb83ba,843168ea3e7f4de5642d1a7ae1cee9b48488b7dfdb786f074bcaa717efba6b86,44e2704,pilot-stage1-disease-r2,102,9000,,0a9f06b6dff3de72,0.025,0,none,0.1,0.2,0,2,,,completed,extinction on day 35,177,167,10,0.07,14,1,6,11,35,35,0
5b15b79b52924d6abb49e312f294919f,940e5c6f771d8f9bab4538f80b1bce9bb827e0462d09576830d7d3df2675a08a,44e2704,pilot-stage1-disease-r2,102,9000,,0a9f06b6dff3de72,0.05,0,none,0.1,0.2,0,2,,,completed,extinction on day 47,482,448,34,0.225,45,5,15,14,47,47,0
7955d517c5d243d08d23eace7fb1070b,52dda5b19211862d8476306dcc98452a17128c83d560e61afeb7897d63043f63,44e2704,pilot-stage1-disease-r2,102,9000,,0a9f06b6dff3de72,0.1,0,none,0.1,0.2,0,2,,,completed,extinction on day 67,1343,1257,86,0.935,187,19,47,40,67,67,0
35df6263cee6488da2f5af7d51cf08c5,588708b4a2487be6e29149710ed2ccf368e6eda4d6ed32ed1cab773cfbc37734,44e2704,pilot-stage1-disease-r2,102,9001,,0a9f06b6dff3de72,0.0,0,none,0.1,0.2,0,2,,,completed,extinction on day 24,0,0,0,0.05,10,1,9,5,24,24,0
b639e0e0c58b42c5b07fb7370d9348e9,f6161824b4692d16f8e90b41370a23d0b74b5dc982423b1584a2d6b7e9565d5b,44e2704,pilot-stage1-disease-r2,102,9001,,0a9f06b6dff3de72,0.01,0,none,0.1,0.2,0,2,,,completed,extinction on day 32,61,57,4,0.085,17,2,9,5,32,32,0
b2faa26b62b34772a729e67c26c2f5d6,6096031e9782a0505d96f9e734098788a9f7d03b2a70ac6b1ed9490306e29861,44e2704,pilot-stage1-disease-r2,102,9001,,0a9f06b6dff3de72,0.02,0,none,0.1,0.2,0,2,,,completed,extinction on day 32,116,112,4,0.095,19,2,9,5,32,32,0
cabf3d50dd6d47768ef1ffb1da35622e,400c49ce5afeb449a9a5d32b22af4c02c8e934a7bc7b7be28b7e7e0097c60a54,44e2704,pilot-stage1-disease-r2,102,9001,,0a9f06b6dff3de72,0.025,0,none,0.1,0.2,0,2,,,completed,extinction on day 37,177,163,14,0.12,24,2,9,5,37,37,0
69be382372f44e0fa9b397358ca02f07,9ef9ee44dfbd0c40650094683376d320d61280103ea359850ea70cb340f23aa2,44e2704,pilot-stage1-disease-r2,102,9001,,0a9f06b6dff3de72,0.05,0,none,0.1,0.2,0,2,,,completed,extinction on day 33,326,308,18,0.21,42,4,14,23,33,33,0
d04c02235523419491545bab68c22d90,6e16b96ef0349cab391fcfda88727e35451ddf66eb10bbae696f85e2a65a47ec,44e2704,pilot-stage1-disease-r2,102,9001,,0a9f06b6dff3de72,0.1,0,none,0.1,0.2,0,2,,,completed,extinction on day 36,734,682,52,0.23,46,5,23,12,36,36,0
ce1cd43982f34f47ad3eb4dcd60c3a20,fe535c1fad732d2f3ee1aace2a784ec799a1a1392d62102c2b30aaaf0d120100,44e2704,pilot-stage1-disease-r2,102,9002,,0a9f06b6dff3de72,0.0,0,none,0.1,0.2,0,2,,,completed,extinction on day 10,0,0,0,0.04,8,1,6,5,10,10,0
90312eb239634772965d722c0d889274,42cf59cb4050771fcf6648347306f3ebd7c82652ef2236f5df77a7f5b5b12caf,44e2704,pilot-stage1-disease-r2,102,9002,,0a9f06b6dff3de72,0.01,0,none,0.1,0.2,0,2,,,completed,extinction on day 10,12,12,0,0.04,8,1,6,5,10,10,0
997d7f87df9a4a04b681fcfe376ee81c,b4d83f3c60fc7c9bffef2dc63e42001259e64a46c70e33f36e4e990a7d2e6b91,44e2704,pilot-stage1-disease-r2,102,9002,,0a9f06b6dff3de72,0.02,0,none,0.1,0.2,0,2,,,completed,extinction on day 10,25,24,1,0.04,8,1,6,5,10,10,0
a8fd04b3e7644b0c8fa1f4cdd1264e80,8847a3a8971906ab29023365339ef53e96c2d4abd670eeeeb8b1bd68cd1f27fc,44e2704,pilot-stage1-disease-r2,102,9002,,0a9f06b6dff3de72,0.025,0,none,0.1,0.2,0,2,,,completed,extinction on day 36,180,165,15,0.09,18,4,8,19,36,36,0
3daeb652f99b4e0c86ac309cbbc9dd1c,39dca8bf01c1e9046a394db6e66847302dfe92b93766a6d52d991c0dbc8d4aef,44e2704,pilot-stage1-disease-r2,102,9002,,0a9f06b6dff3de72,0.05,0,none,0.1,0.2,0,2,,,completed,extinction on day 63,622,581,41,0.33,66,7,20,30,63,63,0
575750f5be8b4db0874a999f51cf1194,f6e8a4c011deb049ca347f6ccf1cd5e9d1b0319773e1fc9375c8c7b8c5655956,44e2704,pilot-stage1-disease-r2,102,9002,,0a9f06b6dff3de72,0.1,0,none,0.1,0.2,0,2,,,completed,extinction on day 69,1337,1229,108,0.95,190,20,42,45,69,69,0
11d8c03a1dee4bf3a3cc65a03e221455,9250922c70a17be5e24506ccdf610893201f7ff6de367c0567b9bf7df7b41ca8,44e2704,pilot-stage1-disease-r2,102,9003,,0a9f06b6dff3de72,0.0,0,none,0.1,0.2,0,2,,,completed,extinction on day 1,0,0,0,0.005,1,1,1,0,1,1,0
7bd46b8b6ee04b76bf5c2f9275a53448,4bdfb2b960b4c9674dbc36c71d5f997792bac8171e39b6b22ecb4dae190a7870,44e2704,pilot-stage1-disease-r2,102,9003,,0a9f06b6dff3de72,0.01,0,none,0.1,0.2,0,2,,,completed,extinction on day 1,3,3,0,0.005,1,1,1,0,1,1,0
86600ca94b5f4f059f38212be49c622d,b108b0e9dd5e4677e71bdda0eaf7cc524d235525150a4e50d6fe27cf21f4371b,44e2704,pilot-stage1-disease-r2,102,9003,,0a9f06b6dff3de72,0.02,0,none,0.1,0.2,0,2,,,completed,extinction on day 1,5,5,0,0.005,1,1,1,0,1,1,0
142bf11435694c6383c47172c1a7e63b,0609e74f80ed69bf095f0792d241bcdb6fef4bfa4a161c6079478a9e6d548232,44e2704,pilot-stage1-disease-r2,102,9003,,0a9f06b6dff3de72,0.025,0,none,0.1,0.2,0,2,,,completed,extinction on day 1,5,5,0,0.005,1,1,1,0,1,1,0
1a532af93cdb441e9281a477a5f103db,bacd8a03de658298a5234df6962c6d783eda08f96970a9720ee71dda8406a23d,44e2704,pilot-stage1-disease-r2,102,9003,,0a9f06b6dff3de72,0.05,0,none,0.1,0.2,0,2,,,completed,extinction on day 1,9,9,0,0.005,1,1,1,0,1,1,0
a8d175ddf9ac46f1a41009ee8bf41b44,166140bb5321682a239f6c1835d777c5a1ed271164579fab26646e03cb2ef4df,44e2704,pilot-stage1-disease-r2,102,9003,,0a9f06b6dff3de72,0.1,0,none,0.1,0.2,0,2,,,completed,extinction on day 1,16,16,0,0.005,1,1,1,0,1,1,0
2af5c8b378b14e5e9ab4f641468ad2d3,e1cde85afbaff4c46e99da08724ceff11deaf49998563612c44b25ca4e71acfb,44e2704,pilot-stage1-disease-r2,102,9004,,0a9f06b6dff3de72,0.0,0,none,0.1,0.2,0,2,,,completed,extinction on day 26,0,0,0,0.05,10,1,6,6,26,26,0
9b22362153d245eaaf977ace79a7ad8f,432a2160a39e8174b7688596d882e8c8be20c7702a5a5dbdc8ac1ccdd48f3010,44e2704,pilot-stage1-disease-r2,102,9004,,0a9f06b6dff3de72,0.01,0,none,0.1,0.2,0,2,,,completed,extinction on day 26,58,58,0,0.055,11,1,7,6,26,26,0
ff8926f23d724534acfd7dfa0475d724,4fbf594aaaf4be6095320a55f0b53885ac1fa33c0acdb52f179e5db021795ace,44e2704,pilot-stage1-disease-r2,102,9004,,0a9f06b6dff3de72,0.02,0,none,0.1,0.2,0,2,,,completed,extinction on day 35,134,122,12,0.115,23,2,7,6,35,35,0
2a42e20f28d04eaea60f25d1b222d42c,2114c995d5a0b9a1bcdfc879afa6ea754d1f2430bcbeea5234374358d1000cae,44e2704,pilot-stage1-disease-r2,102,9004,,0a9f06b6dff3de72,0.025,0,none,0.1,0.2,0,2,,,completed,extinction on day 44,215,196,19,0.15,30,3,8,23,44,44,0
8436c30dcf7e4dcfbee458124d17bd8f,fe35725a7a2408f07ab282fef8c47f44549562b8ff4b6cda8c12a340b64653f8,44e2704,pilot-stage1-disease-r2,102,9004,,0a9f06b6dff3de72,0.05,0,none,0.1,0.2,0,2,,,completed,extinction on day 22,214,202,12,0.08,16,2,7,6,22,22,0
80e2151ac7434b4c98e8ee73a922cb84,b00f9c1297bc4d65f4bf29b4ed8d565b23ceb3f5d68b60040c9a13e1e2d9cb81,44e2704,pilot-stage1-disease-r2,102,9004,,0a9f06b6dff3de72,0.1,0,none,0.1,0.2,0,2,,,completed,extinction on day 92,1854,1704,150,0.695,139,16,22,17,92,92,0
d06989e33298499caddc450fa1dcef1a,7bfe84dab10b41d50a0c350a3e85bb956ea6960de890dc6c8573dedc6dbc05eb,44e2704,pilot-stage1-disease-r2,102,9005,,0a9f06b6dff3de72,0.0,0,none,0.1,0.2,0,2,,,completed,extinction on day 8,0,0,0,0.05,10,1,6,3,8,8,0
4e73f274fa3d4edd9743983dfb7b6263,5b882c97d0d9223842ca4f08d57dde8364bc28fc57ba6395e85227dce6f99b83,44e2704,pilot-stage1-disease-r2,102,9005,,0a9f06b6dff3de72,0.01,0,none,0.1,0.2,0,2,,,completed,extinction on day 12,32,31,1,0.06,12,1,7,4,12,12,0
5a7df4da91b64114af16717566fbbaa5,ee05640d9f302fc6b0cf6c70439da6ee68dfd5fe0e055a74d44d4d435c6298fc,44e2704,pilot-stage1-disease-r2,102,9005,,0a9f06b6dff3de72,0.02,0,none,0.1,0.2,0,2,,,completed,extinction on day 12,52,52,0,0.06,12,1,7,4,12,12,0
a03da196dd0d4b1484d8ae675ad257d6,db4ee90324e997f9ceabb588de56bd85562dcf4cda005ec997cfc13f58fc08e0,44e2704,pilot-stage1-disease-r2,102,9005,,0a9f06b6dff3de72,0.025,0,none,0.1,0.2,0,2,,,completed,extinction on day 12,60,59,1,0.06,12,1,7,4,12,12,0
e235cb4181a9412689490f0989ade90c,2a785c5d310919369f68b0243b209ef91a4a30c485f896bdd995e3d426d063f1,44e2704,pilot-stage1-disease-r2,102,9005,,0a9f06b6dff3de72,0.05,0,none,0.1,0.2,0,2,,,completed,extinction on day 45,443,414,29,0.265,53,5,9,23,45,45,0
2468636b14df4beba706a97d496ea6cc,c46f94f2d0f9a96cf4c11bcf9f7897c58af8c4ae283271ed44da19a5974a97d1,44e2704,pilot-stage1-disease-r2,102,9005,,0a9f06b6dff3de72,0.1,0,none,0.1,0.2,0,2,,,completed,extinction on day 73,1485,1382,103,0.765,153,19,23,11,73,73,0
36c56cda47464b16a6cea49ed02b1ed0,6c5c5a93290f60f0d97248bfdda8ca21ebc2c37b836f3dcfdeb90854cd25df1c,44e2704,pilot-stage1-disease-r2,102,9006,,0a9f06b6dff3de72,0.0,0,none,0.1,0.2,0,2,,,completed,extinction on day 1,0,0,0,0.005,1,1,1,0,1,1,0
b4f1800193ef4f26b8d29b1be6ca7abb,cbd5968363a9c4ede761b5e20f04de533bbcd0db153eac14372088849ca512e0,44e2704,pilot-stage1-disease-r2,102,9006,,0a9f06b6dff3de72,0.01,0,none,0.1,0.2,0,2,,,completed,extinction on day 1,5,5,0,0.005,1,1,1,0,1,1,0
090fe241d3ce46baa395cd0b220c8aea,b260fad1eeab168b0d7734b27752b5be1b785436a3831241e35bf955835660ab,44e2704,pilot-stage1-disease-r2,102,9006,,0a9f06b6dff3de72,0.02,0,none,0.1,0.2,0,2,,,completed,extinction on day 1,6,6,0,0.005,1,1,1,0,1,1,0
fc2aada4388a41f8859f32e96994dffc,5a2dfb63e99c809fd85922f9fdadb9ee5197f7911a4428b42ebeec86a6ef7736,44e2704,pilot-stage1-disease-r2,102,9006,,0a9f06b6dff3de72,0.025,0,none,0.1,0.2,0,2,,,completed,extinction on day 1,7,7,0,0.005,1,1,1,0,1,1,0
ce47ab9d9055434b937d0a56f58f251c,83c1bc534d2f589f8e7d5e179faed3369a01d100a75d734564f493472059b982,44e2704,pilot-stage1-disease-r2,102,9006,,0a9f06b6dff3de72,0.05,0,none,0.1,0.2,0,2,,,completed,extinction on day 1,14,14,0,0.005,1,1,1,0,1,1,0
a490a8769d5a4d71b8268912d6981bcd,131c84ec460b6b3923c5e92d015212f0df12764810c31fe3019c63df7b2a7513,44e2704,pilot-stage1-disease-r2,102,9006,,0a9f06b6dff3de72,0.1,0,none,0.1,0.2,0,2,,,completed,extinction on day 1,19,19,0,0.005,1,1,1,0,1,1,0
2a5bf900cdea4032b415a1fc88187f8e,bfabd10581c10562395ccb1de5403d50b402177c230b34b27b25060ed89f81f9,44e2704,pilot-stage1-disease-r2,102,9007,,0a9f06b6dff3de72,0.0,0,none,0.1,0.2,0,2,,,completed,extinction on day 14,0,0,0,0.05,10,1,6,3,14,14,0
6f982359ce0745ebad9560741c1b1772,8922ec1c8ced95861d52a203e76ec9f45fa952abdcb531b870cdc55139386e7c,44e2704,pilot-stage1-disease-r2,102,9007,,0a9f06b6dff3de72,0.01,0,none,0.1,0.2,0,2,,,completed,extinction on day 36,66,63,3,0.105,21,3,8,13,36,36,0
aa6fcc78fb0b4a3fa67de713e3060c10,0ce90fb029edea67484d558721d11aab3ff11a46fe7ae40ab88ccca1fff7bf1a,44e2704,pilot-stage1-disease-r2,102,9007,,0a9f06b6dff3de72,0.02,0,none,0.1,0.2,0,2,,,completed,extinction on day 28,112,105,7,0.19,38,4,16,13,28,28,0
ddf09dcc194442438f6ea0c50b11b2ab,e453c689110044a5ac8da821924839b6790202eed9f5a190705201a25c3fbeca,44e2704,pilot-stage1-disease-r2,102,9007,,0a9f06b6dff3de72,0.025,0,none,0.1,0.2,0,2,,,completed,extinction on day 23,112,106,6,0.125,25,3,10,7,23,23,0
fe97796bfdcb46f88b164e37067259f5,e18e08e16d4a43caffe39dfbc2bff0edfaa546648aa1531825cffcb8cca0d150,44e2704,pilot-stage1-disease-r2,102,9007,,0a9f06b6dff3de72,0.05,0,none,0.1,0.2,0,2,,,completed,extinction on day 73,712,664,48,0.69,138,16,17,37,73,73,0
c3343ebad29245a5a82e0f4535fdc0e4,19c1a45949387f4856d734d7c414788b17ccd535a951833b6bc9d9ed8e8c4c7d,44e2704,pilot-stage1-disease-r2,102,9007,,0a9f06b6dff3de72,0.1,0,none,0.1,0.2,0,2,,,completed,extinction on day 75,1516,1424,92,0.95,190,20,34,42,75,75,0
61dfc3cc7d6141f9901ae4540febf996,eec0fb9c9f52487cf016666ade624f35aee856a9c0da7703af62a2dfcb5e4b61,44e2704,pilot-stage1-disease-r2,102,9008,,0a9f06b6dff3de72,0.0,0,none,0.1,0.2,0,2,,,completed,extinction on day 21,0,0,0,0.045,9,1,4,5,21,21,0
bb8c37d80d484590848b436b46ba1556,4aa8d368ca7c5fc2652657839540b32b237b0cf8664412f75098e1b799d60b41,44e2704,pilot-stage1-disease-r2,102,9008,,0a9f06b6dff3de72,0.01,0,none,0.1,0.2,0,2,,,completed,extinction on day 21,40,40,0,0.055,11,1,5,5,21,21,0
10035de696d7403c94ae162e8416161a,5ae8e31d0d52c42b49f265a001ea2dcf2d43c6817b4c40f69533f21ff3b082a3,44e2704,pilot-stage1-disease-r2,102,9008,,0a9f06b6dff3de72,0.02,0,none,0.1,0.2,0,2,,,completed,extinction on day 30,132,118,14,0.12,24,3,8,10,30,30,0
62deda3fa8e14536abd79ad3b6b89310,64d17099a2a4c27dca46ea45a9bbcd745a9ced6e5a3131124dba164f8b91a2dd,44e2704,pilot-stage1-disease-r2,102,9008,,0a9f06b6dff3de72,0.025,0,none,0.1,0.2,0,2,,,completed,extinction on day 30,159,140,19,0.195,39,4,11,11,30,30,0
a5df8755e56145a6b1e650f2b0f26a92,df774568f024f31941c29a96020e85f039876c98ad0bc4a6e6a68ea85624cbda,44e2704,pilot-stage1-disease-r2,102,9008,,0a9f06b6dff3de72,0.05,0,none,0.1,0.2,0,2,,,completed,extinction on day 70,699,632,67,0.67,134,16,20,13,70,70,0
4123e3bf9cf849e3bae5019b0d92f995,a178e28fbf244ebe244e1267dc2726ba82d20f0c3301a57ccd131017a8d188f2,44e2704,pilot-stage1-disease-r2,102,9008,,0a9f06b6dff3de72,0.1,0,none,0.1,0.2,0,2,,,completed,extinction on day 52,1082,1008,74,0.65,130,14,34,29,52,52,0
5eb4e7989fc543b0b526bb2ac1ed4ff9,3334b2f0ef736df14370a8024fb91a37e70e2e71b115a82982a764ee4972fc4d,44e2704,pilot-stage1-disease-r2,102,9009,,0a9f06b6dff3de72,0.0,0,none,0.1,0.2,0,2,,,completed,extinction on day 11,0,0,0,0.04,8,1,6,4,11,11,0
fe85cbe1a39e4a9d8a62cd6552339bf3,324573dd4ca51dfedd388df8406cf46a80ce06b67b106ecd9e7951eba8c836ef,44e2704,pilot-stage1-disease-r2,102,9009,,0a9f06b6dff3de72,0.01,0,none,0.1,0.2,0,2,,,completed,extinction on day 19,33,33,0,0.065,13,1,7,4,19,19,0
ad65bcc5a0204500b643b050614301a1,18700f49b404ab2ffa92d7e8108e87d8f389c016186c79bf95b1377e5586eeba,44e2704,pilot-stage1-disease-r2,102,9009,,0a9f06b6dff3de72,0.02,0,none,0.1,0.2,0,2,,,completed,extinction on day 21,86,86,0,0.135,27,3,13,8,21,21,0
67979014e5df4d0f933069747f09b488,ee883acd027914a4590ed69a6d3eb793c8129f9d1a9445c30141a7981b763d18,44e2704,pilot-stage1-disease-r2,102,9009,,0a9f06b6dff3de72,0.025,0,none,0.1,0.2,0,2,,,completed,extinction on day 29,141,138,3,0.23,46,5,14,16,29,29,0
8de8dbbf1561490c82b9ed6bb9492c04,3adc83b54da87d7c0c5f0aca18ea3973473893e470115a6bcb3568024dab98b5,44e2704,pilot-stage1-disease-r2,102,9009,,0a9f06b6dff3de72,0.05,0,none,0.1,0.2,0,2,,,completed,extinction on day 75,740,700,40,0.785,157,15,28,26,75,75,0
05c83aee304d4701a1e588b8a110a2c5,06e95daecb71ef64483ae018c44355b4be798289ae3afed860b58785a6d5dccf,44e2704,pilot-stage1-disease-r2,102,9009,,0a9f06b6dff3de72,0.1,0,none,0.1,0.2,0,2,,,completed,extinction on day 66,1346,1240,106,0.975,195,19,44,22,66,66,0
74a2b5b1f65a46c9bdbb0dec5ea0bf85,801234d15c2c0c2cda1528e369548db92465b6d949742b89d4bc594ea503d92e,44e2704,pilot-stage1-disease-r2,103,9000,,3eba5fa24d22e1a9,0.0,0,none,0.1,0.2,0,2,,,completed,extinction on day 35,0,0,0,0.05,10,1,4,13,35,35,0
6467baf0f2d5425588be94966e12d830,4546a55d2de4987bbac4ca959b160e4ce2b93306b249e693df5d1e5980a01c88,44e2704,pilot-stage1-disease-r2,103,9000,,3eba5fa24d22e1a9,0.01,0,none,0.1,0.2,0,2,,,completed,extinction on day 35,71,71,0,0.065,13,1,4,13,35,35,0
b65bd519f2e840a3bc346b2812aa2603,a9d9a89318eb9628d1ffaa5a1fc18dc93d627bd1d6336f8205be03abc395290d,44e2704,pilot-stage1-disease-r2,103,9000,,3eba5fa24d22e1a9,0.02,0,none,0.1,0.2,0,2,,,completed,extinction on day 40,162,154,8,0.075,15,1,5,11,40,40,0
f0d55aad35e24a02a026b28dde909222,e3c8e83cf64d2dda10a7371379bdaf556557f53fe92229d7a03595751e7ecabe,44e2704,pilot-stage1-disease-r2,103,9000,,3eba5fa24d22e1a9,0.025,0,none,0.1,0.2,0,2,,,completed,extinction on day 37,182,170,12,0.08,16,1,5,11,37,37,0
b353b97f66af4dd29c175c2227f2286e,e4be8abec505b8a672fb40f3b9e1e69982371a94e5085ba5e675cba987326342,44e2704,pilot-stage1-disease-r2,103,9000,,3eba5fa24d22e1a9,0.05,0,none,0.1,0.2,0,2,,,completed,extinction on day 68,695,662,33,0.54,108,13,28,30,68,68,0
371b2a08adb44879a9e728793385e293,1ff49dcf8ddd7813abb91544a3504434ff32e75f8b4fb149bf22f8d15aff97f3,44e2704,pilot-stage1-disease-r2,103,9000,,3eba5fa24d22e1a9,0.1,0,none,0.1,0.2,0,2,,,completed,extinction on day 65,1301,1232,69,0.775,155,15,26,12,65,65,0
0da0650c87754a858343b4b84e5b3517,bd20b6c9314cc923012f1c7b6a5581b6d25f1a630459b9ba05d8c886fc557698,44e2704,pilot-stage1-disease-r2,103,9001,,3eba5fa24d22e1a9,0.0,0,none,0.1,0.2,0,2,,,completed,extinction on day 24,0,0,0,0.05,10,1,9,5,24,24,0
1fbccf5945cb496b99dbd57ed7d6aae9,ee69145522e4c19417ca16450a6a0e8247f4ca85ea5664973a16cdd9e873816c,44e2704,pilot-stage1-disease-r2,103,9001,,3eba5fa24d22e1a9,0.01,0,none,0.1,0.2,0,2,,,completed,extinction on day 32,61,58,3,0.085,17,2,9,5,32,32,0
bb60bfb1e5f34d3b9f1c515da785a05b,9e8a7ad56db596d1c49e915f556ea4e0c115ea23fc81067346101cad0e755095,44e2704,pilot-stage1-disease-r2,103,9001,,3eba5fa24d22e1a9,0.02,0,none,0.1,0.2,0,2,,,completed,extinction on day 32,116,111,5,0.105,21,2,9,5,32,32,0
6192ad27d23342308fe3bca0f55d03fe,84d58663b24022ae8c593058cf97367ee397521ef183c3dc4ed7d497a941da35,44e2704,pilot-stage1-disease-r2,103,9001,,3eba5fa24d22e1a9,0.025,0,none,0.1,0.2,0,2,,,completed,extinction on day 32,145,143,2,0.145,29,3,10,21,32,32,0
c06f63a4525e4325bde2a723924b38a6,51631d82f543b60a2777272a1584da4891b39fb2d66495ba6bf75776492c0611,44e2704,pilot-stage1-disease-r2,103,9001,,3eba5fa24d22e1a9,0.05,0,none,0.1,0.2,0,2,,,completed,extinction on day 69,691,679,12,0.475,95,10,15,27,69,69,0
394d2606d2b6407c9049410003e7d7a8,45e3f809bcc7cb7d51f40b0202a51490cf4e1f961754e058ccaa9cc059252f9e,44e2704,pilot-stage1-disease-r2,103,9001,,3eba5fa24d22e1a9,0.1,0,none,0.1,0.2,0,2,,,completed,extinction on day 60,1218,1159,59,0.535,107,10,31,13,60,60,0
bbe32eff824b4bafb64f248f0f90a42b,86ff90c161918a382d3c906b560d3a9d2da20ebc40602dd0dd3142ec2e21f6d3,44e2704,pilot-stage1-disease-r2,103,9002,,3eba5fa24d22e1a9,0.0,0,none,0.1,0.2,0,2,,,completed,extinction on day 10,0,0,0,0.04,8,1,6,5,10,10,0
cd0b68a9167b4163bcd971fe58630653,2cf079b9a88fd403fd15e2a3b889b76ba78b6424dcb87551591c6603592b0bfa,44e2704,pilot-stage1-disease-r2,103,9002,,3eba5fa24d22e1a9,0.01,0,none,0.1,0.2,0,2,,,completed,extinction on day 10,12,12,0,0.04,8,1,6,5,10,10,0
4016a51b349e4327b6c72931cc23cb38,828fb294dbf10bb9c4c62a4a96909eb5aff9d6f8148e2c3058fc7e689b2ad555,44e2704,pilot-stage1-disease-r2,103,9002,,3eba5fa24d22e1a9,0.02,0,none,0.1,0.2,0,2,,,completed,extinction on day 10,25,25,0,0.04,8,1,6,5,10,10,0
a9688ee967cc4fb799dda8d757b52110,23581dac3863af9de019d7beb8193dbfd3928d03525dffedb64272b7f464dcde,44e2704,pilot-stage1-disease-r2,103,9002,,3eba5fa24d22e1a9,0.025,0,none,0.1,0.2,0,2,,,completed,extinction on day 10,37,37,0,0.05,10,1,7,5,10,10,0
d4af2c8d446247f79eb5fe3af93f7e39,b4c6bae7a7944db90df66791e0d5abfee7a4f421afbacf0c5d129226d767e555,44e2704,pilot-stage1-disease-r2,103,9002,,3eba5fa24d22e1a9,0.05,0,none,0.1,0.2,0,2,,,completed,extinction on day 28,286,275,11,0.11,22,3,6,5,28,28,0
d17f35e410bb4eb1a61e12243eb0bc5f,7312d3518772e6e11cbabada3c91c2c6a7757c91c8ed8d6af8cf6a5afd5a4f0d,44e2704,pilot-stage1-disease-r2,103,9002,,3eba5fa24d22e1a9,0.1,0,none,0.1,0.2,0,2,,,completed,extinction on day 33,644,611,33,0.235,47,5,23,8,33,33,0
4ba990c7458a48b6a99cc23b16194198,6175fcc4a050f4e2016d1dbdf7a4b8a661d6be8c2492a481b7f25c83d2da7f43,44e2704,pilot-stage1-disease-r2,103,9003,,3eba5fa24d22e1a9,0.0,0,none,0.1,0.2,0,2,,,completed,extinction on day 1,0,0,0,0.005,1,1,1,0,1,1,0
55458ce890b84a3b9a32c0f39a0682b6,9c6cd3924557b5d1e606f485f915a8b38006e046c8cb15cfbf8ddfde3b59dbb2,44e2704,pilot-stage1-disease-r2,103,9003,,3eba5fa24d22e1a9,0.01,0,none,0.1,0.2,0,2,,,completed,extinction on day 1,3,3,0,0.005,1,1,1,0,1,1,0
298b43757ecb46c8bac5946aaec482ca,26869a649c250b0cc1b049b4ccddf4288febbb5307186fb24b8ed1c3ab8bc25c,44e2704,pilot-stage1-disease-r2,103,9003,,3eba5fa24d22e1a9,0.02,0,none,0.1,0.2,0,2,,,completed,extinction on day 1,5,5,0,0.005,1,1,1,0,1,1,0
4ad21a0d86bb4e138ffcb09304af0514,4a7940efd4d6a4f6df21de01de0379d4a1dfacb466364cde437000bb211cde81,44e2704,pilot-stage1-disease-r2,103,9003,,3eba5fa24d22e1a9,0.025,0,none,0.1,0.2,0,2,,,completed,extinction on day 1,5,5,0,0.005,1,1,1,0,1,1,0
6eaf9673506f4c0ab32b5444d8fa4e02,1f352cc9dc8ffa862206b3d8856687b4ad13a34372863851fc1d1723b7e2c94a,44e2704,pilot-stage1-disease-r2,103,9003,,3eba5fa24d22e1a9,0.05,0,none,0.1,0.2,0,2,,,completed,extinction on day 1,9,9,0,0.005,1,1,1,0,1,1,0
f465f79224ed4f58a0035c5c530d9cd7,3a3d73e8f43698fe951ca25ee5320462e01f0b4eb38ee01dd0366ff07ba470c5,44e2704,pilot-stage1-disease-r2,103,9003,,3eba5fa24d22e1a9,0.1,0,none,0.1,0.2,0,2,,,completed,extinction on day 1,16,16,0,0.005,1,1,1,0,1,1,0
3669d758d51f480c8fa424052010feb5,da44d815d319f767218b1e4573898705dd938a3054cab326916ef26155aa70c9,44e2704,pilot-stage1-disease-r2,103,9004,,3eba5fa24d22e1a9,0.0,0,none,0.1,0.2,0,2,,,completed,extinction on day 26,0,0,0,0.05,10,1,6,6,26,26,0
ce4fc956a13f4edc859515bc0ce7b96f,c52002fc1889ec114b2cd4bcdd981dc492c9253aeee118f3f0cbfc0b1aea1140,44e2704,pilot-stage1-disease-r2,103,9004,,3eba5fa24d22e1a9,0.01,0,none,0.1,0.2,0,2,,,completed,extinction on day 26,58,56,2,0.06,12,1,8,6,26,26,0
1579780512e748efb8908112aa754060,d71a8ebd0a8ad0fb5a24c188657542d237120f47ecb8765d714b037928934102,44e2704,pilot-stage1-disease-r2,103,9004,,3eba5fa24d22e1a9,0.02,0,none,0.1,0.2,0,2,,,completed,extinction on day 32,127,120,7,0.11,22,2,8,6,32,32,0
532941ace3d14e23bcb1c8a616c6d57e,e3f6cc6660c8fce21de0554495c3d0e13dc6d08dfd0457081e65acbf120c6a4a,44e2704,pilot-stage1-disease-r2,103,9004,,3eba5fa24d22e1a9,0.025,0,none,0.1,0.2,0,2,,,completed,extinction on day 40,194,177,17,0.125,25,2,8,6,40,40,0
85ae9a74850745e78e1097714bf5b3de,b91cd144407a991f8d7040e0d19fffa38b67d74498b7937caa07e18c2c98309d,44e2704,pilot-stage1-disease-r2,103,9004,,3eba5fa24d22e1a9,0.05,0,none,0.1,0.2,0,2,,,completed,extinction on day 14,121,113,8,0.055,11,1,6,6,14,14,0
2fa97a4f368b450d8f0d931d97c7555a,b05819d67f1f08d7f95ba353e76de1f070fbad8d8e20001a8d40b4a44e9a8142,44e2704,pilot-stage1-disease-r2,103,9004,,3eba5fa24d22e1a9,0.1,0,none,0.1,0.2,0,2,,,completed,extinction on day 63,1258,1188,70,0.92,184,20,36,36,63,63,0
b544b8710ca24e6b9ae748a408cb00b3,920d2964e6ab425379317b07d7ae041b9e7784ff44bcb944118b45a77e515e0f,44e2704,pilot-stage1-disease-r2,103,9005,,3eba5fa24d22e1a9,0.0,0,none,0.1,0.2,0,2,,,completed,extinction on day 8,0,0,0,0.05,10,1,6,3,8,8,0
bd3867648dba4e51aab1e387332125c3,7ce6f0c16e7780b3369ed15e1d0772636796f9531e65165224a0fc8be3872c70,44e2704,pilot-stage1-disease-r2,103,9005,,3eba5fa24d22e1a9,0.01,0,none,0.1,0.2,0,2,,,completed,extinction on day 19,41,41,0,0.05,10,1,5,3,19,19,0
cf9aac8718464a7082dc151a2f8ddb54,d6c9d6e471509e06fe43f9a059a29889b66b259ffa5a4f9570593dacecbc2552,44e2704,pilot-stage1-disease-r2,103,9005,,3eba5fa24d22e1a9,0.02,0,none,0.1,0.2,0,2,,,completed,extinction on day 8,39,39,0,0.06,12,1,6,4,8,8,0
6ea1daa8033f45769844e454ac988ef4,265d81b9eedd5bf3313eed7f0b5f9483212778ea3cd826b4c1536f513ff1a72f,44e2704,pilot-stage1-disease-r2,103,9005,,3eba5fa24d22e1a9,0.025,0,none,0.1,0.2,0,2,,,completed,extinction on day 8,43,43,0,0.06,12,1,6,4,8,8,0
05d4519dde7944479b08a79ade810d54,ecc84cad0aa4145552dae15bd84eceefe6b3f999265cdfd81e66f124462b957f,44e2704,pilot-stage1-disease-r2,103,9005,,3eba5fa24d22e1a9,0.05,0,none,0.1,0.2,0,2,,,completed,extinction on day 9,83,82,1,0.06,12,1,7,5,9,9,0
d0fe1cd7f08b44b7acaf33abedbbe3b1,4c5d10f4f925a993531ad387c43a0d5b31a1ecccd785ae7aa44303573265fbf0,44e2704,pilot-stage1-disease-r2,103,9005,,3eba5fa24d22e1a9,0.1,0,none,0.1,0.2,0,2,,,completed,extinction on day 51,1022,994,28,0.265,53,6,20,7,51,51,0
b531952abb434d439e87527af545f263,5591174aa9b7c56baedfb6e6067074da57bff65948f90d914f4e9a5598056a8b,44e2704,pilot-stage1-disease-r2,103,9006,,3eba5fa24d22e1a9,0.0,0,none,0.1,0.2,0,2,,,completed,extinction on day 1,0,0,0,0.005,1,1,1,0,1,1,0
3b2e8f6da06e43de8681cc0120b265bf,d627d87d28e098bc5010e0a19434e4e64a53042333d5da5eeec6de0904e54a2d,44e2704,pilot-stage1-disease-r2,103,9006,,3eba5fa24d22e1a9,0.01,0,none,0.1,0.2,0,2,,,completed,extinction on day 1,5,5,0,0.005,1,1,1,0,1,1,0
b30ebcc29ece4c8aa916f9d061d2c06e,8dd3db17cbfa69b4a0a2cb0b0dab6969cb19fa38ea04f936d3b27e8db24dfed2,44e2704,pilot-stage1-disease-r2,103,9006,,3eba5fa24d22e1a9,0.02,0,none,0.1,0.2,0,2,,,completed,extinction on day 1,6,6,0,0.005,1,1,1,0,1,1,0
c37eb3c95259412d8240bf4dd57eb379,ccbea533421b22cbaa356578da4ffaa4f4c5f443c37537a4d42a2de0472c4d46,44e2704,pilot-stage1-disease-r2,103,9006,,3eba5fa24d22e1a9,0.025,0,none,0.1,0.2,0,2,,,completed,extinction on day 1,7,7,0,0.005,1,1,1,0,1,1,0
ea4c7ca0c53c4fb8bdc401f1049da9e6,299d0ef47f53e74a0616721956aca613ac019753abff865c2c69e857a2b47ac3,44e2704,pilot-stage1-disease-r2,103,9006,,3eba5fa24d22e1a9,0.05,0,none,0.1,0.2,0,2,,,completed,extinction on day 1,14,14,0,0.005,1,1,1,0,1,1,0
5e6dbd31037d491cbb76a9696ea88275,1fea55fe51e6409e55e042a0df4f65982634a153d76b4bdfce67e1b9732cb9bd,44e2704,pilot-stage1-disease-r2,103,9006,,3eba5fa24d22e1a9,0.1,0,none,0.1,0.2,0,2,,,completed,extinction on day 1,19,19,0,0.005,1,1,1,0,1,1,0
f985874f5cbc4d788509a03208c1a860,f0131bf0bbea08a98b92b33027dc71d519964dc64e21a355389c36695dd5dc52,44e2704,pilot-stage1-disease-r2,103,9007,,3eba5fa24d22e1a9,0.0,0,none,0.1,0.2,0,2,,,completed,extinction on day 14,0,0,0,0.05,10,1,6,3,14,14,0
bdaaa3e74360470db6e53ab34b24f9e1,089577ef2053ee2e1864dccbb0ecab01da042cbe23b88ef4e9e77c5574589fe0,44e2704,pilot-stage1-disease-r2,103,9007,,3eba5fa24d22e1a9,0.01,0,none,0.1,0.2,0,2,,,completed,extinction on day 30,57,55,2,0.105,21,2,7,5,30,30,0
8498368d8d044531816d476b7f6f4832,b614def58006aa3499dc419aa67f810ad253a96ef95e90b803fa038bfcf84e7f,44e2704,pilot-stage1-disease-r2,103,9007,,3eba5fa24d22e1a9,0.02,0,none,0.1,0.2,0,2,,,completed,extinction on day 30,115,106,9,0.12,24,3,8,5,30,30,0
49a37501ffba43d495f2e850cd991d85,d4c0eab8b63508990216205b501df134584588b7aa70173567ab74d93f12f4a8,44e2704,pilot-stage1-disease-r2,103,9007,,3eba5fa24d22e1a9,0.025,0,none,0.1,0.2,0,2,,,completed,extinction on day 38,175,162,13,0.165,33,4,9,23,38,38,0
38fc0c664949462fb99ea652b8977b4c,ce103ccfc750e02328870eea94047ceb9f7276395b36de2250d5876dc5c9c3be,44e2704,pilot-stage1-disease-r2,103,9007,,3eba5fa24d22e1a9,0.05,0,none,0.1,0.2,0,2,,,completed,extinction on day 36,346,338,8,0.19,38,5,8,13,36,36,0
a2df1849eb7a466e9e7849b8cb8655df,c00496303c9a6aadebd5d2331a568b57ec3b3bbf59666b41e15e29f831a03ee3,44e2704,pilot-stage1-disease-r2,103,9007,,3eba5fa24d22e1a9,0.1,0,none,0.1,0.2,0,2,,,completed,extinction on day 55,1122,1058,64,0.895,179,19,35,13,55,55,0
e710535b7bee42338784422a830e46d8,c228847f098afafdd56c7fee436cede434e61f16ceccd9d2d4a3a987684849d7,44e2704,pilot-stage1-disease-r2,103,9008,,3eba5fa24d22e1a9,0.0,0,none,0.1,0.2,0,2,,,completed,extinction on day 21,0,0,0,0.045,9,1,4,5,21,21,0
7b50456b0132463eadb8d5bbd2636d7c,63366c863ec9c965373886ed17cc561ab348c5390d251cee1273f9818f06174f,44e2704,pilot-stage1-disease-r2,103,9008,,3eba5fa24d22e1a9,0.01,0,none,0.1,0.2,0,2,,,completed,extinction on day 30,53,52,1,0.06,12,1,4,5,30,30,0
245c5f24696d4e38b76a96819ec05532,2689c419ba95d6f4c0a6906a590c956101e79a3aa2c971a4c3b7944cd6ad8687,44e2704,pilot-stage1-disease-r2,103,9008,,3eba5fa24d22e1a9,0.02,0,none,0.1,0.2,0,2,,,completed,extinction on day 15,66,61,5,0.045,9,1,5,5,15,15,0
d2f1e0efaaee4ce398240a95a1d915b9,b882ca4e75c3568b4045b06981622f52900cf01f5737280faf9c642fa07239a6,44e2704,pilot-stage1-disease-r2,103,9008,,3eba5fa24d22e1a9,0.025,0,none,0.1,0.2,0,2,,,completed,extinction on day 38,209,201,8,0.36,72,8,26,21,38,38,0
6fe0f9faa7f34a4badffafe7c345003d,255daf26da378fdc2993f6497a55df604bed544d37902fc0b6da1aadcbf6a510,44e2704,pilot-stage1-disease-r2,103,9008,,3eba5fa24d22e1a9,0.05,0,none,0.1,0.2,0,2,,,completed,extinction on day 59,606,577,29,0.66,132,13,27,46,59,59,0
674ed48567844761baacf9226b05c828,500fed1a01af8b7795f973decb75aad9e9b6f551149ccc85eb3b7f17c1be655a,44e2704,pilot-stage1-disease-r2,103,9008,,3eba5fa24d22e1a9,0.1,0,none,0.1,0.2,0,2,,,completed,extinction on day 82,1636,1555,81,0.735,147,16,21,22,82,82,0
b2a9d2069d344319ab343124ff159e0c,29b05705e86ea42b384ae10fda37bb0cc4d7c51b212c5527dc0282c58767a598,44e2704,pilot-stage1-disease-r2,103,9009,,3eba5fa24d22e1a9,0.0,0,none,0.1,0.2,0,2,,,completed,extinction on day 11,0,0,0,0.04,8,1,6,4,11,11,0
bbb26a2c3e1640179ac03e6a7424132c,948ca14b1957e967aa54df1cbd535dbf2de5d04a4773311d36fe737b4002d5fb,44e2704,pilot-stage1-disease-r2,103,9009,,3eba5fa24d22e1a9,0.01,0,none,0.1,0.2,0,2,,,completed,extinction on day 19,33,33,0,0.065,13,1,7,4,19,19,0
0f1fdc7724694d6abf7fbc87f3d35aeb,407be3b4696fbb33f158d8fd067c6ef1961976fc9276390b96441e2d7d81fa95,44e2704,pilot-stage1-disease-r2,103,9009,,3eba5fa24d22e1a9,0.02,0,none,0.1,0.2,0,2,,,completed,extinction on day 24,100,99,1,0.195,39,4,16,8,24,24,0
92d076d34d584265a6527375deb850ac,aedf06105b3675817bd61a8ae5744367183a655f40e41cbf4e9a19c2f7cbc964,44e2704,pilot-stage1-disease-r2,103,9009,,3eba5fa24d22e1a9,0.025,0,none,0.1,0.2,0,2,,,completed,extinction on day 24,125,124,1,0.2,40,4,16,8,24,24,0
4ff506da258d4ca7940ad8d3f558066b,34f38f61d96389f5116318fff58bd036ca154caa4b86a21a05fde3628d33bac0,44e2704,pilot-stage1-disease-r2,103,9009,,3eba5fa24d22e1a9,0.05,0,none,0.1,0.2,0,2,,,completed,extinction on day 83,830,801,29,0.665,133,14,14,8,83,83,0
df375c4be8774a3694957f8262c453fa,b9bcf14276d4ce2d08fcbbac389ab742d652a282a1988a72f97d921d94bb51d1,44e2704,pilot-stage1-disease-r2,103,9009,,3eba5fa24d22e1a9,0.1,0,none,0.1,0.2,0,2,,,completed,extinction on day 71,1451,1360,91,0.72,144,14,39,17,71,71,0
3ce45a0eddc7471f9450fb488b55b550,3b4adfd5b7d740a6a77b3c3a2e9e07b2fe5954aba795a7c6403a53c1f10a2dfc,44e2704,pilot-stage1-disease-r2,104,9000,,bc0241eae73e5142,0.0,0,none,0.1,0.2,0,2,,,completed,extinction on day 35,0,0,0,0.05,10,1,4,13,35,35,0
25a372014f6f497cafaafa5b56942ce8,3386b2f823dd5380ac5ad80039767e0425a15486bdd710bdf9bede698cbc8d97,44e2704,pilot-stage1-disease-r2,104,9000,,bc0241eae73e5142,0.01,0,none,0.1,0.2,0,2,,,completed,extinction on day 35,71,67,4,0.065,13,1,5,13,35,35,0
ba3515dd614645d5ad8eb795aad4c8cb,6f8451d2c1f6e78ba1a75b43737fb68a122487de933db0936baf716e8244b48c,44e2704,pilot-stage1-disease-r2,104,9000,,bc0241eae73e5142,0.02,0,none,0.1,0.2,0,2,,,completed,extinction on day 42,170,156,14,0.08,16,1,5,18,42,42,0
1d62e2a833d24525a3950674df8dc9f3,4be8ef5d31bedbce9898e3714bc5ab818800781dbcedea019ecbe2a5dfafb850,44e2704,pilot-stage1-disease-r2,104,9000,,bc0241eae73e5142,0.025,0,none,0.1,0.2,0,2,,,completed,extinction on day 37,182,164,18,0.08,16,1,5,18,37,37,0
511de8a21f6947a2ab7c407bd25c5b81,d3701d8115b432245575ea55a7e5a94595f841c189d7a7a9fca198579d4bbcc5,44e2704,pilot-stage1-disease-r2,104,9000,,bc0241eae73e5142,0.05,0,none,0.1,0.2,0,2,,,completed,extinction on day 35,370,334,36,0.175,35,5,13,11,35,35,0
16f92b31d630410ab32b21ca434b5f78,2521b034bb4aec565b8b2c42b7e4e8eecc88c94eeed2c05d41bd57d82b25e6bc,44e2704,pilot-stage1-disease-r2,104,9000,,bc0241eae73e5142,0.1,0,none,0.1,0.2,0,2,,,completed,extinction on day 40,818,763,55,0.345,69,9,26,9,40,40,0
05c415c3598143128c91a85ec4adfeed,54ff8a19911be7bb63d5cf3930685a22836f2d17fb64a6c4eee7321fe5f3e819,44e2704,pilot-stage1-disease-r2,104,9001,,bc0241eae73e5142,0.0,0,none,0.1,0.2,0,2,,,completed,extinction on day 24,0,0,0,0.05,10,1,9,5,24,24,0
d10ec0929b3d4455896d977f5866e94e,5ce25fb7a27102e4e16746bf82daa033a2190f9ddcfb034ce7ec991250b553e5,44e2704,pilot-stage1-disease-r2,104,9001,,bc0241eae73e5142,0.01,0,none,0.1,0.2,0,2,,,completed,extinction on day 36,72,66,6,0.11,22,2,11,21,36,36,0
ed3822c34a6a4fbf8b408e8cc33591ff,16648ebe55deb07255835f4f6ac6ea86d96a1cbee5421409ba4a481a07b5a833,44e2704,pilot-stage1-disease-r2,104,9001,,bc0241eae73e5142,0.02,0,none,0.1,0.2,0,2,,,completed,extinction on day 67,256,233,23,0.23,46,4,9,5,67,67,0
83646fa4f7c246a19196b490cc09ca90,1b3c31bccca872d9cc87900ec45d4f916cc8a6d9eea851681ac29aa26cddc0f8,44e2704,pilot-stage1-disease-r2,104,9001,,bc0241eae73e5142,0.025,0,none,0.1,0.2,0,2,,,completed,extinction on day 48,235,221,14,0.175,35,3,9,5,48,48,0
2f5faacf908e4d4fad5a4c8f7633c7ee,dad1e22bdd6732bdfb8873b263e026bc0fc9f58a70b1caa0b6e85d1d814b3170,44e2704,pilot-stage1-disease-r2,104,9001,,bc0241eae73e5142,0.05,0,none,0.1,0.2,0,2,,,completed,extinction on day 48,482,434,48,0.275,55,5,12,12,48,48,0
8ee1a24e0f0e479989585166ea16e2d9,a25b60c5c15457615581ec2f9abb1665c5b0dfed902a3ed0aebce3172aa23c52,44e2704,pilot-stage1-disease-r2,104,9001,,bc0241eae73e5142,0.1,0,none,0.1,0.2,0,2,,,completed,extinction on day 63,1272,1163,109,0.8,160,18,37,12,63,63,0
aee99841fc2f4bbd9e3c928f99c6af62,9d6eaab59dd71f1143702dc626e3fe194be184ff70718d77dfe96faa35d14926,44e2704,pilot-stage1-disease-r2,104,9002,,bc0241eae73e5142,0.0,0,none,0.1,0.2,0,2,,,completed,extinction on day 10,0,0,0,0.04,8,1,6,5,10,10,0
91818f40cf154cf184409df23e88b3c0,0b424e9ca98add8af7ae60d2ba680c76ec902f41912feb14b9d21c59a7dc1a7d,44e2704,pilot-stage1-disease-r2,104,9002,,bc0241eae73e5142,0.01,0,none,0.1,0.2,0,2,,,completed,extinction on day 10,12,12,0,0.05,10,1,7,5,10,10,0
19e00bbcb64b40e68c057e634932bd98,614e8aaa15d78d6270be5d8705c3d22fe176d1b7f59b71bd2bacdf8900631cc0,44e2704,pilot-stage1-disease-r2,104,9002,,bc0241eae73e5142,0.02,0,none,0.1,0.2,0,2,,,completed,extinction on day 10,25,25,0,0.05,10,1,7,5,10,10,0
e3043bfd8e6f46129a0beb8333520af1,a37072254603fdcd9a4ea9ea99fccd2cd68276a2aed8f62df61d4ae872972a8c,44e2704,pilot-stage1-disease-r2,104,9002,,bc0241eae73e5142,0.025,0,none,0.1,0.2,0,2,,,completed,extinction on day 10,37,35,2,0.05,10,1,7,5,10,10,0
4cc5700a63654bdea8516dd48cc3827f,0fb62489fd6ea655f715cb64b740bb602d926938790b3031032d5de7c578802e,44e2704,pilot-stage1-disease-r2,104,9002,,bc0241eae73e5142,0.05,0,none,0.1,0.2,0,2,,,completed,extinction on day 63,622,579,43,0.93,186,20,42,22,63,63,0
a90c7757c71449f6b52a7426f3018ba9,6936a76eb5d7f2f59b18996ebb18354a1c8ac04cdb415ae62f18bf2b03527567,44e2704,pilot-stage1-disease-r2,104,9002,,bc0241eae73e5142,0.1,0,none,0.1,0.2,0,2,,,completed,extinction on day 46,900,823,77,0.935,187,20,47,11,46,46,0
5ae8ab0155aa4401ad3ed9e4349af4ab,875a08ab855e409124e6793c7f3936df5e0ab36db9bc4a20d44a9c8a7a5ce676,44e2704,pilot-stage1-disease-r2,104,9003,,bc0241eae73e5142,0.0,0,none,0.1,0.2,0,2,,,completed,extinction on day 1,0,0,0,0.005,1,1,1,0,1,1,0
31cd3e56f1b04277b68975c55156947d,2fbd95780847372ece6b682ec91e4f8fb365d3e973ee7f2cf34e1a040de1f428,44e2704,pilot-stage1-disease-r2,104,9003,,bc0241eae73e5142,0.01,0,none,0.1,0.2,0,2,,,completed,extinction on day 1,3,3,0,0.005,1,1,1,0,1,1,0
fbee98f1c7e84ed89b29ffcd88209d2b,bdb0b98d628776893e99f39487bb043a022c44f900193280e1af1d434d2e6d19,44e2704,pilot-stage1-disease-r2,104,9003,,bc0241eae73e5142,0.02,0,none,0.1,0.2,0,2,,,completed,extinction on day 1,5,5,0,0.005,1,1,1,0,1,1,0
6665cebbe7154ed68e1140f218887e0f,1fb22807ae12ea98feee5ef08547367f7293e79787cd456d8bfa447011ce997f,44e2704,pilot-stage1-disease-r2,104,9003,,bc0241eae73e5142,0.025,0,none,0.1,0.2,0,2,,,completed,extinction on day 1,5,5,0,0.005,1,1,1,0,1,1,0
53d07ad868b94623bbc52b717f2b1737,629f127c6ec22cb5dd109df9e6b7f6224e8cd6b6b9d536c28c41ba5cefa0b5f7,44e2704,pilot-stage1-disease-r2,104,9003,,bc0241eae73e5142,0.05,0,none,0.1,0.2,0,2,,,completed,extinction on day 1,9,9,0,0.005,1,1,1,0,1,1,0
64df8558cca340418e7ce0264c7f3d5f,3a18fffd5e4dc2ee755bb75bca7f7c0ebb1c0b966e83c9c8737b4b9f9bbaa08f,44e2704,pilot-stage1-disease-r2,104,9003,,bc0241eae73e5142,0.1,0,none,0.1,0.2,0,2,,,completed,extinction on day 1,16,16,0,0.005,1,1,1,0,1,1,0
71552e44c38243d99f0bdcb50996cb36,0ff6854901928709c6560a20f8dcb4b17007788224f321f818a1f1744c962f4e,44e2704,pilot-stage1-disease-r2,104,9004,,bc0241eae73e5142,0.0,0,none,0.1,0.2,0,2,,,completed,extinction on day 26,0,0,0,0.05,10,1,6,6,26,26,0
bc45ef27fa97456a9b46a9d8e023621d,dff4121409e6f6e83ecc5d9ed7042da4408643d1c693e5c185ffca5ed4276870,44e2704,pilot-stage1-disease-r2,104,9004,,bc0241eae73e5142,0.01,0,none,0.1,0.2,0,2,,,completed,extinction on day 51,106,103,3,0.07,14,1,6,6,51,51,0
fcf9567a24eb4504b8d193046a767aca,3a3b717d3b99a95371570df166811439a452ec38bd7a2bb14083df822ab77cb0,44e2704,pilot-stage1-disease-r2,104,9004,,bc0241eae73e5142,0.02,0,none,0.1,0.2,0,2,,,completed,extinction on day 48,193,187,6,0.165,33,3,10,27,48,48,0
64c689a9cc38458bb993cd39fcfa51ca,ef2b8e243598bd1bc1ecff76b8a0e5328662ef72228d5c896248fad84cb9986e,44e2704,pilot-stage1-disease-r2,104,9004,,bc0241eae73e5142,0.025,0,none,0.1,0.2,0,2,,,completed,extinction on day 83,434,404,30,0.575,115,12,18,59,83,83,0
34a02d09c4e6470b9fb9f6196c6b5e27,24e5d7241f8305240807eeafcf98a719cba11d1c0b0421465d11861b79b07a3b,44e2704,pilot-stage1-disease-r2,104,9004,,bc0241eae73e5142,0.05,0,none,0.1,0.2,0,2,,,completed,extinction on day 31,300,285,15,0.175,35,3,11,22,31,31,0
85657e6161fa4fb993bf18ede2d9479b,8891ae0e9d638cc9021a71028c700596c3c9c5c03143ba9d3180f461ffab80bc,44e2704,pilot-stage1-disease-r2,104,9004,,bc0241eae73e5142,0.1,0,none,0.1,0.2,0,2,,,completed,extinction on day 58,1162,1063,99,0.97,194,20,41,38,58,58,0
b2837576f16e4ef4bc078daf4d186286,2cac433095069aaaa5cc0621dc6b6b6648a97c664098ad180b8ca4edef10eb0e,44e2704,pilot-stage1-disease-r2,104,9005,,bc0241eae73e5142,0.0,0,none,0.1,0.2,0,2,,,completed,extinction on day 8,0,0,0,0.05,10,1,6,3,8,8,0
6d0a46815e25480ebf0d83c949859374,d071f39b7a1e1d4d1b293d01a05ab5beb85d6e831e690f5469f06e24d641b244,44e2704,pilot-stage1-disease-r2,104,9005,,bc0241eae73e5142,0.01,0,none,0.1,0.2,0,2,,,completed,extinction on day 12,32,32,0,0.055,11,1,6,4,12,12,0
d128eb51a90b43cfa1f22129850e88ea,ec218819d74ee8317a29a5407c830e7749a2f9737c535da4d63cea18f7880158,44e2704,pilot-stage1-disease-r2,104,9005,,bc0241eae73e5142,0.02,0,none,0.1,0.2,0,2,,,completed,extinction on day 12,52,50,2,0.055,11,1,6,4,12,12,0
4ca16985b31a4d24a027783712426a70,2791c50e961ceed4569184dea8e77758d93a65c0492f70fed46e5e615152805f,44e2704,pilot-stage1-disease-r2,104,9005,,bc0241eae73e5142,0.025,0,none,0.1,0.2,0,2,,,completed,extinction on day 12,60,58,2,0.055,11,1,6,4,12,12,0
0f66f3a2052249cb843b0b3e6dee644f,47bf53f921e667b8d159480328d34af958819aaa05ab759c256c3437f5d1773a,44e2704,pilot-stage1-disease-r2,104,9005,,bc0241eae73e5142,0.05,0,none,0.1,0.2,0,2,,,completed,extinction on day 19,170,160,10,0.11,22,2,8,6,19,19,0
cc74bd62e5ce4674b6a915f890de0258,397b4f283545394751f573e2ad4ff73dae0c916ed59c829bde589e5b29e03882,44e2704,pilot-stage1-disease-r2,104,9005,,bc0241eae73e5142,0.1,0,none,0.1,0.2,0,2,,,completed,extinction on day 62,1230,1146,84,0.895,179,18,36,19,62,62,0
d65ba02aa95c4b30950584684e29275d,d5a0a7c783e729a9874d300e2f7c2761f86d27d4b8bba32ec15e18cb500bedd8,44e2704,pilot-stage1-disease-r2,104,9006,,bc0241eae73e5142,0.0,0,none,0.1,0.2,0,2,,,completed,extinction on day 1,0,0,0,0.005,1,1,1,0,1,1,0
e86cf19c558044b18c5623809f6011a0,5165016ac9823fb472d169fb5c8508fb00f427136b77f79ae8788dee50e03f01,44e2704,pilot-stage1-disease-r2,104,9006,,bc0241eae73e5142,0.01,0,none,0.1,0.2,0,2,,,completed,extinction on day 1,5,5,0,0.005,1,1,1,0,1,1,0
37a29f88fe074e79b628b85272e7d92f,b48803d077a9006a464bbfc366f33aa9c10ed0d506b4c7bc10ad5e902b5ecbaf,44e2704,pilot-stage1-disease-r2,104,9006,,bc0241eae73e5142,0.02,0,none,0.1,0.2,0,2,,,completed,extinction on day 1,6,6,0,0.005,1,1,1,0,1,1,0
3c5bb0464fd3408cb20864bba7037ae0,72703a8091599141c197a364d164ee93ff02014f3746d197817422c797f41709,44e2704,pilot-stage1-disease-r2,104,9006,,bc0241eae73e5142,0.025,0,none,0.1,0.2,0,2,,,completed,extinction on day 1,7,7,0,0.005,1,1,1,0,1,1,0
a9617ce4ec854790b711afb45d4915cb,bb5fc17d4e83f457cd97afacf7bb8f3f494a730e4e6516ab82b98ae009c48dd2,44e2704,pilot-stage1-disease-r2,104,9006,,bc0241eae73e5142,0.05,0,none,0.1,0.2,0,2,,,completed,extinction on day 1,14,14,0,0.005,1,1,1,0,1,1,0
c4c176232ac646999d42799a9294efbd,7fe3c6c5340c6e366e3ef9ad1dabca7f83c60572e5ce89349d417d12cf813af7,44e2704,pilot-stage1-disease-r2,104,9006,,bc0241eae73e5142,0.1,0,none,0.1,0.2,0,2,,,completed,extinction on day 1,19,19,0,0.005,1,1,1,0,1,1,0
644883d4a0bc441a8d04496f99aecb89,115acd855bcc72da5211b2f0a65363c2e2e48c966fd3b52f7f9e1397a4bc8728,44e2704,pilot-stage1-disease-r2,104,9007,,bc0241eae73e5142,0.0,0,none,0.1,0.2,0,2,,,completed,extinction on day 14,0,0,0,0.05,10,1,6,3,14,14,0
0d7f48a449df4864b3164050e841f656,06e00bfad67c570e946a98c693473e90e50ccc1367992bae4117287f7356776f,44e2704,pilot-stage1-disease-r2,104,9007,,bc0241eae73e5142,0.01,0,none,0.1,0.2,0,2,,,completed,extinction on day 36,66,61,5,0.095,19,2,8,13,36,36,0
8af7fdd91dbf47afbe49d351b1238f3a,e6682eff092a2db71c68bdbf6cc9e6fe20921632dc6fdba0e49824e2b8ec5e47,44e2704,pilot-stage1-disease-r2,104,9007,,bc0241eae73e5142,0.02,0,none,0.1,0.2,0,2,,,completed,extinction on day 23,89,86,3,0.145,29,3,13,7,23,23,0
7e61052c87884b7aa95f73bc43a5e0e8,6b11bf19034221c972eb7055d9296ff19b918bea61cc63c0d571f585710663f2,44e2704,pilot-stage1-disease-r2,104,9007,,bc0241eae73e5142,0.025,0,none,0.1,0.2,0,2,,,completed,extinction on day 36,167,155,12,0.105,21,2,9,7,36,36,0
d831b4cbe7bf4a8e8cba4cd7c75335d1,2055f9b0c884ed2eb3429bd9d21518453e3ce5772025f40b349ba9bb9532a141,44e2704,pilot-stage1-disease-r2,104,9007,,bc0241eae73e5142,0.05,0,none,0.1,0.2,0,2,,,completed,extinction on day 43,408,382,26,0.335,67,6,20,17,43,43,0
37f1636c689c4dd4b93836f1e683da6a,6d8d9443b275d254436815b13aebd38ea903c7000e61b55be56e9e87aad895f2,44e2704,pilot-stage1-disease-r2,104,9007,,bc0241eae73e5142,0.1,0,none,0.1,0.2,0,2,,,completed,extinction on day 76,1537,1408,129,0.905,181,19,24,39,76,76,0
2e213ba008474bbcb934bd7a31e55f86,df794866f5a4491249530f32d76ef8ed62dd18f8e987dd98372358752e065566,44e2704,pilot-stage1-disease-r2,104,9008,,bc0241eae73e5142,0.0,0,none,0.1,0.2,0,2,,,completed,extinction on day 21,0,0,0,0.045,9,1,4,5,21,21,0
729539452b57416dbe6fc572726a1359,dd021c963f99e71f7920b9798a514a89ab0d7f530987686789783dc40d2f885c,44e2704,pilot-stage1-disease-r2,104,9008,,bc0241eae73e5142,0.01,0,none,0.1,0.2,0,2,,,completed,extinction on day 30,53,53,0,0.065,13,1,5,5,30,30,0
f8d53b80c5a94597b6c494cf3fc06b93,bfc6b37cabe0f118f0951149424eacf52a5b45472b08a4c9198f52bd6817cba8,44e2704,pilot-stage1-disease-r2,104,9008,,bc0241eae73e5142,0.02,0,none,0.1,0.2,0,2,,,completed,extinction on day 15,66,63,3,0.04,8,1,4,5,15,15,0
17a1fb871eb6464dae85e3d19430ce3a,e286695f9f9e7bb63567249bedd1a76ef0c312c76cdc8fbea00b02af3ace2e47,44e2704,pilot-stage1-disease-r2,104,9008,,bc0241eae73e5142,0.025,0,none,0.1,0.2,0,2,,,completed,extinction on day 23,122,116,6,0.11,22,4,9,14,23,23,0
a8a44edbf01342c885655468e6b04648,6e069f33399a5dfd1593c071b9555a24f947167005ea90e493f7b3e3f362cefb,44e2704,pilot-stage1-disease-r2,104,9008,,bc0241eae73e5142,0.05,0,none,0.1,0.2,0,2,,,completed,extinction on day 39,408,394,14,0.205,41,4,13,17,39,39,0
c2b0ddaffa874b06b31fff854f247693,8134a6f3e05cf259cc3581fcdfdf374736a4d49b4ea981bb9ccb7280501b47e3,44e2704,pilot-stage1-disease-r2,104,9008,,bc0241eae73e5142,0.1,0,none,0.1,0.2,0,2,,,completed,extinction on day 14,301,283,18,0.015,3,2,2,10,14,14,0
6790e397a77844e5a11c756c06d20bae,b8d906eb47621f4c844ecd7fb92f8e6a425f38c5d39260da3420cf8696c5bb92,44e2704,pilot-stage1-disease-r2,104,9009,,bc0241eae73e5142,0.0,0,none,0.1,0.2,0,2,,,completed,extinction on day 11,0,0,0,0.04,8,1,6,4,11,11,0
804e1a4b65284c6bad160b7cee521fd2,acbbc80383fa0c627166b1a9d4c8cf600086190800c898166148c8ed1eda32ff,44e2704,pilot-stage1-disease-r2,104,9009,,bc0241eae73e5142,0.01,0,none,0.1,0.2,0,2,,,completed,extinction on day 19,33,33,0,0.065,13,1,7,4,19,19,0
3ab24ef6b45a4db59d9bdc5a643a7f96,6e92719ad2b83b483b5e3bf65322871fc5002cd7713aeb56f856cce13d0514c9,44e2704,pilot-stage1-disease-r2,104,9009,,bc0241eae73e5142,0.02,0,none,0.1,0.2,0,2,,,completed,extinction on day 64,262,242,20,0.455,91,10,16,49,64,64,0
b731e96d8d804b8aa9ab40e2c900e629,5b054e76369f73e12837925da7825bed3f4fb79ac90b8b19a47f0e17e5d9cbc8,44e2704,pilot-stage1-disease-r2,104,9009,,bc0241eae73e5142,0.025,0,none,0.1,0.2,0,2,,,completed,extinction on day 24,125,113,12,0.1,20,2,10,4,24,24,0
00ec9e4de1334df2a2032c83625e9525,04ea3bb8fec900cb5d87066aa8145247a328eb6b935a2e729cd9b4013865ec34,44e2704,pilot-stage1-disease-r2,104,9009,,bc0241eae73e5142,0.05,0,none,0.1,0.2,0,2,,,completed,extinction on day 19,186,173,13,0.095,19,2,10,4,19,19,0
f5538832da1c4598956b87db6d6d67e0,8747f60075c9fc888a7c40dc9034ee8dc6e860fa98934797a5da4658e09d96df,44e2704,pilot-stage1-disease-r2,104,9009,,bc0241eae73e5142,0.1,0,none,0.1,0.2,0,2,,,completed,extinction on day 77,1562,1413,149,0.875,175,18,28,34,77,77,0
023a64711b514e7a9ef85a88b0fe6575,9c0b748048ffa580cd2f9137a00091d9369a564f4769253439f1aae6044c3ff5,44e2704,pilot-stage1-disease-r2,100,9000,,ecc984f043b744b6,0.0,0,none,0.15,0.1,0,2,,,completed,extinction on day 35,0,0,0,0.05,10,1,9,5,35,35,0
7d0f45548dae4883b20974332f8eb74d,e31e55c8af0beeb442395e501f586c508f2048eff890c542879aad5fd5ad9c50,44e2704,pilot-stage1-disease-r2,100,9000,,ecc984f043b744b6,0.01,0,none,0.15,0.1,0,2,,,completed,extinction on day 56,110,98,12,0.095,19,2,9,5,56,56,0
111f96898d304e60a04cf4aaca02d8bd,2d5863e38ff888d58dbc2514569ce0c85e63eb74cd1c33151444ad56d1658201,44e2704,pilot-stage1-disease-r2,100,9000,,ecc984f043b744b6,0.02,0,none,0.15,0.1,0,2,,,completed,extinction on day 71,292,253,39,0.725,145,14,36,44,71,71,0
3125f312f3eb4a4caeb51e6f1acabbc6,52e94d61a5bbb3d33b8110da0e23df598e42f5dc5433893fc4949808fec027d7,44e2704,pilot-stage1-disease-r2,100,9000,,ecc984f043b744b6,0.025,0,none,0.15,0.1,0,2,,,completed,extinction on day 102,493,431,62,0.735,147,14,37,42,102,102,0
ec6e8a3a7b9f4866b9226d1689378ae4,721d261fa862121596a0edaf32024563fff6b844c078a64f80c3c59638fe5648,44e2704,pilot-stage1-disease-r2,100,9000,,ecc984f043b744b6,0.05,0,none,0.15,0.1,0,2,,,completed,extinction on day 96,967,847,120,0.775,155,15,37,51,96,96,0
b9a2dbbbebdc48afbf2dda4acb1e0d5d,b6ce83c454bca9398fe0fb0bf1314cb9712f7993c701933dbd07b69de0826ac7,44e2704,pilot-stage1-disease-r2,100,9000,,ecc984f043b744b6,0.1,0,none,0.15,0.1,0,2,,,completed,extinction on day 77,1539,1357,182,1.0,200,20,55,19,77,77,0
de3bf6471e4c4a7591b18808a203e0a2,68e17ce8f3fbb61a55a3727edf36c6c2acb09dc7f9f23189e3a11eb895de438c,44e2704,pilot-stage1-disease-r2,100,9001,,ecc984f043b744b6,0.0,0,none,0.15,0.1,0,2,,,completed,extinction on day 29,0,0,0,0.05,10,1,9,5,29,29,0
2dd2c77650e549a9ac79267c3f21a9a5,fa3dd46571c5c680b3f50f3543b511eca592729ace7c6ec1801e1178b78c02f3,44e2704,pilot-stage1-disease-r2,100,9001,,ecc984f043b744b6,0.01,0,none,0.15,0.1,0,2,,,completed,extinction on day 84,170,157,13,0.14,28,2,11,21,84,84,0
ce362bd68a5f4789a54335d8595781ae,51c6ab95e6bab53467793bc7f7a719ace6f936f25a2107668188d02f7bafd462,44e2704,pilot-stage1-disease-r2,100,9001,,ecc984f043b744b6,0.02,0,none,0.15,0.1,0,2,,,completed,extinction on day 84,336,297,39,0.495,99,10,32,39,84,84,0
acca1ee05d97476fa6e5ea10fc8f695f,91e22bf23ad84e31d1d4622514a60f5ae1e9f69e27e015c4d6d87d5ee4fc6303,44e2704,pilot-stage1-disease-r2,100,9001,,ecc984f043b744b6,0.025,0,none,0.15,0.1,0,2,,,completed,extinction on day 159,775,682,93,0.835,167,16,31,38,159,159,0
2d6149ccd0d148ffa3d50ef840caef5a,c24948debbafdcbcc7b6dc98dacabf600bbea022cbb462c811ab4844fdd0826e,44e2704,pilot-stage1-disease-r2,100,9001,,ecc984f043b744b6,0.05,0,none,0.15,0.1,0,2,,,completed,extinction on day 85,870,735,135,0.965,193,19,61,44,85,85,0
3ac31ce363944de3b56aa1b4af6ed0ef,11de88211bd0b2d04edd3eb44a37b9a9d9bac7d670567d0c99d736052e1a2784,44e2704,pilot-stage1-disease-r2,100,9001,,ecc984f043b744b6,0.1,0,none,0.15,0.1,0,2,,,completed,extinction on day 99,1994,1768,226,1.0,200,20,62,49,99,99,0
45a70f76ac014075b1328dc7308daf1d,4fcab0a5b474828df5a62cf03e3b301ede6f26d6ed613bf2c13fdad9a93b50cd,44e2704,pilot-stage1-disease-r2,100,9002,,ecc984f043b744b6,0.0,0,none,0.15,0.1,0,2,,,completed,extinction on day 25,0,0,0,0.05,10,1,9,5,25,25,0
c21d8c394d8d405587510a658b259f19,26e88d0d744990783bb1eebeac29573283ef6790a3598f30d90c03004ccf869e,44e2704,pilot-stage1-disease-r2,100,9002,,ecc984f043b744b6,0.01,0,none,0.15,0.1,0,2,,,completed,extinction on day 50,89,82,7,0.07,14,1,11,5,50,50,0
debf470046d94d3197633d77229ff58d,985bd09dc73715d9a11a26d0f47b0a4b5927e298fda70433876177e0d5964635,44e2704,pilot-stage1-disease-r2,100,9002,,ecc984f043b744b6,0.02,0,none,0.15,0.1,0,2,,,completed,extinction on day 49,177,162,15,0.08,16,1,11,5,49,49,0
0751b9edcdbe417eb8512e2822bee5b7,f5f643251b0111151508964fdf2109efcd15b472b9f734c24df388ae795a791d,44e2704,pilot-stage1-disease-r2,100,9002,,ecc984f043b744b6,0.025,0,none,0.15,0.1,0,2,,,completed,extinction on day 152,765,692,73,0.405,81,6,19,100,152,152,0
5a6fd5a3e9564198be28290e48998c75,f9b342568ef2fd4bec29f1f57c154fb11491d39ef704313dc1ffd9b42c39b464,44e2704,pilot-stage1-disease-r2,100,9002,,ecc984f043b744b6,0.05,0,none,0.15,0.1,0,2,,,completed,extinction on day 121,1209,1089,120,0.985,197,20,40,16,121,121,0
6683cba11b2c4be1a121dd872dfc8d08,528450591e06376d7964754075b40133c0860a46950d59512bc1fd86325b21fc,44e2704,pilot-stage1-disease-r2,100,9002,,ecc984f043b744b6,0.1,0,none,0.15,0.1,0,2,,,completed,extinction on day 59,1124,1009,115,1.0,200,20,69,19,59,59,0
8a5873ff0e3042bc83ba5a2a38d70f53,29bd53a874a796256d570e64ecdfd376eb7cd8177b7bbb2baf862a13fab85e13,44e2704,pilot-stage1-disease-r2,100,9003,,ecc984f043b744b6,0.0,0,none,0.15,0.1,0,2,,,completed,extinction on day 1,0,0,0,0.005,1,1,1,0,1,1,0
a47a72b7fe5044578adf43103e6db231,6eef4fe79566ea738f669b4c6fb1766ff1514c60c7f3f19b9d7f6ffec5babc16,44e2704,pilot-stage1-disease-r2,100,9003,,ecc984f043b744b6,0.01,0,none,0.15,0.1,0,2,,,completed,extinction on day 1,3,3,0,0.005,1,1,1,0,1,1,0
8a44b89f76cb42e486e37b355d032260,35fb376a0e100e00f8083091d303afc13849c4e22e81ffa4367225252f876dcd,44e2704,pilot-stage1-disease-r2,100,9003,,ecc984f043b744b6,0.02,0,none,0.15,0.1,0,2,,,completed,extinction on day 1,5,5,0,0.005,1,1,1,0,1,1,0
c34a93256ae94b9d9cbb86010f3d185e,e39d7a0ca119908105fb5ddfe32c1d8a3c376fd93a781a2995896a95ae2fd4fc,44e2704,pilot-stage1-disease-r2,100,9003,,ecc984f043b744b6,0.025,0,none,0.15,0.1,0,2,,,completed,extinction on day 1,5,5,0,0.005,1,1,1,0,1,1,0
496a10d0e1b44cada1c6bc7e04f42d99,fe25e049ae921802e5676ba0c27396a4defe04d8390f95feaf68c57a00b7d29a,44e2704,pilot-stage1-disease-r2,100,9003,,ecc984f043b744b6,0.05,0,none,0.15,0.1,0,2,,,completed,extinction on day 1,9,9,0,0.005,1,1,1,0,1,1,0
396ac12c45bf424b962103f44be347b2,c9aaf8cc59062cc3abdf5ccff9b0238c3cf30ef84880bd00acaa37873afb58ba,44e2704,pilot-stage1-disease-r2,100,9003,,ecc984f043b744b6,0.1,0,none,0.15,0.1,0,2,,,completed,extinction on day 1,16,16,0,0.005,1,1,1,0,1,1,0
77e75e6e3a92429ca2a88409c27f2491,488ba9531572cd1922b212cf6df0222d227ca40d0c65b7092490c6a9b0b9ab33,44e2704,pilot-stage1-disease-r2,100,9004,,ecc984f043b744b6,0.0,0,none,0.15,0.1,0,2,,,completed,extinction on day 40,0,0,0,0.05,10,1,6,5,40,40,0
40a5812d8d25487cbbcd7fae4c326794,c610f500496f72ce039d2268127f47361a9e811cf1acf14ae9c271d7541ad02f,44e2704,pilot-stage1-disease-r2,100,9004,,ecc984f043b744b6,0.01,0,none,0.15,0.1,0,2,,,completed,extinction on day 44,88,84,4,0.105,21,2,11,17,44,44,0
fa099b5cf47448da96c333ccc268a8a3,a42385bfe81899e3897fc0295fc6191f9369ef657489fad635eb1d7c3c2fca10,44e2704,pilot-stage1-disease-r2,100,9004,,ecc984f043b744b6,0.02,0,none,0.15,0.1,0,2,,,completed,extinction on day 44,174,159,15,0.16,32,3,19,18,44,44,0
6c021c10190a4df8a8222ec21193af78,acb20b78e919c37b35a91162d8b0a45c8bebd17caa4e7e2fe59f46bac73a1dbe,44e2704,pilot-stage1-disease-r2,100,9004,,ecc984f043b744b6,0.025,0,none,0.15,0.1,0,2,,,completed,extinction on day 93,498,440,58,0.265,53,5,14,68,93,93,0
07471aa6e9e14e1cb49d498006cad26b,89b697a98f676a066d5ab8ac838c96f1b285e3944cbfbe1a3c933fcbc81f3684,44e2704,pilot-stage1-disease-r2,100,9004,,ecc984f043b744b6,0.05,0,none,0.15,0.1,0,2,,,completed,extinction on day 157,1577,1389,188,0.98,196,19,36,63,157,157,0
c80e8cb1b30b42879cf5b21442fa5aa0,cb4a0f5f126f533afea9774e58763734b007f2d5ec2a21f3c901e6ca780964a1,44e2704,pilot-stage1-disease-r2,100,9004,,ecc984f043b744b6,0.1,0,none,0.15,0.1,0,2,,,completed,extinction on day 85,1708,1519,189,1.0,200,20,67,32,85,85,0
e6cbddf4fb634d5097746575e359bb4a,50b469855150df618ed0bfe5a7a9a74cc67f4a5fc2ea545bfd3260f638ac5bc4,44e2704,pilot-stage1-disease-r2,100,9005,,ecc984f043b744b6,0.0,0,none,0.15,0.1,0,2,,,completed,extinction on day 23,0,0,0,0.05,10,1,9,4,23,23,0
f34663997dc04e909426344ee7b95d2b,40edab42e15191c6b6268c3d258e34fc818862607ea2a950c4fc064115892f4d,44e2704,pilot-stage1-disease-r2,100,9005,,ecc984f043b744b6,0.01,0,none,0.15,0.1,0,2,,,completed,extinction on day 32,64,58,6,0.1,20,2,10,5,32,32,0
2d2560e3813d4b49ac65e0a9bbc72b9a,4bf95628e965a1ac5ab69dcfbb711bdb90d7bb441c6fe271c228563306a3c111,44e2704,pilot-stage1-disease-r2,100,9005,,ecc984f043b744b6,0.02,0,none,0.15,0.1,0,2,,,completed,extinction on day 93,408,354,54,0.34,68,7,25,21,93,93,0
2e52c0d05a584bf0b0c1fc548e8222b3,adcbda7e8c0a376f1debac8d536b357090884a66778a0a65b052842795520b90,44e2704,pilot-stage1-disease-r2,100,9005,,ecc984f043b744b6,0.025,0,none,0.15,0.1,0,2,,,completed,extinction on day 37,191,161,30,0.15,30,4,16,21,37,37,0
8185d52c569b4398a43de9cdeb5a314c,ed6be6aa1ebc9114dd422934842edcdaab96e9c66144c969b6e95927a598ef57,44e2704,pilot-stage1-disease-r2,100,9005,,ecc984f043b744b6,0.05,0,none,0.15,0.1,0,2,,,completed,extinction on day 79,816,717,99,0.94,188,19,55,38,79,79,0
b7421b2b21124daa8b844170676ff340,63974e07b17469743c9febec52f6490c78fa8bb416815f6d695db6fb1a0de460,44e2704,pilot-stage1-disease-r2,100,9005,,ecc984f043b744b6,0.1,0,none,0.15,0.1,0,2,,,completed,extinction on day 87,1778,1560,218,0.985,197,19,59,28,87,87,0
a0824d1ec2644c00b0099a2bfc9fe177,8d26b995034a75daf5ce6f9b1b007999b55ed1102d7ca1a2ba666d48c3e1352f,44e2704,pilot-stage1-disease-r2,100,9006,,ecc984f043b744b6,0.0,0,none,0.15,0.1,0,2,,,completed,extinction on day 1,0,0,0,0.005,1,1,1,0,1,1,0
0156421f172c42b385492fb46f5e5c93,95d002d7823f2fba5f2c76c96fd37d68db35f3076dc2080a5767e448424df063,44e2704,pilot-stage1-disease-r2,100,9006,,ecc984f043b744b6,0.01,0,none,0.15,0.1,0,2,,,completed,extinction on day 1,5,5,0,0.005,1,1,1,0,1,1,0
554b65c5b28e4bed953a066cc7f4ddc6,d2f05e2a653beb74bb35e443dafeaed1a3f8d2d61cc6bb45ea9687a11be6dd0f,44e2704,pilot-stage1-disease-r2,100,9006,,ecc984f043b744b6,0.02,0,none,0.15,0.1,0,2,,,completed,extinction on day 1,6,6,0,0.005,1,1,1,0,1,1,0
557a80593f954f078a313bd41edb91bc,a849980d568a7e10e4657c3c449357a2a128507a76d540f932c16729ab7deff4,44e2704,pilot-stage1-disease-r2,100,9006,,ecc984f043b744b6,0.025,0,none,0.15,0.1,0,2,,,completed,extinction on day 1,7,7,0,0.005,1,1,1,0,1,1,0
4498d1e8664e41aaad4069bf8c0cd0dc,e1f8a87eef7f07e0bf379611f16c5ed448c78ef92ea5bf21520488f8cce79c7c,44e2704,pilot-stage1-disease-r2,100,9006,,ecc984f043b744b6,0.05,0,none,0.15,0.1,0,2,,,completed,extinction on day 1,14,12,2,0.005,1,1,1,0,1,1,0
5fbc8664ed284fbb8e089c365fa0aac8,a8317fd159791b84330732c3da0129f3856ccd7aa00c2ad6d87d56c366c92736,44e2704,pilot-stage1-disease-r2,100,9006,,ecc984f043b744b6,0.1,0,none,0.15,0.1,0,2,,,completed,extinction on day 1,19,17,2,0.005,1,1,1,0,1,1,0
8f5be8bd72914d11941d4672eb9d73b2,6301e22a9ae3054eb3555778a8147ddd211b439b11fbab1cfacea9eafe607dc7,44e2704,pilot-stage1-disease-r2,100,9007,,ecc984f043b744b6,0.0,0,none,0.15,0.1,0,2,,,completed,extinction on day 29,0,0,0,0.05,10,1,7,4,29,29,0
a70a02d8ed9f4e1d88ec779e0448a57f,a51595f6b5a3555f3faa0aa7fe7f121d9201f7fd56aaaa87cbc8e194348653dc,44e2704,pilot-stage1-disease-r2,100,9007,,ecc984f043b744b6,0.01,0,none,0.15,0.1,0,2,,,completed,extinction on day 41,76,73,3,0.095,19,2,9,13,41,41,0
3cf912650cf64cb6842978de565417e9,6dad18ee99785f9190f37fd0330f3b6d4e7ee4c5f83aa610a98eee6c0dcabde0,44e2704,pilot-stage1-disease-r2,100,9007,,ecc984f043b744b6,0.02,0,none,0.15,0.1,0,2,,,completed,extinction on day 93,364,330,34,0.31,62,6,27,56,93,93,0
1317f461a8b84f3bb72d5f283490b942,cd29c4c4872d6d8b5ce253f46f25df2e9803bd2cd7f00ab53f8b25457a2039d0,44e2704,pilot-stage1-disease-r2,100,9007,,ecc984f043b744b6,0.025,0,none,0.15,0.1,0,2,,,completed,extinction on day 198,962,864,98,0.975,195,18,60,28,198,198,0
b7242dbe624b4b2e92d360c722daa433,3430183ec92038e79cdbc4802235a8558a92d477ac8bafb6272cb29ace4b6f5a,44e2704,pilot-stage1-disease-r2,100,9007,,ecc984f043b744b6,0.05,0,none,0.15,0.1,0,2,,,completed,extinction on day 92,915,788,127,0.785,157,15,48,53,92,92,0
3d3e5113966c44febfd1b7bd8848d9f8,2424b61dd6c319e3af1d76d21be761b0bced7c42708dcdcbc4bf107ac0812ba5,44e2704,pilot-stage1-disease-r2,100,9007,,ecc984f043b744b6,0.1,0,none,0.15,0.1,0,2,,,completed,extinction on day 74,1488,1330,158,1.0,200,20,78,25,74,74,0
82c35fd5dff44ec5899c2e9ba3a117db,05acaffa7739947512b7d6d284320708162e6994154624de26c63550bf966c4d,44e2704,pilot-stage1-disease-r2,100,9008,,ecc984f043b744b6,0.0,0,none,0.15,0.1,0,2,,,completed,extinction on day 38,0,0,0,0.05,10,1,8,5,38,38,0
702f42dacbbe446582dde6748a3ad328,c9d9215c67a302413f99840badd75d9e9a70d591bd8d4126d35da10fc583c829,44e2704,pilot-stage1-disease-r2,100,9008,,ecc984f043b744b6,0.01,0,none,0.15,0.1,0,2,,,completed,extinction on day 67,155,141,14,0.195,39,4,15,21,67,67,0
793a3764fd08433989d027f8fc420ffe,b424f8660bf9442eaa4ac7c0afa850c6969b0b60ef32ddd573ccf19f5a14d7cd,44e2704,pilot-stage1-disease-r2,100,9008,,ecc984f043b744b6,0.02,0,none,0.15,0.1,0,2,,,completed,extinction on day 89,379,340,39,0.335,67,6,22,37,89,89,0
c0bca53988a946aba9e76b757775f4e5,13c38dd6a5ce0d4e52f58b041aa89bcbdfef69644a05f113509bb1bc19b60abd,44e2704,pilot-stage1-disease-r2,100,9008,,ecc984f043b744b6,0.025,0,none,0.15,0.1,0,2,,,completed,extinction on day 100,518,486,32,0.75,150,15,31,19,100,100,0
26da60d1666845aa90e22b258ba17ba4,42d328fa73448a547887b9273d62fe240f1ae3e46a022bec0c7b03002f9f44ce,44e2704,pilot-stage1-disease-r2,100,9008,,ecc984f043b744b6,0.05,0,none,0.15,0.1,0,2,,,completed,extinction on day 76,753,687,66,0.53,106,10,32,39,76,76,0
11b04b15967646de9824004c9e1f6522,c8f6108174916eb2b8212334c201d02d8a5d838456ff5d007001b32b972e0927,44e2704,pilot-stage1-disease-r2,100,9008,,ecc984f043b744b6,0.1,0,none,0.15,0.1,0,2,,,completed,extinction on day 79,1585,1432,153,0.99,198,20,65,25,79,79,0
9be5932dc66d413fbe520c17338d987f,bb27f06b9a08d2e7ae32da320f51c1923e6f329590fa8c2edcdbd7b42e793532,44e2704,pilot-stage1-disease-r2,100,9009,,ecc984f043b744b6,0.0,0,none,0.15,0.1,0,2,,,completed,extinction on day 29,0,0,0,0.05,10,1,7,3,29,29,0
c9175d499cfe43c890c819a19e8965fe,3581a8ee44186e57af4ca00fdf824989364b8af532b6a2b5f2c7bb6f381b2bef,44e2704,pilot-stage1-disease-r2,100,9009,,ecc984f043b744b6,0.01,0,none,0.15,0.1,0,2,,,completed,extinction on day 29,53,50,3,0.06,12,1,7,3,29,29,0
22981c5f2cc84db4a34aae9d7c20fea9,67ad12104e466eaf950896b2d89f41537f5cda903829c41a310cbd0a01f3058a,44e2704,pilot-stage1-disease-r2,100,9009,,ecc984f043b744b6,0.02,0,none,0.15,0.1,0,2,,,completed,extinction on day 151,611,542,69,0.49,98,10,26,8,151,151,0
ea0eb2dc7f5a44d48d4e7a41ae98f51a,f559bf1c4ece325a279911769e5eb36b4de9cad79bc240f99a6c9f9e74dc4ea4,44e2704,pilot-stage1-disease-r2,100,9009,,ecc984f043b744b6,0.025,0,none,0.15,0.1,0,2,,,completed,extinction on day 78,391,351,40,0.47,94,9,37,27,78,78,0
17e4fd14d0b9447cbeb9565a8de0af74,5a35b0e600f2d35d083e72c34180d8651e133b7d611e90c495b961d758373c27,44e2704,pilot-stage1-disease-r2,100,9009,,ecc984f043b744b6,0.05,0,none,0.15,0.1,0,2,,,completed,extinction on day 90,909,850,59,0.52,104,10,49,17,90,90,0
973dc4d03b5a4cf5870d1342d7eda12f,e50547e44bbe9d2bba62dae7eb2a375445fd7a039d450a58a677818821cf2004,44e2704,pilot-stage1-disease-r2,100,9009,,ecc984f043b744b6,0.1,0,none,0.15,0.1,0,2,,,completed,extinction on day 95,1964,1748,216,1.0,200,20,97,30,95,95,0
ce70e88d2d74498ea1ab88f6d3f1ea16,3ec6d2c058f5c723f6babecdb7bc6f7e51ea4a9d4f2f735c8739f7c927ad4ebe,44e2704,pilot-stage1-disease-r2,101,9000,,a94b904840df0142,0.0,0,none,0.15,0.1,0,2,,,completed,extinction on day 35,0,0,0,0.05,10,1,9,5,35,35,0
02d751fd41a94b81bff08b97b716eee5,9ad3659346e7dda0a7b754788337ade22c6522d71fca741c0394c5fbf5c9f66f,44e2704,pilot-stage1-disease-r2,101,9000,,a94b904840df0142,0.01,0,none,0.15,0.1,0,2,,,completed,extinction on day 102,206,192,14,0.175,35,4,14,36,102,102,0
62969dd575e84ac39bbbcc8ed533621b,25e2189660bf4f7e87618474a9ca22e59c472a74221e22e70630d8b376c2b14a,44e2704,pilot-stage1-disease-r2,101,9000,,a94b904840df0142,0.02,0,none,0.15,0.1,0,2,,,completed,extinction on day 141,559,529,30,0.785,157,14,39,63,141,141,0
01049f478715452f9407a0e4ab11ef7e,e9d2cf66288df07223beca4ecf071302396d196ceab9855d892d503c2d540662,44e2704,pilot-stage1-disease-r2,101,9000,,a94b904840df0142,0.025,0,none,0.15,0.1,0,2,,,completed,extinction on day 122,598,560,38,0.915,183,18,64,44,122,122,0
379d6b98c3fe40acac0ceb8fd3e3b603,8de384d83c4820afdf56c964b99f6eaef9691b8225bfb1bf53529a28f8b7ba61,44e2704,pilot-stage1-disease-r2,101,9000,,a94b904840df0142,0.05,0,none,0.15,0.1,0,2,,,completed,extinction on day 90,927,862,65,0.99,198,20,69,33,90,90,0
75278e6dfadb41808f29d31f4b5bf1db,7331f1c3e507f0789a12d619e1c0eb29ad0f29d112f02de0800ab5f6035351f5,44e2704,pilot-stage1-disease-r2,101,9000,,a94b904840df0142,0.1,0,none,0.15,0.1,0,2,,,completed,extinction on day 62,1248,1165,83,1.0,200,20,63,23,62,62,0
4d20008b2f5c4ae5855c895a411edc80,91fef981e726a678aae27ea6b9f6f81012e725d1ecf68c6d5fec4ea6290c8abb,44e2704,pilot-stage1-disease-r2,101,9001,,a94b904840df0142,0.0,0,none,0.15,0.1,0,2,,,completed,extinction on day 29,0,0,0,0.05,10,1,9,5,29,29,0
cfed20eca07e4ea28021ba8e1fe99436,cdac549714bd4abe35278816de40bf9d09b5a2ca73dcee88f17c965281d95bb8,44e2704,pilot-stage1-disease-r2,101,9001,,a94b904840df0142,0.01,0,none,0.15,0.1,0,2,,,completed,extinction on day 72,145,133,12,0.175,35,3,16,27,72,72,0
a90fc43cfb4a434db43b12acecaf6844,33ecc921ca2e1458f3936a0ed4ac250a4a4d65811c0fe0e5e6cf3ae8e58ec1d1,44e2704,pilot-stage1-disease-r2,101,9001,,a94b904840df0142,0.02,0,none,0.15,0.1,0,2,,,completed,extinction on day 119,471,446,25,0.705,141,13,25,69,119,119,0
ad89e38a2fb64f0c8507176a85af82f6,bf35cc42a53f4cb305c8c04a855e9d7313636d71e4468627ba4053abb890a422,44e2704,pilot-stage1-disease-r2,101,9001,,a94b904840df0142,0.025,0,none,0.15,0.1,0,2,,,completed,extinction on day 91,463,426,37,0.86,172,16,55,46,91,91,0
bb78f071e9b540b59f670e5a3465fdd1,96d3e568c69d5f7c3dfc099f7631cea16dd885bc825f09d4d56a3186a3a33f6a,44e2704,pilot-stage1-disease-r2,101,9001,,a94b904840df0142,0.05,0,none,0.15,0.1,0,2,,,completed,extinction on day 69,691,656,35,0.98,196,19,83,34,69,69,0
a4a982414ff64b718601235a15f8b952,c1ebfea1a4239e037c3e5302fefb3575406b090fc5503ea559d905b73d225d21,44e2704,pilot-stage1-disease-r2,101,9001,,a94b904840df0142,0.1,0,none,0.15,0.1,0,2,,,completed,extinction on day 69,1399,1308,91,1.0,200,20,117,17,69,69,0
7d5b8f4beba14148aeeb39b9da2e59c6,aada82db3541fc230c13e9627a37b733397c9048b30a83e36b1f282f559bb9c3,44e2704,pilot-stage1-disease-r2,101,9002,,a94b904840df0142,0.0,0,none,0.15,0.1,0,2,,,completed,extinction on day 25,0,0,0,0.05,10,1,9,5,25,25,0
14b16b5377444e28a37871673a391024,fff828c6e8395ba99d42701c10db8ea019b1496e5ee5a653ac776715c2fc2c30,44e2704,pilot-stage1-disease-r2,101,9002,,a94b904840df0142,0.01,0,none,0.15,0.1,0,2,,,completed,extinction on day 48,89,84,5,0.075,15,1,11,5,48,48,0
04e723068e5b48bb8cfaf3810c490f47,338ed50f09736290642f5f1bce2189a0ffd66630f47240ba5bdfdf66da6d506b,44e2704,pilot-stage1-disease-r2,101,9002,,a94b904840df0142,0.02,0,none,0.15,0.1,0,2,,,completed,extinction on day 25,94,89,5,0.07,14,1,12,5,25,25,0
890a81bef14744258603310b8be0d1b0,530eb8d54dca90d521f3099529c845056a2ed02293b4d32cb667ce46e0aa4207,44e2704,pilot-stage1-disease-r2,101,9002,,a94b904840df0142,0.025,0,none,0.15,0.1,0,2,,,completed,extinction on day 25,123,114,9,0.07,14,1,12,5,25,25,0
517690e95b2648b9b3af70f0e189b148,d80c0b5de04c7e989909ad20590711b010f3d9c7fa117a351a9f3a38e8769608,44e2704,pilot-stage1-disease-r2,101,9002,,a94b904840df0142,0.05,0,none,0.15,0.1,0,2,,,completed,extinction on day 91,892,836,56,0.945,189,18,69,27,91,91,0
27d1218d289c42f5aeba2c1deba7b499,6e86239c63bd2587335433e8be1b8753e0ec7fcc1fdd1059ea0beca2377424f8,44e2704,pilot-stage1-disease-r2,101,9002,,a94b904840df0142,0.1,0,none,0.15,0.1,0,2,,,completed,extinction on day 59,1124,1061,63,1.0,200,20,100,16,59,59,0
0f89347ad48841ca999d94292361ca5c,91c72409c4ff32a7d00bc686c3fe4f30488e0458b4b8eee81c3923ac29dc0d01,44e2704,pilot-stage1-disease-r2,101,9003,,a94b904840df0142,0.0,0,none,0.15,0.1,0,2,,,completed,extinction on day 1,0,0,0,0.005,1,1,1,0,1,1,0
6981a9fe6cae403a8e7d95ac9b39bac2,ca890e46401cfe34705be51458ce74796aedf25b74830f1de1d2a540e3d3b138,44e2704,pilot-stage1-disease-r2,101,9003,,a94b904840df0142,0.01,0,none,0.15,0.1,0,2,,,completed,extinction on day 1,3,3,0,0.005,1,1,1,0,1,1,0
eeab9eb30ca84251815b09c17ce9f8b5,d54bd3121bd7e7261dc60816a7cb85bb71c6b5b3d75a4d18f80f124f3ae3d41c,44e2704,pilot-stage1-disease-r2,101,9003,,a94b904840df0142,0.02,0,none,0.15,0.1,0,2,,,completed,extinction on day 1,5,5,0,0.005,1,1,1,0,1,1,0
a8038ee548e04b0d9501b61863845449,12270cba18ad2d49bf82971804351976cf3b0cf28969806f2b53e45fa67ba42d,44e2704,pilot-stage1-disease-r2,101,9003,,a94b904840df0142,0.025,0,none,0.15,0.1,0,2,,,completed,extinction on day 1,5,5,0,0.005,1,1,1,0,1,1,0
53aa19e4e5544c1dbc4ba5ce33f8a13c,53693939a1e9a6a2267443bbb0b5fb96e211d25fafea8fbb60aa96c7fab256a8,44e2704,pilot-stage1-disease-r2,101,9003,,a94b904840df0142,0.05,0,none,0.15,0.1,0,2,,,completed,extinction on day 1,9,9,0,0.005,1,1,1,0,1,1,0
3d03281176ef4740b455bcb5eb9dc649,36e16b259e7f8752ab9aa4d7994ede4a7f92f9928ce4e0296b73b7bbd538537f,44e2704,pilot-stage1-disease-r2,101,9003,,a94b904840df0142,0.1,0,none,0.15,0.1,0,2,,,completed,extinction on day 1,16,16,0,0.005,1,1,1,0,1,1,0
b420e8edda234d5f816ba8f2a92970a0,6ec89208c7f083fd2fe19c145b4232872d47b53bc6234fdc9db92a902a8d2aca,44e2704,pilot-stage1-disease-r2,101,9004,,a94b904840df0142,0.0,0,none,0.15,0.1,0,2,,,completed,extinction on day 40,0,0,0,0.05,10,1,6,5,40,40,0
3d7a10987d9a443d98916c24bc3db6ac,ef3473ed4135f7d774a3e50f27df822e3fa19ffea58e9356b6143d54439ca9a0,44e2704,pilot-stage1-disease-r2,101,9004,,a94b904840df0142,0.01,0,none,0.15,0.1,0,2,,,completed,extinction on day 44,88,84,4,0.115,23,2,11,17,44,44,0
3e651cc5c79c4eaea58226a41a54eca7,4e8b1356b898dbd2ea2464c9421d3abc7c93cde4b04916bcfd093453e4e9220a,44e2704,pilot-stage1-disease-r2,101,9004,,a94b904840df0142,0.02,0,none,0.15,0.1,0,2,,,completed,extinction on day 131,567,540,27,0.625,125,11,40,19,131,131,0
eeaec52b08364d4c9ebfa31e7bda294d,a08712c19cf9e310fdf54365a4aa8fbd47059894ab12fcdc7cbae649bfcd4ac9,44e2704,pilot-stage1-disease-r2,101,9004,,a94b904840df0142,0.025,0,none,0.15,0.1,0,2,,,completed,extinction on day 147,764,722,42,0.88,176,18,48,23,147,147,0
a908514a72014c89b815088ded156d24,88a92113425c20a0a1921f6c79282e09652ac7920e2605279769bde3fba9148e,44e2704,pilot-stage1-disease-r2,101,9004,,a94b904840df0142,0.05,0,none,0.15,0.1,0,2,,,completed,extinction on day 85,871,809,62,0.955,191,19,52,41,85,85,0
60618b29457d4aa9b192ed8f259fa6a6,989e357f1279418d1de58d4e3887a2ffae695a30de4561c76b76104bd1f61d11,44e2704,pilot-stage1-disease-r2,101,9004,,a94b904840df0142,0.1,0,none,0.15,0.1,0,2,,,completed,extinction on day 85,1708,1604,104,1.0,200,20,71,24,85,85,0
21e7414bfe7248ac9ce0cbd85f2b7d9b,bb060e333642e1673ae1dd6b7640d240dc411afa41bd0ecca3b821527bed7533,44e2704,pilot-stage1-disease-r2,101,9005,,a94b904840df0142,0.0,0,none,0.15,0.1,0,2,,,completed,extinction on day 23,0,0,0,0.05,10,1,9,4,23,23,0
26ac9c6110ed4320898bb9c2210abef4,17f02b92faeec858a87c9ca727650cf3e6aff64135021745df725cb17a481442,44e2704,pilot-stage1-disease-r2,101,9005,,a94b904840df0142,0.01,0,none,0.15,0.1,0,2,,,completed,extinction on day 64,136,121,15,0.145,29,3,14,22,64,64,0
73f9115106db40b7b171493d7dbbf44f,5106fe39e39bbf92061dbeeb2c533a4e7e7feb914f15990bf9b7330725fa06f6,44e2704,pilot-stage1-disease-r2,101,9005,,a94b904840df0142,0.02,0,none,0.15,0.1,0,2,,,completed,extinction on day 91,400,372,28,0.345,69,6,17,40,91,91,0
1373626fcfbe47aa9c2a78d4f71a23bd,7b209a86db70c5b1db7d29e71b7bf05f7e445b08b4ff845339274f6d51eee141,44e2704,pilot-stage1-disease-r2,101,9005,,a94b904840df0142,0.025,0,none,0.15,0.1,0,2,,,completed,extinction on day 107,574,535,39,0.83,166,15,36,35,107,107,0
21e3473b51db4378879d733b5df9985d,7fdd0b5cbe5c254029e49ca9b9fddfad449f83f9fa93603527d412ca302e8487,44e2704,pilot-stage1-disease-r2,101,9005,,a94b904840df0142,0.05,0,none,0.15,0.1,0,2,,,completed,extinction on day 107,1113,1053,60,0.98,196,19,47,38,107,107,0
dd104697a81c48dd860eb1b9a51f3e81,d99417954f055e649fbefb569fc39134d6bb77a75c090527084c2307401a6717,44e2704,pilot-stage1-disease-r2,101,9005,,a94b904840df0142,0.1,0,none,0.15,0.1,0,2,,,completed,extinction on day 73,1485,1393,92,0.985,197,19,77,19,73,73,0
ff72669ffa1f40758dcfa7003f5e7815,62f3102825a444d31a70d4b34d96c603c456d81b4adf8d27f24a41ab2c7a2de4,44e2704,pilot-stage1-disease-r2,101,9006,,a94b904840df0142,0.0,0,none,0.15,0.1,0,2,,,completed,extinction on day 1,0,0,0,0.005,1,1,1,0,1,1,0
39d7645b7dc64bcfa8116bc52cc391af,2594b80db62acbfaf10073249d091091e0885d92d21272afc33de2bf3495a184,44e2704,pilot-stage1-disease-r2,101,9006,,a94b904840df0142,0.01,0,none,0.15,0.1,0,2,,,completed,extinction on day 1,5,5,0,0.005,1,1,1,0,1,1,0
4876e487bc2e4de292d8fcf4bc485fe4,990a184c0ed9f733f73d0e70646704bcbd596d315a8f703a9d4ea8a096b32ade,44e2704,pilot-stage1-disease-r2,101,9006,,a94b904840df0142,0.02,0,none,0.15,0.1,0,2,,,completed,extinction on day 1,6,6,0,0.005,1,1,1,0,1,1,0
683481bd25e24ccc84cf15ff30888755,fc95c09fab1e44ece63c32568e7937dac47982ec0b574071b9a38b3b8f632560,44e2704,pilot-stage1-disease-r2,101,9006,,a94b904840df0142,0.025,0,none,0.15,0.1,0,2,,,completed,extinction on day 1,7,7,0,0.005,1,1,1,0,1,1,0
2a8e9ce06bf7414c89c7ce9ca23d9e02,5046d143355ad669bc4651d7e1b93e889791c5a7ce52c5e4b06fbd330cdc794e,44e2704,pilot-stage1-disease-r2,101,9006,,a94b904840df0142,0.05,0,none,0.15,0.1,0,2,,,completed,extinction on day 1,14,14,0,0.005,1,1,1,0,1,1,0
f6ee0e6fcb9442dba1a862245856034a,723df92b438b95b84a9874f614ec09af5361e74ce03cb77da149189b305f34d5,44e2704,pilot-stage1-disease-r2,101,9006,,a94b904840df0142,0.1,0,none,0.15,0.1,0,2,,,completed,extinction on day 1,19,18,1,0.005,1,1,1,0,1,1,0
ea3b5137be394e19b138dc768038a4d0,5e3ea31331a99364bbbe8d694ee71f863bbd7ca8d82c53b8876859fd33c80f73,44e2704,pilot-stage1-disease-r2,101,9007,,a94b904840df0142,0.0,0,none,0.15,0.1,0,2,,,completed,extinction on day 29,0,0,0,0.05,10,1,7,4,29,29,0
ad1eb14f5f2141ad9711e54cba316548,d88a316f9d43097dd593befc127d2f0ee59def5bc44e7d51ebb19bf13da0f194,44e2704,pilot-stage1-disease-r2,101,9007,,a94b904840df0142,0.01,0,none,0.15,0.1,0,2,,,completed,extinction on day 34,62,58,4,0.11,22,2,9,13,34,34,0
068567a1b9944eeb91a29dd2193911e8,ae0a78b1c3b97b8bc7fc9a3dcc60f608f60a54f53da720f5325e48155ab7f43b,44e2704,pilot-stage1-disease-r2,101,9007,,a94b904840df0142,0.02,0,none,0.15,0.1,0,2,,,completed,extinction on day 119,471,433,38,0.46,92,10,23,66,119,119,0
1fababfbe1574f6b81b56640425a4a2d,6bb069971c1bbf1dea244e65227c72a4d54c86bc94f2a7dd86e34426eb4647aa,44e2704,pilot-stage1-disease-r2,101,9007,,a94b904840df0142,0.025,0,none,0.15,0.1,0,2,,,completed,extinction on day 32,148,134,14,0.1,20,3,7,4,32,32,0
3b80dfdc850b42399afb4cfaf695cee4,bf64b7cbfa82c2d9934a0852f5df27df48dee77da2d2ddb3325376639edc4601,44e2704,pilot-stage1-disease-r2,101,9007,,a94b904840df0142,0.05,0,none,0.15,0.1,0,2,,,completed,extinction on day 93,924,864,60,0.995,199,20,62,37,93,93,0
80f270df6e1c417591f910e193d65a4a,8087a6610e98d7d5648068e010eee7938117fe67af9f84152b20ab48bc085c19,44e2704,pilot-stage1-disease-r2,101,9007,,a94b904840df0142,0.1,0,none,0.15,0.1,0,2,,,completed,extinction on day 85,1723,1644,79,1.0,200,20,75,26,85,85,0
d81a61d5961647b1a4a699c6ce1272b0,a910c576496854d992f97de45f8567243ba86dc11a7a89a04f7672c994df9cf1,44e2704,pilot-stage1-disease-r2,101,9008,,a94b904840df0142,0.0,0,none,0.15,0.1,0,2,,,completed,extinction on day 38,0,0,0,0.05,10,1,8,5,38,38,0
2669254ca2ed45309f4e4692dc8ff3b2,92f7214ac13a62be738760794e6c0284fdf9bbaf9bf68774dfc450b9a1bd6421,44e2704,pilot-stage1-disease-r2,101,9008,,a94b904840df0142,0.01,0,none,0.15,0.1,0,2,,,completed,extinction on day 67,155,146,9,0.12,24,2,10,36,67,67,0
5fbeeb26dc90422ab7c97d348a936f63,4f569f5269979d3f421fc19301146ba6027812a7a821154aa643450600384e73,44e2704,pilot-stage1-disease-r2,101,9008,,a94b904840df0142,0.02,0,none,0.15,0.1,0,2,,,completed,extinction on day 70,289,275,14,0.145,29,2,11,36,70,70,0
89bdcdb87e8949bbb1a7e708d46b94b0,fe6deb39bd7f05dc694232abc80bab6646b2034a9234f906c40dde8579579933,44e2704,pilot-stage1-disease-r2,101,9008,,a94b904840df0142,0.025,0,none,0.15,0.1,0,2,,,completed,extinction on day 132,674,645,29,0.58,116,11,27,47,132,132,0
a45df8dae1c447c083c8b653fad3c076,f5b4033bcf57cf39b7d6510d33e491d7b893b318e04d8897dee95834a8e32c6d,44e2704,pilot-stage1-disease-r2,101,9008,,a94b904840df0142,0.05,0,none,0.15,0.1,0,2,,,completed,extinction on day 77,763,712,51,0.945,189,19,78,25,77,77,0
ff34c76226f84a17ade94c2052fc03b3,79116cef6548611ccebe012a66d01536510afe9e07c05f4a8fd6b7f7355275e3,44e2704,pilot-stage1-disease-r2,101,9008,,a94b904840df0142,0.1,0,none,0.15,0.1,0,2,,,completed,extinction on day 76,1534,1436,98,0.995,199,20,71,30,76,76,0
03720d1bee1b4b8da8c1ef9eb3cbb120,26fb180a58be6a556602e168779ea6b9d880c48e2b15ff96777f431e6b9b7af9,44e2704,pilot-stage1-disease-r2,101,9009,,a94b904840df0142,0.0,0,none,0.15,0.1,0,2,,,completed,extinction on day 29,0,0,0,0.05,10,1,7,3,29,29,0
13c844c23d98405f97421a72e0ba4527,74750648be543c1431ee967d2c27491385af6c190eb3522378c646bc4a0a53f9,44e2704,pilot-stage1-disease-r2,101,9009,,a94b904840df0142,0.01,0,none,0.15,0.1,0,2,,,completed,extinction on day 29,53,49,4,0.055,11,1,7,3,29,29,0
b380a58081594db98efa4f8ce9a1e851,62105cddd2a9b0e5da81b58403299e6f38f0c78dd86e2d36ada1ccca4230a3ee,44e2704,pilot-stage1-disease-r2,101,9009,,a94b904840df0142,0.02,0,none,0.15,0.1,0,2,,,completed,extinction on day 53,215,207,8,0.205,41,4,21,15,53,53,0
ac737c5eaf514649842f8a56a5ae0e1f,dfd74de417095555868a96361810c299f314203ee5bf36c1ea62be9f1aae570f,44e2704,pilot-stage1-disease-r2,101,9009,,a94b904840df0142,0.025,0,none,0.15,0.1,0,2,,,completed,extinction on day 95,480,460,20,0.75,150,14,54,25,95,95,0
37a0491fc5bf4fc68966ab62cffc07d3,e299ab590e13b4e72fa9857daf87a0c3f303e1437806d4d697eef0f431d6753e,44e2704,pilot-stage1-disease-r2,101,9009,,a94b904840df0142,0.05,0,none,0.15,0.1,0,2,,,completed,extinction on day 91,922,870,52,0.965,193,19,60,29,91,91,0
ac624cbbf4e2459f9fcd148eee6eb03e,94895e023c13f588ae43f8c6627f22d488ecc6bfcc84a0473cdba3bd4071d6f9,44e2704,pilot-stage1-disease-r2,101,9009,,a94b904840df0142,0.1,0,none,0.15,0.1,0,2,,,completed,extinction on day 78,1582,1506,76,1.0,200,20,125,16,78,78,0
fc287c93a2f34a789de6ebf2dc3ecb66,41bedbb3f9dc34822a013bc35eed79f913b5e7d6780e3777198ed28c9953e0ee,44e2704,pilot-stage1-disease-r2,102,9000,,0a9f06b6dff3de72,0.0,0,none,0.15,0.1,0,2,,,completed,extinction on day 35,0,0,0,0.05,10,1,9,5,35,35,0
c5777726a4314d0d9f2332ff2b38bb3f,528d4c88fca16e372b706250c0b5fc953311e2141ac43d6654b1a695a25d2bca,44e2704,pilot-stage1-disease-r2,102,9000,,0a9f06b6dff3de72,0.01,0,none,0.15,0.1,0,2,,,completed,extinction on day 58,115,114,1,0.18,36,3,16,36,58,58,0
bd7aef305ef64e5ba54b4794ff453e75,f74713f1ca2731375c6339cf69110e7840a22e04c887efd7f726c44ef037945c,44e2704,pilot-stage1-disease-r2,102,9000,,0a9f06b6dff3de72,0.02,0,none,0.15,0.1,0,2,,,completed,extinction on day 117,455,411,44,0.685,137,13,44,51,117,117,0
4558814580184dc3b47d7e4451890e15,17e334ecd30a6766402d9a398767baaac4ed238295cd0373d624d22618220574,44e2704,pilot-stage1-disease-r2,102,9000,,0a9f06b6dff3de72,0.025,0,none,0.15,0.1,0,2,,,completed,extinction on day 95,456,427,29,0.58,116,11,28,49,95,95,0
00afd37d741840c08fa0034e6a8bde83,e5301eb5449b5c02c7f46b91ae5b0b8d103d960148cee4ce7803b44d0220443f,44e2704,pilot-stage1-disease-r2,102,9000,,0a9f06b6dff3de72,0.05,0,none,0.15,0.1,0,2,,,completed,extinction on day 96,967,914,53,1.0,200,20,78,33,96,96,0
4fb7333808f94ecf99bbb8f1a29da395,fc78d8ba262036c1718f112e2c69846cccac148f32ac1aeb0b6959cd5f554e98,44e2704,pilot-stage1-disease-r2,102,9000,,0a9f06b6dff3de72,0.1,0,none,0.15,0.1,0,2,,,completed,extinction on day 61,1224,1150,74,1.0,200,20,94,26,61,61,0
5c679f6df8bd4d8b9e571aa32ecd53e0,8c2b34bd836542c6ad2936ddb8933aecf2fc0b404e8877fee452b71697a18706,44e2704,pilot-stage1-disease-r2,102,9001,,0a9f06b6dff3de72,0.0,0,none,0.15,0.1,0,2,,,completed,extinction on day 29,0,0,0,0.05,10,1,9,5,29,29,0
32474a23252f4b24952711b6da929f49,f9c4e2998d9b1fa32056899ffa9e8a2b27ef68aee72d43d66b8c02bbe6b8f8f3,44e2704,pilot-stage1-disease-r2,102,9001,,0a9f06b6dff3de72,0.01,0,none,0.15,0.1,0,2,,,completed,extinction on day 41,82,78,4,0.085,17,2,9,5,41,41,0
974ab052e50f42d4b93f93682f4660c3,6464416ad94e035456050c29557636347f3484562bfea82eca578c1ec4af1567,44e2704,pilot-stage1-disease-r2,102,9001,,0a9f06b6dff3de72,0.02,0,none,0.15,0.1,0,2,,,completed,extinction on day 120,478,446,32,0.66,132,13,22,66,120,120,0
1494d141d74140cc865ce08a770a28fa,63affed19be1bf3e980504badedc2b6be68fd09a59ad6e1d8293dfc482d50a09,44e2704,pilot-stage1-disease-r2,102,9001,,0a9f06b6dff3de72,0.025,0,none,0.15,0.1,0,2,,,completed,extinction on day 123,622,562,60,0.53,106,9,23,78,123,123,0
8f4a1f810f384f789fd35979c4afc640,ab5f25fe3f6f559dd1c0e6549d17569d3fe06500a6250764e4665e25026ba102,44e2704,pilot-stage1-disease-r2,102,9001,,0a9f06b6dff3de72,0.05,0,none,0.15,0.1,0,2,,,completed,extinction on day 111,1122,1047,75,0.96,192,19,52,46,111,111,0
4de51f32c98f4105818f202051624fad,83a34052e5827313235b43535b4e45622e77bf8022ea20b105ab732a5b06a9ea,44e2704,pilot-stage1-disease-r2,102,9001,,0a9f06b6dff3de72,0.1,0,none,0.15,0.1,0,2,,,completed,extinction on day 80,1634,1531,103,0.995,199,20,63,49,80,80,0
97ee248dbd7a43658c8fd50e67815009,c2623a27b89242c74dd8a63aff014161804bb1c89e3e821dc6dee8a822ec5fc7,44e2704,pilot-stage1-disease-r2,102,9002,,0a9f06b6dff3de72,0.0,0,none,0.15,0.1,0,2,,,completed,extinction on day 25,0,0,0,0.05,10,1,9,5,25,25,0
437f2eb08b524233892239cb14b11019,51acb1c7d3c362aa0d162f1298f25cf27b94ac65e5e0cc6027d843ac40eaa3aa,44e2704,pilot-stage1-disease-r2,102,9002,,0a9f06b6dff3de72,0.01,0,none,0.15,0.1,0,2,,,completed,extinction on day 25,47,46,1,0.05,10,1,9,5,25,25,0
aa229f1a952c4c8bb0994bca5a45787b,fe446475126d8066b157999fe9772985036f359a59a3051f1f8cf17397afbb00,44e2704,pilot-stage1-disease-r2,102,9002,,0a9f06b6dff3de72,0.02,0,none,0.15,0.1,0,2,,,completed,extinction on day 25,94,87,7,0.05,10,1,9,5,25,25,0
2a8107b8fdd543e1ab9de54ddf2ebc4b,2219125c67fd36c03485b437d51fa3cecdc8b7b99cbef2a7044106c8b7ce6662,44e2704,pilot-stage1-disease-r2,102,9002,,0a9f06b6dff3de72,0.025,0,none,0.15,0.1,0,2,,,completed,extinction on day 139,700,634,66,0.3,60,5,18,38,139,139,0
efaf58179a4e46aab47d831642510193,e77c6b7e2c7c09470353e592f77642bdb87c26692a11da7b3522d0d5ea886d50,44e2704,pilot-stage1-disease-r2,102,9002,,0a9f06b6dff3de72,0.05,0,none,0.15,0.1,0,2,,,completed,extinction on day 91,892,829,63,0.9,180,18,49,36,91,91,0
61d500ef62aa4913b9431790b3a229c0,b3f1857fba6e1f51a687b0fd9110811afc9d1495fdece5bf82f3def81cc55d6e,44e2704,pilot-stage1-disease-r2,102,9002,,0a9f06b6dff3de72,0.1,0,none,0.15,0.1,0,2,,,completed,extinction on day 59,1124,1042,82,1.0,200,20,77,26,59,59,0
1c44d036975a414dab911a79a176f256,23d2a3b5a806d83980808d6552f4e089108a8bb5e4213ea383908817eeeec94e,44e2704,pilot-stage1-disease-r2,102,9003,,0a9f06b6dff3de72,0.0,0,none,0.15,0.1,0,2,,,completed,extinction on day 1,0,0,0,0.005,1,1,1,0,1,1,0
1f34d628d4a24fd8a80805fd240b4551,e3941f709d7c8de912a9d8b0216ede62e0df96b07ca89c714d0582c91aa8eeed,44e2704,pilot-stage1-disease-r2,102,9003,,0a9f06b6dff3de72,0.01,0,none,0.15,0.1,0,2,,,completed,extinction on day 1,3,3,0,0.005,1,1,1,0,1,1,0
eb1f8a9abea74b7986c5595bb4ab1bab,0060b54438e1ebcb7ff849cfbb549e1995557e14bc23a633d60d95fa1748d939,44e2704,pilot-stage1-disease-r2,102,9003,,0a9f06b6dff3de72,0.02,0,none,0.15,0.1,0,2,,,completed,extinction on day 1,5,5,0,0.005,1,1,1,0,1,1,0
cc40e27ff4124c5fab6510f5b9914de9,32fe07669c5afb8314fc935ecf5e26bbd2e05002cdd560ccd9e61a1dbd3b3429,44e2704,pilot-stage1-disease-r2,102,9003,,0a9f06b6dff3de72,0.025,0,none,0.15,0.1,0,2,,,completed,extinction on day 1,5,5,0,0.005,1,1,1,0,1,1,0
252854c8e2c74a8396c71404c3a97654,7dbd7790ddfc5f5ff18c5b755da3a058fcbc9bddb86cd7f7552973696664b350,44e2704,pilot-stage1-disease-r2,102,9003,,0a9f06b6dff3de72,0.05,0,none,0.15,0.1,0,2,,,completed,extinction on day 1,9,9,0,0.005,1,1,1,0,1,1,0
1a19c2be82cc453a8e44286649866b53,288cc9e23cd50db35fdc32b6dc1e6928d28dfacfaf91a3859f20b194d3d55679,44e2704,pilot-stage1-disease-r2,102,9003,,0a9f06b6dff3de72,0.1,0,none,0.15,0.1,0,2,,,completed,extinction on day 1,16,16,0,0.005,1,1,1,0,1,1,0
0b0ecdb089734c88abfd067caf4d33bc,18ea0ef1029d622e1a0dea24f1dab9e2b01f452b961848235e6c6964d04b1cd9,44e2704,pilot-stage1-disease-r2,102,9004,,0a9f06b6dff3de72,0.0,0,none,0.15,0.1,0,2,,,completed,extinction on day 40,0,0,0,0.05,10,1,6,5,40,40,0
e1f448e194124c64a412215465dddc62,89fea3f99df061bb37949229a5ff5b167ba1a0bf04050c1a295bbf54180c05e4,44e2704,pilot-stage1-disease-r2,102,9004,,0a9f06b6dff3de72,0.01,0,none,0.15,0.1,0,2,,,completed,extinction on day 85,183,176,7,0.265,53,5,25,25,85,85,0
88c318b972bd4710b9588c7ce923e91b,3a37d6f8bbaa18c37bcfbd670602514a2f4af4e4815407f820e09ca117f177fd,44e2704,pilot-stage1-disease-r2,102,9004,,0a9f06b6dff3de72,0.02,0,none,0.15,0.1,0,2,,,completed,extinction on day 115,497,463,34,0.57,114,13,29,27,115,115,0
18574f4fd2974a4aba64221194477f57,98ba009879893cd369a9e09f18a92974dbdf14460e7f91cda2f2e3972c2a7326,44e2704,pilot-stage1-disease-r2,102,9004,,0a9f06b6dff3de72,0.025,0,none,0.15,0.1,0,2,,,completed,extinction on day 115,610,560,50,0.915,183,19,46,28,115,115,0
6e7356d54a1f454294be56755be2de23,c9447603b239fb37c64bd73363cfb54f40d07822ee010b9480397bab0726eaa4,44e2704,pilot-stage1-disease-r2,102,9004,,0a9f06b6dff3de72,0.05,0,none,0.15,0.1,0,2,,,completed,extinction on day 100,1029,941,88,0.995,199,20,53,39,100,100,0
e33b736790244891adb6e9d7d9fa6c33,fb3532e8e908e7cf58bb1ed7d359653cd5eedd56e7b9a05cdd53f174028ef6f0,44e2704,pilot-stage1-disease-r2,102,9004,,0a9f06b6dff3de72,0.1,0,none,0.15,0.1,0,2,,,completed,extinction on day 85,1708,1570,138,1.0,200,20,91,21,85,85,0
3330a96d4a5646d0b392e3ad165efdb9,50a7913c7ddca10c07b58bb6a363e5b2337c1adb61b08a985eeebee1eb2c3388,44e2704,pilot-stage1-disease-r2,102,9005,,0a9f06b6dff3de72,0.0,0,none,0.15,0.1,0,2,,,completed,extinction on day 23,0,0,0,0.05,10,1,9,4,23,23,0
23dab51c12d64573b8ebb793d92896d2,0702e380fb81d7b6b50261b2a607a025b01281c99533f82bb66b7a5dc4acdbdb,44e2704,pilot-stage1-disease-r2,102,9005,,0a9f06b6dff3de72,0.01,0,none,0.15,0.1,0,2,,,completed,extinction on day 42,85,81,4,0.115,23,2,10,4,42,42,0
2f99ebc3517c44c5bff245c189b1550f,8eca9b92bdac13249262d2c86ce0e2c19c412afc8803e973a6a56e2bdd008476,44e2704,pilot-stage1-disease-r2,102,9005,,0a9f06b6dff3de72,0.02,0,none,0.15,0.1,0,2,,,completed,extinction on day 25,98,96,2,0.105,21,2,10,4,25,25,0
53df7191e9b946c2b84c4ed9151b67e3,a6c56159aa58d4ff304a4a5faa92080f422bb50096a5588c06c8bb0df2582595,44e2704,pilot-stage1-disease-r2,102,9005,,0a9f06b6dff3de72,0.025,0,none,0.15,0.1,0,2,,,completed,extinction on day 28,132,121,11,0.12,24,2,11,19,28,28,0
96b3d072253f4e6ca883c592430f77f2,c8f5db2cb227dcb0659d7b17193c314abfd4209d1416d0c1d5db0afeff2683dd,44e2704,pilot-stage1-disease-r2,102,9005,,0a9f06b6dff3de72,0.05,0,none,0.15,0.1,0,2,,,completed,extinction on day 79,816,761,55,0.995,199,20,56,30,79,79,0
8b8026a7b35d4bbfae32f61b18bdc46e,aa028c5b6bd2969a9c908b9bfccf17a7cd804036653262fdd826980aa0533791,44e2704,pilot-stage1-disease-r2,102,9005,,0a9f06b6dff3de72,0.1,0,none,0.15,0.1,0,2,,,completed,extinction on day 65,1289,1198,91,1.0,200,20,91,23,65,65,0
1e0ab83065fe477389745b0cba11da29,63b06cf3213e68216b202365b2eeb462bf2da5f063a5e6977195578776136563,44e2704,pilot-stage1-disease-r2,102,9006,,0a9f06b6dff3de72,0.0,0,none,0.15,0.1,0,2,,,completed,extinction on day 1,0,0,0,0.005,1,1,1,0,1,1,0
0dbb5d6171d946d995258b33ba8c8052,590121bfd32f2581eba77544ed5a627ad6b28ab45027079860f4296df7aa987d,44e2704,pilot-stage1-disease-r2,102,9006,,0a9f06b6dff3de72,0.01,0,none,0.15,0.1,0,2,,,completed,extinction on day 1,5,5,0,0.005,1,1,1,0,1,1,0
ab7123a800da4e9f827543e19df5c4c2,8cca277e7e87dce313eace9d39197ecaa5933f956ca6212c5f418998b85e5589,44e2704,pilot-stage1-disease-r2,102,9006,,0a9f06b6dff3de72,0.02,0,none,0.15,0.1,0,2,,,completed,extinction on day 1,6,6,0,0.005,1,1,1,0,1,1,0
0db3e8093d964037be2466ce0e6ab85c,3ac6c0fa5a8b9d96ef7abb6957473ab2905a9191c577cde760d15ddee3ad4171,44e2704,pilot-stage1-disease-r2,102,9006,,0a9f06b6dff3de72,0.025,0,none,0.15,0.1,0,2,,,completed,extinction on day 1,7,7,0,0.005,1,1,1,0,1,1,0
e40c73ca6fe24499ab9a43cd67f836c3,af28500a306a7d1bf0b38095c8f831c68c5d02592252121f6992a9c710a5c654,44e2704,pilot-stage1-disease-r2,102,9006,,0a9f06b6dff3de72,0.05,0,none,0.15,0.1,0,2,,,completed,extinction on day 1,14,14,0,0.005,1,1,1,0,1,1,0
cc15547f3c214097b01a3c8aae6b5e20,aa358196ccf75da40855c656cc664391de1ff66e20ff57d2ee8aee33a7aff6d4,44e2704,pilot-stage1-disease-r2,102,9006,,0a9f06b6dff3de72,0.1,0,none,0.15,0.1,0,2,,,completed,extinction on day 1,19,19,0,0.005,1,1,1,0,1,1,0
458c45844c484797830ac39f938ec8a0,3d68cc6edddceda91260c0a71e63d997be8dfce0477908a2cc8a6b1a78751736,44e2704,pilot-stage1-disease-r2,102,9007,,0a9f06b6dff3de72,0.0,0,none,0.15,0.1,0,2,,,completed,extinction on day 29,0,0,0,0.05,10,1,7,4,29,29,0
54925d2349b9433687d67ef55b3d5d79,2c6e610014ec17e74a3291098464d1bdf225a63d8e725aa0ca37aca9f7670f1b,44e2704,pilot-stage1-disease-r2,102,9007,,0a9f06b6dff3de72,0.01,0,none,0.15,0.1,0,2,,,completed,extinction on day 152,301,284,17,0.715,143,14,29,122,152,152,0
b492b5da5e4047658c019b7858b0e51d,ea2a48f6c68e827424eb2c3810fd9a2c7c23965512dcddc18da0a12c4c93d863,44e2704,pilot-stage1-disease-r2,102,9007,,0a9f06b6dff3de72,0.02,0,none,0.15,0.1,0,2,,,completed,extinction on day 135,544,505,39,0.765,153,14,32,84,135,135,0
7054456e85e9467d856a90eb089a32e0,054f4825f5862250315269f3a4d0b7bf33e5c21a8d8881a79026a0ab68086c36,44e2704,pilot-stage1-disease-r2,102,9007,,0a9f06b6dff3de72,0.025,0,none,0.15,0.1,0,2,,,completed,extinction on day 112,565,526,39,0.43,86,8,19,27,112,112,0
e73c7f81ef194c55810fa8c25d4493ad,84c01b912bce527248935431ea3bda5f195f4a717b2b70f35081535b504b5838,44e2704,pilot-stage1-disease-r2,102,9007,,0a9f06b6dff3de72,0.05,0,none,0.15,0.1,0,2,,,completed,extinction on day 93,924,853,71,0.96,192,18,64,25,93,93,0
e4e5ec0f07b540ffb16d199d90c2a9fb,f7fea8bc57a641592f250d7b7ef3e63ea9e72fa567b5d038710c67fec66bff15,44e2704,pilot-stage1-disease-r2,102,9007,,0a9f06b6dff3de72,0.1,0,none,0.15,0.1,0,2,,,completed,extinction on day 74,1488,1397,91,1.0,200,20,103,16,74,74,0
47cf00425c2f4fbf8305790e03b905f3,559509d114a2f2ed4f87693e336096e26bf787fabda5f4ec6222144fa7b14baa,44e2704,pilot-stage1-disease-r2,102,9008,,0a9f06b6dff3de72,0.0,0,none,0.15,0.1,0,2,,,completed,extinction on day 38,0,0,0,0.05,10,1,8,5,38,38,0
c6a1dba306ae4c4bb654c634994b7dd0,b18e3d6cd808e92b176be056c424648c40b3b7da2ee515ee186201e8a41fe4d6,44e2704,pilot-stage1-disease-r2,102,9008,,0a9f06b6dff3de72,0.01,0,none,0.15,0.1,0,2,,,completed,extinction on day 166,361,343,18,0.785,157,15,34,42,166,166,0
2abbce7a50ef4a8c8d421fbebba2ca20,094f8b370a151c2589e1f651637accf7458448bb1ebcd6d563009b76480430ca,44e2704,pilot-stage1-disease-r2,102,9008,,0a9f06b6dff3de72,0.02,0,none,0.15,0.1,0,2,,,completed,extinction on day 134,560,532,28,0.665,133,11,27,48,134,134,0
c571a7c4e19a44f9af1fe7f2f4f1adeb,012a699880b97822dda70d593d6713193b613ba38250aaed2543281feb48ae0a,44e2704,pilot-stage1-disease-r2,102,9008,,0a9f06b6dff3de72,0.025,0,none,0.15,0.1,0,2,,,completed,extinction on day 146,751,695,56,0.84,168,18,46,21,146,146,0
c9866665b1aa4a369c5945c59c082a63,8c84059d37023c2e51914777571c9eb5f00facd34d72216dc0b97ea0a5da869f,44e2704,pilot-stage1-disease-r2,102,9008,,0a9f06b6dff3de72,0.05,0,none,0.15,0.1,0,2,,,completed,extinction on day 111,1111,1017,94,0.98,196,20,52,39,111,111,0
9901ee252ed7458b8a41f078860db0d6,9a6faa22d03d3984b0712e74f37535faa43ea5a72d000f21fdc9a3b52282d36d,44e2704,pilot-stage1-disease-r2,102,9008,,0a9f06b6dff3de72,0.1,0,none,0.15,0.1,0,2,,,completed,extinction on day 67,1372,1276,96,1.0,200,20,91,17,67,67,0
cf7b3beb3ade4df38e2fcb092931e9f1,6ca2231f70566a35e479af2ad53df0ea7d13b36af821def156f19c1fc1dbbe3e,44e2704,pilot-stage1-disease-r2,102,9009,,0a9f06b6dff3de72,0.0,0,none,0.15,0.1,0,2,,,completed,extinction on day 29,0,0,0,0.05,10,1,7,3,29,29,0
f00bd214d2f6498f8d75b26ce5d984f0,4f0074a572e8ea86fb53914090a11b560690b9c2e070f2d967e566b73aabf485,44e2704,pilot-stage1-disease-r2,102,9009,,0a9f06b6dff3de72,0.01,0,none,0.15,0.1,0,2,,,completed,extinction on day 82,178,170,8,0.125,25,2,8,4,82,82,0
6bfc7bd573704630807deebedc3365f4,05133b2febdc1fdab914a8635931e6070d31b860cf90f032325223ee06f888ee,44e2704,pilot-stage1-disease-r2,102,9009,,0a9f06b6dff3de72,0.02,0,none,0.15,0.1,0,2,,,completed,extinction on day 34,136,135,1,0.16,32,3,21,6,34,34,0
2c4626e0785b4cdb954e2852da738c10,53d31117525b3ec032dfdd284485192d087b5d1c670bc075436760fbca996494,44e2704,pilot-stage1-disease-r2,102,9009,,0a9f06b6dff3de72,0.025,0,none,0.15,0.1,0,2,,,completed,extinction on day 126,628,586,42,0.93,186,19,33,44,126,126,0
ff07bf18e87345deb6750d803a5e527d,b3b05b1616d9cc379e4694a673ac8105e5702b5d4c179dc4d4ce8c6df7f143b8,44e2704,pilot-stage1-disease-r2,102,9009,,0a9f06b6dff3de72,0.05,0,none,0.15,0.1,0,2,,,completed,extinction on day 78,772,729,43,1.0,200,20,86,21,78,78,0
56b1ec317b8d480ea0aca1c7b6087d85,f7904d9677d27cb0f4568dff731d2dc2e1160c6f85f8ba178327f007f68f2cec,44e2704,pilot-stage1-disease-r2,102,9009,,0a9f06b6dff3de72,0.1,0,none,0.15,0.1,0,2,,,completed,extinction on day 78,1582,1463,119,1.0,200,20,95,17,78,78,0
aa63ebc4a27f41c5975cef8f41e42a03,db907aae806dc6c3ab8f34fce4d8e1327833def87fdb7ff188afbc68e5cd2131,44e2704,pilot-stage1-disease-r2,103,9000,,3eba5fa24d22e1a9,0.0,0,none,0.15,0.1,0,2,,,completed,extinction on day 35,0,0,0,0.05,10,1,9,5,35,35,0
2aaaae5de4b6435e99b1a87be1692608,8cc0b07d4fd5459bac3d5a9b6e7adb3ee61535c8d8ecc13fac755f64b76174d0,44e2704,pilot-stage1-disease-r2,103,9000,,3eba5fa24d22e1a9,0.01,0,none,0.15,0.1,0,2,,,completed,extinction on day 102,206,202,4,0.21,42,4,16,38,102,102,0
a5c8e86e9b674e138f71852ab1ed4b05,e091d167759a788e941f2e02cdd866508e542a442d1eaefaad7bfccfe65e6343,44e2704,pilot-stage1-disease-r2,103,9000,,3eba5fa24d22e1a9,0.02,0,none,0.15,0.1,0,2,,,completed,extinction on day 109,426,399,27,0.27,54,5,13,50,109,109,0
30cfd1a3814e4872ad45365a82e0f20e,e1dc962f03564f3f4c3e03e7b0dfe9363eb20ea6c937a6a85e3d3f4e6b1fe71a,44e2704,pilot-stage1-disease-r2,103,9000,,3eba5fa24d22e1a9,0.025,0,none,0.15,0.1,0,2,,,completed,extinction on day 114,552,522,30,0.29,58,5,24,38,114,114,0
21da947f6e344ef6afdd92f23a46b8e4,01bad41c3a428f2daa7dacfd3d8ea9d163150df9a6620a748523f852057d0dcc,44e2704,pilot-stage1-disease-r2,103,9000,,3eba5fa24d22e1a9,0.05,0,none,0.15,0.1,0,2,,,completed,extinction on day 96,967,923,44,0.995,199,20,57,52,96,96,0
6dc68718959e4abdb9b92067c1fb8acb,a4b0ff53183a93c32f4aef52f40356c2dc14a9070c10c67eaba50f18f7423038,44e2704,pilot-stage1-disease-r2,103,9000,,3eba5fa24d22e1a9,0.1,0,none,0.15,0.1,0,2,,,completed,extinction on day 77,1539,1452,87,1.0,200,20,68,33,77,77,0
497073ecfd1f4e738602b573625b8fed,6344109088996bbd998bf7cb7efab229247d52eee5c4fde00ad676dd9c5068ca,44e2704,pilot-stage1-disease-r2,103,9001,,3eba5fa24d22e1a9,0.0,0,none,0.15,0.1,0,2,,,completed,extinction on day 29,0,0,0,0.05,10,1,9,5,29,29,0
591fbe11e40f490abea27c8ca70886df,40aff8a6dbac2b10757ee67d4f5df32f8f8de60532d23fa88f2cb7ee0257631b,44e2704,pilot-stage1-disease-r2,103,9001,,3eba5fa24d22e1a9,0.01,0,none,0.15,0.1,0,2,,,completed,extinction on day 56,111,108,3,0.09,18,2,10,5,56,56,0
dfa8a37ab571413bac98ba707c210441,b86dc134fa3e6e77dc2a5a6ee40611282ef0b980c3958d845a9ccd4ee1b5bd93,44e2704,pilot-stage1-disease-r2,103,9001,,3eba5fa24d22e1a9,0.02,0,none,0.15,0.1,0,2,,,completed,extinction on day 121,484,463,21,0.47,94,11,18,81,121,121,0
3432254f46924709b052482289f79691,bdc8a2b239d0fe739596847c6d26c632140d7cfbffbd5e1f792c6cf95e384553,44e2704,pilot-stage1-disease-r2,103,9001,,3eba5fa24d22e1a9,0.025,0,none,0.15,0.1,0,2,,,completed,extinction on day 72,360,352,8,0.375,75,7,23,40,72,72,0
ee1bd134e54b4cc5a718c17f971d7ea3,29d3466117eb7892a158fe84ea0303c0972a325a534c3bec12f75cc123fe3fe1,44e2704,pilot-stage1-disease-r2,103,9001,,3eba5fa24d22e1a9,0.05,0,none,0.15,0.1,0,2,,,completed,extinction on day 69,691,679,12,0.77,154,15,48,22,69,69,0
e522e1cac8de4ef5abad35cb7396d224,9bafc37cfb78708b215c71b3edd6f05b380a082cccde7b060bc334ca47e851a1,44e2704,pilot-stage1-disease-r2,103,9001,,3eba5fa24d22e1a9,0.1,0,none,0.15,0.1,0,2,,,completed,extinction on day 111,2201,2097,104,0.985,197,20,57,22,111,111,0
c514d8a1267d4658ba04d395c7caa6e7,f7aa9643798078fdc2d1cdc8d6d097d43251ffa9424ab393d97dd2a52d6bcff7,44e2704,pilot-stage1-disease-r2,103,9002,,3eba5fa24d22e1a9,0.0,0,none,0.15,0.1,0,2,,,completed,extinction on day 25,0,0,0,0.05,10,1,9,5,25,25,0
9f75db9e545541129439a77052ac55ee,564a1d148d82b185c7c27cf4b06d37247193fb0461be3000bddc5952d3a76fa0,44e2704,pilot-stage1-disease-r2,103,9002,,3eba5fa24d22e1a9,0.01,0,none,0.15,0.1,0,2,,,completed,extinction on day 35,66,63,3,0.055,11,1,9,5,35,35,0
7fd6bb5e49c94a33b06e99f417861bf9,92281260b3ada871f7da2c483ce05d246a424412b92937305d52fd629108a83e,44e2704,pilot-stage1-disease-r2,103,9002,,3eba5fa24d22e1a9,0.02,0,none,0.15,0.1,0,2,,,completed,extinction on day 35,132,124,8,0.06,12,1,9,5,35,35,0
e95cd0314ce940909587cf4b6eac60a2,5ed4772768b7cbe1484258ee8587b9dac603db187b1faffd8ed4652138038ad4,44e2704,pilot-stage1-disease-r2,103,9002,,3eba5fa24d22e1a9,0.025,0,none,0.15,0.1,0,2,,,completed,extinction on day 35,173,166,7,0.065,13,1,10,5,35,35,0
5d7082e50aed44b7a1b25a2b273d556b,0d87391414a4e050bdd6651d45306c50a3aeac0dbcec4b1729079e959fa96c67,44e2704,pilot-stage1-disease-r2,103,9002,,3eba5fa24d22e1a9,0.05,0,none,0.15,0.1,0,2,,,completed,extinction on day 108,1084,1036,48,0.995,199,20,47,44,108,108,0
6fa93084750943ea842f9911fc52d84b,34db7f66fede7e6ff8061c569069c470b034843ca71edc0ac6959e7e911d4605,44e2704,pilot-stage1-disease-r2,103,9002,,3eba5fa24d22e1a9,0.1,0,none,0.15,0.1,0,2,,,completed,extinction on day 58,1103,1040,63,0.25,50,5,31,9,58,58,0
17ab5c2d614147739c2f57cdac77b2c1,af9f040c2502d35776fbf30411dd43fe10cd4dab391bda381433c13a012a60cc,44e2704,pilot-stage1-disease-r2,103,9003,,3eba5fa24d22e1a9,0.0,0,none,0.15,0.1,0,2,,,completed,extinction on day 1,0,0,0,0.005,1,1,1,0,1,1,0
cbc7dbacbaf049aba65896117e260082,731ae0aaa68269a80098fadd3621800392961951b226026ac872b65163730307,44e2704,pilot-stage1-disease-r2,103,9003,,3eba5fa24d22e1a9,0.01,0,none,0.15,0.1,0,2,,,completed,extinction on day 1,3,3,0,0.005,1,1,1,0,1,1,0
3a69c74e6a0d48c8a5d2bd01be85a75d,4a3dcf013e32da6f58938a345af28c8bad10e4469217e0f6ff5bb9d5fa1b201e,44e2704,pilot-stage1-disease-r2,103,9003,,3eba5fa24d22e1a9,0.02,0,none,0.15,0.1,0,2,,,completed,extinction on day 1,5,5,0,0.005,1,1,1,0,1,1,0
cc491b0ed39d41baae767814aae51ab1,8c4ae301a2dd38e13da73db50fcba76b8ab3635ea8cd4b24d6bcbcb34a50c9af,44e2704,pilot-stage1-disease-r2,103,9003,,3eba5fa24d22e1a9,0.025,0,none,0.15,0.1,0,2,,,completed,extinction on day 1,5,5,0,0.005,1,1,1,0,1,1,0
d418f037442b49e0991dd45982f7d6eb,0accc3daf15ec93411a73b50a88db472122cb429300c34d3b6daaae546fd0573,44e2704,pilot-stage1-disease-r2,103,9003,,3eba5fa24d22e1a9,0.05,0,none,0.15,0.1,0,2,,,completed,extinction on day 1,9,9,0,0.005,1,1,1,0,1,1,0
c1f407bb944d488bb70acaa44fee71f3,4752bb7bcf7cad433845c1087bddd7c4605fd5bfae4cb9147df2f709a93f05d9,44e2704,pilot-stage1-disease-r2,103,9003,,3eba5fa24d22e1a9,0.1,0,none,0.15,0.1,0,2,,,completed,extinction on day 1,16,16,0,0.005,1,1,1,0,1,1,0
96bd84ba27dd4a3384d2a32f9eb817b5,791df675ce73c927c078a2b0c0a55bb296fde0e67dddbd5c41d196f33d8169c0,44e2704,pilot-stage1-disease-r2,103,9004,,3eba5fa24d22e1a9,0.0,0,none,0.15,0.1,0,2,,,completed,extinction on day 40,0,0,0,0.05,10,1,6,5,40,40,0
7b13a62b951640baba9fd913b3d4fb8f,3a15dab0ee3d570ba1917ee8a7fd14a3dd50d9b1edfee3511a2329a96ff3a109,44e2704,pilot-stage1-disease-r2,103,9004,,3eba5fa24d22e1a9,0.01,0,none,0.15,0.1,0,2,,,completed,extinction on day 43,84,82,2,0.115,23,2,11,18,43,43,0
fee835af97734dc382b877dd76cde753,7a4722cc2ca4a9d7c9fb18afc67b115c9d491b0c284641b66a3abba3acd88229,44e2704,pilot-stage1-disease-r2,103,9004,,3eba5fa24d22e1a9,0.02,0,none,0.15,0.1,0,2,,,completed,extinction on day 82,351,332,19,0.465,93,8,31,39,82,82,0
1cc9f57b5b8e42689d1bee4eeb9d0467,e73af40cd205b1c1b7e0bc9faba5a2734e12b40f47062bf2b2e7c7976f0b8a43,44e2704,pilot-stage1-disease-r2,103,9004,,3eba5fa24d22e1a9,0.025,0,none,0.15,0.1,0,2,,,completed,extinction on day 115,610,550,60,0.635,127,14,29,61,115,115,0
da8388e2cd8246ee842590f77541bf08,464515a8a2b311a14c8a25617389d402955601f37a989d483fff71bcc61d70da,44e2704,pilot-stage1-disease-r2,103,9004,,3eba5fa24d22e1a9,0.05,0,none,0.15,0.1,0,2,,,completed,extinction on day 131,1338,1270,68,0.99,198,20,46,33,131,131,0
b266dad3d6bb47f6a70a057ae659e446,7de4700ffc49c535ff8b3306794e9c647899fc736e21a452ad0fa6d1e3dcd658,44e2704,pilot-stage1-disease-r2,103,9004,,3eba5fa24d22e1a9,0.1,0,none,0.15,0.1,0,2,,,completed,extinction on day 85,1708,1613,95,1.0,200,20,78,31,85,85,0
5549e5f920e442b2a0880576320e03be,7248d51b334fc851e3688a0263b74b0eb10850b193526bf37e3f307c3dee991a,44e2704,pilot-stage1-disease-r2,103,9005,,3eba5fa24d22e1a9,0.0,0,none,0.15,0.1,0,2,,,completed,extinction on day 23,0,0,0,0.05,10,1,9,4,23,23,0
5388df4afd164299ae41278ddbc1019e,83f65b761e273d4b919f25b09988fc5c5dac335676395006742b5dbbc0873641,44e2704,pilot-stage1-disease-r2,103,9005,,3eba5fa24d22e1a9,0.01,0,none,0.15,0.1,0,2,,,completed,extinction on day 76,169,159,10,0.245,49,5,22,48,76,76,0
57ecc374f1274c05afa927ca71886bb6,c4b68a16ae409fdd22e1d2e918b46765cddf2a16e9baa09789bdbb452fd295b4,44e2704,pilot-stage1-disease-r2,103,9005,,3eba5fa24d22e1a9,0.02,0,none,0.15,0.1,0,2,,,completed,extinction on day 102,449,429,20,0.425,85,8,17,21,102,102,0
65f1f8adb381422a8f10f9a626526b69,e6cc69a3f35e138d59f9970ebba7bd71ce95db35218602ac44ae9536b95968e8,44e2704,pilot-stage1-disease-r2,103,9005,,3eba5fa24d22e1a9,0.025,0,none,0.15,0.1,0,2,,,completed,extinction on day 44,221,214,7,0.21,42,4,21,20,44,44,0
8e5776ecc7724cc294a844441ee5b994,bd6501bfbf35aa3cc93b74b54723a18aa2d29919ad62a263b0ac6807240d00e9,44e2704,pilot-stage1-disease-r2,103,9005,,3eba5fa24d22e1a9,0.05,0,none,0.15,0.1,0,2,,,completed,extinction on day 87,902,869,33,0.995,199,20,48,13,87,87,0
3db7a5902a0d45a6a600bb0abb1d6c2d,0e8e7d645bc704f255a7054a8d093d6063d090e373b48599db47d619943f2906,44e2704,pilot-stage1-disease-r2,103,9005,,3eba5fa24d22e1a9,0.1,0,none,0.15,0.1,0,2,,,completed,extinction on day 65,1289,1243,46,0.745,149,15,55,31,65,65,0
4763d6f7151440108cd66cdcbd6298dd,fd7506c02a09410930a4a3dbec8e8d5b8c941564b1c61c44517d9d6d7196a0f4,44e2704,pilot-stage1-disease-r2,103,9006,,3eba5fa24d22e1a9,0.0,0,none,0.15,0.1,0,2,,,completed,extinction on day 1,0,0,0,0.005,1,1,1,0,1,1,0
3258da331e5944598b01ada93e860dca,8220507098d1361a97ccb82782f2fc362c78fb4c087e6bf5b9fca9b39a3a80c0,44e2704,pilot-stage1-disease-r2,103,9006,,3eba5fa24d22e1a9,0.01,0,none,0.15,0.1,0,2,,,completed,extinction on day 1,5,5,0,0.005,1,1,1,0,1,1,0
c5a1bd787a1f438f99675101f11860ad,da767846cff61f1351f490c6d81ffc7ff3162edad4338bd9210d3e69bb000f69,44e2704,pilot-stage1-disease-r2,103,9006,,3eba5fa24d22e1a9,0.02,0,none,0.15,0.1,0,2,,,completed,extinction on day 1,6,6,0,0.005,1,1,1,0,1,1,0
d48e0d4cef2548bba704cd7618da8d1b,20f5c1fa8dbac1bfce75145a262d6eaa52284d96483a3a9a9eb2ac0c65b91939,44e2704,pilot-stage1-disease-r2,103,9006,,3eba5fa24d22e1a9,0.025,0,none,0.15,0.1,0,2,,,completed,extinction on day 1,7,7,0,0.005,1,1,1,0,1,1,0
f1f8f82f00324ef5b4a163babab731ff,0fb3a1a30bddeb1ba68ac03c6bd246ee5ef1e89f9cfb7451a770c06857138e0d,44e2704,pilot-stage1-disease-r2,103,9006,,3eba5fa24d22e1a9,0.05,0,none,0.15,0.1,0,2,,,completed,extinction on day 1,14,14,0,0.005,1,1,1,0,1,1,0
d3863da9d21c4db987bdd2ad033d2bae,6e0a655be550f788c0dd02bfbc53d900145d1653bd268ebdb2200704d20383f8,44e2704,pilot-stage1-disease-r2,103,9006,,3eba5fa24d22e1a9,0.1,0,none,0.15,0.1,0,2,,,completed,extinction on day 1,19,19,0,0.005,1,1,1,0,1,1,0
780bfa03c6a14dde9e81df2343b4ccdf,304a2059c9a8ebe5a3acefe215d835bb7e55e29f56c848057cdf01cf5fd3fc62,44e2704,pilot-stage1-disease-r2,103,9007,,3eba5fa24d22e1a9,0.0,0,none,0.15,0.1,0,2,,,completed,extinction on day 29,0,0,0,0.05,10,1,7,4,29,29,0
2d9e7639d71f4f8fbe288016504fa0a7,3a313b184f77a6760ddb9f9e39ca4640d42e1fca167687f826688e1480abb70b,44e2704,pilot-stage1-disease-r2,103,9007,,3eba5fa24d22e1a9,0.01,0,none,0.15,0.1,0,2,,,completed,extinction on day 84,172,167,5,0.21,42,4,11,60,84,84,0
4dd5007a57314dee967e268a4923fae1,bd00a274101af1e46c74b9d0231ab3c3631d1c495696b7a07af3f308177c7bd0,44e2704,pilot-stage1-disease-r2,103,9007,,3eba5fa24d22e1a9,0.02,0,none,0.15,0.1,0,2,,,completed,extinction on day 66,258,244,14,0.28,56,5,21,22,66,66,0
db33affab45140fa9d6b86b33fd85e35,e98a800f62bfd4c1f929f83e381f0d802cf47e9d51f0ed9d146c871873dbe34b,44e2704,pilot-stage1-disease-r2,103,9007,,3eba5fa24d22e1a9,0.025,0,none,0.15,0.1,0,2,,,completed,extinction on day 120,598,553,45,0.735,147,14,32,31,120,120,0
6351562c498f467dbf615538be6b676c,d89cd598d1733967de51266cebc7b0c77f5d5132b71eb355cc66d426236e9f44,44e2704,pilot-stage1-disease-r2,103,9007,,3eba5fa24d22e1a9,0.05,0,none,0.15,0.1,0,2,,,completed,extinction on day 123,1203,1176,27,1.0,200,20,39,73,123,123,0
0d068a2113444fa4b26b2466cc91660c,b86178692a38896e91081d37a3a8c51a882e9a35f51ef1c5083b81bdef13ab94,44e2704,pilot-stage1-disease-r2,103,9007,,3eba5fa24d22e1a9,0.1,0,none,0.15,0.1,0,2,,,completed,extinction on day 85,1723,1631,92,0.995,199,20,79,18,85,85,0
7be2590e8ce24ca4a8e91b09b77f1e9f,80e08b1a70f5edef2dbd622ea7503fb6476f9b4e69722ea7bd6d0b4fee9167a8,44e2704,pilot-stage1-disease-r2,103,9008,,3eba5fa24d22e1a9,0.0,0,none,0.15,0.1,0,2,,,completed,extinction on day 38,0,0,0,0.05,10,1,8,5,38,38,0
92361fb66d2a43a38c6a7785120fb412,7451231422b52f45bda27ea977ad449659df4ff6a6b6df041d20aaabe3ea3e52,44e2704,pilot-stage1-disease-r2,103,9008,,3eba5fa24d22e1a9,0.01,0,none,0.15,0.1,0,2,,,completed,extinction on day 87,190,183,7,0.27,54,5,17,39,87,87,0
7b7c977af7fe4f23b96d4a477957c860,66ee7e5b5461767ebdb59567cd00090b17a2933c28fe39b8bbb0f648965a64a5,44e2704,pilot-stage1-disease-r2,103,9008,,3eba5fa24d22e1a9,0.02,0,none,0.15,0.1,0,2,,,completed,extinction on day 87,367,353,14,0.2,40,3,17,40,87,87,0
6ecf2b6b30d447d0bf252b9fc24b926c,6de9831893db6c2ac3338c45a9984c4547a45b35d0bcbcb8d451b8513abb8461,44e2704,pilot-stage1-disease-r2,103,9008,,3eba5fa24d22e1a9,0.025,0,none,0.15,0.1,0,2,,,completed,extinction on day 114,583,558,25,0.965,193,20,48,64,114,114,0
22fcebab25a54aa187452a64bf4a1543,73fc68b20049feeb3b3e76a4dfe67b155c1772d34da5d92b9320d729f8f1ea83,44e2704,pilot-stage1-disease-r2,103,9008,,3eba5fa24d22e1a9,0.05,0,none,0.15,0.1,0,2,,,completed,extinction on day 89,886,846,40,0.99,198,20,54,29,89,89,0
5d4b5fae3eff45b0934d528f9a9a1387,27e60afd09dbb1c95e1a2a828524c9f4773f352d7baed6de44520bb3d0b817a8,44e2704,pilot-stage1-disease-r2,103,9008,,3eba5fa24d22e1a9,0.1,0,none,0.15,0.1,0,2,,,completed,extinction on day 76,1534,1455,79,0.995,199,20,101,24,76,76,0
928e0a83d04c412ea9e42ae48b13cb89,557ed5c35edc20e00bab4a5f22c743bacb632a5df892369913476fae5154acfc,44e2704,pilot-stage1-disease-r2,103,9009,,3eba5fa24d22e1a9,0.0,0,none,0.15,0.1,0,2,,,completed,extinction on day 29,0,0,0,0.05,10,1,7,3,29,29,0
9f998c7f0709435b819005c64deced85,2edb947a3b1e9773dd43bfe5ef315db908bb6c972253147be78bccfcbb326966,44e2704,pilot-stage1-disease-r2,103,9009,,3eba5fa24d22e1a9,0.01,0,none,0.15,0.1,0,2,,,completed,extinction on day 38,75,75,0,0.075,15,1,8,4,38,38,0
e43a4852707e4fbaa7d63a9232d808c1,60e4f833fdfb952433907b4491d341d28c0a3cf8af12d844ea757763a922681b,44e2704,pilot-stage1-disease-r2,103,9009,,3eba5fa24d22e1a9,0.02,0,none,0.15,0.1,0,2,,,completed,extinction on day 95,391,370,21,0.255,51,5,26,8,95,95,0
59e4076028a6488dbba11c0ec187ff69,552673519ec78d93741cf5ba9185d55a4385c0d41b6af565305b4df0123fbeea,44e2704,pilot-stage1-disease-r2,103,9009,,3eba5fa24d22e1a9,0.025,0,none,0.15,0.1,0,2,,,completed,extinction on day 67,333,326,7,0.28,56,5,26,8,67,67,0
88c0083d055442ea9f731fc9d4bef17d,601a62c02dd80c36385370a97840b1d8a10930f655313e0ddaf8e4e2af3cda2b,44e2704,pilot-stage1-disease-r2,103,9009,,3eba5fa24d22e1a9,0.05,0,none,0.15,0.1,0,2,,,completed,extinction on day 90,909,874,35,0.775,155,15,61,16,90,90,0
63cfd03309864c65825b730dfa000633,96a2623598b216dba9d73f73fd8d7882e01af042040c597eb2e5a91df863c365,44e2704,pilot-stage1-disease-r2,103,9009,,3eba5fa24d22e1a9,0.1,0,none,0.15,0.1,0,2,,,completed,extinction on day 78,1582,1481,101,0.99,198,20,57,16,78,78,0
5628efa1ac2944e5bbe150761376d8c9,bdcd5788b4fefcf77a8d23b51375ba20ed6d984f57a8f2d0c1c07f5a9f09fc89,44e2704,pilot-stage1-disease-r2,104,9000,,bc0241eae73e5142,0.0,0,none,0.15,0.1,0,2,,,completed,extinction on day 35,0,0,0,0.05,10,1,9,5,35,35,0
190fe9544e9c4247b4522b2fbbda22ff,f6cafecbe17bcc40a638b3fcadf0b748ff0629df6c938977a3853360cf779148,44e2704,pilot-stage1-disease-r2,104,9000,,bc0241eae73e5142,0.01,0,none,0.15,0.1,0,2,,,completed,extinction on day 53,103,94,9,0.11,22,2,11,6,53,53,0
93eab86c5db746b7b6d8434f3c8366a0,af88f78dfef26adcc590132ca6d1929c8721259db11a7a0e97575066e5d4f316,44e2704,pilot-stage1-disease-r2,104,9000,,bc0241eae73e5142,0.02,0,none,0.15,0.1,0,2,,,completed,extinction on day 67,278,251,27,0.23,46,4,19,17,67,67,0
4e78bca706b94588995f0d9f4fbe6be4,1271274704d31011f14e2eb579fd15befbb6a8ae91dc4fb9d45e196e24c042f8,44e2704,pilot-stage1-disease-r2,104,9000,,bc0241eae73e5142,0.025,0,none,0.15,0.1,0,2,,,completed,extinction on day 71,351,315,36,0.605,121,11,47,40,71,71,0
442bc3b925ec451cbbc9c2904dcfb7ba,40736452bcc85e5f3492fdf80a2770f1933a3bd73f0fb1562ff3b8703517e26e,44e2704,pilot-stage1-disease-r2,104,9000,,bc0241eae73e5142,0.05,0,none,0.15,0.1,0,2,,,completed,extinction on day 81,841,761,80,0.99,198,19,65,40,81,81,0
30f78f49a7724c0884c5d4c95b0ac3dd,7dc6f2346dfb3f45d70ba4f13fda86e31e8b7287110d6ee8f0a8ed3e6d08ddb3,44e2704,pilot-stage1-disease-r2,104,9000,,bc0241eae73e5142,0.1,0,none,0.15,0.1,0,2,,,completed,extinction on day 62,1248,1150,98,1.0,200,20,70,26,62,62,0
b986137639df4fe29bb0dfc48f8891d9,97c691922bcce2fa8658077c27ec9e0cd9d071378940533887967e99749aefef,44e2704,pilot-stage1-disease-r2,104,9001,,bc0241eae73e5142,0.0,0,none,0.15,0.1,0,2,,,completed,extinction on day 29,0,0,0,0.05,10,1,9,5,29,29,0
5ff02d54621744a3b83584c9b7c303e2,bb35bc73a6198fa21e8c7dab682a5120ec20612b43c2c4ed5788cf132c21d968,44e2704,pilot-stage1-disease-r2,104,9001,,bc0241eae73e5142,0.01,0,none,0.15,0.1,0,2,,,completed,extinction on day 68,134,118,16,0.15,30,3,11,20,68,68,0
4863774eab8b4a09aee5d72d9c2bbfcb,7da78e418655450d9b70c7cdfef5e394ffda1b52ac05d9abda3b5ac1a884ff58,44e2704,pilot-stage1-disease-r2,104,9001,,bc0241eae73e5142,0.02,0,none,0.15,0.1,0,2,,,completed,extinction on day 134,535,491,44,0.45,90,9,25,60,134,134,0
ec7c9d26af93435eb1dd622deb24e690,8584299931b97cc0540afc5dd818a2b88ee46176d1a7929f8bbe772cbb70ae9e,44e2704,pilot-stage1-disease-r2,104,9001,,bc0241eae73e5142,0.025,0,none,0.15,0.1,0,2,,,completed,extinction on day 119,599,555,44,0.665,133,12,33,73,119,119,0
a15c819ec761482eb1dc18df45733b7b,8054a18f8eff407ed79a0886128c86b59969d6137d09e60ca66c67f653c6db6f,44e2704,pilot-stage1-disease-r2,104,9001,,bc0241eae73e5142,0.05,0,none,0.15,0.1,0,2,,,completed,extinction on day 83,846,771,75,1.0,200,20,56,33,83,83,0
1e9ab2fd79f34dac865caded60b14f0c,f1d3eda38226791dd9bbeb8bb6c9bfdc99eeeb7d26bda552c8ed4af8363b5df7,44e2704,pilot-stage1-disease-r2,104,9001,,bc0241eae73e5142,0.1,0,none,0.15,0.1,0,2,,,completed,extinction on day 69,1399,1273,126,1.0,200,20,82,17,69,69,0
5b89aa12750f4b9fbf9a00de5b0ce1b4,25af7ba324921c37958a39c1d10e119e0c126901b2688019c06c929a244e12df,44e2704,pilot-stage1-disease-r2,104,9002,,bc0241eae73e5142,0.0,0,none,0.15,0.1,0,2,,,completed,extinction on day 25,0,0,0,0.05,10,1,9,5,25,25,0
958df0077ad84e9dafa94c3f1c344b84,9914e540d9ed7e332c95a2802161917c1ca22bd3c6f45224ce970ec8e27f853e,44e2704,pilot-stage1-disease-r2,104,9002,,bc0241eae73e5142,0.01,0,none,0.15,0.1,0,2,,,completed,extinction on day 25,47,45,2,0.06,12,1,11,5,25,25,0
77a1f1c978b544a1bfdced795495cb0e,e95488474defac14ab67755b0c720e7fb3f9070443e33e8cd9f5ac3f07461bd5,44e2704,pilot-stage1-disease-r2,104,9002,,bc0241eae73e5142,0.02,0,none,0.15,0.1,0,2,,,completed,extinction on day 50,179,171,8,0.075,15,2,11,5,50,50,0
eec1e5a66edb4fdfb6878814b8814bfd,5da5efe29f0ce5d74788b3c58cc2fd9b49e2269471dc2030e217f0a47d4156c1,44e2704,pilot-stage1-disease-r2,104,9002,,bc0241eae73e5142,0.025,0,none,0.15,0.1,0,2,,,completed,extinction on day 54,248,235,13,0.075,15,1,11,5,54,54,0
ee34fe7623bc4cc995b81595d279771d,4f292e225293ea6d23095c4d5c2b85e331d276fa3ba7d47253a7995476f7dad8,44e2704,pilot-stage1-disease-r2,104,9002,,bc0241eae73e5142,0.05,0,none,0.15,0.1,0,2,,,completed,extinction on day 73,720,672,48,1.0,200,20,86,19,73,73,0
060a28e1011b4664a2a25525331be1a2,98e47ec4c8f18e2e97f4cd0ba991bf89d6d75d8ccda44c2ef2bcd77f8813b028,44e2704,pilot-stage1-disease-r2,104,9002,,bc0241eae73e5142,0.1,0,none,0.15,0.1,0,2,,,completed,extinction on day 60,1144,1049,95,1.0,200,20,82,13,60,60,0
4baa2d14e21c4ac292cd647aeb7cc285,a46c2fd09ac9a66f03378bd78c631ba3ea148e8f4be6a36bc918f01abe7191e4,44e2704,pilot-stage1-disease-r2,104,9003,,bc0241eae73e5142,0.0,0,none,0.15,0.1,0,2,,,completed,extinction on day 1,0,0,0,0.005,1,1,1,0,1,1,0
2bd02fd4001748d9960ae8cc924388a9,1bc891ddfd49ba53efd54bd85ceed5b2447850cdbabfefe991ebaa62b8540126,44e2704,pilot-stage1-disease-r2,104,9003,,bc0241eae73e5142,0.01,0,none,0.15,0.1,0,2,,,completed,extinction on day 1,3,3,0,0.005,1,1,1,0,1,1,0
78d73729cb2b4de7bef68132e23c7850,d1bd0f523a7f889a3b62405014f2109a3c0df415e84a2dcf52edbe7ea1165f3a,44e2704,pilot-stage1-disease-r2,104,9003,,bc0241eae73e5142,0.02,0,none,0.15,0.1,0,2,,,completed,extinction on day 1,5,5,0,0.005,1,1,1,0,1,1,0
bb59379b4b174613883f7fe726bed7fc,d172ea297a786ffd0708339799d3b1baabfd16da59950e271b6f4a8e8a5ebf22,44e2704,pilot-stage1-disease-r2,104,9003,,bc0241eae73e5142,0.025,0,none,0.15,0.1,0,2,,,completed,extinction on day 1,5,5,0,0.005,1,1,1,0,1,1,0
b518c86a45d4453fb9804450c4783959,4976ff8cb05098ca7674e5bc4a82b1cf99d2bf4d13e37eb5dab54b9d8ab484b9,44e2704,pilot-stage1-disease-r2,104,9003,,bc0241eae73e5142,0.05,0,none,0.15,0.1,0,2,,,completed,extinction on day 1,9,9,0,0.005,1,1,1,0,1,1,0
5e18a7eda76e49efb3e3505192b3afd3,5b9b6e44b666d4971b05b2dd7b5706171ee2f68ff93e87a56a1bdd462e57e744,44e2704,pilot-stage1-disease-r2,104,9003,,bc0241eae73e5142,0.1,0,none,0.15,0.1,0,2,,,completed,extinction on day 1,16,16,0,0.005,1,1,1,0,1,1,0
f159ac50ea724591a0c8af77d1149393,f609ddfde886be75b8484c4f461d6cf4e1247f61f43e9559a13df64debda7879,44e2704,pilot-stage1-disease-r2,104,9004,,bc0241eae73e5142,0.0,0,none,0.15,0.1,0,2,,,completed,extinction on day 40,0,0,0,0.05,10,1,6,5,40,40,0
3f8e67824cf547f799a12bfa1995aa67,2496f0a3b99b5c467bca49356f99210fefedcf32783838443ec404d15461d1dd,44e2704,pilot-stage1-disease-r2,104,9004,,bc0241eae73e5142,0.01,0,none,0.15,0.1,0,2,,,completed,extinction on day 51,106,103,3,0.125,25,2,12,17,51,51,0
d3ebdd7aea124385b840360df2797b2d,50b6e59c9ba24b66d69fed92bea79e5061312983a981fd298b2482e9398984e6,44e2704,pilot-stage1-disease-r2,104,9004,,bc0241eae73e5142,0.02,0,none,0.15,0.1,0,2,,,completed,extinction on day 85,363,343,20,0.3,60,6,24,24,85,85,0
6e48b935218d4979bf748661eeac069b,d5bd2c31d72677a2699702b716507af9507657c01c1e8c40fcea6f65a920eb83,44e2704,pilot-stage1-disease-r2,104,9004,,bc0241eae73e5142,0.025,0,none,0.15,0.1,0,2,,,completed,extinction on day 137,723,675,48,0.825,165,16,47,41,137,137,0
0884b1f75cc64aaca8337cd5b713f444,5dbcf962907d71baedf7bb18e567f5cc1796c10bd9386d9c105655f684ba4b98,44e2704,pilot-stage1-disease-r2,104,9004,,bc0241eae73e5142,0.05,0,none,0.15,0.1,0,2,,,completed,extinction on day 85,871,815,56,1.0,200,20,82,33,85,85,0
9572e2f7eb314fd3b56a5adbec56134f,c13104a274e32c88b760ada583211a57aaf87cdd658abd55d610a6b837272b10,44e2704,pilot-stage1-disease-r2,104,9004,,bc0241eae73e5142,0.1,0,none,0.15,0.1,0,2,,,completed,extinction on day 85,1708,1565,143,0.995,199,20,75,24,85,85,0
c76b0e8e68ad44329ec12fdfa72a193c,676bb5f5c005f509e02108bf55d8c6db1b9bd1d7d35a3b20c1c5d6fa451b94a8,44e2704,pilot-stage1-disease-r2,104,9005,,bc0241eae73e5142,0.0,0,none,0.15,0.1,0,2,,,completed,extinction on day 23,0,0,0,0.05,10,1,9,4,23,23,0
901822c9e358494a827ea3f8f15b0788,87d4957ccd34ce551ce40e0dea4c4e48ac96c34123f46c925a6a570b21eb9109,44e2704,pilot-stage1-disease-r2,104,9005,,bc0241eae73e5142,0.01,0,none,0.15,0.1,0,2,,,completed,extinction on day 64,136,131,5,0.165,33,3,13,22,64,64,0
c80106325e1445d0b0e61fe6e2f82402,2c523e8f1bbfedc83b6e405d3985a3da0ee8873b78b2a7605bffc8681e7d9477,44e2704,pilot-stage1-disease-r2,104,9005,,bc0241eae73e5142,0.02,0,none,0.15,0.1,0,2,,,completed,extinction on day 44,184,171,13,0.22,44,4,17,22,44,44,0
d625d4b06a514614a154ddd791adf687,922195b6dd16150d624ffc41587a767e67abef9305548bd48077332cd629aca3,44e2704,pilot-stage1-disease-r2,104,9005,,bc0241eae73e5142,0.025,0,none,0.15,0.1,0,2,,,completed,extinction on day 48,249,225,24,0.11,22,2,10,17,48,48,0
847023490e9849da97ee59179a974b49,b1d1f774a51c1dbb70b5d766bd863e6430387681f937fb4d18043541e290411d,44e2704,pilot-stage1-disease-r2,104,9005,,bc0241eae73e5142,0.05,0,none,0.15,0.1,0,2,,,completed,extinction on day 108,1123,1030,93,0.965,193,19,32,52,108,108,0
2a6820c78e494b7e924b305bf579181e,1323388f0e94948cdba2edbff620958507bd3483d66fc720efdcda1bbb3201b5,44e2704,pilot-stage1-disease-r2,104,9005,,bc0241eae73e5142,0.1,0,none,0.15,0.1,0,2,,,completed,extinction on day 65,1289,1204,85,0.99,198,19,92,22,65,65,0
e9df21e95374489d80aeb397e99460b5,c1e184567471ce36877961ae4f23e1a11d93d3acdaee5e372085de7182068b6f,44e2704,pilot-stage1-disease-r2,104,9006,,bc0241eae73e5142,0.0,0,none,0.15,0.1,0,2,,,completed,extinction on day 1,0,0,0,0.005,1,1,1,0,1,1,0
361a7af086864de3a2e42078d63483a1,5ee17929d66139af91fc50ffb5246af02aa3ef74973c608a7f833c2953a3bcb5,44e2704,pilot-stage1-disease-r2,104,9006,,bc0241eae73e5142,0.01,0,none,0.15,0.1,0,2,,,completed,extinction on day 1,5,5,0,0.005,1,1,1,0,1,1,0
688114a8400942b5848d4c6756824171,fae1a64914a51de0b063a115132c0f0de3abda758d0978e33276643ea7ed33ec,44e2704,pilot-stage1-disease-r2,104,9006,,bc0241eae73e5142,0.02,0,none,0.15,0.1,0,2,,,completed,extinction on day 1,6,6,0,0.005,1,1,1,0,1,1,0
34885f9bb8e541eaaebc3f69c004ed26,bb2224753f8842c066dda4dac5cbe4afc5663308d1761a374fddd19340458a93,44e2704,pilot-stage1-disease-r2,104,9006,,bc0241eae73e5142,0.025,0,none,0.15,0.1,0,2,,,completed,extinction on day 1,7,7,0,0.005,1,1,1,0,1,1,0
9dc66e39541142e09fc64b96bede5fce,73ef4e0574fbc4966e8620a04ec927ad23ee6ba7096da47d5698569803bd0775,44e2704,pilot-stage1-disease-r2,104,9006,,bc0241eae73e5142,0.05,0,none,0.15,0.1,0,2,,,completed,extinction on day 1,14,14,0,0.005,1,1,1,0,1,1,0
6f1b006d7cff44b590cd06b228223221,ffcb4839e9eaa2a6d869d4e46db84a1cb552a0e8404481ef24354152b6351e24,44e2704,pilot-stage1-disease-r2,104,9006,,bc0241eae73e5142,0.1,0,none,0.15,0.1,0,2,,,completed,extinction on day 1,19,19,0,0.005,1,1,1,0,1,1,0
20c2aeaf2ed949b88177230a89727b48,736293fea130b895e8b20f6f658a4fa8cbdbbd49629da17e43beedc1de353856,44e2704,pilot-stage1-disease-r2,104,9007,,bc0241eae73e5142,0.0,0,none,0.15,0.1,0,2,,,completed,extinction on day 29,0,0,0,0.05,10,1,7,4,29,29,0
17c72f40c0f048beabf568a9451a5f53,87bd6d34bff2c034f0d30cac06d55aff76db7cda22eb427befd4be815276d243,44e2704,pilot-stage1-disease-r2,104,9007,,bc0241eae73e5142,0.01,0,none,0.15,0.1,0,2,,,completed,extinction on day 41,76,70,6,0.095,19,2,10,14,41,41,0
90dfb64051dc4255bb1a6d4df98c3450,05e4818a70a9ecc4ff4a10816a0b93d2c12524008bc24f048c479d741f6395fe,44e2704,pilot-stage1-disease-r2,104,9007,,bc0241eae73e5142,0.02,0,none,0.15,0.1,0,2,,,completed,extinction on day 74,283,272,11,0.165,33,3,17,8,74,74,0
db7900ae2d25435596be020c41517a13,bae949ded59a1783837306c02c1650164c9e9d7b69aaec18497323c3bf4033a6,44e2704,pilot-stage1-disease-r2,104,9007,,bc0241eae73e5142,0.025,0,none,0.15,0.1,0,2,,,completed,extinction on day 219,1060,982,78,0.83,166,16,37,132,219,219,0
d2116262b77540a7aaf045fed84936bf,cb36e019d7e592b495262a138bf7037e9ab881aab54ef426bce864e462acf6f9,44e2704,pilot-stage1-disease-r2,104,9007,,bc0241eae73e5142,0.05,0,none,0.15,0.1,0,2,,,completed,extinction on day 98,975,898,77,0.965,193,19,51,16,98,98,0
ae80249104034fa5a2f41bff00f2e934,0d2c961cb1797725dc6d62bbd29fa982b3ffaec4059a14cb51355c7723ced19c,44e2704,pilot-stage1-disease-r2,104,9007,,bc0241eae73e5142,0.1,0,none,0.15,0.1,0,2,,,completed,extinction on day 85,1723,1581,142,0.98,196,19,67,32,85,85,0
20c02364e019410f8275beda875967e1,59a230f298e1bb44ada925c5080a2206c694cf3622bd44c35050d93c402a77eb,44e2704,pilot-stage1-disease-r2,104,9008,,bc0241eae73e5142,0.0,0,none,0.15,0.1,0,2,,,completed,extinction on day 38,0,0,0,0.05,10,1,8,5,38,38,0
0b59130c90944c27bfe2d8c0effd6b48,f74014eddb42529df74478f7309e4797ddc839718de8e342547c9be4369a39fc,44e2704,pilot-stage1-disease-r2,104,9008,,bc0241eae73e5142,0.01,0,none,0.15,0.1,0,2,,,completed,extinction on day 100,220,201,19,0.365,73,7,17,57,100,100,0
a605db32e06d4fa2855d8f5e8bb466a1,5e112177191465f62d692cc7c95dea7a1f73c89f6a6a40191840aea090cdf891,44e2704,pilot-stage1-disease-r2,104,9008,,bc0241eae73e5142,0.02,0,none,0.15,0.1,0,2,,,completed,extinction on day 166,685,629,56,0.735,147,16,47,126,166,166,0
8b243c7206be43a38177a2377ce92506,b1caabc7b502e2dc9e4ba3734d49018e375551255692ab8210b9191ff9709455,44e2704,pilot-stage1-disease-r2,104,9008,,bc0241eae73e5142,0.025,0,none,0.15,0.1,0,2,,,completed,extinction on day 134,684,628,56,0.79,158,14,63,27,134,134,0
0cfac9cfe1da4e68967ac388a9f74946,02b309616640d688d3102202dc92963b1ba9a228365666a069369940fd4e2db4,44e2704,pilot-stage1-disease-r2,104,9008,,bc0241eae73e5142,0.05,0,none,0.15,0.1,0,2,,,completed,extinction on day 80,789,744,45,0.995,199,20,51,36,80,80,0
4ccb5d53f3044066ab618454bddc4775,068e140d8d315081105dca19de976a458ee5953e6b0db11b20a583702c755c31,44e2704,pilot-stage1-disease-r2,104,9008,,bc0241eae73e5142,0.1,0,none,0.15,0.1,0,2,,,completed,extinction on day 77,1552,1451,101,1.0,200,20,59,36,77,77,0
0cb3b829cb1646dc9dc3547fb6d819c4,385148c01296d7753a7df9c93562e341f57ebb02036349782c78431772b49758,44e2704,pilot-stage1-disease-r2,104,9009,,bc0241eae73e5142,0.0,0,none,0.15,0.1,0,2,,,completed,extinction on day 29,0,0,0,0.05,10,1,7,3,29,29,0
e1548472660d40f4837bde0387465141,bdb1309c01c4b95f8291306639d51892610b6842e07b37ee448a739b1a660759,44e2704,pilot-stage1-disease-r2,104,9009,,bc0241eae73e5142,0.01,0,none,0.15,0.1,0,2,,,completed,extinction on day 29,53,52,1,0.065,13,1,8,4,29,29,0
07b540b80ed9431c99180096f0257a2f,bb1869264ffc03fe58a22608c4c1c423e760bac853262c68700fb21665e55bd3,44e2704,pilot-stage1-disease-r2,104,9009,,bc0241eae73e5142,0.02,0,none,0.15,0.1,0,2,,,completed,extinction on day 34,136,128,8,0.155,31,3,15,16,34,34,0
4a32919c46034419b56314a59c71b2d1,121ec3062dda2e31e431aa66013da5138034625d61238bbe75b048c122fa7308,44e2704,pilot-stage1-disease-r2,104,9009,,bc0241eae73e5142,0.025,0,none,0.15,0.1,0,2,,,completed,extinction on day 109,543,498,45,0.44,88,9,20,56,109,109,0
e4b5c42f89514d319200b2d94903cc23,0f0ca406fac6a80392155f57bfabe163232e87520a50c0721f13589c0f19395c,44e2704,pilot-stage1-disease-r2,104,9009,,bc0241eae73e5142,0.05,0,none,0.15,0.1,0,2,,,completed,extinction on day 91,922,850,72,1.0,200,20,74,29,91,91,0
965492fcc0994d7b9152cd9c721b3d40,658cc330609e724dca8278902ca834982327726cac917915d69edceabce81f25,44e2704,pilot-stage1-disease-r2,104,9009,,bc0241eae73e5142,0.1,0,none,0.15,0.1,0,2,,,completed,extinction on day 78,1582,1430,152,0.985,197,19,68,28,78,78,0
7e3818501e874854b93432d83a9e921d,ecbd9b2bd3d6b35e678ba9aee486b08b99264548bf3435c8a0220787ee83cf6b,44e2704,pilot-stage1-disease-r2,100,9000,,ecc984f043b744b6,0.0,0,none,0.15,0.2,0,2,,,completed,extinction on day 19,0,0,0,0.05,10,1,7,3,19,19,0
8dd3c991fde6437db3c82298c6008bea,77e0f5232fb854e7b9b28fd8254cf8aece03065c083a0da12bc150fd8218549b,44e2704,pilot-stage1-disease-r2,100,9000,,ecc984f043b744b6,0.01,0,none,0.15,0.2,0,2,,,completed,extinction on day 19,43,41,2,0.05,10,1,7,3,19,19,0
7ceebd7d97bb411cbd6f3beb9bb7efd7,e20bdb850d7624a66ca925abcfdac5deea146b5d2481c060793e7fdef199bff7,44e2704,pilot-stage1-disease-r2,100,9000,,ecc984f043b744b6,0.02,0,none,0.15,0.2,0,2,,,completed,extinction on day 21,84,68,16,0.11,22,3,8,9,21,21,0
a9e34c71d93a42f1a15ef79a190c436b,b98b0966fc196c5bd133b0019b8a745532d3823a70de393729aefa66fe607b84,44e2704,pilot-stage1-disease-r2,100,9000,,ecc984f043b744b6,0.025,0,none,0.15,0.2,0,2,,,completed,extinction on day 42,208,177,31,0.21,42,4,8,9,42,42,0
380d928833fb47da94d8aa2127c153b9,aad689eb8154363ae2267dcc322fff0873011941362d5779df2ca18387831307,44e2704,pilot-stage1-disease-r2,100,9000,,ecc984f043b744b6,0.05,0,none,0.15,0.2,0,2,,,completed,extinction on day 68,695,607,88,0.57,114,12,15,28,68,68,0
0ad2ef8313a84a4391ec63b075b139c8,b7e7f1c0789bc296ef29b10f9f9bba00e44e0638e23bbd2d66156baf3204bab9,44e2704,pilot-stage1-disease-r2,100,9000,,ecc984f043b744b6,0.1,0,none,0.15,0.2,0,2,,,completed,extinction on day 44,897,797,100,0.32,64,6,14,11,44,44,0
9254720dec714826b76f9c5a330a236a,a64f303f0b67217ebe44e823eb959424f10f96cd620ef2c37e4040f4f66bb5c6,44e2704,pilot-stage1-disease-r2,100,9001,,ecc984f043b744b6,0.0,0,none,0.15,0.2,0,2,,,completed,extinction on day 24,0,0,0,0.05,10,1,9,5,24,24,0
fcf3794321144918ac3f2ef6c1af25dd,5da0d212c52038bcf5bb920b23527a84dadfbe2192d5fc4aac56b4f6e1abbfd4,44e2704,pilot-stage1-disease-r2,100,9001,,ecc984f043b744b6,0.01,0,none,0.15,0.2,0,2,,,completed,extinction on day 32,61,56,5,0.1,20,2,10,20,32,32,0
9aed13856d36481094830d84bb7b04de,bef3041447995718ff9afaa195ed601a826dc45b127c03a113248c36dcd2d284,44e2704,pilot-stage1-disease-r2,100,9001,,ecc984f043b744b6,0.02,0,none,0.15,0.2,0,2,,,completed,extinction on day 32,116,101,15,0.11,22,2,11,20,32,32,0
acc5f1e2294f4ec9be39ba772a834a7a,0a24c1eb82f390e4cf9c70606264e22b001fd13c419b9cd46416cfbe651be1b3,44e2704,pilot-stage1-disease-r2,100,9001,,ecc984f043b744b6,0.025,0,none,0.15,0.2,0,2,,,completed,extinction on day 32,145,118,27,0.11,22,2,12,21,32,32,0
e492acca8fdd4d5a867bf9f02643e18d,1533ea3131ba1af84efbeeecd95c22559558d6e46802037172e4e584fb05c013,44e2704,pilot-stage1-disease-r2,100,9001,,ecc984f043b744b6,0.05,0,none,0.15,0.2,0,2,,,completed,extinction on day 48,482,410,72,0.205,41,4,12,7,48,48,0
7d16f049975f46ef96ba9bbda233fb19,2f91d9093552393d49a646deeafdcbd299674051cea1a0d761723ae93a743fb1,44e2704,pilot-stage1-disease-r2,100,9001,,ecc984f043b744b6,0.1,0,none,0.15,0.2,0,2,,,completed,extinction on day 71,1439,1275,164,0.8,160,15,36,46,71,71,0
9353003a368445eb837bc14b3123eb6b,133b14b1f25a2199e0438c04474fcaf0c6f02f6d2aaff4f8dd3d91f74177477f,44e2704,pilot-stage1-disease-r2,100,9002,,ecc984f043b744b6,0.0,0,none,0.15,0.2,0,2,,,completed,extinction on day 10,0,0,0,0.045,9,1,6,4,10,10,0
8d23fc44be514988bb50e60bf9956509,ebb5562a799204d8cb519cbebb71015b41a4709f3ad33e2fd5e1b515d8224113,44e2704,pilot-stage1-disease-r2,100,9002,,ecc984f043b744b6,0.01,0,none,0.15,0.2,0,2,,,completed,extinction on day 10,12,12,0,0.05,10,1,6,2,10,10,0
b144bfa95d65464abdc6dcb5b0e4f5f5,812148287c12fc8b4814a4ac006d6a5f629e009c94a7d12beeaa65205fd9036c,44e2704,pilot-stage1-disease-r2,100,9002,,ecc984f043b744b6,0.02,0,none,0.15,0.2,0,2,,,completed,extinction on day 10,25,23,2,0.05,10,1,6,2,10,10,0
0c66022cbd4740edbcedb7bcdee72fb2,3bb945980f39c3d34945ac83c7c383c35231f8c63aa5efc651e80e9d5e359bc0,44e2704,pilot-stage1-disease-r2,100,9002,,ecc984f043b744b6,0.025,0,none,0.15,0.2,0,2,,,completed,extinction on day 10,37,35,2,0.05,10,1,6,2,10,10,0
4971a275614146e7b7498851a898527a,8d2af34a03de96e346baee338930bc13f77af3afade4533be1729f07e38a2fd7,44e2704,pilot-stage1-disease-r2,100,9002,,ecc984f043b744b6,0.05,0,none,0.15,0.2,0,2,,,completed,extinction on day 45,449,407,42,0.35,70,7,23,16,45,45,0
047f5cf0916641089b6becb10c7070d9,166460e165aa5eb99a7797c60e3592eb666a875fbb4fd18804902a83f5b7fbc8,44e2704,pilot-stage1-disease-r2,100,9002,,ecc984f043b744b6,0.1,0,none,0.15,0.2,0,2,,,completed,extinction on day 42,824,740,84,0.66,132,13,38,16,42,42,0
3a15ef1857a74ee79cd1949026f5f833,e5a3d2272e520d7361be9bdd770752e73dbfc4506bbc6a3e3e0a6c455b9eeda1,44e2704,pilot-stage1-disease-r2,100,9003,,ecc984f043b744b6,0.0,0,none,0.15,0.2,0,2,,,completed,extinction on day 1,0,0,0,0.005,1,1,1,0,1,1,0
9afebd925b9746eea770fbd12d57f5a1,6d801fc0b3fae269cbca610dab3381f3744436b816c64947775396c1b4ded38e,44e2704,pilot-stage1-disease-r2,100,9003,,ecc984f043b744b6,0.01,0,none,0.15,0.2,0,2,,,completed,extinction on day 1,3,3,0,0.005,1,1,1,0,1,1,0
07c000bfac5c40faab69067b5e48f960,6dfa25dc5585a56e7a0501c8c02580b39ddeb2cdd034e517253ffbac6dd1fbea,44e2704,pilot-stage1-disease-r2,100,9003,,ecc984f043b744b6,0.02,0,none,0.15,0.2,0,2,,,completed,extinction on day 1,5,5,0,0.005,1,1,1,0,1,1,0
5b20284d81fd447bb43f7cb2b52a58cb,459ba256b91b5f5cf0f149b614dabfba8ab459b44abc1f1c15a012cbb349504f,44e2704,pilot-stage1-disease-r2,100,9003,,ecc984f043b744b6,0.025,0,none,0.15,0.2,0,2,,,completed,extinction on day 1,5,5,0,0.005,1,1,1,0,1,1,0
9b6ac88bddd547c08b42ba28a959ea55,e12d3c979d27947e796d908382a3423f46179a79c7f49532f72e4945901d9446,44e2704,pilot-stage1-disease-r2,100,9003,,ecc984f043b744b6,0.05,0,none,0.15,0.2,0,2,,,completed,extinction on day 1,9,9,0,0.005,1,1,1,0,1,1,0
782f907d415146059e6477fe99a599c6,cbf0a81f937e695d8ff28e6537cb71fb2343f646d255abe2e8f0a31e79d3a916,44e2704,pilot-stage1-disease-r2,100,9003,,ecc984f043b744b6,0.1,0,none,0.15,0.2,0,2,,,completed,extinction on day 1,16,16,0,0.005,1,1,1,0,1,1,0
859cf9d2c32b40a19e1008d38a841652,ee9692c0f81a902eea470608a70d91b83e1a6a9729363a7a8e754595fe6fc403,44e2704,pilot-stage1-disease-r2,100,9004,,ecc984f043b744b6,0.0,0,none,0.15,0.2,0,2,,,completed,extinction on day 26,0,0,0,0.05,10,1,5,5,26,26,0
7207b2563bcf456cbe0f3f21377acde4,0012b7f27fbd260f6f983ee4a69949fa6c824eab944e0106f4e3955d8fd745f4,44e2704,pilot-stage1-disease-r2,100,9004,,ecc984f043b744b6,0.01,0,none,0.15,0.2,0,2,,,completed,extinction on day 26,58,55,3,0.055,11,1,7,5,26,26,0
f22dcdd0bbcb4e22a95e82f7aef98739,ded62f97e69d1dac94185959adbe72975d5cbb84e216cb5e107d00ec9c818f3b,44e2704,pilot-stage1-disease-r2,100,9004,,ecc984f043b744b6,0.02,0,none,0.15,0.2,0,2,,,completed,extinction on day 32,127,119,8,0.105,21,2,7,5,32,32,0
3d28b8118634423a8cbad3bdc0ef923b,ef62db6ac61f5913d5e16bd18304098afc5918d7db6934ae48f601cb77b15bd3,44e2704,pilot-stage1-disease-r2,100,9004,,ecc984f043b744b6,0.025,0,none,0.15,0.2,0,2,,,completed,extinction on day 32,162,153,9,0.1,20,2,7,5,32,32,0
f6455005dcb44d0a91d2d3e401928fff,011188ab985a420e241d9e698f25e1ab1503a8e8dd905d0c4c6907f80a1062ec,44e2704,pilot-stage1-disease-r2,100,9004,,ecc984f043b744b6,0.05,0,none,0.15,0.2,0,2,,,completed,extinction on day 79,814,710,104,0.31,62,7,10,12,79,79,0
42083ae499b046398271d01f04f66e89,7d1ecc56679d67819714814506a926697ac18da972a43487bf5cc34aed8d396d,44e2704,pilot-stage1-disease-r2,100,9004,,ecc984f043b744b6,0.1,0,none,0.15,0.2,0,2,,,completed,extinction on day 74,1493,1326,167,0.99,198,19,42,40,74,74,0
3ac384a722814cf9a479d44deb2b33aa,7b487e54945beff463edd1aa70f60c6ccdfa1378a08d66f1f9699a8ac7255083,44e2704,pilot-stage1-disease-r2,100,9005,,ecc984f043b744b6,0.0,0,none,0.15,0.2,0,2,,,completed,extinction on day 8,0,0,0,0.05,10,1,7,3,8,8,0
b0b38440b7c3403dbb33190f612d6eed,9694ab4f28e69f0ca3ef216d52aa9d9d5fb18bcfacd6670af4231525ba09c98b,44e2704,pilot-stage1-disease-r2,100,9005,,ecc984f043b744b6,0.01,0,none,0.15,0.2,0,2,,,completed,extinction on day 9,28,27,1,0.06,12,1,8,4,9,9,0
ba815f00654e47e8a20a1f4ef5c3af10,3050e141ed0c2e488dc06b921de59766034a8b094d7b19df4a13c15412fd26ae,44e2704,pilot-stage1-disease-r2,100,9005,,ecc984f043b744b6,0.02,0,none,0.15,0.2,0,2,,,completed,extinction on day 8,39,35,4,0.06,12,1,9,4,8,8,0
4af2099b44d041d9ad86923d797cb07b,c9690dc80e10cfc461d70bccb274300a3bc30b67bcd4150b5c31eabdc697f44f,44e2704,pilot-stage1-disease-r2,100,9005,,ecc984f043b744b6,0.025,0,none,0.15,0.2,0,2,,,completed,extinction on day 12,60,53,7,0.06,12,1,9,4,12,12,0
05759eecff774e719857beed9b1ddd47,5f9cf169509cf5b4cec78ebad801ab664747153e991007cdeb9ab089d1726c36,44e2704,pilot-stage1-disease-r2,100,9005,,ecc984f043b744b6,0.05,0,none,0.15,0.2,0,2,,,completed,extinction on day 82,846,747,99,0.875,175,17,28,35,82,82,0
c2d567bdfb1d41a081d9ba36d3d69337,5f22cca068a48094c885e650c867a431deef806a606cdc6a7a13d8be649c1c6e,44e2704,pilot-stage1-disease-r2,100,9005,,ecc984f043b744b6,0.1,0,none,0.15,0.2,0,2,,,completed,extinction on day 36,713,609,104,0.36,72,7,30,10,36,36,0
fd2c240ddfde4312a84649719f57c8e4,0e6b4f9b361ac1a01d3816e99797520d1566c632321a3b034dad3dd89408c7ab,44e2704,pilot-stage1-disease-r2,100,9006,,ecc984f043b744b6,0.0,0,none,0.15,0.2,0,2,,,completed,extinction on day 1,0,0,0,0.005,1,1,1,0,1,1,0
d0edd0fe2b3a42649443b77ad1c694f7,2fe28486000d5c17af1e8ab46c4444525551a1ca52388abf9ece1e3e9c291d7d,44e2704,pilot-stage1-disease-r2,100,9006,,ecc984f043b744b6,0.01,0,none,0.15,0.2,0,2,,,completed,extinction on day 1,5,5,0,0.005,1,1,1,0,1,1,0
27f99ff7db0a4d75b7de68588dcc8138,2078674f10c16f895dae830ba8ae056f354ad3f5da2e7c6f3f28f0db946a3db0,44e2704,pilot-stage1-disease-r2,100,9006,,ecc984f043b744b6,0.02,0,none,0.15,0.2,0,2,,,completed,extinction on day 1,6,6,0,0.005,1,1,1,0,1,1,0
d86da3bea1f449a79e49a9592c55f784,1e6d6fb41eaba9616e069699b48eee1d6be5b3a6dc3a97d36df2912c7bbdc03b,44e2704,pilot-stage1-disease-r2,100,9006,,ecc984f043b744b6,0.025,0,none,0.15,0.2,0,2,,,completed,extinction on day 1,7,7,0,0.005,1,1,1,0,1,1,0
911ff5d9253a401a8d220ded04866838,056903d0f65e357448cdd189576ae560c878a9ca40970154bebfa5b7afb67532,44e2704,pilot-stage1-disease-r2,100,9006,,ecc984f043b744b6,0.05,0,none,0.15,0.2,0,2,,,completed,extinction on day 1,14,12,2,0.005,1,1,1,0,1,1,0
3b7e372439d44daf98f5e0c5ec2c259b,4675e058fc40375e556332137475a6638e0d17f29f41aff99196e1d13ec8e24f,44e2704,pilot-stage1-disease-r2,100,9006,,ecc984f043b744b6,0.1,0,none,0.15,0.2,0,2,,,completed,extinction on day 1,19,17,2,0.005,1,1,1,0,1,1,0
78bb8ce93247402f907ec5150359f120,8c6f35c84efbeb3ff0d94fdf4f5240e1af57e39fb9170ba5bbca412b75ced173,44e2704,pilot-stage1-disease-r2,100,9007,,ecc984f043b744b6,0.0,0,none,0.15,0.2,0,2,,,completed,extinction on day 14,0,0,0,0.05,10,1,7,4,14,14,0
022b5c338e544591a07a0cfe3ac14378,a8f6ee02acbdac9c83393f2f1c1516d61f7ea550d4a5cc9a5fcd6a6039243839,44e2704,pilot-stage1-disease-r2,100,9007,,ecc984f043b744b6,0.01,0,none,0.15,0.2,0,2,,,completed,extinction on day 36,66,63,3,0.095,19,2,9,13,36,36,0
de06976edd5a42649367c1176e068d62,93c1fed2ef0b6ce05c9550942da5896a7ac100d89681c5d7b9ccee27f84eaa03,44e2704,pilot-stage1-disease-r2,100,9007,,ecc984f043b744b6,0.02,0,none,0.15,0.2,0,2,,,completed,extinction on day 23,89,85,4,0.09,18,2,7,4,23,23,0
271ca14f0ec241648570003d0bfd67a9,ab214e13fa5f6bfd8afcb26bb378123e1508f699e27c9bf32b28c8ca6c488810,44e2704,pilot-stage1-disease-r2,100,9007,,ecc984f043b744b6,0.025,0,none,0.15,0.2,0,2,,,completed,extinction on day 48,225,210,15,0.535,107,10,36,28,48,48,0
79c9b198f680466d833f0e6d272495d0,11dab10b587b15550955369ffa544f350eb5417898cf1276461822f35efb871d,44e2704,pilot-stage1-disease-r2,100,9007,,ecc984f043b744b6,0.05,0,none,0.15,0.2,0,2,,,completed,extinction on day 29,297,268,29,0.215,43,5,19,13,29,29,0
614e503df40b41508a113cc7ccc19b33,3af4ca91fbe26fc18fd1058c96a676ef35d1aeaf85238ec5d59bb88a4e99b47e,44e2704,pilot-stage1-disease-r2,100,9007,,ecc984f043b744b6,0.1,0,none,0.15,0.2,0,2,,,completed,extinction on day 77,1556,1391,165,0.955,191,19,31,16,77,77,0
998d9d513f1d481ebf3b4f86f0dc6a67,571e22efc988b1497ef61d2c0c7c191ece0adf210c99baca1beba19b82afb1c6,44e2704,pilot-stage1-disease-r2,100,9008,,ecc984f043b744b6,0.0,0,none,0.15,0.2,0,2,,,completed,extinction on day 21,0,0,0,0.05,10,1,7,5,21,21,0
55f339c4d1414c208b52d5872932677b,4eec9a2fb15bd87a77b5e2c291ce6ed23681cccd793ace17f67cc204e71d62d5,44e2704,pilot-stage1-disease-r2,100,9008,,ecc984f043b744b6,0.01,0,none,0.15,0.2,0,2,,,completed,extinction on day 18,34,33,1,0.06,12,1,9,5,18,18,0
1f11f17ed3f346b8a10794b224640cf7,2c09f1d4020fa502d121a58404204462e81e985732f98f3d164d888399074456,44e2704,pilot-stage1-disease-r2,100,9008,,ecc984f043b744b6,0.02,0,none,0.15,0.2,0,2,,,completed,extinction on day 18,81,79,2,0.06,12,1,7,5,18,18,0
d0b8f9e7e5814baaa1014eb1275a7c40,5ef5453b2338185f4dc65f46c279de3ee831a369d6dd940a30c9169a37630db7,44e2704,pilot-stage1-disease-r2,100,9008,,ecc984f043b744b6,0.025,0,none,0.15,0.2,0,2,,,completed,extinction on day 36,195,184,11,0.19,38,4,15,17,36,36,0
54e716a40a6a4b7198e728d2fed2642f,06e6d52a81f8bb58fa33ef35c6b0fbb133600ae061363e80f8b92f8851b2d47e,44e2704,pilot-stage1-disease-r2,100,9008,,ecc984f043b744b6,0.05,0,none,0.15,0.2,0,2,,,completed,extinction on day 37,383,347,36,0.19,38,4,10,17,37,37,0
a54ac01d4812410882bffbda0410d86c,67b5a1cfea6f9e2b4799be18c24281c1953ab409b4301dea812a32797b318cd2,44e2704,pilot-stage1-disease-r2,100,9008,,ecc984f043b744b6,0.1,0,none,0.15,0.2,0,2,,,completed,extinction on day 51,1065,967,98,0.745,149,15,32,22,51,51,0
c38ef8da2eec4e08ad57ffbe274fc6ec,f2734a42d97a0383fb8d7a566eba387a0a3567b69478cb091b48a8eb9e8910e9,44e2704,pilot-stage1-disease-r2,100,9009,,ecc984f043b744b6,0.0,0,none,0.15,0.2,0,2,,,completed,extinction on day 16,0,0,0,0.05,10,1,7,3,16,16,0
c83edc4fb0214c6f9134f25f8207efed,55129535b66967aaa4727f179482e76c10e92f12820e6e42a2aa400b83848e02,44e2704,pilot-stage1-disease-r2,100,9009,,ecc984f043b744b6,0.01,0,none,0.15,0.2,0,2,,,completed,extinction on day 17,30,30,0,0.055,11,1,7,3,17,17,0
1f537ee936274f60b03bd9908b0e3fc5,04165e899e3a2a88d89e5cffe882903acae46a485eaa23d86125ca505e9298d5,44e2704,pilot-stage1-disease-r2,100,9009,,ecc984f043b744b6,0.02,0,none,0.15,0.2,0,2,,,completed,extinction on day 29,113,101,12,0.245,49,5,17,5,29,29,0
f5e412a4e8ea42fd9e511ec31597763a,1a0ecae7b5d01592747c44051766a81bacb7bbe8531de770839ed2636e1472b4,44e2704,pilot-stage1-disease-r2,100,9009,,ecc984f043b744b6,0.025,0,none,0.15,0.2,0,2,,,completed,extinction on day 29,141,129,12,0.255,51,5,18,7,29,29,0
5d36b2f3ec714051b52606c3487d45a2,005cafa067e778b32276051a458b399b07a1ff198c2fc78af7dabc7f7845b761,44e2704,pilot-stage1-disease-r2,100,9009,,ecc984f043b744b6,0.05,0,none,0.15,0.2,0,2,,,completed,extinction on day 23,227,212,15,0.255,51,6,28,5,23,23,0
d5851447610f4a119743c7e6b1627bff,974aba2bfbf5febefe2cd665799ef71a2f4d435885f97480c0ee58bc976e9079,44e2704,pilot-stage1-disease-r2,100,9009,,ecc984f043b744b6,0.1,0,none,0.15,0.2,0,2,,,completed,extinction on day 47,928,812,116,0.605,121,12,32,27,47,47,0
8005b75354b24bccb1945a3b42ed8953,24e3834390bd9b071ed2f060dfe6c26238d1a2505f7c5873621e60f20fd4669a,44e2704,pilot-stage1-disease-r2,101,9000,,a94b904840df0142,0.0,0,none,0.15,0.2,0,2,,,completed,extinction on day 19,0,0,0,0.05,10,1,7,3,19,19,0
909273b27a28426b8c44e3351c35d494,0318b7f395a5667415afa1693a88019f87fa098e532155b6f08818cfb1261a8a,44e2704,pilot-stage1-disease-r2,101,9000,,a94b904840df0142,0.01,0,none,0.15,0.2,0,2,,,completed,extinction on day 19,43,41,2,0.05,10,1,7,3,19,19,0
2ac2f883d813440c82fcc9946d1df698,c0260aebf3e24e8f02ee509c3f9dcd558ff44c2a1635f14b5e41f68b72450d76,44e2704,pilot-stage1-disease-r2,101,9000,,a94b904840df0142,0.02,0,none,0.15,0.2,0,2,,,completed,extinction on day 19,75,74,1,0.055,11,1,7,3,19,19,0
aa13eea44aed4657b92c6949b3901481,d183c8220cdc72e57e5f5dd116480f46e4060e5e89f565d32bed8d88cfa698bf,44e2704,pilot-stage1-disease-r2,101,9000,,a94b904840df0142,0.025,0,none,0.15,0.2,0,2,,,completed,extinction on day 26,132,125,7,0.065,13,1,7,3,26,26,0
e44461de5de24bfdb5655ba2f354f49d,2f389c3a19b03758f28b08250724e1e82e3538fc48dd4afc2d3c7aba56b96593,44e2704,pilot-stage1-disease-r2,101,9000,,a94b904840df0142,0.05,0,none,0.15,0.2,0,2,,,completed,extinction on day 78,809,760,49,0.85,170,15,32,37,78,78,0
6894021cb0ec4aca85db6b56f86359fc,5e9aab9c2666dc31c64ed004e8efd44be1b372d1cb314630597fc7a0b8370ec1,44e2704,pilot-stage1-disease-r2,101,9000,,a94b904840df0142,0.1,0,none,0.15,0.2,0,2,,,completed,extinction on day 53,1073,1006,67,0.975,195,20,45,22,53,53,0
ee8c97894aa7489d840388d3e3a56f45,5dd1530013a0e6f3fa8a82aafe6adfcb796d5791fdb01826db2e9b52b5edf001,44e2704,pilot-stage1-disease-r2,101,9001,,a94b904840df0142,0.0,0,none,0.15,0.2,0,2,,,completed,extinction on day 24,0,0,0,0.05,10,1,9,5,24,24,0
5ee124ff408047c4896280befe1d70f4,ba6b1aefc59fb734f2d07a4690ee04f86eab06cb6baca446b818dc0309be1346,44e2704,pilot-stage1-disease-r2,101,9001,,a94b904840df0142,0.01,0,none,0.15,0.2,0,2,,,completed,extinction on day 37,74,66,8,0.17,34,3,12,26,37,37,0
6e4206d5d88e41a8bb79334bab7a6428,e8eb1e420e40e4b9e9f63bb503b315a7a0fe178918fc624da9df7f4c35e01137,44e2704,pilot-stage1-disease-r2,101,9001,,a94b904840df0142,0.02,0,none,0.15,0.2,0,2,,,completed,extinction on day 32,116,107,9,0.105,21,2,9,5,32,32,0
03246d562ba24f4aa4379e21f00447ae,02ea0d897ab17f24d3ebc438f13e650a00caa450f1f168fffaf81fbffe498a22,44e2704,pilot-stage1-disease-r2,101,9001,,a94b904840df0142,0.025,0,none,0.15,0.2,0,2,,,completed,extinction on day 56,272,247,25,0.315,63,6,11,23,56,56,0
c990aad794d54af9b976d1162a9fb921,5d05c144b04f416f9cd548c0668866ba4ac92a4648d6807d29e1af49d61831da,44e2704,pilot-stage1-disease-r2,101,9001,,a94b904840df0142,0.05,0,none,0.15,0.2,0,2,,,completed,extinction on day 87,887,840,47,0.48,96,9,15,72,87,87,0
cf46fbc63fcc4d15a472f0f6d4a34060,a93e657788ad5099d59ea2fdce573ac7de0cc3995c732ca52136fb6275d0e9e9,44e2704,pilot-stage1-disease-r2,101,9001,,a94b904840df0142,0.1,0,none,0.15,0.2,0,2,,,completed,extinction on day 39,798,743,55,0.985,197,20,69,18,39,39,0
1edc36552c744fc4b16a01831b112c5a,082966cc12e261462365ee7b7800f11b4b655dd3e418c8279458ea2a3b024162,44e2704,pilot-stage1-disease-r2,101,9002,,a94b904840df0142,0.0,0,none,0.15,0.2,0,2,,,completed,extinction on day 10,0,0,0,0.045,9,1,6,4,10,10,0
0dbc5e5e13b24fb8bbbfb2333c77f9e5,31fc24fe048c729c64b212ec2ec783c68b8a9cebb778bbdf58002ca55c3d6a83,44e2704,pilot-stage1-disease-r2,101,9002,,a94b904840df0142,0.01,0,none,0.15,0.2,0,2,,,completed,extinction on day 10,12,12,0,0.05,10,1,6,2,10,10,0
457c49e4fb8247cb85a2d0d40af19cb9,573fee103b0fdcb71e5f550c98a948bdced8c7c052e809802ccfa2484f4f0fdc,44e2704,pilot-stage1-disease-r2,101,9002,,a94b904840df0142,0.02,0,none,0.15,0.2,0,2,,,completed,extinction on day 10,25,24,1,0.055,11,1,7,4,10,10,0
2a03767d8dea43e29faafa65a55ffa78,9ec6568c2b555fa83e0a29091ebd8a07d3670c42501b08b316d3c4536ce6f348,44e2704,pilot-stage1-disease-r2,101,9002,,a94b904840df0142,0.025,0,none,0.15,0.2,0,2,,,completed,extinction on day 10,37,35,2,0.055,11,1,7,4,10,10,0
cb4e81498f2a4bf58321d98ed01a0e96,0f78fcc32144f50a5e76876b96a0216e347ee41837bfe35dad31f420ac17cae1,44e2704,pilot-stage1-disease-r2,101,9002,,a94b904840df0142,0.05,0,none,0.15,0.2,0,2,,,completed,extinction on day 61,595,562,33,0.38,76,7,12,25,61,61,0
ac3a41dab9fc4601be301893440e6cc6,88e5e7abba98c8e5149e6998157a9cec17a97e19910d6946f65c1526ee799433,44e2704,pilot-stage1-disease-r2,101,9002,,a94b904840df0142,0.1,0,none,0.15,0.2,0,2,,,completed,extinction on day 42,824,775,49,0.955,191,19,59,14,42,42,0
73d8ebe583c0431fa32d582322c8aa66,bdbe23041bcf982c6ec9d154416b4607107c5dab83b8ddc5ec64593371ab4897,44e2704,pilot-stage1-disease-r2,101,9003,,a94b904840df0142,0.0,0,none,0.15,0.2,0,2,,,completed,extinction on day 1,0,0,0,0.005,1,1,1,0,1,1,0
cc6bcdedd84744db98fb6840aa549e53,069cd5ee3d1da73c5000a8384c6916f87a9255a879170edf5fe5501089ecf0fd,44e2704,pilot-stage1-disease-r2,101,9003,,a94b904840df0142,0.01,0,none,0.15,0.2,0,2,,,completed,extinction on day 1,3,3,0,0.005,1,1,1,0,1,1,0
c94adc981b9b4f8a9fcb78e43cb99cda,744833a35209ed7327569f13f7392090eb4797920077ac351ebd1c5f81a91f6c,44e2704,pilot-stage1-disease-r2,101,9003,,a94b904840df0142,0.02,0,none,0.15,0.2,0,2,,,completed,extinction on day 1,5,5,0,0.005,1,1,1,0,1,1,0
98a9a03392eb4317bb570ed5ca27eaba,73465aec723c90c73b83c2bfbcddd6b131fd400ce9f6e1d341620307d29aa7ac,44e2704,pilot-stage1-disease-r2,101,9003,,a94b904840df0142,0.025,0,none,0.15,0.2,0,2,,,completed,extinction on day 1,5,5,0,0.005,1,1,1,0,1,1,0
df97f8f727bd4d6dad4301743570bb26,5577036376a4ea3d1b456542034088afdbc5e49111e63b5667dd85608c5753fa,44e2704,pilot-stage1-disease-r2,101,9003,,a94b904840df0142,0.05,0,none,0.15,0.2,0,2,,,completed,extinction on day 1,9,9,0,0.005,1,1,1,0,1,1,0
2e115b7caf2c40a08122cdc372bfde00,42943ec8356b0b110356712e1d9b00aa78a65b302fcd824c8dfce721cf4dd5e1,44e2704,pilot-stage1-disease-r2,101,9003,,a94b904840df0142,0.1,0,none,0.15,0.2,0,2,,,completed,extinction on day 1,16,16,0,0.005,1,1,1,0,1,1,0
e6f5ff3f77b04b1a9193e18f2af289fd,b0b45f7228aa5314633a4a9fe9f4a02e36c83b03c7ed538040158738140fb215,44e2704,pilot-stage1-disease-r2,101,9004,,a94b904840df0142,0.0,0,none,0.15,0.2,0,2,,,completed,extinction on day 26,0,0,0,0.05,10,1,5,5,26,26,0
5e8289ad58504ef7ba9841ac12e994ba,f1338ec65e4b4d74fb327e6bf2b541219b65e0d33130dd8a003c1abd365cfa3e,44e2704,pilot-stage1-disease-r2,101,9004,,a94b904840df0142,0.01,0,none,0.15,0.2,0,2,,,completed,extinction on day 26,58,58,0,0.06,12,1,7,4,26,26,0
75b7b278da5f4a23b095fac633216fb0,0a7b2ed14e568dbbfcff386a01cc3e3d546994d4b68af37475ab0603854342ca,44e2704,pilot-stage1-disease-r2,101,9004,,a94b904840df0142,0.02,0,none,0.15,0.2,0,2,,,completed,extinction on day 35,134,132,2,0.2,40,4,14,18,35,35,0
5798514f49414f3e8151ab9a2d61ed0b,ef3023303492216e1f409e075cc4133c552384fb35a71333b0522c3edd340e87,44e2704,pilot-stage1-disease-r2,101,9004,,a94b904840df0142,0.025,0,none,0.15,0.2,0,2,,,completed,extinction on day 35,171,166,5,0.215,43,4,14,18,35,35,0
a4c4ea652b4343e5b76f8a1d4f043ce3,0039107bfe18c417379e2b230f9c8d5b179106a265494e726dda7fbc8e4ba8d1,44e2704,pilot-stage1-disease-r2,101,9004,,a94b904840df0142,0.05,0,none,0.15,0.2,0,2,,,completed,extinction on day 73,748,692,56,0.445,89,7,13,23,73,73,0
a4061ee5d6f74ce7854cf96961b9d072,eba3bf40514b64bac618d2a7d167ac1790441b2a35eba75a9647d262130ebacd,44e2704,pilot-stage1-disease-r2,101,9004,,a94b904840df0142,0.1,0,none,0.15,0.2,0,2,,,completed,extinction on day 53,1056,994,62,0.97,194,20,48,19,53,53,0
8f6a779f5302495fb8071d82c041c595,7990dbe33a836c0a6fa11a21aa328dff57cd78dd4a57332ec4d297d30fd408f7,44e2704,pilot-stage1-disease-r2,101,9005,,a94b904840df0142,0.0,0,none,0.15,0.2,0,2,,,completed,extinction on day 8,0,0,0,0.05,10,1,7,3,8,8,0
82bdaa20f8e34e008e6423520fd0f3bc,8a287fd6021150c1acf61294257a7b96f1a59cd624b28fbf5e58899e46f368e8,44e2704,pilot-stage1-disease-r2,101,9005,,a94b904840df0142,0.01,0,none,0.15,0.2,0,2,,,completed,extinction on day 10,29,27,2,0.05,10,1,7,4,10,10,0
43bf8ad63620443198191d18faff0c56,4d585616d6a7e1aac2d9388062725345c08ad29f7af6e74520fa0b33ef7aeeff,44e2704,pilot-stage1-disease-r2,101,9005,,a94b904840df0142,0.02,0,none,0.15,0.2,0,2,,,completed,extinction on day 10,44,44,0,0.055,11,1,8,4,10,10,0
1a604f4ff0fa4d4cb6d3164a9debc9d0,dac987449f474050664067906bf328fb8ab1b44f4d7dadda939247ff86692f35,44e2704,pilot-stage1-disease-r2,101,9005,,a94b904840df0142,0.025,0,none,0.15,0.2,0,2,,,completed,extinction on day 10,52,49,3,0.055,11,1,8,4,10,10,0
97c8aa7e890b4ef2921b2a4ca707f20e,dd34545ba082e79a624de7032ac8a507ce0446b96529422b28a94efbc18b2d5e,44e2704,pilot-stage1-disease-r2,101,9005,,a94b904840df0142,0.05,0,none,0.15,0.2,0,2,,,completed,extinction on day 108,1123,1063,60,0.845,169,18,22,51,108,108,0
f511550ae44c470cbcd2a9a40d076492,ad134cf90bb3346aadaeef51417c70474baaf9a17fa08f6577bd4eb13d6fb6c3,44e2704,pilot-stage1-disease-r2,101,9005,,a94b904840df0142,0.1,0,none,0.15,0.2,0,2,,,completed,extinction on day 43,848,794,54,0.975,195,19,56,24,43,43,0
51255040e52347d48f0158e41309fdd4,ce117dc0823536a283d5fedac6b59b934901b50b7004d92762d78a2b47c724d1,44e2704,pilot-stage1-disease-r2,101,9006,,a94b904840df0142,0.0,0,none,0.15,0.2,0,2,,,completed,extinction on day 1,0,0,0,0.005,1,1,1,0,1,1,0
855331f9ef9e4af0a6f3ae4c277a305f,4f8472dd91263a2b01ff34fe7a727f14e39a7329e9d64f2c2f7c1a0696907152,44e2704,pilot-stage1-disease-r2,101,9006,,a94b904840df0142,0.01,0,none,0.15,0.2,0,2,,,completed,extinction on day 1,5,5,0,0.005,1,1,1,0,1,1,0
7e758f1e24114a3ea68ba4a99dbcb47f,6aa6dd2c22fbc4d9a566dfe3249aabba2c65f1c7cb7eca4d9dd4e822ac1922cd,44e2704,pilot-stage1-disease-r2,101,9006,,a94b904840df0142,0.02,0,none,0.15,0.2,0,2,,,completed,extinction on day 1,6,6,0,0.005,1,1,1,0,1,1,0
ad3a4107f8734499a29dd497673b4cb2,68cd350b3c12a3b5c8a389aba0d1223e7a93ba005cd8017a4d270f6ca9214486,44e2704,pilot-stage1-disease-r2,101,9006,,a94b904840df0142,0.025,0,none,0.15,0.2,0,2,,,completed,extinction on day 1,7,7,0,0.005,1,1,1,0,1,1,0
d374871eb65345a7a27e98ab6196da61,171e149a4ed176d614b8c3f69906e7e1c9199a316eb57e03fb420a695d8d81e3,44e2704,pilot-stage1-disease-r2,101,9006,,a94b904840df0142,0.05,0,none,0.15,0.2,0,2,,,completed,extinction on day 1,14,14,0,0.005,1,1,1,0,1,1,0
5ac408695ecf4be38b26785c5ecbca17,5049604ac1498d2ac07a850b3cd638f532c0a050f512e95e143efea3c509b6f9,44e2704,pilot-stage1-disease-r2,101,9006,,a94b904840df0142,0.1,0,none,0.15,0.2,0,2,,,completed,extinction on day 1,19,18,1,0.005,1,1,1,0,1,1,0
bf9698ff721547a9b9282331ec624ba8,95751c92fbe6c1fa28a99b5b1032e2c8b02236a101f3baa1de9419ad2c389641,44e2704,pilot-stage1-disease-r2,101,9007,,a94b904840df0142,0.0,0,none,0.15,0.2,0,2,,,completed,extinction on day 14,0,0,0,0.05,10,1,7,4,14,14,0
6697a415037444e98e91efc99801ffe2,0e10acd13b3e0d9316dc117d0c24d453206bce199211fbba35f0cbc8d8dbbb29,44e2704,pilot-stage1-disease-r2,101,9007,,a94b904840df0142,0.01,0,none,0.15,0.2,0,2,,,completed,extinction on day 30,57,54,3,0.11,22,2,9,13,30,30,0
6385bdf7f5224db3ad57ab005cc96a30,b5a3e016b35eac2fdd2723a1745878a47138df49c6500f3bccdbe039a2ada207,44e2704,pilot-stage1-disease-r2,101,9007,,a94b904840df0142,0.02,0,none,0.15,0.2,0,2,,,completed,extinction on day 34,126,110,16,0.115,23,3,8,13,34,34,0
9e35161fde7e4b63a98f1157aa09b989,5fd71e684d575f12ab169f65b0379475f843b03302f7519315ddf55dcabb9f18,44e2704,pilot-stage1-disease-r2,101,9007,,a94b904840df0142,0.025,0,none,0.15,0.2,0,2,,,completed,extinction on day 31,146,132,14,0.095,19,3,7,4,31,31,0
f9843b1aec1a481b9456d3cdea4ac88f,910e13adbdd2c8aaa0532a14d19a2344c95e7d7d4a33d5ca1609edf4e972349b,44e2704,pilot-stage1-disease-r2,101,9007,,a94b904840df0142,0.05,0,none,0.15,0.2,0,2,,,completed,extinction on day 23,236,226,10,0.19,38,4,12,11,23,23,0
41857409c28444178a3f25ee3a3bcbba,bd75800601bafaf23a8ccc7fe1f5f6993762de260a04bdbec5fb30eb7c44a6d1,44e2704,pilot-stage1-disease-r2,101,9007,,a94b904840df0142,0.1,0,none,0.15,0.2,0,2,,,completed,extinction on day 68,1371,1302,69,0.97,194,20,40,26,68,68,0
f7ae17af9553422bb3eea6303efbc824,5a40c6c84edaa62d86568327809af60f1ea9e9485f4c9a45eaebf27b1d82c5b7,44e2704,pilot-stage1-disease-r2,101,9008,,a94b904840df0142,0.0,0,none,0.15,0.2,0,2,,,completed,extinction on day 21,0,0,0,0.05,10,1,7,5,21,21,0
4f03102777b74d1e8bacbf36f40c88dd,5796c226cae68531e8a70d6ebe13c42ba0a2e57ace580dcfac31f52a85738815,44e2704,pilot-stage1-disease-r2,101,9008,,a94b904840df0142,0.01,0,none,0.15,0.2,0,2,,,completed,extinction on day 21,40,38,2,0.06,12,1,7,5,21,21,0
c4cf19a2c1414747a694551f8e8d3ba0,e0b489a050b18f43d368fa4e5d693ed189ec94e41d5edff50eb1ea32be047ef4,44e2704,pilot-stage1-disease-r2,101,9008,,a94b904840df0142,0.02,0,none,0.15,0.2,0,2,,,completed,extinction on day 18,81,75,6,0.06,12,1,8,5,18,18,0
bca9c56b76fa490499bdaf4a91e25210,9bec39ff721fff92fec57b25d7166e84dde67d54e382a424eee990d36ad0700a,44e2704,pilot-stage1-disease-r2,101,9008,,a94b904840df0142,0.025,0,none,0.15,0.2,0,2,,,completed,extinction on day 30,159,148,11,0.12,24,2,10,10,30,30,0
b830c134110c49499a7c2321b2c1dbcb,7efaf98ed08e6b5996c2be3ef3990418c246dbf0e8f5d0af551c6487315e2ec3,44e2704,pilot-stage1-disease-r2,101,9008,,a94b904840df0142,0.05,0,none,0.15,0.2,0,2,,,completed,extinction on day 48,503,461,42,0.73,146,14,37,19,48,48,0
53829dfe01644ad0bde2d5a628157498,e8dd10cf809cfb74ebeff3489b885491e46ffec20d4bc7d21ab66872535e820e,44e2704,pilot-stage1-disease-r2,101,9008,,a94b904840df0142,0.1,0,none,0.15,0.2,0,2,,,completed,extinction on day 70,1421,1330,91,0.95,190,19,35,23,70,70,0
963f5c422a7548cca4d3204517f974f1,bb1df869d8d6f46491e470ad99ef3032052a50d3119f3a9299c1180663ea9187,44e2704,pilot-stage1-disease-r2,101,9009,,a94b904840df0142,0.0,0,none,0.15,0.2,0,2,,,completed,extinction on day 16,0,0,0,0.05,10,1,7,3,16,16,0
00962728fd024649b6e8bdd2a02c47a7,df5661f7dbf719f9496e151aa025e3a15c2f5b27db3679ddb413124d42e83465,44e2704,pilot-stage1-disease-r2,101,9009,,a94b904840df0142,0.01,0,none,0.15,0.2,0,2,,,completed,extinction on day 17,30,29,1,0.055,11,1,7,3,17,17,0
9b081afc3bc44c97b0895bb07147d656,87ad2f66d87d2968728f8ba61c8ed7f3f8fe143eaf017f3208c83f572111ac48,44e2704,pilot-stage1-disease-r2,101,9009,,a94b904840df0142,0.02,0,none,0.15,0.2,0,2,,,completed,extinction on day 29,113,110,3,0.2,40,4,12,7,29,29,0
f8fa5e48d07e436bad8a611a81e2bf6d,c8df4e6ba15f719c59b6811ce766c25c80273ee69e1f728962fdcf96d2d6a649,44e2704,pilot-stage1-disease-r2,101,9009,,a94b904840df0142,0.025,0,none,0.15,0.2,0,2,,,completed,extinction on day 29,141,138,3,0.2,40,4,12,7,29,29,0
a89695effbca47a79cccb2f9777b1c4c,62a5c3a06d98a58e3f6c4665d53fd6368adf95c5f198929a88efe5c743ce6a30,44e2704,pilot-stage1-disease-r2,101,9009,,a94b904840df0142,0.05,0,none,0.15,0.2,0,2,,,completed,extinction on day 77,761,725,36,0.85,170,18,34,29,77,77,0
79439bbeafeb4fc2a1a7c4e04f75e60b,f76c3b93ed97f8230bfee1516902c960197a17e8f3b533cc15d16061bad1ebb3,44e2704,pilot-stage1-disease-r2,101,9009,,a94b904840df0142,0.1,0,none,0.15,0.2,0,2,,,completed,extinction on day 39,765,726,39,0.99,198,20,70,14,39,39,0
bdc52f6f4f364f06882320516b1dbe2c,f4a6d95c9b944ab9ce2bfade9c69b9e32c47f21ed89c46fefbe36c5107eea534,44e2704,pilot-stage1-disease-r2,102,9000,,0a9f06b6dff3de72,0.0,0,none,0.15,0.2,0,2,,,completed,extinction on day 19,0,0,0,0.05,10,1,7,3,19,19,0
030a6e0831be4d0f86ed05b73ae5fe13,3f6cd545f465217711ee0a0d044cb860fe76c4e772792006a95d8707d35d3122,44e2704,pilot-stage1-disease-r2,102,9000,,0a9f06b6dff3de72,0.01,0,none,0.15,0.2,0,2,,,completed,extinction on day 28,57,56,1,0.06,12,1,7,3,28,28,0
ad9d9c1d6806470f92ca16ff4bf6d433,e51737c1dc9304cafcbb40f212e52eaa5daed8dc302c85b3da739597b5137980,44e2704,pilot-stage1-disease-r2,102,9000,,0a9f06b6dff3de72,0.02,0,none,0.15,0.2,0,2,,,completed,extinction on day 19,75,71,4,0.065,13,1,7,3,19,19,0
23692d11cf1d4c1e9609b94c19979aa5,e88ebfb8f7aeafbced7a0811e0a9bd01f437d611e74f18c37ce69762997d6e36,44e2704,pilot-stage1-disease-r2,102,9000,,0a9f06b6dff3de72,0.025,0,none,0.15,0.2,0,2,,,completed,extinction on day 19,97,94,3,0.065,13,1,7,3,19,19,0
1b4121224b4c4c2e8f091a2e15e6e130,f56e97665af6fadaf9ea80fb67d9ff0552f120f64987f1f1fdf52e6a5ebb7d0e,44e2704,pilot-stage1-disease-r2,102,9000,,0a9f06b6dff3de72,0.05,0,none,0.15,0.2,0,2,,,completed,extinction on day 67,685,642,43,0.495,99,9,24,48,67,67,0
718b765deb034c628cb30e8db501cefd,681fd9ba4dd50f5aad19e19d23ae92469471a18c0420cf8e4d8bf7be5917dcbd,44e2704,pilot-stage1-disease-r2,102,9000,,0a9f06b6dff3de72,0.1,0,none,0.15,0.2,0,2,,,completed,extinction on day 59,1181,1108,73,1.0,200,20,52,26,59,59,0
4cfbe7cc1fd948ab897a4f32e7d1ee42,3d56ef4ef9b976d23853dad3f03480bba88d0f921cd825169728558c45559179,44e2704,pilot-stage1-disease-r2,102,9001,,0a9f06b6dff3de72,0.0,0,none,0.15,0.2,0,2,,,completed,extinction on day 24,0,0,0,0.05,10,1,9,5,24,24,0
8fe05a70cfe94377add9c0a065e8d558,39a62f6d445f0e1fd44e5f7416810728356dbdcafd0c73075d7ea14465284433,44e2704,pilot-stage1-disease-r2,102,9001,,0a9f06b6dff3de72,0.01,0,none,0.15,0.2,0,2,,,completed,extinction on day 32,61,57,4,0.085,17,2,9,5,32,32,0
535262803d284651949aadccc7b6783c,b131296ff2517628139fe9b4cadb6d39ce5a6b8fa09f2a91f89136a562874b50,44e2704,pilot-stage1-disease-r2,102,9001,,0a9f06b6dff3de72,0.02,0,none,0.15,0.2,0,2,,,completed,extinction on day 32,116,112,4,0.1,20,2,10,20,32,32,0
aa45d45ce3974e7a96f8ed7d28ada38e,9c27685a99c335748ae425af23e0f6073b0906d2decde68bfe70314b273209cb,44e2704,pilot-stage1-disease-r2,102,9001,,0a9f06b6dff3de72,0.025,0,none,0.15,0.2,0,2,,,completed,extinction on day 72,360,326,34,0.25,50,5,10,21,72,72,0
68d31ffd6cc046df93288b60b9530542,e2731aa0b3332eca1ef0b40fd09a46ad91cf30820f3019a810e6d8ecd4fea2ea,44e2704,pilot-stage1-disease-r2,102,9001,,0a9f06b6dff3de72,0.05,0,none,0.15,0.2,0,2,,,completed,extinction on day 33,326,308,18,0.215,43,4,16,23,33,33,0
78c71189d7d94babbb4c3e8ce343da32,78502f01eebd65b90aac6e91abb397f586fb72b5b2275c30d2ecdcb06c5feb66,44e2704,pilot-stage1-disease-r2,102,9001,,0a9f06b6dff3de72,0.1,0,none,0.15,0.2,0,2,,,completed,extinction on day 36,734,682,52,0.275,55,5,26,12,36,36,0
40b1b9c34fea4004bf0d41ca3e3462b4,b23d6cb0820c6089d4490e791f865c466684d1858ea48aa983972a8cb48f6ac0,44e2704,pilot-stage1-disease-r2,102,9002,,0a9f06b6dff3de72,0.0,0,none,0.15,0.2,0,2,,,completed,extinction on day 10,0,0,0,0.045,9,1,6,4,10,10,0
7119381b36b4422cb916d314d9defda9,773ffdea9ef19e412c82fe241f10fe85f90793b309ae1e39c7b970b89adfc1e5,44e2704,pilot-stage1-disease-r2,102,9002,,0a9f06b6dff3de72,0.01,0,none,0.15,0.2,0,2,,,completed,extinction on day 10,12,12,0,0.045,9,1,6,4,10,10,0
c273f609e1d44fc3b91df28f40f27b0f,62a0d1ab054d0561ff859a9da4e8d16ca7793b4a17cf684783d382ea6afa0e6e,44e2704,pilot-stage1-disease-r2,102,9002,,0a9f06b6dff3de72,0.02,0,none,0.15,0.2,0,2,,,completed,extinction on day 10,25,24,1,0.045,9,1,6,4,10,10,0
fdf477d1b79f40b087b514b5cbee7633,5c01758ebf2034c76097c8c8971a1982981fdc0b66237600f1df486b9c3c3dc6,44e2704,pilot-stage1-disease-r2,102,9002,,0a9f06b6dff3de72,0.025,0,none,0.15,0.2,0,2,,,completed,extinction on day 39,193,176,17,0.1,20,3,6,4,39,39,0
9e80c9efb3924685b0bc3a5a10c63580,b3e670ae89f1f2bd848cfaeba27ddc270fd7568ef7c9d55d36351a1349749144,44e2704,pilot-stage1-disease-r2,102,9002,,0a9f06b6dff3de72,0.05,0,none,0.15,0.2,0,2,,,completed,extinction on day 42,425,393,32,0.335,67,8,15,13,42,42,0
fafae9ab97cf4f1e8a4c7723c7de07e1,bd8b2437fa271ed14d820f417bb965bfb21f03b10f7ff4131b062da5d4a895ab,44e2704,pilot-stage1-disease-r2,102,9002,,0a9f06b6dff3de72,0.1,0,none,0.15,0.2,0,2,,,completed,extinction on day 49,949,878,71,0.985,197,20,34,34,49,49,0
8eb36a90bed1418d8a9b350501c6a3a3,5e643e2899b5563b3a47db79a4df2660874ab2523d406b2cdd648ea4c6b0d14a,44e2704,pilot-stage1-disease-r2,102,9003,,0a9f06b6dff3de72,0.0,0,none,0.15,0.2,0,2,,,completed,extinction on day 1,0,0,0,0.005,1,1,1,0,1,1,0
025a0b378dd14e1bac3471cee2bfc433,8decbef3a8764c4c8b68106b401af7f31ac68906678450540199ccbcfa85e356,44e2704,pilot-stage1-disease-r2,102,9003,,0a9f06b6dff3de72,0.01,0,none,0.15,0.2,0,2,,,completed,extinction on day 1,3,3,0,0.005,1,1,1,0,1,1,0
02cc3ad21cd44cd1ac475ef37f0722a8,677e630649163c916bacafd1503f289c09309d8e055e00f78dc4e8a9153841e8,44e2704,pilot-stage1-disease-r2,102,9003,,0a9f06b6dff3de72,0.02,0,none,0.15,0.2,0,2,,,completed,extinction on day 1,5,5,0,0.005,1,1,1,0,1,1,0
20c26c4bd6e64e7fbe1574f304f03c58,41c1b1bf99ffea577605ebd58c2918d4d51494f88839e66a4a5774875a0d39e0,44e2704,pilot-stage1-disease-r2,102,9003,,0a9f06b6dff3de72,0.025,0,none,0.15,0.2,0,2,,,completed,extinction on day 1,5,5,0,0.005,1,1,1,0,1,1,0
3145dcd728c148c395b4f360424f2631,1feebe4199f23953165a4fd0e8e990df5f0c4042b694433d17bfea858ade364c,44e2704,pilot-stage1-disease-r2,102,9003,,0a9f06b6dff3de72,0.05,0,none,0.15,0.2,0,2,,,completed,extinction on day 1,9,9,0,0.005,1,1,1,0,1,1,0
eaf53578a09c4165987d8df47a72de18,439c8344c87181e8c07006bc1ebab7dc23339979ef4dd7a33424c7b729ee0137,44e2704,pilot-stage1-disease-r2,102,9003,,0a9f06b6dff3de72,0.1,0,none,0.15,0.2,0,2,,,completed,extinction on day 1,16,16,0,0.005,1,1,1,0,1,1,0
791e8c2278444ff7b011a3f40ff00cbf,849d71141434f2dcf592ee4499ae786f1f903cfb8240298b6da27062161438c4,44e2704,pilot-stage1-disease-r2,102,9004,,0a9f06b6dff3de72,0.0,0,none,0.15,0.2,0,2,,,completed,extinction on day 26,0,0,0,0.05,10,1,5,5,26,26,0
b979221274a343d389f6bfa093325cde,3dee014f76daf86d8a1022c42fdf0e8f6603bd99b06b344841b63e1e75d52966,44e2704,pilot-stage1-disease-r2,102,9004,,0a9f06b6dff3de72,0.01,0,none,0.15,0.2,0,2,,,completed,extinction on day 26,58,58,0,0.055,11,1,5,5,26,26,0
81540b77f9704285a31d4a9dd944fa97,b23252ad51aff76b8c384af8223a62ab7e4e071794058f610211ce5a26facef5,44e2704,pilot-stage1-disease-r2,102,9004,,0a9f06b6dff3de72,0.02,0,none,0.15,0.2,0,2,,,completed,extinction on day 35,134,122,12,0.115,23,2,7,18,35,35,0
b968f6b8d6434ca2af7b371c91d11d77,7b42876f739b92ab81396877ca252bde5ddd60ac8882220ef768c28bc9de9bd1,44e2704,pilot-stage1-disease-r2,102,9004,,0a9f06b6dff3de72,0.025,0,none,0.15,0.2,0,2,,,completed,extinction on day 53,263,241,22,0.215,43,4,11,34,53,53,0
a1f7722d67e14caa8f8bbc7b243e5967,59f40220751315167915c0947860e036243418d21e45fc6e08486a7ff0120716,44e2704,pilot-stage1-disease-r2,102,9004,,0a9f06b6dff3de72,0.05,0,none,0.15,0.2,0,2,,,completed,extinction on day 83,842,768,74,0.78,156,16,28,31,83,83,0
e166c9f373434bd88e8467cf3cc9d86d,dcb7a5805541d1c3a9409bf813386ce017671bd5e72395a3b020cf6cb0a6ee41,44e2704,pilot-stage1-disease-r2,102,9004,,0a9f06b6dff3de72,0.1,0,none,0.15,0.2,0,2,,,completed,extinction on day 74,1493,1389,104,0.95,190,19,40,22,74,74,0
a2370c2a820943efb42b23f3e0409867,a428f66c02a4989d673c1a74a8683f317fb81b9c3ce04de66f73a603918473d2,44e2704,pilot-stage1-disease-r2,102,9005,,0a9f06b6dff3de72,0.0,0,none,0.15,0.2,0,2,,,completed,extinction on day 8,0,0,0,0.05,10,1,7,3,8,8,0
f265a4c5544e491cba38f12806d3e679,e86af6dd537b6f15af2907b130680f9f47295c2a47505a8e701d872c2be66dc9,44e2704,pilot-stage1-disease-r2,102,9005,,0a9f06b6dff3de72,0.01,0,none,0.15,0.2,0,2,,,completed,extinction on day 12,32,31,1,0.06,12,1,9,4,12,12,0
7431598c1ed549fcb795c22d370281e5,48c3b88520a9b294ba5a6ac45622ebc7234c8e2e65d54f868e398113478ca5fe,44e2704,pilot-stage1-disease-r2,102,9005,,0a9f06b6dff3de72,0.02,0,none,0.15,0.2,0,2,,,completed,extinction on day 12,52,52,0,0.06,12,1,9,4,12,12,0
643b00cb699048f9a1827cecd6cce2b3,d31d0e8099f5a27402b66c174b3ca8dd8e14f550f17a07b2177af5e890b48f88,44e2704,pilot-stage1-disease-r2,102,9005,,0a9f06b6dff3de72,0.025,0,none,0.15,0.2,0,2,,,completed,extinction on day 12,60,59,1,0.06,12,1,8,4,12,12,0
e83475edf7c44a388f566d3951d1eba5,8fbd0bd1055e906faec48161ad346e9e906a3a2fb1b5e81da68988b626deaac6,44e2704,pilot-stage1-disease-r2,102,9005,,0a9f06b6dff3de72,0.05,0,none,0.15,0.2,0,2,,,completed,extinction on day 52,526,492,34,0.32,64,6,13,6,52,52,0
59cb2ed8372a4efdb3ef7f28236d7dce,f499e5102274696273f55a88d0282139d52e76cea800f1c763a938206a52e2be,44e2704,pilot-stage1-disease-r2,102,9005,,0a9f06b6dff3de72,0.1,0,none,0.15,0.2,0,2,,,completed,extinction on day 71,1432,1330,102,0.985,197,20,65,24,71,71,0
40c5c0ccb4cf4a47b6aa5c92f29d2e5b,9de1773d52fb71d53ed67853cda5ce3c5fc3d2916504e6f5f6179956d6558fbb,44e2704,pilot-stage1-disease-r2,102,9006,,0a9f06b6dff3de72,0.0,0,none,0.15,0.2,0,2,,,completed,extinction on day 1,0,0,0,0.005,1,1,1,0,1,1,0
75c6acce04b942ac972d170737ea0fd0,511a8c6d51892854987203e0eecce4fb9a83deb40ca77b684f0aa1ea45a2df3e,44e2704,pilot-stage1-disease-r2,102,9006,,0a9f06b6dff3de72,0.01,0,none,0.15,0.2,0,2,,,completed,extinction on day 1,5,5,0,0.005,1,1,1,0,1,1,0
162ac997093c4630b9167222e0e1c0df,102418b870bae94edfa2705dcec27eb1ea833dc4d24667011041191474010168,44e2704,pilot-stage1-disease-r2,102,9006,,0a9f06b6dff3de72,0.02,0,none,0.15,0.2,0,2,,,completed,extinction on day 1,6,6,0,0.005,1,1,1,0,1,1,0
00dc7b3de6cd4a65aee64c84136fc0a3,33891e9c732725c9c9fdc0a1efa43c41f0d1ad64fd42b8f402aca1117ffa7453,44e2704,pilot-stage1-disease-r2,102,9006,,0a9f06b6dff3de72,0.025,0,none,0.15,0.2,0,2,,,completed,extinction on day 1,7,7,0,0.005,1,1,1,0,1,1,0
32cff800911f458598abbb77928c5248,78849b2976b08ed8e3d555d3888299158164424b58e7424fb91f3c8166f5f0ed,44e2704,pilot-stage1-disease-r2,102,9006,,0a9f06b6dff3de72,0.05,0,none,0.15,0.2,0,2,,,completed,extinction on day 1,14,14,0,0.005,1,1,1,0,1,1,0
38b08a3564d34a0bbea918d351eb5e6c,50a16b5a939aba20f801dd2f12971d030f96e1542c61d21c9da68af50ccf17fa,44e2704,pilot-stage1-disease-r2,102,9006,,0a9f06b6dff3de72,0.1,0,none,0.15,0.2,0,2,,,completed,extinction on day 1,19,19,0,0.005,1,1,1,0,1,1,0
065baa23ef5446909a8525937a1659ff,15cf26bf907068241ab413e633d1d8aad3c2deadd2046cb3fc8e3ce7bb232be1,44e2704,pilot-stage1-disease-r2,102,9007,,0a9f06b6dff3de72,0.0,0,none,0.15,0.2,0,2,,,completed,extinction on day 14,0,0,0,0.05,10,1,7,4,14,14,0
a5049e80e4404c3795884c77bb3285ce,cf9d8ecda6c7f0bb908dfc90b07a4b67118f4842eff706f08ff6e079f68b2ee7,44e2704,pilot-stage1-disease-r2,102,9007,,0a9f06b6dff3de72,0.01,0,none,0.15,0.2,0,2,,,completed,extinction on day 36,66,63,3,0.105,21,3,11,13,36,36,0
3c954421bba348a79ff04281557df00b,02ec2b1f8708f9afb4ffb6a5dc488d30c2988fc822bb30d2935c23cb4ccc8f42,44e2704,pilot-stage1-disease-r2,102,9007,,0a9f06b6dff3de72,0.02,0,none,0.15,0.2,0,2,,,completed,extinction on day 23,89,85,4,0.195,39,4,19,13,23,23,0
56c5cc1f6d864fe0ba4c0a8083e8ac82,90caa5c8653401f01fedefa21a78803ecaa0ee267e2911105a6898b88575433a,44e2704,pilot-stage1-disease-r2,102,9007,,0a9f06b6dff3de72,0.025,0,none,0.15,0.2,0,2,,,completed,extinction on day 23,112,106,6,0.135,27,3,13,7,23,23,0
d559342d56fc4d78b4103f6ac507547a,6a1fa77558c1d79879714b57ca1b8ce687e288266b1c1662df15e682bdfab669,44e2704,pilot-stage1-disease-r2,102,9007,,0a9f06b6dff3de72,0.05,0,none,0.15,0.2,0,2,,,completed,extinction on day 76,752,700,52,0.805,161,18,21,50,76,76,0
2abdab70e6dd4a72b90bce9ff30bd1bc,85f5db6fc5ec17a3d602cd4db4961a180ae16578a60b2bcf005ab8ba5280126b,44e2704,pilot-stage1-disease-r2,102,9007,,0a9f06b6dff3de72,0.1,0,none,0.15,0.2,0,2,,,completed,extinction on day 63,1284,1218,66,0.945,189,20,45,32,63,63,0
aebd9fff868949818f825857a6d26d9d,2a8ac99d334aee89244bd7d47f02ff18fa53ea1d7447a805836cfd0363e388f5,44e2704,pilot-stage1-disease-r2,102,9008,,0a9f06b6dff3de72,0.0,0,none,0.15,0.2,0,2,,,completed,extinction on day 21,0,0,0,0.05,10,1,7,5,21,21,0
6563bf43c05a49e69dfe29df5dc9068b,3db1b73cf5648f266d3f65167d915b82ea6bebd1e4049e130863a43734bc35a7,44e2704,pilot-stage1-disease-r2,102,9008,,0a9f06b6dff3de72,0.01,0,none,0.15,0.2,0,2,,,completed,extinction on day 21,40,40,0,0.06,12,1,8,5,21,21,0
915034d41a5f4edf81e87b73e68b3eaa,1e0661c7e41620e26d8b55402faa547cc12b7db47a957fdc550f1b6f16428bb0,44e2704,pilot-stage1-disease-r2,102,9008,,0a9f06b6dff3de72,0.02,0,none,0.15,0.2,0,2,,,completed,extinction on day 23,102,92,10,0.15,30,3,10,18,23,23,0
609e679e6b454c85bbcfff4bd8446641,027b097b49a92266d7ab172526d91061e67c867a31d5b7a0e0409a43c4563f78,44e2704,pilot-stage1-disease-r2,102,9008,,0a9f06b6dff3de72,0.025,0,none,0.15,0.2,0,2,,,completed,extinction on day 42,229,205,24,0.395,79,9,23,18,42,42,0
970d0a439868417c9869465020eb5aac,623a766e8d2d388a7eee3c0dd353649da76617be6b02eae88b1c67e893bac63c,44e2704,pilot-stage1-disease-r2,102,9008,,0a9f06b6dff3de72,0.05,0,none,0.15,0.2,0,2,,,completed,extinction on day 73,724,655,69,0.83,166,16,24,17,73,73,0
441a11a4094c41fc97cb37bdd1a1d24e,71a7652eb3b3e49c5369388996c2e6a4c1d370878e616f6e6c60f340a335ad4c,44e2704,pilot-stage1-disease-r2,102,9008,,0a9f06b6dff3de72,0.1,0,none,0.15,0.2,0,2,,,completed,extinction on day 49,1025,951,74,0.915,183,19,53,18,49,49,0
e0a9d78a22d04b36a3453c7f96bcd63b,eac0073c4c5c00e22be39bb9ed4613c1b6503e6f5842de4e0b9573e0c88756fa,44e2704,pilot-stage1-disease-r2,102,9009,,0a9f06b6dff3de72,0.0,0,none,0.15,0.2,0,2,,,completed,extinction on day 16,0,0,0,0.05,10,1,7,3,16,16,0
6f7d214951d1401bbb0efb931384c867,42461ed0da3401d0bdecad82060003a10af8695933abe5ea442c7fbee7b2f8ef,44e2704,pilot-stage1-disease-r2,102,9009,,0a9f06b6dff3de72,0.01,0,none,0.15,0.2,0,2,,,completed,extinction on day 19,33,33,0,0.065,13,1,8,4,19,19,0
4b14956a4e4d4099b1257444fc2b97a2,0eca51ed224e2c4f405c48af850d05ff89f03107558b5a684088f47c317e4ee3,44e2704,pilot-stage1-disease-r2,102,9009,,0a9f06b6dff3de72,0.02,0,none,0.15,0.2,0,2,,,completed,extinction on day 21,86,86,0,0.145,29,3,18,4,21,21,0
b6928e07357b49cfaf9c4a8e0956e39e,413ec3cdd2d9317e83734937a931b7139ef06767476b600fb76053b65ed28acf,44e2704,pilot-stage1-disease-r2,102,9009,,0a9f06b6dff3de72,0.025,0,none,0.15,0.2,0,2,,,completed,extinction on day 21,107,107,0,0.15,30,3,18,4,21,21,0
41b185dbbaeb4468844805e978b50256,1e2515d4a3a21304d908822a029f073cb359544bc5fe38a0933cdfd5c1a266a2,44e2704,pilot-stage1-disease-r2,102,9009,,0a9f06b6dff3de72,0.05,0,none,0.15,0.2,0,2,,,completed,extinction on day 66,653,614,39,0.77,154,14,32,19,66,66,0
0608439d948b4e9090df1e76fdcf6ee7,eb2c95664b08cdc58ee1dda5a4da264d4d9e928970d165418504f1c8cf81e0eb,44e2704,pilot-stage1-disease-r2,102,9009,,0a9f06b6dff3de72,0.1,0,none,0.15,0.2,0,2,,,completed,extinction on day 52,1040,952,88,0.965,193,19,35,25,52,52,0
11174382f8724eb0a16187745cbbeac0,1d87d506f7437f0c75f63dc3039a7a18a96023a186523be5e1ddf2054373a73b,44e2704,pilot-stage1-disease-r2,103,9000,,3eba5fa24d22e1a9,0.0,0,none,0.15,0.2,0,2,,,completed,extinction on day 19,0,0,0,0.05,10,1,7,3,19,19,0
da6f2a734e204a4598ad015841049e84,f1658373d8dd6b0978054d8d2d0350b4e8a9f65995dcc7ddcf54269b05cd7bb6,44e2704,pilot-stage1-disease-r2,103,9000,,3eba5fa24d22e1a9,0.01,0,none,0.15,0.2,0,2,,,completed,extinction on day 28,57,57,0,0.065,13,1,7,3,28,28,0
c25fe4c7527744d98d4355e30a487984,925100074d4b6fdc120a6dbb1ac9140f30f06a24b1d72682825a4f9da8bfab05,44e2704,pilot-stage1-disease-r2,103,9000,,3eba5fa24d22e1a9,0.02,0,none,0.15,0.2,0,2,,,completed,extinction on day 28,109,106,3,0.065,13,1,7,3,28,28,0
3214fb164bdc43cf98b7057730356c46,92631b139342433285b80ae3231c745d058298ba460596dd869d79a7012e65ad,44e2704,pilot-stage1-disease-r2,103,9000,,3eba5fa24d22e1a9,0.025,0,none,0.15,0.2,0,2,,,completed,extinction on day 19,97,93,4,0.065,13,1,7,3,19,19,0
f9ad06ebbff249188df093a10cb7995c,02353055a198d14dbfc7c54ccbdf4196fa9a13b4f5e0c68583b8048bdbce79a5,44e2704,pilot-stage1-disease-r2,103,9000,,3eba5fa24d22e1a9,0.05,0,none,0.15,0.2,0,2,,,completed,extinction on day 57,582,554,28,0.37,74,7,13,14,57,57,0
f476057bdb094480b1106439460dd0ee,85d9be0c59936b7819318e362f90714f412f56497d340d0ce91d986dee55b704,44e2704,pilot-stage1-disease-r2,103,9000,,3eba5fa24d22e1a9,0.1,0,none,0.15,0.2,0,2,,,completed,extinction on day 59,1181,1122,59,0.98,196,19,57,33,59,59,0
277ac7c0ce7b4267badf0bdad719f549,1eca49b859a2a634a8fd79ac13223e8768f3e8e6e37ea981084289343b604b57,44e2704,pilot-stage1-disease-r2,103,9001,,3eba5fa24d22e1a9,0.0,0,none,0.15,0.2,0,2,,,completed,extinction on day 24,0,0,0,0.05,10,1,9,5,24,24,0
0e3090b0d21441b7a425a20e79a2ec29,6fecb38ccb0520f02fa640c8f7d296af5b737aa18afdfda3bb557fdd008ac639,44e2704,pilot-stage1-disease-r2,103,9001,,3eba5fa24d22e1a9,0.01,0,none,0.15,0.2,0,2,,,completed,extinction on day 32,61,58,3,0.085,17,2,10,5,32,32,0
1d0b8e928a0b40caa65581d5db340b48,ed09f61eec392ff5918d4e41fe98720344d15d04eb68e7a6253163aeef22ac2d,44e2704,pilot-stage1-disease-r2,103,9001,,3eba5fa24d22e1a9,0.02,0,none,0.15,0.2,0,2,,,completed,extinction on day 32,116,111,5,0.11,22,2,10,5,32,32,0
bb4098afd07c409fae91b25349b31447,d5985c016a12a17ec474b6eae04f7f4ca08c06a90141245b52673bda232592a4,44e2704,pilot-stage1-disease-r2,103,9001,,3eba5fa24d22e1a9,0.025,0,none,0.15,0.2,0,2,,,completed,extinction on day 45,220,218,2,0.205,41,4,11,21,45,45,0
43bf4553a6f54291a6834fc2b4bf2333,387d0796c0bc3d7467b0fbbbadb053aa34ab4556f5a28ba028ebb75d286193be,44e2704,pilot-stage1-disease-r2,103,9001,,3eba5fa24d22e1a9,0.05,0,none,0.15,0.2,0,2,,,completed,extinction on day 48,482,472,10,0.655,131,13,25,24,48,48,0
2ba49cdd9a7b40bdb16752b6f3b2417b,7ce86a67b4ae2b662e37a6e3c41b14c5843c65c24d7a39ebba8f564937202bc0,44e2704,pilot-stage1-disease-r2,103,9001,,3eba5fa24d22e1a9,0.1,0,none,0.15,0.2,0,2,,,completed,extinction on day 41,843,803,40,0.7,140,15,36,13,41,41,0
95c5bb27ded540f49a7457e40ed703da,f6a337e93b24585002fe6eaf8e4b8ad110d2f79dddb9cf14c3064d241c6796be,44e2704,pilot-stage1-disease-r2,103,9002,,3eba5fa24d22e1a9,0.0,0,none,0.15,0.2,0,2,,,completed,extinction on day 10,0,0,0,0.045,9,1,6,4,10,10,0
6440f74e6d4f47e5bf2d18ad33f82afc,4f389c548c2c325c33eb8edd565949598629fb06237c5d2d3aef97b51a9f7583,44e2704,pilot-stage1-disease-r2,103,9002,,3eba5fa24d22e1a9,0.01,0,none,0.15,0.2,0,2,,,completed,extinction on day 10,12,12,0,0.045,9,1,6,4,10,10,0
127fd0ca9d414ee48fc7b72c7a26d5dd,207cd083b1ec504bc3aba73a3d8311ebad12a190910ae3408b7cd5b95e4a3efa,44e2704,pilot-stage1-disease-r2,103,9002,,3eba5fa24d22e1a9,0.02,0,none,0.15,0.2,0,2,,,completed,extinction on day 10,25,25,0,0.045,9,1,6,4,10,10,0
72457efce1f448fbbf5454eee80d4f39,56543c890c16b380472aa4fd2dd50153c40baa0fdd3ea4e76bcd5e88530c231c,44e2704,pilot-stage1-disease-r2,103,9002,,3eba5fa24d22e1a9,0.025,0,none,0.15,0.2,0,2,,,completed,extinction on day 10,37,37,0,0.05,10,1,7,5,10,10,0
e87b0cd80fea4a5d846619c8fa3fee9b,e4306fd2dcf177b4422c712acb463aba9dfbcb99dd23f25bdf115766b1499575,44e2704,pilot-stage1-disease-r2,103,9002,,3eba5fa24d22e1a9,0.05,0,none,0.15,0.2,0,2,,,completed,extinction on day 23,223,214,9,0.115,23,2,9,8,23,23,0
f7185ee7704543a893233a715faf7a1a,0bfa4c06d3c268de2fe51fc56ec9cf4d91a83e8d55a5393990455ac08b75621a,44e2704,pilot-stage1-disease-r2,103,9002,,3eba5fa24d22e1a9,0.1,0,none,0.15,0.2,0,2,,,completed,extinction on day 23,426,404,22,0.235,47,5,23,9,23,23,0
c50278dc49444aeda1014e6cb987f6fa,a2c2cd06a0a3063738dfa5e24d8bf45e0aaa15d85f6ad5f59be0f8e6c54c3e02,44e2704,pilot-stage1-disease-r2,103,9003,,3eba5fa24d22e1a9,0.0,0,none,0.15,0.2,0,2,,,completed,extinction on day 1,0,0,0,0.005,1,1,1,0,1,1,0
1796b28b164749a7a15531826ef3c022,429a3030660fe8334a9b6f58984f77d35fbfa740ae58b8a7142e4fe264de75e5,44e2704,pilot-stage1-disease-r2,103,9003,,3eba5fa24d22e1a9,0.01,0,none,0.15,0.2,0,2,,,completed,extinction on day 1,3,3,0,0.005,1,1,1,0,1,1,0
fe96be83adc049c2bee9b8160683a12b,2512a4c4c5f7996808dfc312db347231851c990beda4096f94aca19e2b84cbd9,44e2704,pilot-stage1-disease-r2,103,9003,,3eba5fa24d22e1a9,0.02,0,none,0.15,0.2,0,2,,,completed,extinction on day 1,5,5,0,0.005,1,1,1,0,1,1,0
c6e5953557c54f1da11479b6aab3bc5f,3a3e82a038873889a893fee4e0bbbe026eef01cf3d7d40191d19b07d7a5cf405,44e2704,pilot-stage1-disease-r2,103,9003,,3eba5fa24d22e1a9,0.025,0,none,0.15,0.2,0,2,,,completed,extinction on day 1,5,5,0,0.005,1,1,1,0,1,1,0
f8f9267f13804971a9fc83c865ca3aa2,da68b1be8da6a9a087c0789989117af874e33d9850fd3226a11372a1d2d41121,44e2704,pilot-stage1-disease-r2,103,9003,,3eba5fa24d22e1a9,0.05,0,none,0.15,0.2,0,2,,,completed,extinction on day 1,9,9,0,0.005,1,1,1,0,1,1,0
86d2a894ae074dd5975a0a553cc42151,5dd715377cf914c88a3cd13a03a412d9cecc148510a5ac5a605bd03db06fe12e,44e2704,pilot-stage1-disease-r2,103,9003,,3eba5fa24d22e1a9,0.1,0,none,0.15,0.2,0,2,,,completed,extinction on day 1,16,16,0,0.005,1,1,1,0,1,1,0
3fc06cf0356e455d8fed6817a990825d,e960a5e0118c4c9164250472c9d81127841c1e14c7f00f587a9617254f8ce003,44e2704,pilot-stage1-disease-r2,103,9004,,3eba5fa24d22e1a9,0.0,0,none,0.15,0.2,0,2,,,completed,extinction on day 26,0,0,0,0.05,10,1,5,5,26,26,0
399f8997098e4f549f36b2844b67e4ed,c99f28149d4d5868d35f70b33b71db248fda97a953f286c1140f082ed9b5e37c,44e2704,pilot-stage1-disease-r2,103,9004,,3eba5fa24d22e1a9,0.01,0,none,0.15,0.2,0,2,,,completed,extinction on day 26,58,56,2,0.06,12,1,8,5,26,26,0
ce60d32ef67c4e5ca71609f1a0bdb353,30c5d2198da4a77e3be63914e731f61250d067fa4d9c832627f2386a9821a83a,44e2704,pilot-stage1-disease-r2,103,9004,,3eba5fa24d22e1a9,0.02,0,none,0.15,0.2,0,2,,,completed,extinction on day 32,127,120,7,0.11,22,2,8,5,32,32,0
f2297360f86542ce8af11742eff47974,aff5456fc63477d218ad279055a57fdde1b705fb1ecdff93a6a1d777d35d0766,44e2704,pilot-stage1-disease-r2,103,9004,,3eba5fa24d22e1a9,0.025,0,none,0.15,0.2,0,2,,,completed,extinction on day 40,194,177,17,0.125,25,2,8,5,40,40,0
5ca735cdebeb41489671f5aa7b9f3803,28b2d834505b075733acd4693bdf08ad04ab5c427a04de427d7d2f04209d93f9,44e2704,pilot-stage1-disease-r2,103,9004,,3eba5fa24d22e1a9,0.05,0,none,0.15,0.2,0,2,,,completed,extinction on day 46,438,415,23,0.43,86,8,18,31,46,46,0
74e31ee5446d4ae398ad7596c8213b27,025521c22cfa61b3d3e8388512d5055083fee7a0c1d09093eac1f592484bf8c7,44e2704,pilot-stage1-disease-r2,103,9004,,3eba5fa24d22e1a9,0.1,0,none,0.15,0.2,0,2,,,completed,extinction on day 56,1111,1047,64,0.985,197,20,51,31,56,56,0
af0b4f4cccfc44f4ac0dd1608ce79cdf,84dc0d9687bf390aa386a3b6d7be2ad89c73b698c12672a159f9706e287a8200,44e2704,pilot-stage1-disease-r2,103,9005,,3eba5fa24d22e1a9,0.0,0,none,0.15,0.2,0,2,,,completed,extinction on day 8,0,0,0,0.05,10,1,7,3,8,8,0
a05a756d1829439bbdc783f046721c68,8bdd4a6047f0115fe5e1ee03700ce3ba30d50d66a786407b2aa95d32f4bbb5e4,44e2704,pilot-stage1-disease-r2,103,9005,,3eba5fa24d22e1a9,0.01,0,none,0.15,0.2,0,2,,,completed,extinction on day 19,41,41,0,0.05,10,1,7,4,19,19,0
0c3df7968fa9473787cca0ef4c64b6bb,230e0bae2a3bc1157d5836236afb0eea5c36e1a2e3a2220d8635c20b0db31007,44e2704,pilot-stage1-disease-r2,103,9005,,3eba5fa24d22e1a9,0.02,0,none,0.15,0.2,0,2,,,completed,extinction on day 8,39,39,0,0.06,12,1,8,4,8,8,0
17926f7b321c4e429968af73fff7c6c1,db20eda6c9239b80534032f827c1f9808d66dfcfd5b2779c9e9ecb29a01d9e3a,44e2704,pilot-stage1-disease-r2,103,9005,,3eba5fa24d22e1a9,0.025,0,none,0.15,0.2,0,2,,,completed,extinction on day 8,43,43,0,0.06,12,1,8,4,8,8,0
8cfb14e9f7d04c62acae7df1bb475032,7ac192bce7426b5cdb460b08fc71a539b53b8457cae95d6eb3eca32fbe61c166,44e2704,pilot-stage1-disease-r2,103,9005,,3eba5fa24d22e1a9,0.05,0,none,0.15,0.2,0,2,,,completed,extinction on day 51,516,501,15,0.575,115,11,28,15,51,51,0
249f7bccce7540e4a64e128bcf5c2dfb,8dd48ed8b0f26cb10c734b5e9ae3413b40e93f5e55a7a7e26ebb29a20031d9b4,44e2704,pilot-stage1-disease-r2,103,9005,,3eba5fa24d22e1a9,0.1,0,none,0.15,0.2,0,2,,,completed,extinction on day 36,713,698,15,0.275,55,6,22,7,36,36,0
399e2f6556ce42dcb50bc66a6fccd285,9442bebca7a3cfe5e7d08308a641b892fcc0abbd20896754cc094a74b608e820,44e2704,pilot-stage1-disease-r2,103,9006,,3eba5fa24d22e1a9,0.0,0,none,0.15,0.2,0,2,,,completed,extinction on day 1,0,0,0,0.005,1,1,1,0,1,1,0
ff1a367c397c4cb5bf74f41ff8382dd4,ca4835f1aa6bd102013b738318d9d3c7d7d0daf0e77d97fa77f0fdf370d7ac14,44e2704,pilot-stage1-disease-r2,103,9006,,3eba5fa24d22e1a9,0.01,0,none,0.15,0.2,0,2,,,completed,extinction on day 1,5,5,0,0.005,1,1,1,0,1,1,0
a4b54316675a4e9ca8b4ed6db3830afd,fc278ef043bc630fb919874216034fcf7959fc8544fa9584d10cfb8b50db7885,44e2704,pilot-stage1-disease-r2,103,9006,,3eba5fa24d22e1a9,0.02,0,none,0.15,0.2,0,2,,,completed,extinction on day 1,6,6,0,0.005,1,1,1,0,1,1,0
457deb67d1ed49f0adbbc47833f5a590,510aebe7f8196201aa785ca08457c659649379709ce37d6ec9d24ab3246631d3,44e2704,pilot-stage1-disease-r2,103,9006,,3eba5fa24d22e1a9,0.025,0,none,0.15,0.2,0,2,,,completed,extinction on day 1,7,7,0,0.005,1,1,1,0,1,1,0
c04a3672a50448dabf72b534659ab38f,175eb17706ab48604f5b4a10b2757e3f1a474f844e2e6e11694c031f6d1bf3c6,44e2704,pilot-stage1-disease-r2,103,9006,,3eba5fa24d22e1a9,0.05,0,none,0.15,0.2,0,2,,,completed,extinction on day 1,14,14,0,0.005,1,1,1,0,1,1,0
20fc08d4b2dd4b848a2c0c75c1336411,cd46d9936d0238028877cc5155c62731e094db7e82420157f740a46a18c10af3,44e2704,pilot-stage1-disease-r2,103,9006,,3eba5fa24d22e1a9,0.1,0,none,0.15,0.2,0,2,,,completed,extinction on day 1,19,19,0,0.005,1,1,1,0,1,1,0
6a8928c9f8de44aba636ec8da508434b,fb06dd3825dda6bc6b70de17fdcb38ac3cd78b49142fd7f62cb8a46fff2d59c7,44e2704,pilot-stage1-disease-r2,103,9007,,3eba5fa24d22e1a9,0.0,0,none,0.15,0.2,0,2,,,completed,extinction on day 14,0,0,0,0.05,10,1,7,4,14,14,0
b6d57baf352c401396eadfa398d8f55c,82f4717eafd09b2f85ecf40662737f485d464aea0081a76cc8241e69e0b8ddb2,44e2704,pilot-stage1-disease-r2,103,9007,,3eba5fa24d22e1a9,0.01,0,none,0.15,0.2,0,2,,,completed,extinction on day 30,57,55,2,0.105,21,2,9,13,30,30,0
4b0e76be0df344c0924e4a0c39f06502,e7f08755ecbc8bef17c770b069be8c259d108993043583df5bcccafefb938617,44e2704,pilot-stage1-disease-r2,103,9007,,3eba5fa24d22e1a9,0.02,0,none,0.15,0.2,0,2,,,completed,extinction on day 30,115,106,9,0.16,32,3,13,13,30,30,0
e8bb3092ac9841749f4efcee87ba1063,95999ae41d151f0327a38d61cdb6b4bc7285dcfcb0b591e705be8299b0f258a8,44e2704,pilot-stage1-disease-r2,103,9007,,3eba5fa24d22e1a9,0.025,0,none,0.15,0.2,0,2,,,completed,extinction on day 38,175,162,13,0.26,52,5,21,13,38,38,0
e223ca6954cf44e9800c71a7e6d90bbf,7f954fe4854827b315e271a73fcaca604450efe935655d06092ce957905bf9bb,44e2704,pilot-stage1-disease-r2,103,9007,,3eba5fa24d22e1a9,0.05,0,none,0.15,0.2,0,2,,,completed,extinction on day 26,269,263,6,0.2,40,4,10,5,26,26,0
c7fbf6a59b2b479e9704d5389532dc25,e7aa0e7696a706ced1f4e8b04d2b8828f20863e48422285923f67e16d42d4c7a,44e2704,pilot-stage1-disease-r2,103,9007,,3eba5fa24d22e1a9,0.1,0,none,0.15,0.2,0,2,,,completed,extinction on day 38,780,741,39,0.76,152,14,57,13,38,38,0
907d2a4df8934c8aabb504bc18091d1a,d636265836f433bd724893e9b96398387accf542c573fff0353b158797ee7734,44e2704,pilot-stage1-disease-r2,103,9008,,3eba5fa24d22e1a9,0.0,0,none,0.15,0.2,0,2,,,completed,extinction on day 21,0,0,0,0.05,10,1,7,5,21,21,0
39cbd8c3c7c147d29cf9de384778d94c,f97e473a62b9ec73f4b3928a626084ee2f1d3cdb6f6ae522bd78a9fb86c164dd,44e2704,pilot-stage1-disease-r2,103,9008,,3eba5fa24d22e1a9,0.01,0,none,0.15,0.2,0,2,,,completed,extinction on day 18,34,34,0,0.055,11,1,8,4,18,18,0
535d36baacbc4f22a1df645ac49b500b,208e95ef56cad9aede9cdfb4372aeddd082c4df02fabf2b2d14d54ad4c4aebca,44e2704,pilot-stage1-disease-r2,103,9008,,3eba5fa24d22e1a9,0.02,0,none,0.15,0.2,0,2,,,completed,extinction on day 18,81,76,5,0.05,10,1,8,5,18,18,0
ba799dc96deb48cabcf3aafd22da966e,9ae47f443b98fd3a9371d2e90bc7cc10754b24ae7392bc6a529f48c44951a52d,44e2704,pilot-stage1-disease-r2,103,9008,,3eba5fa24d22e1a9,0.025,0,none,0.15,0.2,0,2,,,completed,extinction on day 30,159,152,7,0.175,35,3,16,15,30,30,0
4473492842674bdca0fd46021abc5ff2,d45cd19373bd8fa4d063c3b12791407e57deb8b6532f8599463a6345f9c598ca,44e2704,pilot-stage1-disease-r2,103,9008,,3eba5fa24d22e1a9,0.05,0,none,0.15,0.2,0,2,,,completed,extinction on day 58,597,568,29,0.615,123,12,24,21,58,58,0
ce18f4aea44f4a2c902f1eb02414834c,f0a7ab3cbdc41e1e08d151b1b24e3cacfb09395abb85394ad3562c49b951991a,44e2704,pilot-stage1-disease-r2,103,9008,,3eba5fa24d22e1a9,0.1,0,none,0.15,0.2,0,2,,,completed,extinction on day 58,1203,1144,59,0.825,165,17,34,14,58,58,0
d069a6a083de4005b5674a95a4721e78,50c8bffb5c85eadebca258eb3ac3b7a32ab5f8710387c720f67b2c413212d3ec,44e2704,pilot-stage1-disease-r2,103,9009,,3eba5fa24d22e1a9,0.0,0,none,0.15,0.2,0,2,,,completed,extinction on day 16,0,0,0,0.05,10,1,7,3,16,16,0
eccae935a31c4023b930fb39f9eb9615,503661d205b99f842bcb1bb31beedad7296592aecbe9daa64490c15faf879d0c,44e2704,pilot-stage1-disease-r2,103,9009,,3eba5fa24d22e1a9,0.01,0,none,0.15,0.2,0,2,,,completed,extinction on day 19,33,33,0,0.065,13,1,8,4,19,19,0
06df8eb592bf4d2eb7eb9fb292ee2f73,f509d4b9ebc50aa3ae5114c713d0cbca9f306c4f7265700bc9d1d85e0e4e98bf,44e2704,pilot-stage1-disease-r2,103,9009,,3eba5fa24d22e1a9,0.02,0,none,0.15,0.2,0,2,,,completed,extinction on day 22,89,88,1,0.2,40,4,18,6,22,22,0
d494c11cc78f410aa25f4cd826c2a440,af26ccf7d36c3806db3c4ee08d8ff70f3bd55f67ad2015619eaa8b85c91b5590,44e2704,pilot-stage1-disease-r2,103,9009,,3eba5fa24d22e1a9,0.025,0,none,0.15,0.2,0,2,,,completed,extinction on day 22,113,112,1,0.2,40,4,18,6,22,22,0
70043bde00114760ad5eda30d3276cf9,c190083d85a93bd58c72a6d1228e2ce38511437bfbf2aa8c6d900d3285ea4c97,44e2704,pilot-stage1-disease-r2,103,9009,,3eba5fa24d22e1a9,0.05,0,none,0.15,0.2,0,2,,,completed,extinction on day 46,441,432,9,0.74,148,15,37,11,46,46,0
8e9cf8559cb44b7182f8fb555e1218d3,feb0669e0659660d41804d5f93c8fde43630ebd1dacc8fb161cbc467c3618eb3,44e2704,pilot-stage1-disease-r2,103,9009,,3eba5fa24d22e1a9,0.1,0,none,0.15,0.2,0,2,,,completed,extinction on day 76,1542,1443,99,0.9,180,18,26,22,76,76,0
1f8d16fd37594dc49552ed229747d49e,adfc5c2f954f97cf6bad05686a7e0c0c4d80e677501e645a34dd987cffa98ea8,44e2704,pilot-stage1-disease-r2,104,9000,,bc0241eae73e5142,0.0,0,none,0.15,0.2,0,2,,,completed,extinction on day 19,0,0,0,0.05,10,1,7,3,19,19,0
a1b68167909546868591212dd546007e,2ab99ea06abfeebf30109f07af8d61ce7a0cdefc6609d2182d38f9bbb9779d1a,44e2704,pilot-stage1-disease-r2,104,9000,,bc0241eae73e5142,0.01,0,none,0.15,0.2,0,2,,,completed,extinction on day 19,43,40,3,0.065,13,1,7,3,19,19,0
804333227e59466595d87f7a35b96205,59ef39e7f6d5a84f304da6a97eecf680671923460b610bc5812f03e30ed3baaa,44e2704,pilot-stage1-disease-r2,104,9000,,bc0241eae73e5142,0.02,0,none,0.15,0.2,0,2,,,completed,extinction on day 32,130,119,11,0.17,34,3,13,10,32,32,0
8493e445e6ab419fa160b7b4bcc19a8e,8c8bc145011232b627e04377ede6e5aaa2d869b4ab82cb9d52b1da46e31de930,44e2704,pilot-stage1-disease-r2,104,9000,,bc0241eae73e5142,0.025,0,none,0.15,0.2,0,2,,,completed,extinction on day 40,200,182,18,0.225,45,4,13,10,40,40,0
65ac899616f447048ead5a4a398c7bb3,b80ab4d9505e8acfc5d57947e472759f3a0ce55fb5d06f9a8f9eef1aa7c56d5a,44e2704,pilot-stage1-disease-r2,104,9000,,bc0241eae73e5142,0.05,0,none,0.15,0.2,0,2,,,completed,extinction on day 21,220,199,21,0.205,41,5,20,11,21,21,0
385904398c3e44ef9c0fdf9e82bee3d0,8d139afa983333a86d6198127512c9c50ab326c0dd4c57271727132444204a9f,44e2704,pilot-stage1-disease-r2,104,9000,,bc0241eae73e5142,0.1,0,none,0.15,0.2,0,2,,,completed,extinction on day 51,1032,956,76,0.99,198,20,50,26,51,51,0
2567f5a75b5048ea8b6fac4243840087,76ff0e57ea42d8b618186d6a6a7486306f0f0ed62cd5500d25ce50c01b026faf,44e2704,pilot-stage1-disease-r2,104,9001,,bc0241eae73e5142,0.0,0,none,0.15,0.2,0,2,,,completed,extinction on day 24,0,0,0,0.05,10,1,9,5,24,24,0
d0e2edb5926641449d2b49137f0b4495,ace3c4367e4f3e45388b0d7527e4702ce230f70b15bb2a4a5bbad5cbfa69525d,44e2704,pilot-stage1-disease-r2,104,9001,,bc0241eae73e5142,0.01,0,none,0.15,0.2,0,2,,,completed,extinction on day 36,72,66,6,0.11,22,2,11,20,36,36,0
549f4ea4cdc346bcb45724cc6fbf4f40,dc4da54d3de70cb88a709bfa43b9d5ee7256a191ce8aaa8cc0d61a4a351fb765,44e2704,pilot-stage1-disease-r2,104,9001,,bc0241eae73e5142,0.02,0,none,0.15,0.2,0,2,,,completed,extinction on day 62,234,213,21,0.245,49,4,11,51,62,62,0
89de81c0e86e4a0aa7b5677e86343936,54645c94cdb13c4d3d6c8f52668562deb4cd15d0761a4477a824d82e62e64523,44e2704,pilot-stage1-disease-r2,104,9001,,bc0241eae73e5142,0.025,0,none,0.15,0.2,0,2,,,completed,extinction on day 48,235,221,14,0.175,35,3,10,23,48,48,0
ce6fcb6cbad9441d8632eaf210e0c9b9,8342a0236160bc7766e61fb561368e358bffe9b055d0c802923933ac6f5be507,44e2704,pilot-stage1-disease-r2,104,9001,,bc0241eae73e5142,0.05,0,none,0.15,0.2,0,2,,,completed,extinction on day 63,622,564,58,0.575,115,11,25,26,63,63,0
7b597bdf3fbd487188d1769be931b26f,e9c58ce7731cb5d3585a2ba4a11d8e0256bf981a97ab686a8d73d5795f7428d0,44e2704,pilot-stage1-disease-r2,104,9001,,bc0241eae73e5142,0.1,0,none,0.15,0.2,0,2,,,completed,extinction on day 51,1047,958,89,0.99,198,20,48,18,51,51,0
1e1ae78562624088a418869f52ab1340,be2e9c64c0a893cf1a122eeadcf3392b5ec220456a7cb3957a8a0b4deb5e2bac,44e2704,pilot-stage1-disease-r2,104,9002,,bc0241eae73e5142,0.0,0,none,0.15,0.2,0,2,,,completed,extinction on day 10,0,0,0,0.045,9,1,6,4,10,10,0
fb853a8f301b478daa4e440436ea6f68,e2819ba10b76edfb78fa16442b531f5224a32787b8519a597b2abd7f8463b3fb,44e2704,pilot-stage1-disease-r2,104,9002,,bc0241eae73e5142,0.01,0,none,0.15,0.2,0,2,,,completed,extinction on day 10,12,12,0,0.05,10,1,6,2,10,10,0
3b4dee88598e4fab9c40f83586ee4e15,acb750f8a71ee7da59eed6376ea1ff64ffea02971fda33de38a2b60803776eb1,44e2704,pilot-stage1-disease-r2,104,9002,,bc0241eae73e5142,0.02,0,none,0.15,0.2,0,2,,,completed,extinction on day 10,25,25,0,0.05,10,1,6,2,10,10,0
e83dd052b29f4d4d971d61792c054b57,5f4b3972a07c720225930180cb06816b69c79fcb3b68022f3e617a90e7fca4bb,44e2704,pilot-stage1-disease-r2,104,9002,,bc0241eae73e5142,0.025,0,none,0.15,0.2,0,2,,,completed,extinction on day 10,37,35,2,0.05,10,1,6,2,10,10,0
26c20997c02240fe9ce6f2897167d337,9358e97468c1c85cecf5f753c98901f79ca2056137f615e50f831d0ddda4630f,44e2704,pilot-stage1-disease-r2,104,9002,,bc0241eae73e5142,0.05,0,none,0.15,0.2,0,2,,,completed,extinction on day 78,784,735,49,0.96,192,20,43,21,78,78,0
0e0889c1bac64ba893238adee47c3f21,8ed98b3495cf6f7b7d3856c211f3ec49c59ae8513919905547ae0b06bcc93c00,44e2704,pilot-stage1-disease-r2,104,9002,,bc0241eae73e5142,0.1,0,none,0.15,0.2,0,2,,,completed,extinction on day 46,900,823,77,0.97,194,20,52,11,46,46,0
37279d46b50546c8b885536544744326,0a0fdecb11dd16423cebb234f455a9c03117ca0863d13b2e02aa4f3254a11255,44e2704,pilot-stage1-disease-r2,104,9003,,bc0241eae73e5142,0.0,0,none,0.15,0.2,0,2,,,completed,extinction on day 1,0,0,0,0.005,1,1,1,0,1,1,0
ef28f389028b48cfb47a941e9fbde26b,56ebb30ec20d39603c1e3835fc0ebff6c62473d07c0e167734e196a8e35910e0,44e2704,pilot-stage1-disease-r2,104,9003,,bc0241eae73e5142,0.01,0,none,0.15,0.2,0,2,,,completed,extinction on day 1,3,3,0,0.005,1,1,1,0,1,1,0
0d74a6878bae4b26b0a191abd43514c7,8a2730b64f57d5b493f0bd6e5463bba12e03e1c601f025ab1a94c5b125e93feb,44e2704,pilot-stage1-disease-r2,104,9003,,bc0241eae73e5142,0.02,0,none,0.15,0.2,0,2,,,completed,extinction on day 1,5,5,0,0.005,1,1,1,0,1,1,0
50e5caa5f4b843619935b0f378d9e1a4,9ffb665d0a374f439a241e46ef284ed8cec7075cbb1fad91b1f7573e22ef06aa,44e2704,pilot-stage1-disease-r2,104,9003,,bc0241eae73e5142,0.025,0,none,0.15,0.2,0,2,,,completed,extinction on day 1,5,5,0,0.005,1,1,1,0,1,1,0
d5a3e27ce3fe440a98853ff52885e419,7e46460ef9cb215e8be391e244cad60c7f95b6574b49ae13b8f589b2e5f5489c,44e2704,pilot-stage1-disease-r2,104,9003,,bc0241eae73e5142,0.05,0,none,0.15,0.2,0,2,,,completed,extinction on day 1,9,9,0,0.005,1,1,1,0,1,1,0
cbaaf267023c429c8251d6b633bcb149,d20e5f60eb2f42242ceb30896a773bff1eea538d06b63a1996f78520b9fff1c2,44e2704,pilot-stage1-disease-r2,104,9003,,bc0241eae73e5142,0.1,0,none,0.15,0.2,0,2,,,completed,extinction on day 1,16,16,0,0.005,1,1,1,0,1,1,0
dec77314259841a3aeac4aa820e992b5,4bcb62d5729f1e7d5811585200100a2cb7fb6e3f9a689a6e8999430c7d94b352,44e2704,pilot-stage1-disease-r2,104,9004,,bc0241eae73e5142,0.0,0,none,0.15,0.2,0,2,,,completed,extinction on day 26,0,0,0,0.05,10,1,5,5,26,26,0
ec927af61f034ee1a84050a5acfd757b,0873ea8e1b79e9e2d44cbdf16a00c3ac0c3c42f32088dd582b076917a7ef3257,44e2704,pilot-stage1-disease-r2,104,9004,,bc0241eae73e5142,0.01,0,none,0.15,0.2,0,2,,,completed,extinction on day 51,106,103,3,0.07,14,1,5,5,51,51,0
5b4d1a433e7c4a898a6a5e9c24341b83,2b2f325ca92bdb5181820904d8ac4e4a50e5842bfaa31ac78dcf48d1de4684d6,44e2704,pilot-stage1-disease-r2,104,9004,,bc0241eae73e5142,0.02,0,none,0.15,0.2,0,2,,,completed,extinction on day 48,193,187,6,0.165,33,3,9,20,48,48,0
835376f207864f2294d0a2e1c67b065c,88a18903acf7fa791c853d74963611970f95288729bc0159d5d5727f9084d387,44e2704,pilot-stage1-disease-r2,104,9004,,bc0241eae73e5142,0.025,0,none,0.15,0.2,0,2,,,completed,extinction on day 69,365,344,21,0.59,118,12,24,48,69,69,0
3d506227113a4f1c9b992a92a981fb67,b25cfa5618adb7127bfc7c449b224f6b8b87079f2643c99b54fe00134101f382,44e2704,pilot-stage1-disease-r2,104,9004,,bc0241eae73e5142,0.05,0,none,0.15,0.2,0,2,,,completed,extinction on day 95,976,910,66,0.705,141,13,28,32,95,95,0
f77728ee8fe049c3baa86bbb62face71,7eb9f10e859fccce646d1608f9a0bd4900e0479d8555ba678dfc3aea3cfab5d0,44e2704,pilot-stage1-disease-r2,104,9004,,bc0241eae73e5142,0.1,0,none,0.15,0.2,0,2,,,completed,extinction on day 82,1642,1503,139,0.975,195,20,39,51,82,82,0
3f945b6ab22140e18eb04396dd8b9f23,8a77f7235a0527e6ae97f2ca00a6cedaeaf68239486c51a5b7d652013ba73d88,44e2704,pilot-stage1-disease-r2,104,9005,,bc0241eae73e5142,0.0,0,none,0.15,0.2,0,2,,,completed,extinction on day 8,0,0,0,0.05,10,1,7,3,8,8,0
102fc280f2104411ad761bb2cbaacaa7,f52cacbbbadeb02578272b71827299ddfaffbce4fedfb8ef21d8ed7a12404552,44e2704,pilot-stage1-disease-r2,104,9005,,bc0241eae73e5142,0.01,0,none,0.15,0.2,0,2,,,completed,extinction on day 12,32,32,0,0.055,11,1,8,4,12,12,0
033220e5726e4ae7bd6a2618d610dd5d,f96a28ca830af6c79f4edcae9c6c6736bb33ef1f1bfc5b2843c86f510beafb2c,44e2704,pilot-stage1-disease-r2,104,9005,,bc0241eae73e5142,0.02,0,none,0.15,0.2,0,2,,,completed,extinction on day 12,52,50,2,0.055,11,1,8,4,12,12,0
eab4e09b5e2c4883b220bfe6ca9abf18,204f46ef93012d7c040a485e784572095b021a16d18cc08a626993c14cf61f26,44e2704,pilot-stage1-disease-r2,104,9005,,bc0241eae73e5142,0.025,0,none,0.15,0.2,0,2,,,completed,extinction on day 12,60,58,2,0.055,11,1,8,4,12,12,0
71dd75296ee74504852d6ea7e1361dad,8ed64a647f90c0aeb1ccfa7b1314159a65c889b7a828d39e5b4eb3cad4d0a24b,44e2704,pilot-stage1-disease-r2,104,9005,,bc0241eae73e5142,0.05,0,none,0.15,0.2,0,2,,,completed,extinction on day 19,170,160,10,0.115,23,2,9,4,19,19,0
9ffa08fe6b1f474f97a4978974a60b1e,7e9d6d0190c34e5a346f019068f2b19ec0d09a41e76043bfe469ecab892f4104,44e2704,pilot-stage1-disease-r2,104,9005,,bc0241eae73e5142,0.1,0,none,0.15,0.2,0,2,,,completed,extinction on day 62,1230,1146,84,0.945,189,18,43,15,62,62,0
1fe838738d3342e39846e23adb9ec8fc,5451acc24fee0cdc895a856aad048383602eb16395c6de8d1eb419960cb1b160,44e2704,pilot-stage1-disease-r2,104,9006,,bc0241eae73e5142,0.0,0,none,0.15,0.2,0,2,,,completed,extinction on day 1,0,0,0,0.005,1,1,1,0,1,1,0
fda6c5e0c3a44ebcb8daf76460ad4969,a866a7bfad54f7743564bb68abed6ba66b37fc71c0eef781f6d2e7ed9375c837,44e2704,pilot-stage1-disease-r2,104,9006,,bc0241eae73e5142,0.01,0,none,0.15,0.2,0,2,,,completed,extinction on day 1,5,5,0,0.005,1,1,1,0,1,1,0
1b494a1830aa4b8fa80c2ed0f24663ed,428cb3a59f8f86c89bb10bf76bdbdc906ef0cfc02f6236c1cf2ef8834de27df8,44e2704,pilot-stage1-disease-r2,104,9006,,bc0241eae73e5142,0.02,0,none,0.15,0.2,0,2,,,completed,extinction on day 1,6,6,0,0.005,1,1,1,0,1,1,0
f367c5545bda4b47bf8684ba13433acf,a18c4b02572b2265575bdb0e331a0b0befc27fbe2b347ae8d84d31d678863162,44e2704,pilot-stage1-disease-r2,104,9006,,bc0241eae73e5142,0.025,0,none,0.15,0.2,0,2,,,completed,extinction on day 1,7,7,0,0.005,1,1,1,0,1,1,0
6c5933b3d24c48029436fbc6be54fcce,b623a79fc826eae83d4fbffc7b075586d37be3f36819bcc2bf2d74eb3afca13d,44e2704,pilot-stage1-disease-r2,104,9006,,bc0241eae73e5142,0.05,0,none,0.15,0.2,0,2,,,completed,extinction on day 1,14,14,0,0.005,1,1,1,0,1,1,0
7e8eed839a1647778ca75b39e5639cdc,b5aab5c0ec6926b6417a34d226edaac616138f6e7954bcb15f29aff682146d75,44e2704,pilot-stage1-disease-r2,104,9006,,bc0241eae73e5142,0.1,0,none,0.15,0.2,0,2,,,completed,extinction on day 1,19,19,0,0.005,1,1,1,0,1,1,0
e6200025bece4e3b8944abcd6aeaec84,0c8e0d47ce6f87bc60ca0b59b89385b1210450426ace0c3189d64d1d63a3b098,44e2704,pilot-stage1-disease-r2,104,9007,,bc0241eae73e5142,0.0,0,none,0.15,0.2,0,2,,,completed,extinction on day 14,0,0,0,0.05,10,1,7,4,14,14,0
469331435a21435e851bdf738f7aa8ea,0802a992a9c984653d5446b42b61c449e534427fed77dfed9f8befa5d328b654,44e2704,pilot-stage1-disease-r2,104,9007,,bc0241eae73e5142,0.01,0,none,0.15,0.2,0,2,,,completed,extinction on day 36,66,61,5,0.095,19,2,9,13,36,36,0
ca1c9a456acd42a5bcaca7f8a7c41aa8,c48085f656127b5a0a217a3518fef6b61a598eea49c1596fce972443a091327d,44e2704,pilot-stage1-disease-r2,104,9007,,bc0241eae73e5142,0.02,0,none,0.15,0.2,0,2,,,completed,extinction on day 23,89,86,3,0.155,31,3,15,7,23,23,0
4e30f7888e5e4c149b663ce761287718,155622d6a19630abd289d1f7a002c2bead96749c0af7307768257c12f07eb7a8,44e2704,pilot-stage1-disease-r2,104,9007,,bc0241eae73e5142,0.025,0,none,0.15,0.2,0,2,,,completed,extinction on day 23,112,105,7,0.105,21,2,11,7,23,23,0
63c538d5bc344eaa86b2cb6d8b221ae4,00f4d475fe63c41c67edddd3bb98d4df4acf6424ddd3d66d2c1d6c3748575cc8,44e2704,pilot-stage1-disease-r2,104,9007,,bc0241eae73e5142,0.05,0,none,0.15,0.2,0,2,,,completed,extinction on day 47,449,418,31,0.59,118,11,39,13,47,47,0
288ebb31f32542b5a4552377f2d89f61,2b321f85ae5d0e467af83c82a2b133b3361cf764174fbc1cd6bb84a68ab3f5c1,44e2704,pilot-stage1-disease-r2,104,9007,,bc0241eae73e5142,0.1,0,none,0.15,0.2,0,2,,,completed,extinction on day 75,1516,1389,127,0.955,191,19,36,39,75,75,0
8a09e1f8b8d5427980175b56aa43458c,0ec66c1d8cd1993a0551ce90913f0f10f646f2cd91859fb5713d42f5156d1f0c,44e2704,pilot-stage1-disease-r2,104,9008,,bc0241eae73e5142,0.0,0,none,0.15,0.2,0,2,,,completed,extinction on day 21,0,0,0,0.05,10,1,7,5,21,21,0
44403d923d614e8d848c11b30d4abf43,0ff8a48751be87882a91ed2e1cb7478827d9ce890ac55cb6d6096fb7b9e7451f,44e2704,pilot-stage1-disease-r2,104,9008,,bc0241eae73e5142,0.01,0,none,0.15,0.2,0,2,,,completed,extinction on day 30,53,53,0,0.065,13,1,8,5,30,30,0
564d8e11228d44009b1a60e9f76a429c,84d095937fd086e7189ba466931b5e29b34f9730bd05003b25feb3a486cb973a,44e2704,pilot-stage1-disease-r2,104,9008,,bc0241eae73e5142,0.02,0,none,0.15,0.2,0,2,,,completed,extinction on day 18,81,76,5,0.045,9,1,7,5,18,18,0
320407e4b8d142b3a3380f2992e9c43d,9cfe7e8c940b907910d20f0b4e38d79a893bf8a2d4a9e856a5efdc0d6f39ee2e,44e2704,pilot-stage1-disease-r2,104,9008,,bc0241eae73e5142,0.025,0,none,0.15,0.2,0,2,,,completed,extinction on day 65,347,315,32,0.615,123,12,35,26,65,65,0
1ee768c461ea4587a279c947a0d61d7c,855410650a51868c3811e3e3e1d8fa91f5e19cdd6ed0bf9089aa0b2d3b4838d1,44e2704,pilot-stage1-disease-r2,104,9008,,bc0241eae73e5142,0.05,0,none,0.15,0.2,0,2,,,completed,extinction on day 41,428,412,16,0.33,66,7,15,24,41,41,0
656468356a06433491c69be9c5244a1d,8aa697906fd80299030a8330c75a8d9b34dec2ff1e5ddc7b7d329cc2f46a5c0f,44e2704,pilot-stage1-disease-r2,104,9008,,bc0241eae73e5142,0.1,0,none,0.15,0.2,0,2,,,completed,extinction on day 79,1585,1480,105,0.905,181,18,30,45,79,79,0
a75aa28a892a4f55af22b9bbb983c524,9cd7fdccd426c2db69e374ff911ad48e38580c7a8c08622469e17bb7712bfa5f,44e2704,pilot-stage1-disease-r2,104,9009,,bc0241eae73e5142,0.0,0,none,0.15,0.2,0,2,,,completed,extinction on day 16,0,0,0,0.05,10,1,7,3,16,16,0
b5a3ba7bd9e34eafabd52dabc18d08e5,6d357a0e926e4469433477c2840ade04110529953d699b138bb9895a1190c4bd,44e2704,pilot-stage1-disease-r2,104,9009,,bc0241eae73e5142,0.01,0,none,0.15,0.2,0,2,,,completed,extinction on day 19,33,33,0,0.065,13,1,8,4,19,19,0
18845134633a48d1ba7e05a85b2fb20d,d1d77758bfb8f3f818ae2e2511511b1af02a6ed9c7696686aeb0decd3bf60fd9,44e2704,pilot-stage1-disease-r2,104,9009,,bc0241eae73e5142,0.02,0,none,0.15,0.2,0,2,,,completed,extinction on day 24,100,93,7,0.11,22,2,12,6,24,24,0
c81225483c7745708934a372e33ab242,9d54367631a98b89da87ba1ba92deb44ea4ff3f6694b5b4d3688aa7278ca2f7a,44e2704,pilot-stage1-disease-r2,104,9009,,bc0241eae73e5142,0.025,0,none,0.15,0.2,0,2,,,completed,extinction on day 24,125,113,12,0.11,22,2,12,6,24,24,0
f924922cbc9943a9b8c6c2b48d37426c,6a94031568929a50abdab3d35d211e11db252ad61b7bb5f6979a266caabbaeb2,44e2704,pilot-stage1-disease-r2,104,9009,,bc0241eae73e5142,0.05,0,none,0.15,0.2,0,2,,,completed,extinction on day 53,519,481,38,0.92,184,17,44,30,53,53,0
7e3cda1ddb904e57930f3a1f7b08692f,300a239a3f3634021a706c818aff6627cc6ec1772f56a279255a17b8b7a02324,44e2704,pilot-stage1-disease-r2,104,9009,,bc0241eae73e5142,0.1,0,none,0.15,0.2,0,2,,,completed,extinction on day 66,1346,1219,127,0.985,197,19,42,23,66,66,0
99a76e22525142b5a890c7a657297287,665184613ed374252b251f4c5c64ee875d3a7dcc02c256a49ac2055053dce37b,44e2704,pilot-stage1-disease-r2,100,9000,,ecc984f043b744b6,0.0,0,none,0.2,0.1,0,2,,,completed,extinction on day 35,0,0,0,0.05,10,1,9,5,35,35,0
8eabd803a8ae4ecbbfddde4fed964d4d,964855fc087d8e98e89f897ee10760d36d0bde61f8706faadb58b8bb478425de,44e2704,pilot-stage1-disease-r2,100,9000,,ecc984f043b744b6,0.01,0,none,0.2,0.1,0,2,,,completed,extinction on day 56,110,98,12,0.095,19,2,10,30,56,56,0
8ac823adaad145388337af25a6762939,76a09c8b98c34f20c5d4040a282ff3b4e5efbe938199d36bcade401c1dbb0774,44e2704,pilot-stage1-disease-r2,100,9000,,ecc984f043b744b6,0.02,0,none,0.2,0.1,0,2,,,completed,extinction on day 71,292,253,39,0.73,146,14,34,26,71,71,0
6cf8106cb79e478cae3c6c400f866c2d,f20998329964f46267dc5754e515a411472fa4d8bdae1df271d51b660456e63f,44e2704,pilot-stage1-disease-r2,100,9000,,ecc984f043b744b6,0.025,0,none,0.2,0.1,0,2,,,completed,extinction on day 102,493,431,62,0.735,147,14,39,44,102,102,0
6c344707895b458aba34001e68653ff0,dbf65055fba24028a39f227516f189c7598c21f41427401ef9f92affd509f6cd,44e2704,pilot-stage1-disease-r2,100,9000,,ecc984f043b744b6,0.05,0,none,0.2,0.1,0,2,,,completed,extinction on day 145,1490,1288,202,0.96,192,19,44,102,145,145,0
8abc4722500a4898971212f4735b21ba,5b8e3bc7236cd454f1c2753c1489b7c70305eece64e63f08c7555e12ec452398,44e2704,pilot-stage1-disease-r2,100,9000,,ecc984f043b744b6,0.1,0,none,0.2,0.1,0,2,,,completed,extinction on day 77,1539,1357,182,1.0,200,20,53,25,77,77,0
132a282ebbfd41808e51d8b8c8053053,b98ab2ca63883c68b2f04d2c3364cc8db130aba156284eb449f62deb4458fde6,44e2704,pilot-stage1-disease-r2,100,9001,,ecc984f043b744b6,0.0,0,none,0.2,0.1,0,2,,,completed,extinction on day 29,0,0,0,0.05,10,1,9,5,29,29,0
383db47ce80f4d9594b43174909b459a,defb4728aeabaf789c200927ac7d6f170c46140bab42449a16352c97618b0536,44e2704,pilot-stage1-disease-r2,100,9001,,ecc984f043b744b6,0.01,0,none,0.2,0.1,0,2,,,completed,extinction on day 84,170,157,13,0.14,28,2,11,21,84,84,0
cff759a1506b4af580e2122d2144b6fb,93a4e1cec39cf85d06378c8789870b1814f9ceb5334da6d179675dde1b7e79fe,44e2704,pilot-stage1-disease-r2,100,9001,,ecc984f043b744b6,0.02,0,none,0.2,0.1,0,2,,,completed,extinction on day 84,336,297,39,0.49,98,9,33,40,84,84,0
0aa678de51914cd09be5923ab213a32f,697b220abf86c1802eafe796f6105cd31113d8344a0134ef133527d08328be3a,44e2704,pilot-stage1-disease-r2,100,9001,,ecc984f043b744b6,0.025,0,none,0.2,0.1,0,2,,,completed,extinction on day 120,606,531,75,0.73,146,14,32,37,120,120,0
a4699ccd2e924185971bf1a73d44270e,1eb0b958d95bf0648292755919c88afba0ca48881a258222de9fe831729fa91a,44e2704,pilot-stage1-disease-r2,100,9001,,ecc984f043b744b6,0.05,0,none,0.2,0.1,0,2,,,completed,extinction on day 95,969,814,155,0.965,193,19,61,40,95,95,0
0e3c49dfe4d8494bae4d50bfbaa61bbd,553d8f44f72982c1a454ea70056381f844be73e15d8ab1537a5d1cc2664a49b2,44e2704,pilot-stage1-disease-r2,100,9001,,ecc984f043b744b6,0.1,0,none,0.2,0.1,0,2,,,completed,extinction on day 69,1399,1241,158,1.0,200,20,73,18,69,69,0
c36ba271229647a9b5b0ab71824095c8,c19c586d08d11196c9d685843435317c35a5b20335057be96aaec38c948a076f,44e2704,pilot-stage1-disease-r2,100,9002,,ecc984f043b744b6,0.0,0,none,0.2,0.1,0,2,,,completed,extinction on day 25,0,0,0,0.05,10,1,10,2,25,25,0
f259cc9c7d8941f0988a275c95a0fae8,2084007695a8ba1859876e4c180ff4921cc1b01da2e84f8957b09165670b335d,44e2704,pilot-stage1-disease-r2,100,9002,,ecc984f043b744b6,0.01,0,none,0.2,0.1,0,2,,,completed,extinction on day 50,89,82,7,0.07,14,1,11,2,50,50,0
f2a25195a41249fcaffe0b9ee39e7843,b336a5b061aa001f35d7e067e6cece06612ed0780bfc2be5f6ab643a83c56998,44e2704,pilot-stage1-disease-r2,100,9002,,ecc984f043b744b6,0.02,0,none,0.2,0.1,0,2,,,completed,extinction on day 49,177,162,15,0.08,16,1,11,2,49,49,0
d91647c50eda4fc592f70d0b50d49705,9f17f2502e13bf15004013adee90cd2757f7fee8ad80dcc8eb51dba05688fe61,44e2704,pilot-stage1-disease-r2,100,9002,,ecc984f043b744b6,0.025,0,none,0.2,0.1,0,2,,,completed,extinction on day 152,765,692,73,0.41,82,7,22,86,152,152,0
14fe266f99454a378a5be1fb7440f011,27adafaf37fdc43427fec52fe7edff8dbe3fb58d79a8d0061570ca03db088cb2,44e2704,pilot-stage1-disease-r2,100,9002,,ecc984f043b744b6,0.05,0,none,0.2,0.1,0,2,,,completed,extinction on day 121,1209,1089,120,0.985,197,20,43,16,121,121,0
9c590799d8364c4e91ee09cbf30c8a4c,e9727d6c248afe4684bf4d75c76fa2f9f53dccbf4eeee20c7840d7f3a6677dc1,44e2704,pilot-stage1-disease-r2,100,9002,,ecc984f043b744b6,0.1,0,none,0.2,0.1,0,2,,,completed,extinction on day 59,1124,1009,115,1.0,200,20,90,13,59,59,0
bf345e8c60a3475c9616189f13b6a66f,09aceebf070e7f246eca6cd13d7da010ceb7cff3165133ce75080d0356abff44,44e2704,pilot-stage1-disease-r2,100,9003,,ecc984f043b744b6,0.0,0,none,0.2,0.1,0,2,,,completed,extinction on day 1,0,0,0,0.005,1,1,1,0,1,1,0
e0cccc3aa1f6446cb31f481043d63d34,090fa97e9dfa391ec28c24c5994d368297e6b6a21250eb74879cddb4ac8d2990,44e2704,pilot-stage1-disease-r2,100,9003,,ecc984f043b744b6,0.01,0,none,0.2,0.1,0,2,,,completed,extinction on day 1,3,3,0,0.005,1,1,1,0,1,1,0
e937a123b93442a89654ebc80d5c62dc,6aa2f8a55e783e58e3825a154b82aacd7c5635f522084d9ec05f8cea1e7ba903,44e2704,pilot-stage1-disease-r2,100,9003,,ecc984f043b744b6,0.02,0,none,0.2,0.1,0,2,,,completed,extinction on day 1,5,5,0,0.005,1,1,1,0,1,1,0
b427ca8c0ee64f66a328e8a8b0f68ee9,addd38862ea30ed63f9dd2b62f912fe13a2c82e09ea5010846f4f68f9525696c,44e2704,pilot-stage1-disease-r2,100,9003,,ecc984f043b744b6,0.025,0,none,0.2,0.1,0,2,,,completed,extinction on day 1,5,5,0,0.005,1,1,1,0,1,1,0
16367e318346488c845025ca77dbbd6d,d5e65f85f75cf3bfa77359da0ec47276c086b178b84ddbdab5d7eac4ba1cadc4,44e2704,pilot-stage1-disease-r2,100,9003,,ecc984f043b744b6,0.05,0,none,0.2,0.1,0,2,,,completed,extinction on day 1,9,9,0,0.005,1,1,1,0,1,1,0
d58ba3a790bf44268475ff393f3eea9b,ceb909728f1326001b7bca45838bac43798a3ccaa1fcd59120c6d80b4654fce6,44e2704,pilot-stage1-disease-r2,100,9003,,ecc984f043b744b6,0.1,0,none,0.2,0.1,0,2,,,completed,extinction on day 1,16,16,0,0.005,1,1,1,0,1,1,0
05f83f59392c48a3aa643fc2b17d53e6,b18408b132b95c7f737e94a464073d2574753dbbc61463e718c206d6d076de45,44e2704,pilot-stage1-disease-r2,100,9004,,ecc984f043b744b6,0.0,0,none,0.2,0.1,0,2,,,completed,extinction on day 40,0,0,0,0.05,10,1,9,4,40,40,0
f511f5277e2645b6885bf05c64662115,4d8d44f417f4ff80006845e662180cfc6f1f28f31f5e4f486645e18f3a2f6b8d,44e2704,pilot-stage1-disease-r2,100,9004,,ecc984f043b744b6,0.01,0,none,0.2,0.1,0,2,,,completed,extinction on day 44,88,84,4,0.105,21,2,11,17,44,44,0
a8f39e26791740c6adc794aa9b706860,0bff4aebeec383d55020282d1c9a62e0c342a4a9c95a4493a7aa91a85fe7f44e,44e2704,pilot-stage1-disease-r2,100,9004,,ecc984f043b744b6,0.02,0,none,0.2,0.1,0,2,,,completed,extinction on day 44,174,159,15,0.16,32,3,18,18,44,44,0
908578c47c3040719f49e15baea51d35,a90416ab731761d1a01dceb2c78d1964313994abf04b9eb245dd45194e58a21d,44e2704,pilot-stage1-disease-r2,100,9004,,ecc984f043b744b6,0.025,0,none,0.2,0.1,0,2,,,completed,extinction on day 93,498,440,58,0.265,53,5,13,68,93,93,0
0efb8b6db67042d390f323f743a12b57,3c356e240dafa23f604725d65f794c2d683359cf3fd2429e14aeeb606501c0dc,44e2704,pilot-stage1-disease-r2,100,9004,,ecc984f043b744b6,0.05,0,none,0.2,0.1,0,2,,,completed,extinction on day 157,1577,1389,188,0.985,197,20,39,56,157,157,0
99a388b1d09b48318673b411079b7f46,0e09b9213b7941dd8ef1203f6e0bc01591e4a0686c8f81869ceb47a251f7e805,44e2704,pilot-stage1-disease-r2,100,9004,,ecc984f043b744b6,0.1,0,none,0.2,0.1,0,2,,,completed,extinction on day 85,1708,1519,189,1.0,200,20,89,21,85,85,0
c258d8d383ef4029bb1aa99b0a387834,57a9ec0e88b6db40b1426b2d86d46f37e64b0c862d9f78070e46be0fe64ec278,44e2704,pilot-stage1-disease-r2,100,9005,,ecc984f043b744b6,0.0,0,none,0.2,0.1,0,2,,,completed,extinction on day 23,0,0,0,0.05,10,1,9,3,23,23,0
22f67e0fad7e44c79d852a67276078a2,001802a3aaa217c7c00f03bf75f47bc589223fd6e4393c4253e8cb4be091a7f5,44e2704,pilot-stage1-disease-r2,100,9005,,ecc984f043b744b6,0.01,0,none,0.2,0.1,0,2,,,completed,extinction on day 32,64,58,6,0.1,20,2,9,5,32,32,0
a7f63775da524276a881cae17e5ff987,1296d7e60e22c869c0116b241445f8c0239b9f6982b923ddf8f74a7e548f346f,44e2704,pilot-stage1-disease-r2,100,9005,,ecc984f043b744b6,0.02,0,none,0.2,0.1,0,2,,,completed,extinction on day 94,409,355,54,0.525,105,10,32,28,94,94,0
2654802fdb794a929b1e424243b840b6,341b4a8bec9ab1523e4d04b9b456b967eb84224942b009032ae9310da3c2aea2,44e2704,pilot-stage1-disease-r2,100,9005,,ecc984f043b744b6,0.025,0,none,0.2,0.1,0,2,,,completed,extinction on day 105,564,494,70,0.21,42,4,18,20,105,105,0
8d360f04afde46418378b542fd096ccc,028be95645269a37f4517e5645dd18938f987ef2a6c3086f59baaa8d2623eac3,44e2704,pilot-stage1-disease-r2,100,9005,,ecc984f043b744b6,0.05,0,none,0.2,0.1,0,2,,,completed,extinction on day 101,1054,925,129,0.96,192,20,56,37,101,101,0
bfd9fc86525a427088833557527626cb,fa70b28e4c77486d0dac12b5c395af5c7258079f3678044733779c722ccc9673,44e2704,pilot-stage1-disease-r2,100,9005,,ecc984f043b744b6,0.1,0,none,0.2,0.1,0,2,,,completed,extinction on day 65,1289,1126,163,1.0,200,20,85,20,65,65,0
3de6992723084b33a1b668434e33834c,9f8a8c06233c359c9f8cbb3ff34a33162bc77f797a6fe7fd7cc4c534b02a214e,44e2704,pilot-stage1-disease-r2,100,9006,,ecc984f043b744b6,0.0,0,none,0.2,0.1,0,2,,,completed,extinction on day 1,0,0,0,0.005,1,1,1,0,1,1,0
5b078f6614ec48c0ae8c339cefdfb935,5038d0e0bd25743e4107bb10a8b5a684df2035c115e28f5e437a4da2a5975efc,44e2704,pilot-stage1-disease-r2,100,9006,,ecc984f043b744b6,0.01,0,none,0.2,0.1,0,2,,,completed,extinction on day 1,5,5,0,0.005,1,1,1,0,1,1,0
43bc3ed302bc4ace9a976a4508d88cbc,ea17765e912f86f9668785db34938c0aed6dc56a290826989aa7586285854298,44e2704,pilot-stage1-disease-r2,100,9006,,ecc984f043b744b6,0.02,0,none,0.2,0.1,0,2,,,completed,extinction on day 1,6,6,0,0.005,1,1,1,0,1,1,0
7c2c9ad2e0ae40feb4149b9309fbe2de,7fc22edfdc95ef6352950ad68e7fd4f6a9b63d1090b0743943edf49ba8fcad7f,44e2704,pilot-stage1-disease-r2,100,9006,,ecc984f043b744b6,0.025,0,none,0.2,0.1,0,2,,,completed,extinction on day 1,7,7,0,0.005,1,1,1,0,1,1,0
f42fbd2a6a9b40cd888837570295abd0,c86161f66def1a52cdaa1ac825d5d4855e1195c9fa0b7aa5b3757ced8d80c9c9,44e2704,pilot-stage1-disease-r2,100,9006,,ecc984f043b744b6,0.05,0,none,0.2,0.1,0,2,,,completed,extinction on day 1,14,12,2,0.005,1,1,1,0,1,1,0
c1640b60c9534d81a544b0547c50f7d8,15bd76a934eab40caa03008a885799065c536919d244251710ce97619a02d37c,44e2704,pilot-stage1-disease-r2,100,9006,,ecc984f043b744b6,0.1,0,none,0.2,0.1,0,2,,,completed,extinction on day 1,19,17,2,0.005,1,1,1,0,1,1,0
d6b99e0ae25d4a6eb2c64562cfd2ac41,6fbca519cc8390ff83e0f23a43a283563c80f406f0ec0d0b3f4c3b7ff437078d,44e2704,pilot-stage1-disease-r2,100,9007,,ecc984f043b744b6,0.0,0,none,0.2,0.1,0,2,,,completed,extinction on day 29,0,0,0,0.05,10,1,9,4,29,29,0
ab1d7557ddca4f8c9f0e8459eac05c41,caa3844d6502813879350a1f2589d8647121e6eaac0924c64c04c243f8b4c6e4,44e2704,pilot-stage1-disease-r2,100,9007,,ecc984f043b744b6,0.01,0,none,0.2,0.1,0,2,,,completed,extinction on day 41,76,73,3,0.095,19,2,10,12,41,41,0
2eb02da1163d4b96b2dc3496f2ef3db3,5d921f100c58492ca85c0ef928cd25495b65af5f27d787d44949b18021928aea,44e2704,pilot-stage1-disease-r2,100,9007,,ecc984f043b744b6,0.02,0,none,0.2,0.1,0,2,,,completed,extinction on day 43,162,152,10,0.1,20,2,9,4,43,43,0
14d6bc0d78474a3a93a1b01b60c31798,93f1787f822bbf715e2cdfed7c342d2b0b66266b48f8c656863736a5f174a1f1,44e2704,pilot-stage1-disease-r2,100,9007,,ecc984f043b744b6,0.025,0,none,0.2,0.1,0,2,,,completed,extinction on day 181,891,797,94,0.965,193,17,61,28,181,181,0
754a81f5e8204fae86434488dd7b9c99,0dabb7f31aa20eaf3992e1d6053408151d8dbafbc6738cb82de6f3acbb7a308d,44e2704,pilot-stage1-disease-r2,100,9007,,ecc984f043b744b6,0.05,0,none,0.2,0.1,0,2,,,completed,extinction on day 85,844,729,115,0.78,156,15,49,52,85,85,0
f5cbf9803032451d9b2484090da960b5,e7e72baa8a94555ea3885e5af6b3d2b1aa87a9f85e42c16e0e1bc9467a45a030,44e2704,pilot-stage1-disease-r2,100,9007,,ecc984f043b744b6,0.1,0,none,0.2,0.1,0,2,,,completed,extinction on day 74,1488,1330,158,1.0,200,20,72,19,74,74,0
7b7c58ab78354cf284d8ce667f1bac9c,7768326658d6554d89b82812f889b13bb7dcd688b11edd178c5810a67316a94c,44e2704,pilot-stage1-disease-r2,100,9008,,ecc984f043b744b6,0.0,0,none,0.2,0.1,0,2,,,completed,extinction on day 38,0,0,0,0.05,10,1,8,4,38,38,0
f0c64a711110466f9f3f732d2f1e6a9e,378ef30f19e8bcea8a8de9f93a8cdd06824a0d075432240374f80621afd02ea8,44e2704,pilot-stage1-disease-r2,100,9008,,ecc984f043b744b6,0.01,0,none,0.2,0.1,0,2,,,completed,extinction on day 67,155,141,14,0.195,39,4,16,36,67,67,0
5bc6298c8fe64c6ab4c156650a7e7347,28b962526b8097e65023aac73ab7ea71b086c9114fe92874e1975de7b8195eac,44e2704,pilot-stage1-disease-r2,100,9008,,ecc984f043b744b6,0.02,0,none,0.2,0.1,0,2,,,completed,extinction on day 111,466,418,48,0.58,116,11,31,36,111,111,0
0efde3da59ab4046a96efeb0d3d36ee4,dee50f1cd64e1f57a13e8984d02b73c86aaacea7e4c81eba806870c98316d0bc,44e2704,pilot-stage1-disease-r2,100,9008,,ecc984f043b744b6,0.025,0,none,0.2,0.1,0,2,,,completed,extinction on day 79,404,377,27,0.75,150,15,42,45,79,79,0
d3e4a1967d124f7ab2a269dac0020c60,78b29d323b2cfede9607b635fd1cc9fe4b6cb9cb5b2e2b86fd1fa2c42d926665,44e2704,pilot-stage1-disease-r2,100,9008,,ecc984f043b744b6,0.05,0,none,0.2,0.1,0,2,,,completed,extinction on day 89,886,805,81,0.965,193,19,63,28,89,89,0
08f18b0dbc704b29a7926148b21ee5cf,c7dc4b0e4fc1c7ff8ae0ca8abd9eba43cb8564fd9307a17c86d91c400dceccd1,44e2704,pilot-stage1-disease-r2,100,9008,,ecc984f043b744b6,0.1,0,none,0.2,0.1,0,2,,,completed,extinction on day 67,1372,1244,128,1.0,200,20,98,25,67,67,0
5a8160b38b7242d6b699351431a8b7da,b957de5a0d0d4a7e9fd6d2d44af672654e0187a92592bebdffdfb771fd120b00,44e2704,pilot-stage1-disease-r2,100,9009,,ecc984f043b744b6,0.0,0,none,0.2,0.1,0,2,,,completed,extinction on day 29,0,0,0,0.05,10,1,8,3,29,29,0
1336e85481504c31b3fab00bc693444b,3a293613449fdf6612b687d4d84761ae94bebb710f8595805b62544c378b1a46,44e2704,pilot-stage1-disease-r2,100,9009,,ecc984f043b744b6,0.01,0,none,0.2,0.1,0,2,,,completed,extinction on day 29,53,50,3,0.06,12,1,8,3,29,29,0
d7c16cbd94ea4cdfa744117339dce64a,15fba5e9e73b0e74cfcf6191c8d7c1ffb575e21905f9285e5a3617621010b820,44e2704,pilot-stage1-disease-r2,100,9009,,ecc984f043b744b6,0.02,0,none,0.2,0.1,0,2,,,completed,extinction on day 151,611,542,69,0.49,98,10,26,8,151,151,0
f0bcbc9546f3417194fdd72038749786,03e86cba819b08d6ee404bc85920b609c727f993755372e1d7586be449a901b7,44e2704,pilot-stage1-disease-r2,100,9009,,ecc984f043b744b6,0.025,0,none,0.2,0.1,0,2,,,completed,extinction on day 78,391,351,40,0.47,94,9,39,18,78,78,0
1e64c2d03d8e496d89dd7709a572287e,9ed0c3fb843d7ece8d30ca33d141aeb1b183f6c7f8dd373f86e77b6f66c3ecd1,44e2704,pilot-stage1-disease-r2,100,9009,,ecc984f043b744b6,0.05,0,none,0.2,0.1,0,2,,,completed,extinction on day 90,909,850,59,0.52,104,10,38,22,90,90,0
8f57fa880ea84a7b9def13fc9bf0f895,d3c075afb16f11f4e990cca5d9d391c12986773ec7b05594d5c53f323670d51d,44e2704,pilot-stage1-disease-r2,100,9009,,ecc984f043b744b6,0.1,0,none,0.2,0.1,0,2,,,completed,extinction on day 95,1964,1748,216,1.0,200,20,92,30,95,95,0
d918d32566e34303b5a24341ec9e19e4,53ad66fb9b499f3d4604649906321b7a271ea5c56420e955f78ea65c178f7040,44e2704,pilot-stage1-disease-r2,101,9000,,a94b904840df0142,0.0,0,none,0.2,0.1,0,2,,,completed,extinction on day 35,0,0,0,0.05,10,1,9,5,35,35,0
b931c59b6d714a5da496effd55481dda,af2ee39e0ade766427bb9db3879631b6df6b1f95ee73b4e1dee31c1374ccc13f,44e2704,pilot-stage1-disease-r2,101,9000,,a94b904840df0142,0.01,0,none,0.2,0.1,0,2,,,completed,extinction on day 102,206,192,14,0.175,35,4,16,36,102,102,0
19c9158a206742ffbdebbb5c2e3e3370,b33ba5f4c83e0d2d2b9f1c08e66acb7305fca5e68e365bbf6e4de8034d13c5aa,44e2704,pilot-stage1-disease-r2,101,9000,,a94b904840df0142,0.02,0,none,0.2,0.1,0,2,,,completed,extinction on day 145,583,553,30,0.565,113,11,31,32,145,145,0
13d21c41d4c24994a96af3aceaffa95a,11943c5234029862a04a0c8a03af4757bb45444fc1d170493713c271f514261c,44e2704,pilot-stage1-disease-r2,101,9000,,a94b904840df0142,0.025,0,none,0.2,0.1,0,2,,,completed,extinction on day 122,598,560,38,0.955,191,19,66,44,122,122,0
a96c961b10ea4e339e4cb8676fe63152,999567fb772f8864215829f81fbb906737e59bd40970d5b1d3b3f8fc42976e90,44e2704,pilot-stage1-disease-r2,101,9000,,a94b904840df0142,0.05,0,none,0.2,0.1,0,2,,,completed,extinction on day 90,927,862,65,0.99,198,20,68,34,90,90,0
02a5ed49109d49fdba61f209a31d2dc8,793c25fd5a3396d154fe59c2219deb042086a6b0076f2eb65d95a95698c4e7e4,44e2704,pilot-stage1-disease-r2,101,9000,,a94b904840df0142,0.1,0,none,0.2,0.1,0,2,,,completed,extinction on day 62,1248,1165,83,1.0,200,20,68,26,62,62,0
c2128eed906d4ded92d7f31ff54a33a2,146b5cc350feef4a82a8b81373313a8a042e297f09a66f52aeff38c294372a42,44e2704,pilot-stage1-disease-r2,101,9001,,a94b904840df0142,0.0,0,none,0.2,0.1,0,2,,,completed,extinction on day 29,0,0,0,0.05,10,1,9,5,29,29,0
10c8dd8b3f7e4d4f919238c4a190684e,297acbb8645d746a50b3c80a89048d7404e7d95cfac7d6f91f2541d44460a3eb,44e2704,pilot-stage1-disease-r2,101,9001,,a94b904840df0142,0.01,0,none,0.2,0.1,0,2,,,completed,extinction on day 34,66,60,6,0.115,23,2,13,20,34,34,0
549305ba77ef459dbd6a440503407510,0642c3c8f86bca652e142202eae17edfa74d2d6d6f16dc298f19ac4a4a16772d,44e2704,pilot-stage1-disease-r2,101,9001,,a94b904840df0142,0.02,0,none,0.2,0.1,0,2,,,completed,extinction on day 119,471,446,25,0.845,169,16,35,68,119,119,0
1b230903b546473dab36cefb69e989e4,7e74b681ff4b439bd6c3d9a8efd83535d23a97278f108f865f46c742a83c4840,44e2704,pilot-stage1-disease-r2,101,9001,,a94b904840df0142,0.025,0,none,0.2,0.1,0,2,,,completed,extinction on day 87,438,404,34,0.86,172,16,55,49,87,87,0
ac9480909a94464982541a9d2458c43c,78e9255853f7ee50131168eb37d0fcf6421d2c4f8ff7e881bb4edc9282854ab5,44e2704,pilot-stage1-disease-r2,101,9001,,a94b904840df0142,0.05,0,none,0.2,0.1,0,2,,,completed,extinction on day 69,691,656,35,0.98,196,19,70,33,69,69,0
cff2317f92bd45619d8a96a6e4be71a2,01d6ca710114ef1fe5aca1c0e4b3b9145252511422704a839822f30b2a02c663,44e2704,pilot-stage1-disease-r2,101,9001,,a94b904840df0142,0.1,0,none,0.2,0.1,0,2,,,completed,extinction on day 69,1399,1308,91,1.0,200,20,108,15,69,69,0
bc9ef6c302574a818c6117dcf8016f54,05fdd26200cd8adc3b379799673fcd98175ce2f0c401a1bee3b62334c715d479,44e2704,pilot-stage1-disease-r2,101,9002,,a94b904840df0142,0.0,0,none,0.2,0.1,0,2,,,completed,extinction on day 25,0,0,0,0.05,10,1,10,2,25,25,0
0bb597a3af334ae7a19880d793c96c01,cb1ab982fa392e620741a2ed419f2b2dad0d5b007e5c950d8751c22d7d24c3b1,44e2704,pilot-stage1-disease-r2,101,9002,,a94b904840df0142,0.01,0,none,0.2,0.1,0,2,,,completed,extinction on day 48,89,84,5,0.075,15,1,11,2,48,48,0
8b24a2a67a9d4e8faabfab97390d6f24,62dabe4d1e154bf5998ba48d5fcc11c76feaa203a952dc605e9ad94a1e9941eb,44e2704,pilot-stage1-disease-r2,101,9002,,a94b904840df0142,0.02,0,none,0.2,0.1,0,2,,,completed,extinction on day 25,94,89,5,0.07,14,1,11,2,25,25,0
efd5f6a9f6d74e728ace43b08e2d42be,5f33585a33f5347a3bac582d2d4489efbaad1c06251e0c6a48b7ae6056944c0f,44e2704,pilot-stage1-disease-r2,101,9002,,a94b904840df0142,0.025,0,none,0.2,0.1,0,2,,,completed,extinction on day 25,123,114,9,0.07,14,1,11,2,25,25,0
84ee04346bcc42cdbf016ee384c1c26c,c5174f780b51e50a472f4b2782801a2f328e52f22a4bd348f32560a328d5316f,44e2704,pilot-stage1-disease-r2,101,9002,,a94b904840df0142,0.05,0,none,0.2,0.1,0,2,,,completed,extinction on day 91,892,836,56,0.985,197,19,69,38,91,91,0
935ea2c5fd0c47a3ac985682cb71f197,59b972130cea4a765a7ff40852d79d08bda88d83d5e88bf7fd48d7a48f60324e,44e2704,pilot-stage1-disease-r2,101,9002,,a94b904840df0142,0.1,0,none,0.2,0.1,0,2,,,completed,extinction on day 59,1124,1061,63,1.0,200,20,99,16,59,59,0
7c783baa7abc4a128821589d591ebd58,e9206e823a080f5fcdb43c714d6de2580073dccd40d22538f5899159be02da9a,44e2704,pilot-stage1-disease-r2,101,9003,,a94b904840df0142,0.0,0,none,0.2,0.1,0,2,,,completed,extinction on day 1,0,0,0,0.005,1,1,1,0,1,1,0
be2976cca0bd4c648ffeb9c320ff4349,825f23d28891d78cf5856b68f208e54dabeda4aad33481d668bd966f4feb6641,44e2704,pilot-stage1-disease-r2,101,9003,,a94b904840df0142,0.01,0,none,0.2,0.1,0,2,,,completed,extinction on day 1,3,3,0,0.005,1,1,1,0,1,1,0
d7e3785f0aa74803a6ea9650ba38742a,2ab0d2225d68d61b2abfe5da4cd17c5b303ef35c6599c78fc940d9d9a58f645b,44e2704,pilot-stage1-disease-r2,101,9003,,a94b904840df0142,0.02,0,none,0.2,0.1,0,2,,,completed,extinction on day 1,5,5,0,0.005,1,1,1,0,1,1,0
e54c85be31fd421f96c31f7ab9fc459d,9e33da782786903d9d080c22453584654da9ba3a48e71e2a5a8945fb39e217ee,44e2704,pilot-stage1-disease-r2,101,9003,,a94b904840df0142,0.025,0,none,0.2,0.1,0,2,,,completed,extinction on day 1,5,5,0,0.005,1,1,1,0,1,1,0
f914baa23a394ba4a29e06d8106f2f0d,8fbe7c8682dea2de343fa1a7c2e0868c178a0e6a268f0435b000c22c6a3610ca,44e2704,pilot-stage1-disease-r2,101,9003,,a94b904840df0142,0.05,0,none,0.2,0.1,0,2,,,completed,extinction on day 1,9,9,0,0.005,1,1,1,0,1,1,0
88a25c5a4a104ddeb1ba0404c4a652c6,3e87670092c52fc6363d969d0f48d403a8d638c9e5da56b2d3375f38f060fe99,44e2704,pilot-stage1-disease-r2,101,9003,,a94b904840df0142,0.1,0,none,0.2,0.1,0,2,,,completed,extinction on day 1,16,16,0,0.005,1,1,1,0,1,1,0
8b89a6d380c1412cb65b321a328a5437,66fe8bf7241d60f5fb36c202220edabeb6bece71721853cbfcdaa9f3d503550f,44e2704,pilot-stage1-disease-r2,101,9004,,a94b904840df0142,0.0,0,none,0.2,0.1,0,2,,,completed,extinction on day 40,0,0,0,0.05,10,1,9,4,40,40,0
f818180003b94f17bd2db92a1784b7c0,d7073a3d98cf1754b2bdd784c49f40cf0865babfec19c2173ead5e526f9a7a2e,44e2704,pilot-stage1-disease-r2,101,9004,,a94b904840df0142,0.01,0,none,0.2,0.1,0,2,,,completed,extinction on day 44,88,84,4,0.115,23,2,11,4,44,44,0
892d6066b35547b6995c1c82e3d38733,83a36addf60ad05d41ef1a2be22932f1cec38f607c4b471085314727ea9a129a,44e2704,pilot-stage1-disease-r2,101,9004,,a94b904840df0142,0.02,0,none,0.2,0.1,0,2,,,completed,extinction on day 131,567,540,27,0.77,154,14,36,19,131,131,0
70ee490257f74fe69d5214c36a491722,97540aa860f01b6b3467fe3f23b10016802ebae5ef3ebaf48e5da6c85aa48c5d,44e2704,pilot-stage1-disease-r2,101,9004,,a94b904840df0142,0.025,0,none,0.2,0.1,0,2,,,completed,extinction on day 136,718,678,40,0.9,180,17,45,23,136,136,0
a3e4f2a764894f4c97d0749ecee3e8d8,8ca279110363a31dfbe7bc07776a4de3a6700b4a463451f5019fe5c9187f81f9,44e2704,pilot-stage1-disease-r2,101,9004,,a94b904840df0142,0.05,0,none,0.2,0.1,0,2,,,completed,extinction on day 85,871,809,62,0.895,179,17,73,17,85,85,0
38a7c4e11dc048d68b96278c2d7eabf9,ed34f3572ed10a20466992851a1974ce5b95f44923c1a69e73d8124bb79dad43,44e2704,pilot-stage1-disease-r2,101,9004,,a94b904840df0142,0.1,0,none,0.2,0.1,0,2,,,completed,extinction on day 85,1708,1604,104,1.0,200,20,81,17,85,85,0
2e30b2c963fb460189b852f5294da563,c20fe35b61afc60ff718e50870bc16a3e35b29f8904943573e5d97dcbf9efd03,44e2704,pilot-stage1-disease-r2,101,9005,,a94b904840df0142,0.0,0,none,0.2,0.1,0,2,,,completed,extinction on day 23,0,0,0,0.05,10,1,9,3,23,23,0
fb458d94ba58425d96af495c185fced8,1d10d01176a535b9728b37279f22d4d041793cd5820c44436c361a09918af115,44e2704,pilot-stage1-disease-r2,101,9005,,a94b904840df0142,0.01,0,none,0.2,0.1,0,2,,,completed,extinction on day 64,136,121,15,0.145,29,3,14,22,64,64,0
a5cd2c38840d44099464463358182cd4,b151e39d13b5a3a888431dbcc2e40b6cf6d966eeed87cba2a8f8efea9068b1d9,44e2704,pilot-stage1-disease-r2,101,9005,,a94b904840df0142,0.02,0,none,0.2,0.1,0,2,,,completed,extinction on day 91,400,372,28,0.345,69,6,17,40,91,91,0
10f5b8224d7d4f2aa987e53c977ca726,5d830f97eba084269427c78f1b6006d9b602e321144e7eaf688d2686050bb055,44e2704,pilot-stage1-disease-r2,101,9005,,a94b904840df0142,0.025,0,none,0.2,0.1,0,2,,,completed,extinction on day 107,574,535,39,0.865,173,16,44,29,107,107,0
181a183ccd464ef28737d0add43ebf0a,16dcb0fb58c3442cadac8b8417222db4a7f1bd7b2673bfc54b03c6aaad101b03,44e2704,pilot-stage1-disease-r2,101,9005,,a94b904840df0142,0.05,0,none,0.2,0.1,0,2,,,completed,extinction on day 107,1113,1053,60,0.98,196,19,57,61,107,107,0
77ac4d16a3564810ada123d7734ca8ed,e83972a0f4d9e8cff2a33b247523b31a609b531516d12ecc6a4b18591cecd5b2,44e2704,pilot-stage1-disease-r2,101,9005,,a94b904840df0142,0.1,0,none,0.2,0.1,0,2,,,completed,extinction on day 73,1485,1393,92,1.0,200,20,64,28,73,73,0
a04a189ad905409cb19f9564062f8d4a,5649313d66c3dd9bae0a5ddba8fc2d72f5efdafbe17237151c8ed30aeff0f334,44e2704,pilot-stage1-disease-r2,101,9006,,a94b904840df0142,0.0,0,none,0.2,0.1,0,2,,,completed,extinction on day 1,0,0,0,0.005,1,1,1,0,1,1,0
753f4564f423428d8e1d74d85c1faf45,21943b7373cc04c3c1f61d1b4524a65542e6d74d878d63894a378663f135a3de,44e2704,pilot-stage1-disease-r2,101,9006,,a94b904840df0142,0.01,0,none,0.2,0.1,0,2,,,completed,extinction on day 1,5,5,0,0.005,1,1,1,0,1,1,0
0fe87362fe4a48b5b314216770075c25,0fa2040746942ba794286289e7184e81d6b261df43f296f9e78225cc0150258c,44e2704,pilot-stage1-disease-r2,101,9006,,a94b904840df0142,0.02,0,none,0.2,0.1,0,2,,,completed,extinction on day 1,6,6,0,0.005,1,1,1,0,1,1,0
a30c0b2b2cd94f15a858d9fa6c35359e,936b5d3c611e80c6715feb1d993c4db484655190ceec266ff0e0f2191f6e6d3f,44e2704,pilot-stage1-disease-r2,101,9006,,a94b904840df0142,0.025,0,none,0.2,0.1,0,2,,,completed,extinction on day 1,7,7,0,0.005,1,1,1,0,1,1,0
afdf37be1d0847f283b2fc32976f48ed,614deb67f0f4748bc393bf035fe018f9dfffc73494edc48812c3be68acd701e0,44e2704,pilot-stage1-disease-r2,101,9006,,a94b904840df0142,0.05,0,none,0.2,0.1,0,2,,,completed,extinction on day 1,14,14,0,0.005,1,1,1,0,1,1,0
d7775ab142d345649e1fd33f7ed098da,060392dd63d2e0aa84b4b3aa46ac0ba6a98b4b9c98a7d7eb6d9f222c6681269d,44e2704,pilot-stage1-disease-r2,101,9006,,a94b904840df0142,0.1,0,none,0.2,0.1,0,2,,,completed,extinction on day 1,19,18,1,0.005,1,1,1,0,1,1,0
dc45ce5be147416ca2e71e0950e4327e,8ce17f219cc7a8fb210017e75694ee63904517baccce3053983934f8f98c9a4a,44e2704,pilot-stage1-disease-r2,101,9007,,a94b904840df0142,0.0,0,none,0.2,0.1,0,2,,,completed,extinction on day 29,0,0,0,0.05,10,1,9,4,29,29,0
67229a4071764d6d8a6b78eef2dd2c91,fb1810e5e9e95fe41791774522ed59104f27c3cc3ec60fb501a00d897b373a09,44e2704,pilot-stage1-disease-r2,101,9007,,a94b904840df0142,0.01,0,none,0.2,0.1,0,2,,,completed,extinction on day 34,62,58,4,0.11,22,2,9,4,34,34,0
6f6b81adb38546e097a33c77310e6630,74ac49954e834f0e0660e83fec776dcad72c2f3efa1dae4716ee8ab330ce8f13,44e2704,pilot-stage1-disease-r2,101,9007,,a94b904840df0142,0.02,0,none,0.2,0.1,0,2,,,completed,extinction on day 85,331,303,28,0.74,148,14,35,47,85,85,0
00321b6b6a7d4ba3b53425fd012c1966,111ead98b9faf0a4183b776b87f0803d0346818d19d4e31ea0b9b5a25a0b2e3a,44e2704,pilot-stage1-disease-r2,101,9007,,a94b904840df0142,0.025,0,none,0.2,0.1,0,2,,,completed,extinction on day 91,466,430,36,0.785,157,15,44,46,91,91,0
47711e7808434da4b397cbec4fe465f4,54dddedb975a11620c8824b52b4384e525e53dd332263d4a792862cab4b3ef35,44e2704,pilot-stage1-disease-r2,101,9007,,a94b904840df0142,0.05,0,none,0.2,0.1,0,2,,,completed,extinction on day 85,844,786,58,0.995,199,20,62,36,85,85,0
c98d6cf719c740e197ef445494642d21,e54d20159eeb00b3adfbc39c225a712eba4970ef85f381513c04e4f69d891b97,44e2704,pilot-stage1-disease-r2,101,9007,,a94b904840df0142,0.1,0,none,0.2,0.1,0,2,,,completed,extinction on day 74,1488,1417,71,1.0,200,20,83,22,74,74,0
1fcd08b9ced647ed8d5178fbbda41bbd,7dc063c1e3afa693737f144cae7df8f1240e5f3b9e02a1b1428f6ab85b5816ac,44e2704,pilot-stage1-disease-r2,101,9008,,a94b904840df0142,0.0,0,none,0.2,0.1,0,2,,,completed,extinction on day 38,0,0,0,0.05,10,1,8,4,38,38,0
1a899479eca648658c463ec32fdb7be4,0b8929f060f034e62969c7dfa9ae4170a6c32c8ae2745e37a232df7b2123b04c,44e2704,pilot-stage1-disease-r2,101,9008,,a94b904840df0142,0.01,0,none,0.2,0.1,0,2,,,completed,extinction on day 67,155,146,9,0.125,25,2,11,36,67,67,0
a85900ed042d43608abe8e5fc4bd7440,60f927c9585054fa5c22c80420404f88f1c2d612a5b6e1c6b9586b95a9a75577,44e2704,pilot-stage1-disease-r2,101,9008,,a94b904840df0142,0.02,0,none,0.2,0.1,0,2,,,completed,extinction on day 70,289,275,14,0.145,29,2,11,34,70,70,0
bf367ccc88de4826b135fddb26b08611,557550b4415ed315002fbee21fa40f2356065e0dc59a3c275ae0efbf25e426de,44e2704,pilot-stage1-disease-r2,101,9008,,a94b904840df0142,0.025,0,none,0.2,0.1,0,2,,,completed,extinction on day 132,674,645,29,0.585,117,11,24,47,132,132,0
f915175e1a114dd788eaef05538b1190,dab71184748277e89b5676d40eb3fc5dc446f219eb63ac03eba4b0af41ec4ed8,44e2704,pilot-stage1-disease-r2,101,9008,,a94b904840df0142,0.05,0,none,0.2,0.1,0,2,,,completed,extinction on day 77,763,712,51,0.95,190,18,78,25,77,77,0
b2d29e692f9b41c9823f61726e24a002,54f09b588e312ffca8ee9bbdb0f7a1a929055d0fba9b0ae29818e2af4febf4a8,44e2704,pilot-stage1-disease-r2,101,9008,,a94b904840df0142,0.1,0,none,0.2,0.1,0,2,,,completed,extinction on day 77,1552,1450,102,1.0,200,20,76,36,77,77,0
eb63734a5a5142f7a187b37596420025,48b43a6c66cba0f78abc36cd644c9e6e9638aa664d9b936ff7f95e855300dae3,44e2704,pilot-stage1-disease-r2,101,9009,,a94b904840df0142,0.0,0,none,0.2,0.1,0,2,,,completed,extinction on day 29,0,0,0,0.05,10,1,8,3,29,29,0
a77b1d7def1449809ae779dedfd58e10,7b75592e91e786f409b1d4f4b853a3daff95ed0a2d0df58b55737f17840454a0,44e2704,pilot-stage1-disease-r2,101,9009,,a94b904840df0142,0.01,0,none,0.2,0.1,0,2,,,completed,extinction on day 29,53,49,4,0.055,11,1,8,3,29,29,0
3461ed90f51e4cc9977235df308996b9,fe611716be474baaec8fc9ed264103b5fb898891b0612851224577cf5aab00de,44e2704,pilot-stage1-disease-r2,101,9009,,a94b904840df0142,0.02,0,none,0.2,0.1,0,2,,,completed,extinction on day 53,215,207,8,0.21,42,4,20,14,53,53,0
01e33d071f554fe293a5e4edf25d9eaa,122b017651b0ecbc08eca087af815b583335304ddd14e9b47e15bb92fc896bce,44e2704,pilot-stage1-disease-r2,101,9009,,a94b904840df0142,0.025,0,none,0.2,0.1,0,2,,,completed,extinction on day 95,480,460,20,0.755,151,14,55,24,95,95,0
452d778fa7584d11bb34ac1663f73208,2f22b0c234c530df04ac715ddbecc08b4d0bc8f25022c6b76dec80d906b78bc9,44e2704,pilot-stage1-disease-r2,101,9009,,a94b904840df0142,0.05,0,none,0.2,0.1,0,2,,,completed,extinction on day 91,922,870,52,0.97,194,19,65,24,91,91,0
fdefd98a40714b858f3f787fb33a6771,9b532f3569d507b8334a61b9725e8245b881ef2354c5116b5a85c92a8d231c34,44e2704,pilot-stage1-disease-r2,101,9009,,a94b904840df0142,0.1,0,none,0.2,0.1,0,2,,,completed,extinction on day 78,1582,1506,76,1.0,200,20,127,13,78,78,0
b32aa3aab8e34460b28e7ef965e980f3,ad60e195228b662791de6540a4c402f141242d941ec67c85cf664fa63e7483b1,44e2704,pilot-stage1-disease-r2,102,9000,,0a9f06b6dff3de72,0.0,0,none,0.2,0.1,0,2,,,completed,extinction on day 35,0,0,0,0.05,10,1,9,5,35,35,0
56c662fdee894766834cd5809d85a66e,62f296cf33e30e2d0d001bce31458c73eb9fe2578bb1478d6466c2f24b0f19d2,44e2704,pilot-stage1-disease-r2,102,9000,,0a9f06b6dff3de72,0.01,0,none,0.2,0.1,0,2,,,completed,extinction on day 58,115,114,1,0.18,36,3,16,36,58,58,0
be9953dfc60b42449c19a95b864dfef2,d9ba9c3ba9f08ef4199b053f524fefd5df3ea905121d51f74dd2729f829741d7,44e2704,pilot-stage1-disease-r2,102,9000,,0a9f06b6dff3de72,0.02,0,none,0.2,0.1,0,2,,,completed,extinction on day 117,455,411,44,0.685,137,13,42,51,117,117,0
4bc54d3a5f664b929cf418b880c785d9,33746c48bf09f7a5a11bcd531fd643e892a9d22fd79cf9629ba94a5b4ba9642d,44e2704,pilot-stage1-disease-r2,102,9000,,0a9f06b6dff3de72,0.025,0,none,0.2,0.1,0,2,,,completed,extinction on day 174,870,815,55,0.95,190,19,41,49,174,174,0
6e51cb27cf424aaab70167f62405f396,c99514ced7705491308eddb6bc69a9afcd479401d83147ca1205acfd781268be,44e2704,pilot-stage1-disease-r2,102,9000,,0a9f06b6dff3de72,0.05,0,none,0.2,0.1,0,2,,,completed,extinction on day 96,967,914,53,0.995,199,20,72,33,96,96,0
e163bc47954a4860b3b7ec994b15823d,66ce04eb484686ef412df0ffdc0ebbe4584f075d81bcf576d3d7332ae6e3fe53,44e2704,pilot-stage1-disease-r2,102,9000,,0a9f06b6dff3de72,0.1,0,none,0.2,0.1,0,2,,,completed,extinction on day 61,1224,1150,74,1.0,200,20,92,24,61,61,0
372a16ac1d42497e8a5de604bf015285,8a6ea7e678a5bb3e0653c9fb85e2a879521d929aa7581c1743e70581ca64b8cd,44e2704,pilot-stage1-disease-r2,102,9001,,0a9f06b6dff3de72,0.0,0,none,0.2,0.1,0,2,,,completed,extinction on day 29,0,0,0,0.05,10,1,9,5,29,29,0
e51afbb50c01499b82245263a5372f9b,af757c11519c3760f9eb53441997e12a4dba8342b29bb7b7614ad2a265b650eb,44e2704,pilot-stage1-disease-r2,102,9001,,0a9f06b6dff3de72,0.01,0,none,0.2,0.1,0,2,,,completed,extinction on day 41,82,78,4,0.085,17,2,9,5,41,41,0
21f00b5f2fa741e9ac9002ef6241e40b,5a583fe32386e80f1ef0e650df2212f09e4f98c6e11fcb7662aaefe14161a27d,44e2704,pilot-stage1-disease-r2,102,9001,,0a9f06b6dff3de72,0.02,0,none,0.2,0.1,0,2,,,completed,extinction on day 181,706,663,43,0.935,187,19,24,67,181,181,0
15568f8f33354acdad11582905cbd743,4830593a9ae8f6a9982c4bed320b039bb31dd30e2cb65bd84622e08511290fe8,44e2704,pilot-stage1-disease-r2,102,9001,,0a9f06b6dff3de72,0.025,0,none,0.2,0.1,0,2,,,completed,extinction on day 60,286,262,24,0.185,37,3,15,25,60,60,0
30041c1bcae04ea6a58dcc036c096dd3,448b8cda80ddc2c93abd7d217ada3d6221c6afc377da06fb508fb5703a63430c,44e2704,pilot-stage1-disease-r2,102,9001,,0a9f06b6dff3de72,0.05,0,none,0.2,0.1,0,2,,,completed,extinction on day 85,870,813,57,0.905,181,17,59,46,85,85,0
9b9375a2af7848a391a8cb5362d1bc3a,78b699b9cc555adabc1f4c07663f9d0d7bcd23d032decfd4571cfbb306595630,44e2704,pilot-stage1-disease-r2,102,9001,,0a9f06b6dff3de72,0.1,0,none,0.2,0.1,0,2,,,completed,extinction on day 69,1399,1302,97,1.0,200,20,74,35,69,69,0
32c5984358af4b138a072b8eb2369915,84159612bb7b5b5b6b328eed5e3ca8323c4bdf8dddd0972977a927b90d05ed2f,44e2704,pilot-stage1-disease-r2,102,9002,,0a9f06b6dff3de72,0.0,0,none,0.2,0.1,0,2,,,completed,extinction on day 25,0,0,0,0.05,10,1,10,2,25,25,0
0ac9ad2330a244ed8f00a98d16df60f1,163af97faec06a5bbf491ddf41ff64c414cf5c6c06e82f3446da85eabfa7145a,44e2704,pilot-stage1-disease-r2,102,9002,,0a9f06b6dff3de72,0.01,0,none,0.2,0.1,0,2,,,completed,extinction on day 25,47,46,1,0.05,10,1,10,2,25,25,0
ba240e8a3db9424ebc6da77ff7506a68,769677e340184475e08610ea2a6c8258d5a54b916277ee57aea8ccbfd8a3274a,44e2704,pilot-stage1-disease-r2,102,9002,,0a9f06b6dff3de72,0.02,0,none,0.2,0.1,0,2,,,completed,extinction on day 25,94,87,7,0.05,10,1,10,2,25,25,0
1aa994226cae400dabd6897980669160,d22ee0a45981b136d118d40b115be23f834ea96d3de3fb5271429765e67e2930,44e2704,pilot-stage1-disease-r2,102,9002,,0a9f06b6dff3de72,0.025,0,none,0.2,0.1,0,2,,,completed,extinction on day 171,866,785,81,0.985,197,20,53,106,171,171,0
ef957c9a0f4a43ae81350394dab5efe5,f9cc7652696b5724bff6539761bb15f7606f613b65ae21405945508b8d94bb13,44e2704,pilot-stage1-disease-r2,102,9002,,0a9f06b6dff3de72,0.05,0,none,0.2,0.1,0,2,,,completed,extinction on day 91,892,829,63,0.905,181,18,63,38,91,91,0
d2f3af670a134a3e9a96b3e981ef9e22,7d8bf891fc78d9bc1d25e6af48442ba64feb519440797d0178c2bbabbeda2b77,44e2704,pilot-stage1-disease-r2,102,9002,,0a9f06b6dff3de72,0.1,0,none,0.2,0.1,0,2,,,completed,extinction on day 59,1124,1042,82,1.0,200,20,73,25,59,59,0
3d2c781a7c104d57aa62292852b5a1bb,ebec5299d727fec7397bbe393172b2cc1fdb364e36fefdf42b60e9b76bc3f321,44e2704,pilot-stage1-disease-r2,102,9003,,0a9f06b6dff3de72,0.0,0,none,0.2,0.1,0,2,,,completed,extinction on day 1,0,0,0,0.005,1,1,1,0,1,1,0
cebe8eb899d943b0930807d78070c125,b69ad5197f83691518a8c99a7f3259dbc45c73ba8d43d765fdd93bdf7541e885,44e2704,pilot-stage1-disease-r2,102,9003,,0a9f06b6dff3de72,0.01,0,none,0.2,0.1,0,2,,,completed,extinction on day 1,3,3,0,0.005,1,1,1,0,1,1,0
7e8014dc774746928baff906486ff0af,d81151f3ea85ae228ce6a00f0306bf1422243555f65de251e9b9ce16415e188f,44e2704,pilot-stage1-disease-r2,102,9003,,0a9f06b6dff3de72,0.02,0,none,0.2,0.1,0,2,,,completed,extinction on day 1,5,5,0,0.005,1,1,1,0,1,1,0
41be1f4b48d14d839a6b0195c36af2cb,0be2f1c1cec975ab98a785932dace592258e702e42c761106a2703e04455e6a2,44e2704,pilot-stage1-disease-r2,102,9003,,0a9f06b6dff3de72,0.025,0,none,0.2,0.1,0,2,,,completed,extinction on day 1,5,5,0,0.005,1,1,1,0,1,1,0
bbe01f0edfbe4e00a4799e936c6730d1,23e8aed778a351d4390149ddb7bc93f27758d167d101cbad945be8c76c13cc39,44e2704,pilot-stage1-disease-r2,102,9003,,0a9f06b6dff3de72,0.05,0,none,0.2,0.1,0,2,,,completed,extinction on day 1,9,9,0,0.005,1,1,1,0,1,1,0
358d0b9baf104c2e8da5b7fb9d719177,3938f6982993c8c8e594f0b117176467fb57fcba3045df29565fe5ea79906e4a,44e2704,pilot-stage1-disease-r2,102,9003,,0a9f06b6dff3de72,0.1,0,none,0.2,0.1,0,2,,,completed,extinction on day 1,16,16,0,0.005,1,1,1,0,1,1,0
26f4dde665e74aa2aa30c386537cd310,e12e233d1ca29990a4ac224bb74bdc46fdfa85b77833807c6810e6acc0a7cf60,44e2704,pilot-stage1-disease-r2,102,9004,,0a9f06b6dff3de72,0.0,0,none,0.2,0.1,0,2,,,completed,extinction on day 40,0,0,0,0.05,10,1,9,4,40,40,0
f4a44d0e5fb54459a3b1ae87101f8e9f,eef4f896b546b162029c4f1d64f979989315644b57b7bf1b116862d29ec8bb6e,44e2704,pilot-stage1-disease-r2,102,9004,,0a9f06b6dff3de72,0.01,0,none,0.2,0.1,0,2,,,completed,extinction on day 85,183,176,7,0.265,53,5,26,25,85,85,0
054f5962fe284cfea41d1d678d7584c1,4aa28d09bbfdc09967db51d9083b1f29e3a39d59e516b52701a833d119664c6a,44e2704,pilot-stage1-disease-r2,102,9004,,0a9f06b6dff3de72,0.02,0,none,0.2,0.1,0,2,,,completed,extinction on day 162,677,632,45,0.78,156,16,30,21,162,162,0
4ea72a452fcf49cfbd2e9321cfd3e784,8ea1d2f209ce61d3a4c762ec4dd2dc96b0addc5dff8a0c6b094e6c2ba6a36f8e,44e2704,pilot-stage1-disease-r2,102,9004,,0a9f06b6dff3de72,0.025,0,none,0.2,0.1,0,2,,,completed,extinction on day 115,610,560,50,0.92,184,19,45,27,115,115,0
3172609a906d464d81f797fda5cb529b,556948d35831e5934c648975ffa8479b1faf4707f03a4e573fe3f5eee955d874,44e2704,pilot-stage1-disease-r2,102,9004,,0a9f06b6dff3de72,0.05,0,none,0.2,0.1,0,2,,,completed,extinction on day 100,1029,941,88,1.0,200,20,46,39,100,100,0
c53a5bf99fcc451e8f84293d928933d3,ec38e2a1332db0209749232e61438977bb657b8e4def4c76196727e1c7476c0a,44e2704,pilot-stage1-disease-r2,102,9004,,0a9f06b6dff3de72,0.1,0,none,0.2,0.1,0,2,,,completed,extinction on day 85,1708,1570,138,1.0,200,20,95,23,85,85,0
aef858dd6aaf4934bca28bb0d4af1884,57f9657c6a803bbd0b2aeaf97697a0a0ae3bc4b9156772a38ebed7fab438360f,44e2704,pilot-stage1-disease-r2,102,9005,,0a9f06b6dff3de72,0.0,0,none,0.2,0.1,0,2,,,completed,extinction on day 23,0,0,0,0.05,10,1,9,3,23,23,0
3d6bb0586a6c43a4a4cc948f36a87056,38aba3b2fcffbf65a6db92846896c02b2a01dbd44d689a867052354c84bae637,44e2704,pilot-stage1-disease-r2,102,9005,,0a9f06b6dff3de72,0.01,0,none,0.2,0.1,0,2,,,completed,extinction on day 42,85,81,4,0.115,23,2,10,4,42,42,0
ae4516f349514568b4b77e338626e004,f4121215550a6e1f14019d97817bca802f30737d16e55d3d267e9c9a22a22b5b,44e2704,pilot-stage1-disease-r2,102,9005,,0a9f06b6dff3de72,0.02,0,none,0.2,0.1,0,2,,,completed,extinction on day 25,98,96,2,0.105,21,2,10,4,25,25,0
f419aa6e6cec4ebb82884b293286fa6f,a74757d0a65bda14bff13df3f25c0188d940313b46b1dda8fb47069cfeb481aa,44e2704,pilot-stage1-disease-r2,102,9005,,0a9f06b6dff3de72,0.025,0,none,0.2,0.1,0,2,,,completed,extinction on day 28,132,121,11,0.12,24,2,10,18,28,28,0
d61e6b4d0bbf40349c173301de8989db,f71cf75d2e196ac2591239d54adf058286b085ebba24be36ba326ed31a56f9e3,44e2704,pilot-stage1-disease-r2,102,9005,,0a9f06b6dff3de72,0.05,0,none,0.2,0.1,0,2,,,completed,extinction on day 82,846,790,56,0.985,197,20,77,21,82,82,0
0632739e781248b9be618784667dc51d,1c9d9f5ad2d3080bda1807dc33968f1bfb0ede1848dd6230f74bfe9d8cd9b7e4,44e2704,pilot-stage1-disease-r2,102,9005,,0a9f06b6dff3de72,0.1,0,none,0.2,0.1,0,2,,,completed,extinction on day 65,1289,1198,91,1.0,200,20,74,16,65,65,0
d0338f5ded244690bd4d1cfbdcca3cc4,5a467dcd11a94fa0a7242ebe5d52c69c71ae555079a93e9d97882f3dbc9b03ed,44e2704,pilot-stage1-disease-r2,102,9006,,0a9f06b6dff3de72,0.0,0,none,0.2,0.1,0,2,,,completed,extinction on day 1,0,0,0,0.005,1,1,1,0,1,1,0
13c3a2bca347467c81d739918cc3c64b,342e956c87654fbb5c45cc6a8ac33d8b21d7ff53a2af6d399a9f933b9105a480,44e2704,pilot-stage1-disease-r2,102,9006,,0a9f06b6dff3de72,0.01,0,none,0.2,0.1,0,2,,,completed,extinction on day 1,5,5,0,0.005,1,1,1,0,1,1,0
d6526b4737db492a8f0221fdd4c6a4a0,64ecd9d0b439de791da2bd71453093599a28191a92627eb8f039af1588b30270,44e2704,pilot-stage1-disease-r2,102,9006,,0a9f06b6dff3de72,0.02,0,none,0.2,0.1,0,2,,,completed,extinction on day 1,6,6,0,0.005,1,1,1,0,1,1,0
652066cbef34402db5f31d61ad7dccfb,4952edaa55eb3399224d16fec6b3a84536ed928ccfc55a9d3fdc3a9016139004,44e2704,pilot-stage1-disease-r2,102,9006,,0a9f06b6dff3de72,0.025,0,none,0.2,0.1,0,2,,,completed,extinction on day 1,7,7,0,0.005,1,1,1,0,1,1,0
bbb69094b4994b08bcd0dde80b630806,bf2240c31c20e88b3a7c99a0d04129bda3f1bd1f1fd3cb56351120266aceb4d8,44e2704,pilot-stage1-disease-r2,102,9006,,0a9f06b6dff3de72,0.05,0,none,0.2,0.1,0,2,,,completed,extinction on day 1,14,14,0,0.005,1,1,1,0,1,1,0
23c7958db921421e8fb1b4e0442240a8,11c4286f429f1a111728b0f18c1e9c87041b78efeb9d91727c64b3a2a5b7b320,44e2704,pilot-stage1-disease-r2,102,9006,,0a9f06b6dff3de72,0.1,0,none,0.2,0.1,0,2,,,completed,extinction on day 1,19,19,0,0.005,1,1,1,0,1,1,0
ad40e4d1644645e1acd7a9fc4972e7b4,13442e63ba222126acf507d3bd3a8b9f10821ba48d117f44a7c3ba19cb1cefee,44e2704,pilot-stage1-disease-r2,102,9007,,0a9f06b6dff3de72,0.0,0,none,0.2,0.1,0,2,,,completed,extinction on day 29,0,0,0,0.05,10,1,9,4,29,29,0
50710d33ea07477789d98098bc9de0c9,b268dc0c7e5737efe8549b39b6eaacd8a22aed00603f62dd1d78e977a53a8d3b,44e2704,pilot-stage1-disease-r2,102,9007,,0a9f06b6dff3de72,0.01,0,none,0.2,0.1,0,2,,,completed,extinction on day 52,97,93,4,0.135,27,3,11,12,52,52,0
f5676b4f4d6b456caa995d9599017f85,9390a2a53c1a1ea66cd5ff972077bfa827ecbd6bde62bde2b998619f7046f365,44e2704,pilot-stage1-disease-r2,102,9007,,0a9f06b6dff3de72,0.02,0,none,0.2,0.1,0,2,,,completed,extinction on day 135,544,505,39,0.765,153,14,32,84,135,135,0
a16ca6e0eb024a56920b7f9c04e7b6fb,986832649e5fe742be62a0e697142be97966b15730fff51a15ba9416c0a519c7,44e2704,pilot-stage1-disease-r2,102,9007,,0a9f06b6dff3de72,0.025,0,none,0.2,0.1,0,2,,,completed,extinction on day 112,565,526,39,0.445,89,8,19,27,112,112,0
8157fae334c94816aac88fdf8a551c0b,0f1fa008fb5f4e10c4934e48157b8a54d1ba3967f84d490cbae114c5d82e43b9,44e2704,pilot-stage1-disease-r2,102,9007,,0a9f06b6dff3de72,0.05,0,none,0.2,0.1,0,2,,,completed,extinction on day 93,924,853,71,0.96,192,18,68,25,93,93,0
a8c981f20030433ba54991d339e4e3f3,b7bb1c034f1bff65392ba0082cd11e64805d53481502c642fd37076a3e3241d6,44e2704,pilot-stage1-disease-r2,102,9007,,0a9f06b6dff3de72,0.1,0,none,0.2,0.1,0,2,,,completed,extinction on day 69,1385,1301,84,1.0,200,20,103,15,69,69,0
86687c5a7630441cbc180c18fb719c29,0e7804db80ea7cd77c02049733bb7c7ddd4b14f88467a66fd41569cb418c484f,44e2704,pilot-stage1-disease-r2,102,9008,,0a9f06b6dff3de72,0.0,0,none,0.2,0.1,0,2,,,completed,extinction on day 38,0,0,0,0.05,10,1,8,4,38,38,0
6e5f06ebb2d0426bb9ee1d547e76bb25,3422d1d5c827d032bd2f6b6a0a318c8bdc1ff1266875d71eb5ee85a274844856,44e2704,pilot-stage1-disease-r2,102,9008,,0a9f06b6dff3de72,0.01,0,none,0.2,0.1,0,2,,,completed,extinction on day 166,361,343,18,0.785,157,15,31,42,166,166,0
df07fb4a4cf1492aa830e4c98988b47f,7ee0de202e95f4c7f04e688131d2af304556f2d7dfc1495909658c5798c1e777,44e2704,pilot-stage1-disease-r2,102,9008,,0a9f06b6dff3de72,0.02,0,none,0.2,0.1,0,2,,,completed,extinction on day 128,538,510,28,0.7,140,12,29,48,128,128,0
c7096d24c94f4709949e60da02feb066,3590a2bc753fcadc935873f2084ec3235283756b0ce8ce5cf7297fde7a1bf3a9,44e2704,pilot-stage1-disease-r2,102,9008,,0a9f06b6dff3de72,0.025,0,none,0.2,0.1,0,2,,,completed,extinction on day 146,751,695,56,1.0,200,20,44,21,146,146,0
dbaf4356ffce4c0dae48bb985966596b,b080c9a1b90932eab98930cd643281d38bc05af2237a1c65ef222ea6422ccd59,44e2704,pilot-stage1-disease-r2,102,9008,,0a9f06b6dff3de72,0.05,0,none,0.2,0.1,0,2,,,completed,extinction on day 111,1111,1017,94,1.0,200,20,73,29,111,111,0
598aeddd42754ee0ad96cbb13b7b0ce3,f2c8a74fca973be068b8304bfdd50989d193ebeabcae660d6292d27d8b62c4a5,44e2704,pilot-stage1-disease-r2,102,9008,,0a9f06b6dff3de72,0.1,0,none,0.2,0.1,0,2,,,completed,extinction on day 67,1372,1276,96,1.0,200,20,99,19,67,67,0
9dafe78a039f4b9ba2b18b092287d57d,28453611fe7062e169cd3a3e4be93fe8b3627e21267a2efa12940cfcd9038ad8,44e2704,pilot-stage1-disease-r2,102,9009,,0a9f06b6dff3de72,0.0,0,none,0.2,0.1,0,2,,,completed,extinction on day 29,0,0,0,0.05,10,1,8,3,29,29,0
0a3a4aed2afd47e6be8700428da77662,0f5311ddd548005eb17401f563b685f9fdbc39c39fe10813f169f76aac14edae,44e2704,pilot-stage1-disease-r2,102,9009,,0a9f06b6dff3de72,0.01,0,none,0.2,0.1,0,2,,,completed,extinction on day 82,178,170,8,0.13,26,2,9,4,82,82,0
dd5637fd10d241c284176a913bc956fa,7f53cec6bfc5d45c9efabc8c19297cd774dd7547369f6899b35327d61bdeed87,44e2704,pilot-stage1-disease-r2,102,9009,,0a9f06b6dff3de72,0.02,0,none,0.2,0.1,0,2,,,completed,extinction on day 34,136,135,1,0.16,32,3,21,6,34,34,0
b3fd9fc0902149c1aae3bf39c192fb26,4dc985694a6db88f08d0fcc393af37de3c2b39d9f5131f2ac102a8852691f0dc,44e2704,pilot-stage1-disease-r2,102,9009,,0a9f06b6dff3de72,0.025,0,none,0.2,0.1,0,2,,,completed,extinction on day 126,628,586,42,0.93,186,19,34,44,126,126,0
99acc0f3f4cc4b78ad12c3f2ede7a17e,15460aeeb63ab69c6c4d8476eabac8370856684cbda76c7f282502e31379932f,44e2704,pilot-stage1-disease-r2,102,9009,,0a9f06b6dff3de72,0.05,0,none,0.2,0.1,0,2,,,completed,extinction on day 78,772,729,43,1.0,200,20,82,18,78,78,0
f487ecdec76a473297193ecb21d896ff,8dec2fb322b28497a32ca935290c8b2036a676f8a1951956f8cd8274a79462fa,44e2704,pilot-stage1-disease-r2,102,9009,,0a9f06b6dff3de72,0.1,0,none,0.2,0.1,0,2,,,completed,extinction on day 78,1582,1463,119,1.0,200,20,91,17,78,78,0
ce20d2b7ba2b4ec3bbc062c3685a2b5b,70efcd1f1a0d88b5f90c205ce4df6532284a6dd2ccf85951beab91fd9ac18000,44e2704,pilot-stage1-disease-r2,103,9000,,3eba5fa24d22e1a9,0.0,0,none,0.2,0.1,0,2,,,completed,extinction on day 35,0,0,0,0.05,10,1,9,5,35,35,0
731c498b14ce48aa9ed2ab7ad29abe4a,6c455b9436eb94c69204fca6e4c5a01792745bd1a72c9951aea64acd720b4649,44e2704,pilot-stage1-disease-r2,103,9000,,3eba5fa24d22e1a9,0.01,0,none,0.2,0.1,0,2,,,completed,extinction on day 102,206,202,4,0.21,42,4,17,37,102,102,0
63e82d03865d4701bcc8c7b933bf574a,5d1f7821af7542bc4023822f91b49d4112348583913d97950b243e908d59a241,44e2704,pilot-stage1-disease-r2,103,9000,,3eba5fa24d22e1a9,0.02,0,none,0.2,0.1,0,2,,,completed,extinction on day 109,426,399,27,0.27,54,5,14,50,109,109,0
7116cbff2dd146268d6f5aa2bd297f1c,5699295f05881381b4cfed8bd0a0a8311188f8ec8135242357da1e443fbb3a2e,44e2704,pilot-stage1-disease-r2,103,9000,,3eba5fa24d22e1a9,0.025,0,none,0.2,0.1,0,2,,,completed,extinction on day 114,552,522,30,0.29,58,5,26,38,114,114,0
c0bb973857cc489ea9e2ff4ae3cd61e6,f49dff4ac0ec47ba534b3906e8b22744af41be3e7e45c4a3d5db76ec3dd69fbd,44e2704,pilot-stage1-disease-r2,103,9000,,3eba5fa24d22e1a9,0.05,0,none,0.2,0.1,0,2,,,completed,extinction on day 96,967,923,44,0.995,199,20,58,53,96,96,0
665c7ae9a9c4489ca7d0a985dfab1551,871135a36e9bd95b55e64a77b857ab9423a6773e159dc85a951376691f3c2d22,44e2704,pilot-stage1-disease-r2,103,9000,,3eba5fa24d22e1a9,0.1,0,none,0.2,0.1,0,2,,,completed,extinction on day 71,1415,1336,79,1.0,200,20,75,30,71,71,0
a7a1eb9a6e8849398f0901d8a8ed714c,daaa101324d3b4aefbf099c8f26a41d918f15f09d8aa75a4ee3da249b5493807,44e2704,pilot-stage1-disease-r2,103,9001,,3eba5fa24d22e1a9,0.0,0,none,0.2,0.1,0,2,,,completed,extinction on day 29,0,0,0,0.05,10,1,9,5,29,29,0
868aa8f75f15400c8427a38c8b2de1d1,f9eb78745273621eb55cfc6dc943d207281b189fa38918f8834fc32108d0a907,44e2704,pilot-stage1-disease-r2,103,9001,,3eba5fa24d22e1a9,0.01,0,none,0.2,0.1,0,2,,,completed,extinction on day 56,111,108,3,0.09,18,2,10,5,56,56,0
e6f52ee669c54f1390865d94dcf6076e,debec1b6d3c21741dbf3dacef45c0d18d02c92649ef998aa74f86d955195f128,44e2704,pilot-stage1-disease-r2,103,9001,,3eba5fa24d22e1a9,0.02,0,none,0.2,0.1,0,2,,,completed,extinction on day 148,573,550,23,0.73,146,14,33,82,148,148,0
78e260aadc28437ea1a49971530a89ec,2bae6b34015e775b651097970c67a8c56f56e671fb2468bf99b6ee4872af8800,44e2704,pilot-stage1-disease-r2,103,9001,,3eba5fa24d22e1a9,0.025,0,none,0.2,0.1,0,2,,,completed,extinction on day 72,360,352,8,0.38,76,7,24,40,72,72,0
68695094c0634b0dbf315ec207031097,f44f1e6091020c72bb91067a77247f0beb80395055831157318382f2ac9d3413,44e2704,pilot-stage1-disease-r2,103,9001,,3eba5fa24d22e1a9,0.05,0,none,0.2,0.1,0,2,,,completed,extinction on day 69,691,679,12,0.76,152,15,63,21,69,69,0
7aa8adaf839a4f26ae4fceea634f95b7,e0eee4e6be551adfacb1f36f515de33b950cc1bb7c4bafb223045ec5f374e9a3,44e2704,pilot-stage1-disease-r2,103,9001,,3eba5fa24d22e1a9,0.1,0,none,0.2,0.1,0,2,,,completed,extinction on day 111,2201,2097,104,0.99,198,20,73,21,111,111,0
420d7bde802948a0a807720679ddb8f8,2bc636734f0322731be4b927f13cdb6581a7e2117c64aede1e52fba6b6393c3b,44e2704,pilot-stage1-disease-r2,103,9002,,3eba5fa24d22e1a9,0.0,0,none,0.2,0.1,0,2,,,completed,extinction on day 25,0,0,0,0.05,10,1,10,2,25,25,0
d980e944858e470882af3d69286ed141,83216cdf02b0b83932d4cff5a8869a3880260d97fc5974247c9eb522b4a5be8a,44e2704,pilot-stage1-disease-r2,103,9002,,3eba5fa24d22e1a9,0.01,0,none,0.2,0.1,0,2,,,completed,extinction on day 25,47,44,3,0.055,11,1,10,2,25,25,0
966458d8f7064822af1b3e02cf6a1163,8105044c0b2e64f02ecae83f29c18384a0de09f28c12a41bf77582898bd481f3,44e2704,pilot-stage1-disease-r2,103,9002,,3eba5fa24d22e1a9,0.02,0,none,0.2,0.1,0,2,,,completed,extinction on day 27,102,98,4,0.06,12,1,10,2,27,27,0
72f25801c630466a96470d09d79610e8,44105a0007f8f5ef136e522036b03d7ca0304978c19f3c9d6f2841311e6bb8a2,44e2704,pilot-stage1-disease-r2,103,9002,,3eba5fa24d22e1a9,0.025,0,none,0.2,0.1,0,2,,,completed,extinction on day 27,134,128,6,0.065,13,1,10,2,27,27,0
3aaa70119ec449f1a878e7e7b693e858,c342737817e19087695149e42c51a6cdff0a509ea0fb2001a6fbf13d69bb0f69,44e2704,pilot-stage1-disease-r2,103,9002,,3eba5fa24d22e1a9,0.05,0,none,0.2,0.1,0,2,,,completed,extinction on day 91,892,859,33,1.0,200,20,80,31,91,91,0
bfb5cc0fb62644afbcb32e5169190e97,679fc4bf179161c4aa3a29a451e76b3a9f5d8a4e0aaf2335a065bc182c25da5d,44e2704,pilot-stage1-disease-r2,103,9002,,3eba5fa24d22e1a9,0.1,0,none,0.2,0.1,0,2,,,completed,extinction on day 58,1103,1040,63,0.25,50,5,32,9,58,58,0
b6a422903f6b4d8a9cbcd73273f8b4a5,9c4741bdc47abdbc3a5c08e1b0dad7e5eceb4967f72ef7fc59030be5bda7acf5,44e2704,pilot-stage1-disease-r2,103,9003,,3eba5fa24d22e1a9,0.0,0,none,0.2,0.1,0,2,,,completed,extinction on day 1,0,0,0,0.005,1,1,1,0,1,1,0
5164927ffdfe43e5a92350e0cbba0711,437b502a5b93542c4916df684c36ba4619366a06994d0f3b4ba1a9bb34339786,44e2704,pilot-stage1-disease-r2,103,9003,,3eba5fa24d22e1a9,0.01,0,none,0.2,0.1,0,2,,,completed,extinction on day 1,3,3,0,0.005,1,1,1,0,1,1,0
61e23a63107d4b0f92aacffc50542cff,95a0604dfb5cdf5605efaa0a6900bed0e04708703434f62f1af4916e22c767f4,44e2704,pilot-stage1-disease-r2,103,9003,,3eba5fa24d22e1a9,0.02,0,none,0.2,0.1,0,2,,,completed,extinction on day 1,5,5,0,0.005,1,1,1,0,1,1,0
0bd459bb165e4b92ba638ebcdd3df445,0224ea0b5c769cb6cc4c003372425503b45fcfe302780075332976c1d30b9a9e,44e2704,pilot-stage1-disease-r2,103,9003,,3eba5fa24d22e1a9,0.025,0,none,0.2,0.1,0,2,,,completed,extinction on day 1,5,5,0,0.005,1,1,1,0,1,1,0
ffaf008fe7be4830906202e9945d4d10,f674376022e4f077ce26c9ba8e36a88a1cdffdd52d6b8b628fb950a06508b184,44e2704,pilot-stage1-disease-r2,103,9003,,3eba5fa24d22e1a9,0.05,0,none,0.2,0.1,0,2,,,completed,extinction on day 1,9,9,0,0.005,1,1,1,0,1,1,0
ee41cd3ee390489bbb937925e4c2276e,33928ed6b5d81ad0d4c5cabf4b955c31fe734b33d3268d4d0ae562f55c4f71aa,44e2704,pilot-stage1-disease-r2,103,9003,,3eba5fa24d22e1a9,0.1,0,none,0.2,0.1,0,2,,,completed,extinction on day 1,16,16,0,0.005,1,1,1,0,1,1,0
f19d6e8f82344f36a04406f81e97ff2b,685ed3a92a2632569b09794ecbec4f8935c4fb29d7520c95dbef39c98db09d8d,44e2704,pilot-stage1-disease-r2,103,9004,,3eba5fa24d22e1a9,0.0,0,none,0.2,0.1,0,2,,,completed,extinction on day 40,0,0,0,0.05,10,1,9,4,40,40,0
23a4295d0d7144ff8e633440f124084e,f209487b3c0ed9bc8117fac495afb70c6929d659f3c4e681d2132c62c60d6b41,44e2704,pilot-stage1-disease-r2,103,9004,,3eba5fa24d22e1a9,0.01,0,none,0.2,0.1,0,2,,,completed,extinction on day 43,84,82,2,0.115,23,2,11,4,43,43,0
2cd3dd8634984928ba4c9343ea2dfa51,cb5a121db639ca61352ab094f15764e38e604cbc9e398e04cbf22c36e4341ca3,44e2704,pilot-stage1-disease-r2,103,9004,,3eba5fa24d22e1a9,0.02,0,none,0.2,0.1,0,2,,,completed,extinction on day 82,351,332,19,0.56,112,10,37,39,82,82,0
2997769f710446cab742bb2a6d18d029,129c22dd6a1f5183f2e5ee8dcdbc543dbdaf7d199b8af48193271619e0d7dce8,44e2704,pilot-stage1-disease-r2,103,9004,,3eba5fa24d22e1a9,0.025,0,none,0.2,0.1,0,2,,,completed,extinction on day 115,610,550,60,0.68,136,15,31,51,115,115,0
65741f31808f4378935cb747942e1648,1c6b09ce664afbae005126acc887cd06ed6c13032dfda9688bddd2c90ed544c4,44e2704,pilot-stage1-disease-r2,103,9004,,3eba5fa24d22e1a9,0.05,0,none,0.2,0.1,0,2,,,completed,extinction on day 91,934,884,50,1.0,200,20,56,29,91,91,0
6f931e504c3244b5ae4b323d5f59b364,93674d34a120ff0d41044b4462e159dfb700c3840771aa99be1edd0c9836661f,44e2704,pilot-stage1-disease-r2,103,9004,,3eba5fa24d22e1a9,0.1,0,none,0.2,0.1,0,2,,,completed,extinction on day 85,1708,1613,95,1.0,200,20,57,22,85,85,0
991343f3b34047fca25039eef02eedb0,3bd0f672ab76f641af6605906f58e1062f19fac33db9108c4c38c1df5db7ca78,44e2704,pilot-stage1-disease-r2,103,9005,,3eba5fa24d22e1a9,0.0,0,none,0.2,0.1,0,2,,,completed,extinction on day 23,0,0,0,0.05,10,1,9,3,23,23,0
16fd0261eed64616b009d7d07a6b021f,7f2aeb94f37fa670130ee9e69e653bf3a7d25a2c2ca25872f6c9b358ea6a9533,44e2704,pilot-stage1-disease-r2,103,9005,,3eba5fa24d22e1a9,0.01,0,none,0.2,0.1,0,2,,,completed,extinction on day 74,160,150,10,0.245,49,5,20,48,74,74,0
95b8d7a480c34ca989db00f1ad299c81,5b6b182ace7f680f182b252636ca931f1dfe566b0cb97828f4ac626da02df753,44e2704,pilot-stage1-disease-r2,103,9005,,3eba5fa24d22e1a9,0.02,0,none,0.2,0.1,0,2,,,completed,extinction on day 122,524,504,20,0.5,100,10,26,76,122,122,0
183ebea35173478fbb78ab43bea429a1,ebe1d10d6ad1deb67c14d195c8d16418313248bc1ca1cdf44ee886763d444c1e,44e2704,pilot-stage1-disease-r2,103,9005,,3eba5fa24d22e1a9,0.025,0,none,0.2,0.1,0,2,,,completed,extinction on day 44,221,214,7,0.21,42,4,18,17,44,44,0
47f00f5afe50495dab0bd10f1e809f3c,0b06054e9eac62a1565668a3db3debc74ca993b3e529de4f4853e37ec0d8a9ce,44e2704,pilot-stage1-disease-r2,103,9005,,3eba5fa24d22e1a9,0.05,0,none,0.2,0.1,0,2,,,completed,extinction on day 102,1064,1018,46,0.99,198,20,49,16,102,102,0
3eca6395747a416eb7010c76b81c868e,ac24936f6cf7f2668df9142005857d594ff88c1350726395e907cfb17e4249c2,44e2704,pilot-stage1-disease-r2,103,9005,,3eba5fa24d22e1a9,0.1,0,none,0.2,0.1,0,2,,,completed,extinction on day 65,1289,1243,46,1.0,200,20,64,22,65,65,0
f102b15bd7bd4e3e9df4b5b6070536e2,d1738b360f5a1d927dff41a106435b0e77bc1b6c53c8c12112b4941276c05c95,44e2704,pilot-stage1-disease-r2,103,9006,,3eba5fa24d22e1a9,0.0,0,none,0.2,0.1,0,2,,,completed,extinction on day 1,0,0,0,0.005,1,1,1,0,1,1,0
6276e76865d24cfe8a08d75e48632432,739a2b33fc2b0b61241cb8971d78e215a84d8b949d690ee1172b34fb7a30bb4c,44e2704,pilot-stage1-disease-r2,103,9006,,3eba5fa24d22e1a9,0.01,0,none,0.2,0.1,0,2,,,completed,extinction on day 1,5,5,0,0.005,1,1,1,0,1,1,0
4a19ae745c26474a98f3e62d91b49c0a,8ee039f3533b8d228612f63e16b2548106365637b4ebea1e023d6f449d9c55e6,44e2704,pilot-stage1-disease-r2,103,9006,,3eba5fa24d22e1a9,0.02,0,none,0.2,0.1,0,2,,,completed,extinction on day 1,6,6,0,0.005,1,1,1,0,1,1,0
b6a1beb2457743c99113382c08a79b35,f49bf95f2a6f002bb2775a515d0377b13f145322ef0b397ab331e4f88229bb83,44e2704,pilot-stage1-disease-r2,103,9006,,3eba5fa24d22e1a9,0.025,0,none,0.2,0.1,0,2,,,completed,extinction on day 1,7,7,0,0.005,1,1,1,0,1,1,0
b45793b515ee4e33944a1ca2d26e5740,b9a65670371cafad044dcbacfdf19cf722dbaa12c1bad0f652c86dd6985412e4,44e2704,pilot-stage1-disease-r2,103,9006,,3eba5fa24d22e1a9,0.05,0,none,0.2,0.1,0,2,,,completed,extinction on day 1,14,14,0,0.005,1,1,1,0,1,1,0
5d5cc4693a74435890617b511fc0338f,b6d3b1936c3502f6ee1474fe3c88f7c5f0afb64ebe44e09b023c3bf7528e9ceb,44e2704,pilot-stage1-disease-r2,103,9006,,3eba5fa24d22e1a9,0.1,0,none,0.2,0.1,0,2,,,completed,extinction on day 1,19,19,0,0.005,1,1,1,0,1,1,0
4cfdf0d36b1843c8a8226e0b5e94aa00,591fadfcdd40aaae6fa95b346c799066a6de1438940b03c2c536d21fbdaf75f3,44e2704,pilot-stage1-disease-r2,103,9007,,3eba5fa24d22e1a9,0.0,0,none,0.2,0.1,0,2,,,completed,extinction on day 29,0,0,0,0.05,10,1,9,4,29,29,0
f5a2aa175fbe4d1cb04a49f0f78ff40b,b18b40cbc8f02ff7087b68e6102148b07fa6f0d932b967700e95f113aa216fbc,44e2704,pilot-stage1-disease-r2,103,9007,,3eba5fa24d22e1a9,0.01,0,none,0.2,0.1,0,2,,,completed,extinction on day 84,172,167,5,0.21,42,4,12,59,84,84,0
8b9965d2bf254242bb8da81b80efabdc,61b1d7430cac862ab00575f556530700bac62f33c96f200a72cf0526ab46bf34,44e2704,pilot-stage1-disease-r2,103,9007,,3eba5fa24d22e1a9,0.02,0,none,0.2,0.1,0,2,,,completed,extinction on day 74,283,268,15,0.29,58,5,20,21,74,74,0
7aa1913f832b4ad18cc8f3175bdb169d,87751338c81d85e2d93bbec205444ade89bc2b0b28c1a878930f48d03f0385c8,44e2704,pilot-stage1-disease-r2,103,9007,,3eba5fa24d22e1a9,0.025,0,none,0.2,0.1,0,2,,,completed,extinction on day 120,598,553,45,0.72,144,14,32,28,120,120,0
7e001f01505c41209641841d35f1e68a,185c8bc40aa32b1bc8ca5b33d9a1440b1353a26456b03a8b87f193eb096db6ee,44e2704,pilot-stage1-disease-r2,103,9007,,3eba5fa24d22e1a9,0.05,0,none,0.2,0.1,0,2,,,completed,extinction on day 123,1203,1176,27,0.995,199,20,52,51,123,123,0
0ee67f07e8474914abb5e2f6f22169a5,d5cdab8f695fe650100bb72e66a856a159bcad5d18f2f76cd1fc3195d8e51c21,44e2704,pilot-stage1-disease-r2,103,9007,,3eba5fa24d22e1a9,0.1,0,none,0.2,0.1,0,2,,,completed,extinction on day 85,1723,1631,92,0.995,199,20,68,13,85,85,0
acf24f5666cd43779de71ed6b6747001,6af60904934b7afe9e16a02060509d8e6abb2ccd98e144adcb057ac2d1dfeb30,44e2704,pilot-stage1-disease-r2,103,9008,,3eba5fa24d22e1a9,0.0,0,none,0.2,0.1,0,2,,,completed,extinction on day 38,0,0,0,0.05,10,1,8,4,38,38,0
2ba2de1fc0d84a30959eafe21f6c8154,8535795023b4994e99a40594896ea6ce88f6811118b502d017150a2bac296e40,44e2704,pilot-stage1-disease-r2,103,9008,,3eba5fa24d22e1a9,0.01,0,none,0.2,0.1,0,2,,,completed,extinction on day 91,199,191,8,0.415,83,8,24,68,91,91,0
6823efe362e94564b9dd590bafa0ecfd,28487cc98fc77dbe6d95eee67ecce7b719749342d1a6c57622e38f5d3b8656c6,44e2704,pilot-stage1-disease-r2,103,9008,,3eba5fa24d22e1a9,0.02,0,none,0.2,0.1,0,2,,,completed,extinction on day 87,367,353,14,0.2,40,3,17,39,87,87,0
f9eff4b7df774239b9c5090de5b36263,897d23fa69cc218624728c1e867fc93c481bcdb8bc2469fb9a1bb929a86a7a06,44e2704,pilot-stage1-disease-r2,103,9008,,3eba5fa24d22e1a9,0.025,0,none,0.2,0.1,0,2,,,completed,extinction on day 114,583,558,25,0.945,189,18,53,64,114,114,0
d275b9f016f7435eb103f06e704c9f60,bea9dc22a63da9367cd9e30d50d5f6715c667e4b4c87ed7856992b1ef01a6a6e,44e2704,pilot-stage1-disease-r2,103,9008,,3eba5fa24d22e1a9,0.05,0,none,0.2,0.1,0,2,,,completed,extinction on day 76,753,717,36,0.79,158,15,63,29,76,76,0
a79038b8bece4b3498bfb65502d590d9,715fd819611445ad76a6187bb6c071aa5cbbe59daba874e0b678df67656cdcc6,44e2704,pilot-stage1-disease-r2,103,9008,,3eba5fa24d22e1a9,0.1,0,none,0.2,0.1,0,2,,,completed,extinction on day 67,1372,1305,67,1.0,200,20,90,20,67,67,0
462d4e4f2cf74a9a9f31fa94a125b193,0f75f1a03947355d92d0e3a0c460adedb24efdc27d0990f8e9ade69abb5d710e,44e2704,pilot-stage1-disease-r2,103,9009,,3eba5fa24d22e1a9,0.0,0,none,0.2,0.1,0,2,,,completed,extinction on day 29,0,0,0,0.05,10,1,8,3,29,29,0
1677dfe18d5c42f9b0604f4db0cdaf5b,72f972b11fbdf0f596ad977d26e1d8c45267daa699d954648b62fb6dffdec72e,44e2704,pilot-stage1-disease-r2,103,9009,,3eba5fa24d22e1a9,0.01,0,none,0.2,0.1,0,2,,,completed,extinction on day 38,75,75,0,0.075,15,1,9,4,38,38,0
aa5fa8763058409fa54cd37a5a4e3cff,09d0e9b394a688e9ba07b2029185173c782d7441ef4cbd1570e8d5b145509823,44e2704,pilot-stage1-disease-r2,103,9009,,3eba5fa24d22e1a9,0.02,0,none,0.2,0.1,0,2,,,completed,extinction on day 95,391,370,21,0.255,51,5,25,8,95,95,0
08111064a6c845a1b8dd8aa79164b50f,48bd78655fa694bce2bd81358918ff0d4f8e9adb08f35e46f48a8525213d1a90,44e2704,pilot-stage1-disease-r2,103,9009,,3eba5fa24d22e1a9,0.025,0,none,0.2,0.1,0,2,,,completed,extinction on day 101,503,481,22,0.34,68,6,25,8,101,101,0
70a2cf1125e44817aa902541d6238e9e,156a392a70ac2ec56cb306d5b2024b7c97e780aa87c3cb793c3a07e5be52ae96,44e2704,pilot-stage1-disease-r2,103,9009,,3eba5fa24d22e1a9,0.05,0,none,0.2,0.1,0,2,,,completed,extinction on day 78,772,747,25,1.0,200,20,67,16,78,78,0
570f15f33b2f41dc8920e3dbd4a42ccd,4c5f98fb5126f1f6c08999c016e6395a1e7e81e92e5f509fc282c44a115b7a7e,44e2704,pilot-stage1-disease-r2,103,9009,,3eba5fa24d22e1a9,0.1,0,none,0.2,0.1,0,2,,,completed,extinction on day 78,1582,1481,101,1.0,200,20,75,30,78,78,0
e3ed7f876a174856922e5da9d60cc4c3,f897a622d7727c7f9cd1f032c4db194977fbcb16d8c2a6dd1f085632e75d3f0c,44e2704,pilot-stage1-disease-r2,104,9000,,bc0241eae73e5142,0.0,0,none,0.2,0.1,0,2,,,completed,extinction on day 35,0,0,0,0.05,10,1,9,5,35,35,0
f083b03c65ee4e5a8f31ecef43498d80,a60aac27099deb781828b3ef29bf63c7403cad5ec34d3a684d0ec060edb33125,44e2704,pilot-stage1-disease-r2,104,9000,,bc0241eae73e5142,0.01,0,none,0.2,0.1,0,2,,,completed,extinction on day 53,103,94,9,0.11,22,2,11,6,53,53,0
83f443ce5cc943ea95520a16aad66912,5d59e1cce7b6f170e1c1661bfa129a134a73390ea8c479227b152a1b2e0fac08,44e2704,pilot-stage1-disease-r2,104,9000,,bc0241eae73e5142,0.02,0,none,0.2,0.1,0,2,,,completed,extinction on day 67,278,251,27,0.235,47,4,19,17,67,67,0
013e17a3c46e4429a2c2ff5cc1460988,01f8b5bd6c76122b6fb774126395ecef0acbf246eca287ab3ed7f7637c9a368e,44e2704,pilot-stage1-disease-r2,104,9000,,bc0241eae73e5142,0.025,0,none,0.2,0.1,0,2,,,completed,extinction on day 71,351,315,36,0.605,121,11,41,40,71,71,0
40d47c77ee5f48f9ad2b918ffd099615,bc4375dd035da7c185a3a55cfc9e9239fb493afe365eb88058a9653b764c5885,44e2704,pilot-stage1-disease-r2,104,9000,,bc0241eae73e5142,0.05,0,none,0.2,0.1,0,2,,,completed,extinction on day 96,967,881,86,0.99,198,19,50,44,96,96,0
d139c1918e504dfb8700d00d7ddd6df4,53b5d4d2ab930b5eb1ee925deebfc4994e5b85e35a7bfc198614c0432f3ab848,44e2704,pilot-stage1-disease-r2,104,9000,,bc0241eae73e5142,0.1,0,none,0.2,0.1,0,2,,,completed,extinction on day 62,1248,1150,98,1.0,200,20,74,25,62,62,0
8de07f7b7c3b49b39adc14906788b3d4,f04ad81feca6f3c274e347c632bc73ce725454ee07efbcfd7184db8ab8c0ffda,44e2704,pilot-stage1-disease-r2,104,9001,,bc0241eae73e5142,0.0,0,none,0.2,0.1,0,2,,,completed,extinction on day 29,0,0,0,0.05,10,1,9,5,29,29,0
b72cd0682eaf45b0983f23185e4c9a04,4dd22373b9747edd87eb028c0102c3f041641c00f165a526590aeebb2c76271f,44e2704,pilot-stage1-disease-r2,104,9001,,bc0241eae73e5142,0.01,0,none,0.2,0.1,0,2,,,completed,extinction on day 68,134,118,16,0.15,30,3,11,20,68,68,0
df8cbd841fb44debbfe15394c36b440d,3205efb70bb664a185deb05bc30bff335e3b91c4706cebb8d47edc92b7524b3b,44e2704,pilot-stage1-disease-r2,104,9001,,bc0241eae73e5142,0.02,0,none,0.2,0.1,0,2,,,completed,extinction on day 134,535,491,44,0.48,96,9,23,59,134,134,0
31fbecbf1d3a4339bef529050de47bdb,8e2ccd2dec2c76c9485603c0c8870c7b5212da6061ece00263766afbca787504,44e2704,pilot-stage1-disease-r2,104,9001,,bc0241eae73e5142,0.025,0,none,0.2,0.1,0,2,,,completed,extinction on day 132,672,626,46,0.725,145,12,33,73,132,132,0
3176b6666d6e41899281021ba23f8315,9101e5560cfc09a771771408a4e0248d8253120aac98b5ec2ba6d9fc50e681df,44e2704,pilot-stage1-disease-r2,104,9001,,bc0241eae73e5142,0.05,0,none,0.2,0.1,0,2,,,completed,extinction on day 80,815,748,67,0.97,194,19,53,37,80,80,0
3ef43a7a7772490683190cfe7cb75c18,f6488487b4fe53938bf13ff34a6d148ac255fa82ee1b0f2b01c5790c2832f93b,44e2704,pilot-stage1-disease-r2,104,9001,,bc0241eae73e5142,0.1,0,none,0.2,0.1,0,2,,,completed,extinction on day 69,1399,1273,126,1.0,200,20,106,18,69,69,0
c12f6b057fc643fc85c1bea6093facfb,9bb1a8b666e20af18baefb775354c8d777da000197a3633a23b9f66993e96cfc,44e2704,pilot-stage1-disease-r2,104,9002,,bc0241eae73e5142,0.0,0,none,0.2,0.1,0,2,,,completed,extinction on day 25,0,0,0,0.05,10,1,10,2,25,25,0
bf7e9cdfa23c415f8e73be9540ea0dd4,f785f3ba18a592cd7e37214f05bc1c8b264f7d43b2784e75c1bf1392a2b8407f,44e2704,pilot-stage1-disease-r2,104,9002,,bc0241eae73e5142,0.01,0,none,0.2,0.1,0,2,,,completed,extinction on day 25,47,45,2,0.06,12,1,11,2,25,25,0
489801590ade4030bcca45dad5ea634a,bb31dd20d176a1ab4eebfa9fef6f0df969050757a914dae3d8b443ddc7e39932,44e2704,pilot-stage1-disease-r2,104,9002,,bc0241eae73e5142,0.02,0,none,0.2,0.1,0,2,,,completed,extinction on day 50,179,171,8,0.075,15,2,11,2,50,50,0
3f5dcbf435bc454c9816a8ae9545b377,7cd711d5d16af4b020c2d5e016c9cc563fe0a8467c8d277ec3cb7f600edd65d8,44e2704,pilot-stage1-disease-r2,104,9002,,bc0241eae73e5142,0.025,0,none,0.2,0.1,0,2,,,completed,extinction on day 54,248,235,13,0.075,15,1,11,2,54,54,0
5af1216889ab465086abadcd46d670ad,a38dd7af266fedcc8c630e6f11f8e1f2dd4f04968da914646725b94a37c405ce,44e2704,pilot-stage1-disease-r2,104,9002,,bc0241eae73e5142,0.05,0,none,0.2,0.1,0,2,,,completed,extinction on day 73,720,672,48,1.0,200,20,93,19,73,73,0
9c4fc07b7c274107a0c69dcd10a3e8dc,069dda330cb0f5685b5cd904c3891c2bacd36a96f45c8ce8de5edaba30ecf955,44e2704,pilot-stage1-disease-r2,104,9002,,bc0241eae73e5142,0.1,0,none,0.2,0.1,0,2,,,completed,extinction on day 60,1144,1049,95,1.0,200,20,105,10,60,60,0
831a6b7e64c54762b3d27adb34784e75,fd8279b1dfd7587a3128be348f6da18b54f606b20835d174803bd2c826d0c551,44e2704,pilot-stage1-disease-r2,104,9003,,bc0241eae73e5142,0.0,0,none,0.2,0.1,0,2,,,completed,extinction on day 1,0,0,0,0.005,1,1,1,0,1,1,0
ec080ddfdff142cba4d9eea195ac8b29,ee4ce5dab5316372128a25a128d0c3c0c1331c544633baf030574c6c870c9df2,44e2704,pilot-stage1-disease-r2,104,9003,,bc0241eae73e5142,0.01,0,none,0.2,0.1,0,2,,,completed,extinction on day 1,3,3,0,0.005,1,1,1,0,1,1,0
492192e47ae944f8a8afe93d7444fff3,13673f4bedd234d07af06f8649aaa458876358b6a483ddc5ba2bde807c698dd3,44e2704,pilot-stage1-disease-r2,104,9003,,bc0241eae73e5142,0.02,0,none,0.2,0.1,0,2,,,completed,extinction on day 1,5,5,0,0.005,1,1,1,0,1,1,0
098a2d8eb74f42ea951977359ab15148,ab0d86af45b589a0b56aafcbac26bc9a9ff0059f77d8fe7b3eb22b06a901cc86,44e2704,pilot-stage1-disease-r2,104,9003,,bc0241eae73e5142,0.025,0,none,0.2,0.1,0,2,,,completed,extinction on day 1,5,5,0,0.005,1,1,1,0,1,1,0
5639680eb6d547e0a09c8d3600420d8e,a848b25425263aec2291cac748bc6c77fa9afb9442424dbac66f1acb992d46e5,44e2704,pilot-stage1-disease-r2,104,9003,,bc0241eae73e5142,0.05,0,none,0.2,0.1,0,2,,,completed,extinction on day 1,9,9,0,0.005,1,1,1,0,1,1,0
42d7d643381f43649bc2c4ce291429df,3ae708ac966d14d38a62497feb0311274fb76c9dca2de9c630e62bb4d9ebd6e3,44e2704,pilot-stage1-disease-r2,104,9003,,bc0241eae73e5142,0.1,0,none,0.2,0.1,0,2,,,completed,extinction on day 1,16,16,0,0.005,1,1,1,0,1,1,0
2964a803081c42179da3547aa147ef04,8fe3b19db9752eb548ac5e7cd2707545c02140d1f8f5283479716ef176e8ab50,44e2704,pilot-stage1-disease-r2,104,9004,,bc0241eae73e5142,0.0,0,none,0.2,0.1,0,2,,,completed,extinction on day 40,0,0,0,0.05,10,1,9,4,40,40,0
182405bee47a429db5f60305a747c499,cfdbbd3697ed37493f854cc23865d3110a4ed7e3ce5f89b029c343dd08fa2aa1,44e2704,pilot-stage1-disease-r2,104,9004,,bc0241eae73e5142,0.01,0,none,0.2,0.1,0,2,,,completed,extinction on day 51,106,103,3,0.125,25,2,13,17,51,51,0
a86c91a7f9554391952a7017b927fe53,26dedb4076f75e25cceb46ed04e892123ad904cbdba0cd81e1b6fea2fcc9e668,44e2704,pilot-stage1-disease-r2,104,9004,,bc0241eae73e5142,0.02,0,none,0.2,0.1,0,2,,,completed,extinction on day 85,363,343,20,0.395,79,7,25,21,85,85,0
1a81140e7f9e4231a205794a00d5ad39,30f12bb8adac76f99738f0244d64b4c7cde8c846d303210f4e4eafa97fa7c824,44e2704,pilot-stage1-disease-r2,104,9004,,bc0241eae73e5142,0.025,0,none,0.2,0.1,0,2,,,completed,extinction on day 116,618,575,43,0.825,165,16,36,40,116,116,0
165cd4ea8da34a30a5ea62447f67a1c0,2a02fd8e36a049354fa14339b1d949f1f55407e93c5f45bde1b9ea8844719566,44e2704,pilot-stage1-disease-r2,104,9004,,bc0241eae73e5142,0.05,0,none,0.2,0.1,0,2,,,completed,extinction on day 85,871,815,56,0.995,199,20,55,33,85,85,0
5589d4cd5af04593adfe20395c87157b,39ef525ea91366abcb8b0f0befd4e55890f91122dfa755ca94f00e314ec2e613,44e2704,pilot-stage1-disease-r2,104,9004,,bc0241eae73e5142,0.1,0,none,0.2,0.1,0,2,,,completed,extinction on day 85,1708,1565,143,1.0,200,20,110,13,85,85,0
19939ae73b3447789aacb5c7eef4903c,0a4e226aa1dc16d1e28a33318277a08d5a6bc8f1fecaf3e477256438ab573b0d,44e2704,pilot-stage1-disease-r2,104,9005,,bc0241eae73e5142,0.0,0,none,0.2,0.1,0,2,,,completed,extinction on day 23,0,0,0,0.05,10,1,9,3,23,23,0
5f1b453d372541a1937df80003ee745e,a608f19b24f95c6868f7ce3038451003b304221b07b1c64161793106b93b555e,44e2704,pilot-stage1-disease-r2,104,9005,,bc0241eae73e5142,0.01,0,none,0.2,0.1,0,2,,,completed,extinction on day 64,136,131,5,0.17,34,3,14,22,64,64,0
5f329b2e6527441ab7545fddda88c343,6e86818356a9b200f039bd804c6a75bcdf0985b38db92cb28f2e22fecb08a15f,44e2704,pilot-stage1-disease-r2,104,9005,,bc0241eae73e5142,0.02,0,none,0.2,0.1,0,2,,,completed,extinction on day 44,184,171,13,0.22,44,4,17,22,44,44,0
2e4f57f897db4576980d1deaa8529a13,0d3bcc4b9edd31444c23aba6db8c55429cddeff0487c6288a610dbb3a47c9452,44e2704,pilot-stage1-disease-r2,104,9005,,bc0241eae73e5142,0.025,0,none,0.2,0.1,0,2,,,completed,extinction on day 27,129,119,10,0.095,19,2,9,4,27,27,0
95afabd7b88548a18994046870c516b3,ac905b368feb8553022f793f760c5eb5c8a1c9c93544a0f5221a1f4e4e2ffc29,44e2704,pilot-stage1-disease-r2,104,9005,,bc0241eae73e5142,0.05,0,none,0.2,0.1,0,2,,,completed,extinction on day 107,1113,1021,92,0.96,192,19,34,65,107,107,0
7dcbfcf938c4424f9b53668d0ee7f779,97b5ee8c5071963d3eb095bc11e5baf838ff50a47ac1b5b748a3cee3b9476e53,44e2704,pilot-stage1-disease-r2,104,9005,,bc0241eae73e5142,0.1,0,none,0.2,0.1,0,2,,,completed,extinction on day 65,1289,1204,85,1.0,200,20,82,19,65,65,0
25c5f3f774114eee814b82845463fe01,d6c934a1e8584e74ed49fcf053cc7efe1640725c2c26335f7817be6c18305b7a,44e2704,pilot-stage1-disease-r2,104,9006,,bc0241eae73e5142,0.0,0,none,0.2,0.1,0,2,,,completed,extinction on day 1,0,0,0,0.005,1,1,1,0,1,1,0
125c26a6d4be4a739a3c2e6d784307c9,e2c3aa46d7cd463720565af3bef56b05fd44b1f9eeb997af19687c925e18f1dc,44e2704,pilot-stage1-disease-r2,104,9006,,bc0241eae73e5142,0.01,0,none,0.2,0.1,0,2,,,completed,extinction on day 1,5,5,0,0.005,1,1,1,0,1,1,0
0a7d2536d3e841198c173135d7e76021,b73f4e6d66821b873b454657239dd1f616b4579e355570361754628f0c29f6a0,44e2704,pilot-stage1-disease-r2,104,9006,,bc0241eae73e5142,0.02,0,none,0.2,0.1,0,2,,,completed,extinction on day 1,6,6,0,0.005,1,1,1,0,1,1,0
3b84e7b947ba4c2fbf68e6226268949f,999bd2f46a609cdb18700fd31d2c2899dd343f84f6438569c9fe3b7f91e631f6,44e2704,pilot-stage1-disease-r2,104,9006,,bc0241eae73e5142,0.025,0,none,0.2,0.1,0,2,,,completed,extinction on day 1,7,7,0,0.005,1,1,1,0,1,1,0
a6395bfc50a341c1a2a77c38b8990ad5,cafcfce88f00bb4a226e8cdb095f4c76ccb91c7230f12236a5109e028056e1b2,44e2704,pilot-stage1-disease-r2,104,9006,,bc0241eae73e5142,0.05,0,none,0.2,0.1,0,2,,,completed,extinction on day 1,14,14,0,0.005,1,1,1,0,1,1,0
0aa98f99ecc54bba859f2314e907bb3d,412230bd5a37c4deb101574bc7b87a3257abcd6d357d4740c4c41e3d3d9bf91c,44e2704,pilot-stage1-disease-r2,104,9006,,bc0241eae73e5142,0.1,0,none,0.2,0.1,0,2,,,completed,extinction on day 1,19,19,0,0.005,1,1,1,0,1,1,0
fa44576993f1482cb6ff71831868156d,4498a9f3f23d1f8aee11dbf279bf94ab4588b6c009ac1548f722030b91ecd8eb,44e2704,pilot-stage1-disease-r2,104,9007,,bc0241eae73e5142,0.0,0,none,0.2,0.1,0,2,,,completed,extinction on day 29,0,0,0,0.05,10,1,9,4,29,29,0
bb3441aceb25418f8a5be121ec9f6185,d19dda5625f730a771eeb3d1fd33d91b79680d1b100562b38833b1ab999da757,44e2704,pilot-stage1-disease-r2,104,9007,,bc0241eae73e5142,0.01,0,none,0.2,0.1,0,2,,,completed,extinction on day 41,76,70,6,0.095,19,2,11,12,41,41,0
2aba61f478ff42f6bfead54136e3ba7e,033eec31e14d2e81cf4bc3c2b0a05d723af5531e05d054b89652d11a0cea38ae,44e2704,pilot-stage1-disease-r2,104,9007,,bc0241eae73e5142,0.02,0,none,0.2,0.1,0,2,,,completed,extinction on day 74,283,272,11,0.165,33,3,18,7,74,74,0
4a6b59323aa3493d8a81e47938abef23,61e9dc680e89386e273f855ecb2b52b7ef87dfc0f8f1fe6ac1c65fb325f2f652,44e2704,pilot-stage1-disease-r2,104,9007,,bc0241eae73e5142,0.025,0,none,0.2,0.1,0,2,,,completed,extinction on day 46,216,203,13,0.125,25,2,13,8,46,46,0
d7aa2db3218f4104b246b236ba3434d1,8376478a8b1c24624f7180c77c77228b827c8edbbd57ae146c5dfe75a4c69a75,44e2704,pilot-stage1-disease-r2,104,9007,,bc0241eae73e5142,0.05,0,none,0.2,0.1,0,2,,,completed,extinction on day 120,1173,1075,98,1.0,200,20,72,24,120,120,0
d409e5720e3945ac865771ea63b4c101,e3d621b8930ab0d9fd945ff985428062f2fb489b64e874b2419b4b52321c8cf4,44e2704,pilot-stage1-disease-r2,104,9007,,bc0241eae73e5142,0.1,0,none,0.2,0.1,0,2,,,completed,extinction on day 85,1723,1581,142,0.975,195,19,60,28,85,85,0
5b3d580e8c614bea883766a2c7cf7ae8,3f747fcca385a1c4367e50e5e090e14ca0a77d600fe8f3eff707310f1cdcff41,44e2704,pilot-stage1-disease-r2,104,9008,,bc0241eae73e5142,0.0,0,none,0.2,0.1,0,2,,,completed,extinction on day 38,0,0,0,0.05,10,1,8,4,38,38,0
7679a3caa5cc4d0da58cd981669325f2,fcb5faaccb0a828d85fc647129c3f0782004bed4e67c56b963946ceecf8584ad,44e2704,pilot-stage1-disease-r2,104,9008,,bc0241eae73e5142,0.01,0,none,0.2,0.1,0,2,,,completed,extinction on day 100,220,201,19,0.365,73,7,18,66,100,100,0
eee2ba515ad547acbda5043e94c0ecc1,d2ba52809ed12f156ab45b7e9da5340b667883ce50eefaa5fcee1f50bcdb8c18,44e2704,pilot-stage1-disease-r2,104,9008,,bc0241eae73e5142,0.02,0,none,0.2,0.1,0,2,,,completed,extinction on day 97,412,381,31,0.755,151,15,34,29,97,97,0
ea74c40efd3e48be9473841260ee2628,cc6820ef00cfa9f1c4af561f8273d3b6d7d6ae93919d25cc722e6d09ae6c9088,44e2704,pilot-stage1-disease-r2,104,9008,,bc0241eae73e5142,0.025,0,none,0.2,0.1,0,2,,,completed,extinction on day 134,684,628,56,0.79,158,14,64,27,134,134,0
632f547cca6d403e8e2117a87f1a3b08,276c1b6fad8a432365094e6b20ab378416399abd423df5697cad9c14eabdca14,44e2704,pilot-stage1-disease-r2,104,9008,,bc0241eae73e5142,0.05,0,none,0.2,0.1,0,2,,,completed,extinction on day 77,763,719,44,1.0,200,20,73,23,77,77,0
1fe07953b6fa4cdab1b6091c01cbf4cd,bcc1aa310f042bbb5bb01dfdb119a7a141311a0a0ac164cfcbe3c9e37c4a0a30,44e2704,pilot-stage1-disease-r2,104,9008,,bc0241eae73e5142,0.1,0,none,0.2,0.1,0,2,,,completed,extinction on day 76,1534,1433,101,1.0,200,20,102,23,76,76,0
91e610028fe546568209acde1d8cdf96,d9172bc5200f9f825ae36824d26979cf67f787e458a1d9516a97e1a5af0704bf,44e2704,pilot-stage1-disease-r2,104,9009,,bc0241eae73e5142,0.0,0,none,0.2,0.1,0,2,,,completed,extinction on day 29,0,0,0,0.05,10,1,8,3,29,29,0
7c8c25c47ff942078d04a1db2eb33288,5be8673177d14d0717d34c1dec9635a5c1f2e3d2ba4b143e2b75a3c3689a6d44,44e2704,pilot-stage1-disease-r2,104,9009,,bc0241eae73e5142,0.01,0,none,0.2,0.1,0,2,,,completed,extinction on day 29,53,52,1,0.065,13,1,9,4,29,29,0
6e282e45312840f8a9be716903c5cf3b,f54688c5aa10920b53a9b9d684ee1b3a4d03d2f71d37dfc8086695e2b87ba4de,44e2704,pilot-stage1-disease-r2,104,9009,,bc0241eae73e5142,0.02,0,none,0.2,0.1,0,2,,,completed,extinction on day 34,136,128,8,0.155,31,3,14,6,34,34,0
81b0c1f044a7403595c03b0067af7aca,f165a7588dd86bab382d5d1d45b0048812e050c5d317eb5c197b1de98b823140,44e2704,pilot-stage1-disease-r2,104,9009,,bc0241eae73e5142,0.025,0,none,0.2,0.1,0,2,,,completed,extinction on day 177,895,825,70,0.84,168,17,23,124,177,177,0
f397c3897db443138c9920b5db45dc40,b286101c985694e955468721caaa2ab43b45e0ccade719aecd62c5f26a7ba36d,44e2704,pilot-stage1-disease-r2,104,9009,,bc0241eae73e5142,0.05,0,none,0.2,0.1,0,2,,,completed,extinction on day 91,922,850,72,1.0,200,20,78,28,91,91,0
d266b708ce5249bf81ded2b3d74f7f93,c61bc61162e8b3d73e73d6d8f206b5d5b7f10ac45455f0974131b74f12f667dd,44e2704,pilot-stage1-disease-r2,104,9009,,bc0241eae73e5142,0.1,0,none,0.2,0.1,0,2,,,completed,extinction on day 78,1582,1430,152,0.985,197,19,68,28,78,78,0
6e822dcc00994872a0efbbf4648390a8,5c4690c9a073a0c3eb873bbe970bb92d9bd14e666e359319e1b1e11f8546068a,44e2704,pilot-stage1-disease-r2,100,9000,,ecc984f043b744b6,0.0,0,none,0.2,0.2,0,2,,,completed,extinction on day 19,0,0,0,0.05,10,1,7,3,19,19,0
c9e7cd0af2074cfeb563908c4f1fa713,9d22b1470fb8ee1c63948dc2e47edea8b4c41220c40daaca0985f6fb185fe467,44e2704,pilot-stage1-disease-r2,100,9000,,ecc984f043b744b6,0.01,0,none,0.2,0.2,0,2,,,completed,extinction on day 19,43,41,2,0.05,10,1,7,3,19,19,0
9bfb92da1edd45f986b1e7142a6600a4,c22c78ec859e6cad0b8873e3432ec1b70170fe5c6fc9721ddde6c559f83d7c22,44e2704,pilot-stage1-disease-r2,100,9000,,ecc984f043b744b6,0.02,0,none,0.2,0.2,0,2,,,completed,extinction on day 27,104,84,20,0.165,33,3,16,11,27,27,0
037575d1893c40c9a641774757dea03a,0bbed7317a4c63fcab3de8f3332f1e708cf76ac5bf96de139bde58ed8f2d12c0,44e2704,pilot-stage1-disease-r2,100,9000,,ecc984f043b744b6,0.025,0,none,0.2,0.2,0,2,,,completed,extinction on day 40,200,169,31,0.215,43,4,16,11,40,40,0
f0f11460a3554c1483485d8cf17fff42,991c3c996580381481251662365483c4241edc97dbd335a609825b7bee187ff0,44e2704,pilot-stage1-disease-r2,100,9000,,ecc984f043b744b6,0.05,0,none,0.2,0.2,0,2,,,completed,extinction on day 40,416,351,65,0.205,41,4,14,9,40,40,0
65af2b7b02d84d259e5da594fba9ad12,525af9698f96b5476d41a50502739cd9eb564a96dd9cb2d9f73473313cef87b1,44e2704,pilot-stage1-disease-r2,100,9000,,ecc984f043b744b6,0.1,0,none,0.2,0.2,0,2,,,completed,extinction on day 44,897,797,100,0.315,63,6,16,9,44,44,0
8f05c153ff4f4a4285c01385b716f762,6c414bd5a8c6363e822b7f6a85fabff0a21705d3b0651713ebc523a35effe20b,44e2704,pilot-stage1-disease-r2,100,9001,,ecc984f043b744b6,0.0,0,none,0.2,0.2,0,2,,,completed,extinction on day 24,0,0,0,0.05,10,1,9,5,24,24,0
2cf8e9ebf9a74be593ea4a6da0ab38bc,cd38772f22d29e58c6aaf831edaa3eea5bd800efb75ab2d8d817ace9b511215f,44e2704,pilot-stage1-disease-r2,100,9001,,ecc984f043b744b6,0.01,0,none,0.2,0.2,0,2,,,completed,extinction on day 32,61,56,5,0.105,21,2,9,5,32,32,0
29db474fa3ae4847b007cdc6a421c41e,19d86dd28f4bfb3905c12a299a9bb6738a0b5a0ccdea4cbfe07597301af8590c,44e2704,pilot-stage1-disease-r2,100,9001,,ecc984f043b744b6,0.02,0,none,0.2,0.2,0,2,,,completed,extinction on day 48,185,162,23,0.135,27,2,10,20,48,48,0
a9b5a02c40fc430c973325b984235e5f,62395b754fdb52d19516f57fdd9963deec570e3d0870833c8f4b6a5b8bbb7bb8,44e2704,pilot-stage1-disease-r2,100,9001,,ecc984f043b744b6,0.025,0,none,0.2,0.2,0,2,,,completed,extinction on day 44,218,183,35,0.165,33,3,11,21,44,44,0
ef5b62f9bcf74471b236497f6bc1c600,c2b0d4f2bf9ae04d8e12afa40feb7e72a638d160c0d90d5303957b71ad79b15a,44e2704,pilot-stage1-disease-r2,100,9001,,ecc984f043b744b6,0.05,0,none,0.2,0.2,0,2,,,completed,extinction on day 48,482,410,72,0.21,42,4,13,7,48,48,0
4eba2929993b4b3fa39dd8f38a6a350d,311c0e7a3af1e64a15b59843c633d829ef1e6d131a6427eb14c4773506903396,44e2704,pilot-stage1-disease-r2,100,9001,,ecc984f043b744b6,0.1,0,none,0.2,0.2,0,2,,,completed,extinction on day 59,1206,1071,135,0.99,198,20,54,18,59,59,0
afd4d6654f1f4cd0900239f3b9cef23b,233b7f8635e496c259a5954bdc18474147db9cea684a19b41dcaa6c681cdb49e,44e2704,pilot-stage1-disease-r2,100,9002,,ecc984f043b744b6,0.0,0,none,0.2,0.2,0,2,,,completed,extinction on day 15,0,0,0,0.05,10,1,10,2,15,15,0
211020b53a8e4135900482d580a8ba71,6cd33cf5f29fcdc59983bdc9585808dce673f238dc630bb8ea1291d2adf31f44,44e2704,pilot-stage1-disease-r2,100,9002,,ecc984f043b744b6,0.01,0,none,0.2,0.2,0,2,,,completed,extinction on day 17,25,24,1,0.06,12,1,11,2,17,17,0
b2c0d83479eb49a690016e3b972270bf,dc56cf5c2331b8e765dbd2629a55f7ef057e641a08136f16aa65e0181bb0a019,44e2704,pilot-stage1-disease-r2,100,9002,,ecc984f043b744b6,0.02,0,none,0.2,0.2,0,2,,,completed,extinction on day 28,105,92,13,0.07,14,1,11,2,28,28,0
9921060437364abd895d2e2b1ef804c0,8902b6b04cb4fee74afcc9b625b9aac1d6076f3590aed2448da6f5d97948bec5,44e2704,pilot-stage1-disease-r2,100,9002,,ecc984f043b744b6,0.025,0,none,0.2,0.2,0,2,,,completed,extinction on day 17,68,62,6,0.065,13,1,11,2,17,17,0
9bf028147905464bbc618fbb3b1d42a6,29abb35f18e575573373dfc3514ba33eef054de2bf2a11f812f8d87c960c52c0,44e2704,pilot-stage1-disease-r2,100,9002,,ecc984f043b744b6,0.05,0,none,0.2,0.2,0,2,,,completed,extinction on day 45,449,407,42,0.35,70,7,21,8,45,45,0
e9f3889e628d42f49f49951f0d11e4ef,338e2f106df7ac26bf764d54b3e2e4ae3230be23e5c9aba47d4eaee9d75e77cd,44e2704,pilot-stage1-disease-r2,100,9002,,ecc984f043b744b6,0.1,0,none,0.2,0.2,0,2,,,completed,extinction on day 48,934,836,98,1.0,200,20,65,13,48,48,0
bcd9cc5ef61c4d289b9e6955e85d7bd7,5b5b6b99dd5673c7545b89cb3d2973acf97ed627773e35e1e932fc7bb90c5500,44e2704,pilot-stage1-disease-r2,100,9003,,ecc984f043b744b6,0.0,0,none,0.2,0.2,0,2,,,completed,extinction on day 1,0,0,0,0.005,1,1,1,0,1,1,0
75a8b8682a5c426993f112bd7c172bdc,7f1fb3d8c85c84cb5e508c335ee8a5c89b8bcaf58fd396d2990aa2cf0d256716,44e2704,pilot-stage1-disease-r2,100,9003,,ecc984f043b744b6,0.01,0,none,0.2,0.2,0,2,,,completed,extinction on day 1,3,3,0,0.005,1,1,1,0,1,1,0
2f897e2c4ae345bfbd97b03b244df719,153271a9cda01edd448d73abd46ccd9eb046a550d273e6068c117174e9365535,44e2704,pilot-stage1-disease-r2,100,9003,,ecc984f043b744b6,0.02,0,none,0.2,0.2,0,2,,,completed,extinction on day 1,5,5,0,0.005,1,1,1,0,1,1,0
a0b9d1c4a6914ee09077993e93cfcbee,243792ebcc3137ec279b5959a48fccf077ce9c2b88faf3052b91082fa73b81a7,44e2704,pilot-stage1-disease-r2,100,9003,,ecc984f043b744b6,0.025,0,none,0.2,0.2,0,2,,,completed,extinction on day 1,5,5,0,0.005,1,1,1,0,1,1,0
67668c0ce0ca47e08a1c3b7d9eab85b2,e7b5302b76667033a1aa3d58991e43dcfcbbea1c72555a64f9c401c0e803f71b,44e2704,pilot-stage1-disease-r2,100,9003,,ecc984f043b744b6,0.05,0,none,0.2,0.2,0,2,,,completed,extinction on day 1,9,9,0,0.005,1,1,1,0,1,1,0
b6e2c34a991f4dee932085449568937d,73411ca8873d0d671ecf902f139f90e9458294383e19375d3171ee8696edd9a5,44e2704,pilot-stage1-disease-r2,100,9003,,ecc984f043b744b6,0.1,0,none,0.2,0.2,0,2,,,completed,extinction on day 1,16,16,0,0.005,1,1,1,0,1,1,0
cafc4f8d821a452f8dc2681112edfcb6,0cb3555c787c1db386cfb1e3866ff84b45657c3caf33505f2af4e26300ea2302,44e2704,pilot-stage1-disease-r2,100,9004,,ecc984f043b744b6,0.0,0,none,0.2,0.2,0,2,,,completed,extinction on day 26,0,0,0,0.05,10,1,8,4,26,26,0
ab41e8b8441b4153acb0c71cd0363ed2,21f2b4fd109331758ff59c455aebfa41f21dc07409a165e4992ccbfceabd8983,44e2704,pilot-stage1-disease-r2,100,9004,,ecc984f043b744b6,0.01,0,none,0.2,0.2,0,2,,,completed,extinction on day 26,58,55,3,0.055,11,1,8,3,26,26,0
97ba947e6908420c845869232b4b1bcd,b5122c17c18138a09986d1f6dbd76cc9b79739a5f93542ad935bc193d8c4afc4,44e2704,pilot-stage1-disease-r2,100,9004,,ecc984f043b744b6,0.02,0,none,0.2,0.2,0,2,,,completed,extinction on day 27,110,103,7,0.105,21,2,8,3,27,27,0
3978153e687c4f5a8dac27f62c560daf,7d077fabf41044ed0642ca35a3510296d91f3713ec995533dc06cb13047eb812,44e2704,pilot-stage1-disease-r2,100,9004,,ecc984f043b744b6,0.025,0,none,0.2,0.2,0,2,,,completed,extinction on day 27,137,130,7,0.1,20,2,8,3,27,27,0
bd8af6f8bd404c69b471e9d641c05ce4,5572b1ffd968aa98d85242284affbf0b6bd8bbaf5cd0d2b757a8407fab5c01dc,44e2704,pilot-stage1-disease-r2,100,9004,,ecc984f043b744b6,0.05,0,none,0.2,0.2,0,2,,,completed,extinction on day 33,314,274,40,0.165,33,3,10,7,33,33,0
605637af0f57458b8b71545a6d5ece03,3d8a027ee117cbe824747eae891628f9f29e8643c309a0bb6a7d2f4095191c47,44e2704,pilot-stage1-disease-r2,100,9004,,ecc984f043b744b6,0.1,0,none,0.2,0.2,0,2,,,completed,extinction on day 47,935,829,106,0.955,191,19,46,11,47,47,0
35c028f492cf4b4ba04f5e3033ca5e9c,286ae0ee4fe3b73ad1b62efae4c4f42afec1ae267326503f2384f221db947221,44e2704,pilot-stage1-disease-r2,100,9005,,ecc984f043b744b6,0.0,0,none,0.2,0.2,0,2,,,completed,extinction on day 8,0,0,0,0.05,10,1,9,3,8,8,0
a818fd9f6cc14e8abb691c0a7b1bc74a,ec3c687f1cd6159755e6e474d077f59bef8a50a5a280b023009a72a56ae883b8,44e2704,pilot-stage1-disease-r2,100,9005,,ecc984f043b744b6,0.01,0,none,0.2,0.2,0,2,,,completed,extinction on day 9,28,27,1,0.06,12,1,8,3,9,9,0
82be0dc45e644fd0bb93107b3e45f50c,7a18913ef99fb8026bbe5529ab85deadd18d21f385cbe8a070ad7cd9097aeedf,44e2704,pilot-stage1-disease-r2,100,9005,,ecc984f043b744b6,0.02,0,none,0.2,0.2,0,2,,,completed,extinction on day 8,39,35,4,0.06,12,1,8,3,8,8,0
6057e751ab8a48bea46c1d413bafa165,9a62ac99b0c15086a3d012409fd3e63e63f20fb0df6a955f03980781ce160dc2,44e2704,pilot-stage1-disease-r2,100,9005,,ecc984f043b744b6,0.025,0,none,0.2,0.2,0,2,,,completed,extinction on day 12,60,53,7,0.06,12,1,9,4,12,12,0
4907c232f2994514bedb3e6e867342c5,ad1955276da76598f1ef848319f15fefac762c618e6248542c0ce3c6fd26ab0b,44e2704,pilot-stage1-disease-r2,100,9005,,ecc984f043b744b6,0.05,0,none,0.2,0.2,0,2,,,completed,extinction on day 82,846,747,99,0.925,185,19,31,38,82,82,0
84afd14bc63e40209f70ac65940f72ed,7e6b8fa1198c355e77914c368ef33c12716064a3f7ac9c0d4dc644fd5ada1072,44e2704,pilot-stage1-disease-r2,100,9005,,ecc984f043b744b6,0.1,0,none,0.2,0.2,0,2,,,completed,extinction on day 48,960,829,131,1.0,200,20,56,11,48,48,0
25350f45c14c46e683c4faa95038d764,fb672b5cec59177d24895c368bec1e0e15d582514b11e9911b85d8071f211461,44e2704,pilot-stage1-disease-r2,100,9006,,ecc984f043b744b6,0.0,0,none,0.2,0.2,0,2,,,completed,extinction on day 1,0,0,0,0.005,1,1,1,0,1,1,0
7353db527f454274bf0f1eac31fbde0b,f5ef8558760a98580d2f84074f699dc64eef5308021ea3784a58a65ad4fc72d7,44e2704,pilot-stage1-disease-r2,100,9006,,ecc984f043b744b6,0.01,0,none,0.2,0.2,0,2,,,completed,extinction on day 1,5,5,0,0.005,1,1,1,0,1,1,0
ebc6e3b6f0244b42bdf80a81b516cd78,8fbcba34b7bfbf2294c67d45ea1a712ade23c3ef7a1b49a49af289fef979cb4d,44e2704,pilot-stage1-disease-r2,100,9006,,ecc984f043b744b6,0.02,0,none,0.2,0.2,0,2,,,completed,extinction on day 1,6,6,0,0.005,1,1,1,0,1,1,0
d72a181dd9a748b49eaa5d3b3232e47e,ceaa7099c431a275341086a787dc4c0b8313ecc03260e990f6ae8e31b73f444c,44e2704,pilot-stage1-disease-r2,100,9006,,ecc984f043b744b6,0.025,0,none,0.2,0.2,0,2,,,completed,extinction on day 1,7,7,0,0.005,1,1,1,0,1,1,0
cc3b94d26bbe4838baf886518906c078,16a70729f40b939f6be29180c4692feaa93b30d557506f0131bb4ea9e235d1da,44e2704,pilot-stage1-disease-r2,100,9006,,ecc984f043b744b6,0.05,0,none,0.2,0.2,0,2,,,completed,extinction on day 1,14,12,2,0.005,1,1,1,0,1,1,0
b0931e4b09ac4d00a9a3815b84c4de0d,7df87e9b6b2ab40ebb86e719c8cc3fd3ac2c4d016d1fcc213327b2884343f86e,44e2704,pilot-stage1-disease-r2,100,9006,,ecc984f043b744b6,0.1,0,none,0.2,0.2,0,2,,,completed,extinction on day 1,19,17,2,0.005,1,1,1,0,1,1,0
da354ab989dc4e27958932fec66334df,735f5345eea47820410f63312e773ed3b76b512cdf5b6197db1352cc464c2ce1,44e2704,pilot-stage1-disease-r2,100,9007,,ecc984f043b744b6,0.0,0,none,0.2,0.2,0,2,,,completed,extinction on day 14,0,0,0,0.05,10,1,8,3,14,14,0
c1437925c13644a9a42a716e11f877a2,f2661d112d35092aa69e0c2821ece3ecba1370529cac137a3c550af9611c8aeb,44e2704,pilot-stage1-disease-r2,100,9007,,ecc984f043b744b6,0.01,0,none,0.2,0.2,0,2,,,completed,extinction on day 23,49,48,1,0.095,19,2,8,3,23,23,0
558a72f623864cb0a76a5c18a9fabe1c,ff965f99c2dcd2ebed4ec46cadecd701ba7f9089e00cfe8e739287bfda24c2cf,44e2704,pilot-stage1-disease-r2,100,9007,,ecc984f043b744b6,0.02,0,none,0.2,0.2,0,2,,,completed,extinction on day 23,89,85,4,0.09,18,2,8,3,23,23,0
8a80c3b688b64629b9bf574ade46b3c6,688f8bd0a799fd1570c6221113ec0ec676b234fd6e5d1c55030e06658a0e5796,44e2704,pilot-stage1-disease-r2,100,9007,,ecc984f043b744b6,0.025,0,none,0.2,0.2,0,2,,,completed,extinction on day 48,225,210,15,0.545,109,10,34,28,48,48,0
2603672f955a41958b7db67fe97743fe,65ae507978aa822a13c01bb6735fd8e3ea30e81b5c566c2054db9d614e4f99c4,44e2704,pilot-stage1-disease-r2,100,9007,,ecc984f043b744b6,0.05,0,none,0.2,0.2,0,2,,,completed,extinction on day 29,297,268,29,0.215,43,5,19,13,29,29,0
3dd49baea41749d9853c434ff9d8a594,ce77c01206114a613f8bfcf6835b8bd1bdf13af07118ed49d6dcb57707edbb18,44e2704,pilot-stage1-disease-r2,100,9007,,ecc984f043b744b6,0.1,0,none,0.2,0.2,0,2,,,completed,extinction on day 45,926,821,105,0.77,154,15,56,16,45,45,0
620e8a594b47426ab3cd0222015638b9,d9ee627684ebb7c1d2efa9ddc39ab9b952dd2a4791713b8e9db0d558a38ba286,44e2704,pilot-stage1-disease-r2,100,9008,,ecc984f043b744b6,0.0,0,none,0.2,0.2,0,2,,,completed,extinction on day 18,0,0,0,0.05,10,1,8,4,18,18,0
50d2f2313ffd4ed2a29890b5978d823c,6ff43e5c98dd48a731b6cd3513ab81d881f035fcb82b32543f18d9955de65765,44e2704,pilot-stage1-disease-r2,100,9008,,ecc984f043b744b6,0.01,0,none,0.2,0.2,0,2,,,completed,extinction on day 18,34,33,1,0.06,12,1,9,4,18,18,0
0fa8083271c14062acf4718823ab092f,42c03f43bc75b076638a1115ea752781b53a31dc8aa2fd4c247654d4e88cd603,44e2704,pilot-stage1-disease-r2,100,9008,,ecc984f043b744b6,0.02,0,none,0.2,0.2,0,2,,,completed,extinction on day 18,81,79,2,0.065,13,1,7,4,18,18,0
7803f160eece46cd8076d95ec47e274f,f0eae184895b96de17fb9d0db15d2374d40301547445a333a512c79720ab482e,44e2704,pilot-stage1-disease-r2,100,9008,,ecc984f043b744b6,0.025,0,none,0.2,0.2,0,2,,,completed,extinction on day 36,195,184,11,0.195,39,4,14,17,36,36,0
1dddaa9803dc495b994c7fc318cc15c8,df2f65f9870da4fa5807ac0194d040504d836ccf10b01bdd528169423dadbd5e,44e2704,pilot-stage1-disease-r2,100,9008,,ecc984f043b744b6,0.05,0,none,0.2,0.2,0,2,,,completed,extinction on day 37,383,347,36,0.21,42,4,14,17,37,37,0
dc1906fd4f9d4ab2afa49c14e87047e6,4613495b56fdaefa4c9f61501e45f9e8325ff63e069e8f343cce641f12af1d0b,44e2704,pilot-stage1-disease-r2,100,9008,,ecc984f043b744b6,0.1,0,none,0.2,0.2,0,2,,,completed,extinction on day 37,768,696,72,0.285,57,6,21,14,37,37,0
684b12903a3f41e2ab0c81d1669a0609,97f440889be5c3603671d461270de3bb6324738b10035d0d64166bac9e2d569d,44e2704,pilot-stage1-disease-r2,100,9009,,ecc984f043b744b6,0.0,0,none,0.2,0.2,0,2,,,completed,extinction on day 16,0,0,0,0.05,10,1,8,3,16,16,0
32c4e491fa1e4881b1493aea4ae0710e,2cd1ecf9b9efea251d04c43ca20051983d18ba484d5fa64341686fce644100f0,44e2704,pilot-stage1-disease-r2,100,9009,,ecc984f043b744b6,0.01,0,none,0.2,0.2,0,2,,,completed,extinction on day 17,30,30,0,0.055,11,1,8,3,17,17,0
f5c5487f62a84848b50b8b923414c34e,ba70168af5e9c87465c844677bbb014831cf83b4462205377c9a62d5f4e59dee,44e2704,pilot-stage1-disease-r2,100,9009,,ecc984f043b744b6,0.02,0,none,0.2,0.2,0,2,,,completed,extinction on day 29,113,101,12,0.245,49,5,20,4,29,29,0
370a27e908354bdfa43338457a0d3738,090e5a7c2e54c420b02a25e0912c6a3b714bb1d8d6dd63f8ac99c6334a9d85c8,44e2704,pilot-stage1-disease-r2,100,9009,,ecc984f043b744b6,0.025,0,none,0.2,0.2,0,2,,,completed,extinction on day 29,141,129,12,0.255,51,5,20,4,29,29,0
5d7ec38c76934bb9b93306cdfaeb235e,23f30371dd8ca93f030a72813ec0974e1bb847471603910857606c8ff4d65d2a,44e2704,pilot-stage1-disease-r2,100,9009,,ecc984f043b744b6,0.05,0,none,0.2,0.2,0,2,,,completed,extinction on day 23,227,212,15,0.255,51,6,27,4,23,23,0
235c6f3138244b2aa756562b60041712,21c4f2b8bca09b19a0ffc9a6ad59be5a81aa22f62748304ad152ff8a7d97492a,44e2704,pilot-stage1-disease-r2,100,9009,,ecc984f043b744b6,0.1,0,none,0.2,0.2,0,2,,,completed,extinction on day 45,889,779,110,0.595,119,12,32,27,45,45,0
b4f645cff50a4a7ca232e72bb02c4b3b,c13e3764d2d84fd5c92e5197b929d078620fb48fc300187996857dca214979d4,44e2704,pilot-stage1-disease-r2,101,9000,,a94b904840df0142,0.0,0,none,0.2,0.2,0,2,,,completed,extinction on day 19,0,0,0,0.05,10,1,7,3,19,19,0
2a5c6678173b4e71994d455c036084e2,290ecd1474fd1e1bb013967c60739ef53793d0fc27f1bcb647c9380552e5760d,44e2704,pilot-stage1-disease-r2,101,9000,,a94b904840df0142,0.01,0,none,0.2,0.2,0,2,,,completed,extinction on day 20,46,44,2,0.055,11,1,7,3,20,20,0
20c38c65ce07435d8af8fda093f8e7d3,13013e4c8a6e60a212b11886417adf0175ff932ed928af0d180ff0322eb19465,44e2704,pilot-stage1-disease-r2,101,9000,,a94b904840df0142,0.02,0,none,0.2,0.2,0,2,,,completed,extinction on day 19,75,74,1,0.055,11,1,7,3,19,19,0
87d49f394e754a079ec4a79c27e53fb0,3a018fd1b11018301da940ac407092ce8ffca7e417ffdb7a8d5501daaefd852e,44e2704,pilot-stage1-disease-r2,101,9000,,a94b904840df0142,0.025,0,none,0.2,0.2,0,2,,,completed,extinction on day 65,320,306,14,0.48,96,8,18,42,65,65,0
3cc7acaf1842443a999679c494ea27cd,5bd022b5a37bce537ee7727ef1da8a954a8f6d05fdbdc894b3abff105392cfb0,44e2704,pilot-stage1-disease-r2,101,9000,,a94b904840df0142,0.05,0,none,0.2,0.2,0,2,,,completed,extinction on day 68,695,654,41,0.86,172,15,42,33,68,68,0
106b27e112844a2d91e44bdeda0ba1cb,e3dba92f84a2c86891e8687ad6dd1870b560fa1f82c85e8c9ba0beaa5ba71b22,44e2704,pilot-stage1-disease-r2,101,9000,,a94b904840df0142,0.1,0,none,0.2,0.2,0,2,,,completed,extinction on day 54,1091,1022,69,0.995,199,20,44,15,54,54,0
49795a46c654460cae4bd7c2567d6a5d,c2a857c36fd071197a1000f9aea7a7304e1e351e8931c548b26a9e69fb688c6e,44e2704,pilot-stage1-disease-r2,101,9001,,a94b904840df0142,0.0,0,none,0.2,0.2,0,2,,,completed,extinction on day 24,0,0,0,0.05,10,1,9,5,24,24,0
8e78487addc94bfa9794b35f8f193f15,a15541cd9f17869f383d809e75ee2c172f441b73ad985d3dc3acd65776201aea,44e2704,pilot-stage1-disease-r2,101,9001,,a94b904840df0142,0.01,0,none,0.2,0.2,0,2,,,completed,extinction on day 33,63,57,6,0.115,23,2,12,20,33,33,0
e8412d2438244247b56896b0a74a7e78,44cd5d81e207141fc942b14220f4ef12505fd66ce51432475a0ebc7423f7d43e,44e2704,pilot-stage1-disease-r2,101,9001,,a94b904840df0142,0.02,0,none,0.2,0.2,0,2,,,completed,extinction on day 37,138,125,13,0.11,22,2,9,5,37,37,0
96e0da7c398a4897a3d6006ede12c321,fd99828db4bedbff64c9b30f5ee347c0dfd180d3f4c5437e430264a90638e8c7,44e2704,pilot-stage1-disease-r2,101,9001,,a94b904840df0142,0.025,0,none,0.2,0.2,0,2,,,completed,extinction on day 56,272,247,25,0.315,63,6,12,46,56,56,0
4b92445842b04070b24fdb53af7c8fab,a34160423f309ecd480445f12a9f6d839957983e4e1a4a4401a1ecf77c7b8bd2,44e2704,pilot-stage1-disease-r2,101,9001,,a94b904840df0142,0.05,0,none,0.2,0.2,0,2,,,completed,extinction on day 95,969,914,55,0.555,111,10,14,7,95,95,0
685e5dafb7e04dd29759d8db3393fb8f,8db4d3e8cc08fc8c9b4cdf7e79046a0f3d78a885946b6cbc08eb84641c131089,44e2704,pilot-stage1-disease-r2,101,9001,,a94b904840df0142,0.1,0,none,0.2,0.2,0,2,,,completed,extinction on day 39,798,743,55,0.89,178,17,73,13,39,39,0
56242a51a41948fdbb9e974793b8d24b,c75d6cbd5a584a21221e1e99e16d38e9b5c07c808f15c79dda864627ec40b8c2,44e2704,pilot-stage1-disease-r2,101,9002,,a94b904840df0142,0.0,0,none,0.2,0.2,0,2,,,completed,extinction on day 15,0,0,0,0.05,10,1,10,2,15,15,0
a9d0bc1ffdb24686a76b2ff2345d69b9,217ef353d1c5c01f464bb481a84b9a6a1fb355543be8d0a4b26731a3a6c3779a,44e2704,pilot-stage1-disease-r2,101,9002,,a94b904840df0142,0.01,0,none,0.2,0.2,0,2,,,completed,extinction on day 17,25,25,0,0.065,13,1,11,2,17,17,0
4ef3fb4fdbf740e09b50226e1555199a,5ab915c182a76e803163417ebaf465b8ff99feed5254db4fd5d71f9154958356,44e2704,pilot-stage1-disease-r2,101,9002,,a94b904840df0142,0.02,0,none,0.2,0.2,0,2,,,completed,extinction on day 16,45,42,3,0.065,13,1,11,2,16,16,0
6c7adfca808a46f8a06f199eceeb3cf0,1e94876108e37de44b5a4099d41235b8788381a2f689b2720b35f8f3b4936711,44e2704,pilot-stage1-disease-r2,101,9002,,a94b904840df0142,0.025,0,none,0.2,0.2,0,2,,,completed,extinction on day 17,68,64,4,0.07,14,1,11,2,17,17,0
32e851fee8ed4bfbaac975b34632f8d8,56950c2f47afd67d9191163c8624d90aeb8eebe05896f869512da2460f0da94e,44e2704,pilot-stage1-disease-r2,101,9002,,a94b904840df0142,0.05,0,none,0.2,0.2,0,2,,,completed,extinction on day 52,508,482,26,0.45,90,8,17,19,52,52,0
a7a4915940554a019682aac3bba02c06,a0b8bc050f620e1bd86ada485c483d00558a507b5d7dc227d0d385c4bb38757c,44e2704,pilot-stage1-disease-r2,101,9002,,a94b904840df0142,0.1,0,none,0.2,0.2,0,2,,,completed,extinction on day 42,824,775,49,0.92,184,18,62,14,42,42,0
59d88229fc05463c98aea5d7039083d3,bd36ae7abdd60bf15d535d3a1a57540d179f7384727b1a35c8e2161af466c7c8,44e2704,pilot-stage1-disease-r2,101,9003,,a94b904840df0142,0.0,0,none,0.2,0.2,0,2,,,completed,extinction on day 1,0,0,0,0.005,1,1,1,0,1,1,0
7509ca7c1bad46dea8cfda78ea34e538,8ac8ba5032102b40f050169da1fe5cac0949ef0b1cc9d61af44bfeb1d301d111,44e2704,pilot-stage1-disease-r2,101,9003,,a94b904840df0142,0.01,0,none,0.2,0.2,0,2,,,completed,extinction on day 1,3,3,0,0.005,1,1,1,0,1,1,0
63eb92ad81414fe3b288a187813689ce,3c6e152153d20ee9d262ef9b41f4ff7057b0ba2ee3453b45c7fe347c7fd5181c,44e2704,pilot-stage1-disease-r2,101,9003,,a94b904840df0142,0.02,0,none,0.2,0.2,0,2,,,completed,extinction on day 1,5,5,0,0.005,1,1,1,0,1,1,0
cf334057b3af4c2ab1c8554cff7b6b46,d329fe26bc127ddbec8da6aeb065b78cfa354f8cfb3dcf92c4f19d0c1a78730f,44e2704,pilot-stage1-disease-r2,101,9003,,a94b904840df0142,0.025,0,none,0.2,0.2,0,2,,,completed,extinction on day 1,5,5,0,0.005,1,1,1,0,1,1,0
14244393285c4c8984325ecc71fcd24c,53c0653c56f68668fbf249db530ad68937eee9f26e23db54d186f8b836155715,44e2704,pilot-stage1-disease-r2,101,9003,,a94b904840df0142,0.05,0,none,0.2,0.2,0,2,,,completed,extinction on day 1,9,9,0,0.005,1,1,1,0,1,1,0
4b0ae9b0449b4c0b9a790b539c12e8fb,ab0c4899faf292a32f1b7cedfa15b21268259ddfde0532bf87689bf35fdf8037,44e2704,pilot-stage1-disease-r2,101,9003,,a94b904840df0142,0.1,0,none,0.2,0.2,0,2,,,completed,extinction on day 1,16,16,0,0.005,1,1,1,0,1,1,0
fa618dcb4584481e9ec2a012b41b206c,2b4ded894e70b20f23578d98c07376fda21f0395019ed1da8e882f60daa6e006,44e2704,pilot-stage1-disease-r2,101,9004,,a94b904840df0142,0.0,0,none,0.2,0.2,0,2,,,completed,extinction on day 26,0,0,0,0.05,10,1,8,4,26,26,0
7d2e435d4cd3401daed4f6dedb8e9c6d,2a078193d5c97e01438af1b18897e1d65741d8bfcb0d829b3152c6a4e169b2ab,44e2704,pilot-stage1-disease-r2,101,9004,,a94b904840df0142,0.01,0,none,0.2,0.2,0,2,,,completed,extinction on day 26,58,58,0,0.06,12,1,9,3,26,26,0
1472fa328b6a49bda74dfbfeb2a0caf3,6e69e1abd31ac89cefc06ed8d847becc0df5d352db316678b4f2fa6930c55c5a,44e2704,pilot-stage1-disease-r2,101,9004,,a94b904840df0142,0.02,0,none,0.2,0.2,0,2,,,completed,extinction on day 40,155,152,3,0.215,43,4,16,17,40,40,0
d2427ce02d6d4951a5890cf41d08a81b,418b4e11b2112058d7e080b69fe7c0a738c0b94f555c7917b9d9d4c98948c4bb,44e2704,pilot-stage1-disease-r2,101,9004,,a94b904840df0142,0.025,0,none,0.2,0.2,0,2,,,completed,extinction on day 35,171,166,5,0.22,44,4,16,17,35,35,0
3832103c7edf41ad90c8fb279dd6ff54,a0d16233944c6b4e7def07eea4e8b7e85ca4495be3e817a912846b2817cb4503,44e2704,pilot-stage1-disease-r2,101,9004,,a94b904840df0142,0.05,0,none,0.2,0.2,0,2,,,completed,extinction on day 46,438,410,28,0.68,136,14,38,17,46,46,0
78acae21eadd4a20a5789355f4db3063,3f4d15ed8b5c0f058c6a45389d497c1eac8712f14a41fe989512acf876f60cce,44e2704,pilot-stage1-disease-r2,101,9004,,a94b904840df0142,0.1,0,none,0.2,0.2,0,2,,,completed,extinction on day 53,1056,994,62,0.98,196,20,45,8,53,53,0
f3135f18447a47af91a43f68f103098e,a4e59216459399fce9ce4bb3f36ae3d3bf680a4a5227e1df48c04f6b70a83809,44e2704,pilot-stage1-disease-r2,101,9005,,a94b904840df0142,0.0,0,none,0.2,0.2,0,2,,,completed,extinction on day 8,0,0,0,0.05,10,1,9,3,8,8,0
9f46a6641b684466ac2af79516b2ae4f,47231b485906a931b85f9af68f46e450284a3cf80b4e41edab53e7d8ea904619,44e2704,pilot-stage1-disease-r2,101,9005,,a94b904840df0142,0.01,0,none,0.2,0.2,0,2,,,completed,extinction on day 10,29,27,2,0.05,10,1,8,3,10,10,0
d43b96cdfc47410590c11724b46e28c9,307f48715fc09f0d0681649801dd928a57107b0a976561120029b016f4142f18,44e2704,pilot-stage1-disease-r2,101,9005,,a94b904840df0142,0.02,0,none,0.2,0.2,0,2,,,completed,extinction on day 10,44,44,0,0.055,11,1,8,3,10,10,0
34c3e9cfbee44d69af19a00ff371fe4f,06a5a9aed40fe3233a0a490ec369c5ab83c336bc555a4c4cc626f3f3460da4f9,44e2704,pilot-stage1-disease-r2,101,9005,,a94b904840df0142,0.025,0,none,0.2,0.2,0,2,,,completed,extinction on day 10,52,49,3,0.055,11,1,8,3,10,10,0
70dc249bd810428b9d94027f2dfd9db7,08c5abcba04cf686535171cf3061deb0dae710a9a3bf0c5dfc6146f32c64c384,44e2704,pilot-stage1-disease-r2,101,9005,,a94b904840df0142,0.05,0,none,0.2,0.2,0,2,,,completed,extinction on day 108,1123,1063,60,0.75,150,16,22,49,108,108,0
2f13fdc9d01b4c26b9d5ade67b6d5185,6e28b99f6b03f9aefd4bb2058d93e0ba446e11e869a9cf40f8c7c3a760cd6b34,44e2704,pilot-stage1-disease-r2,101,9005,,a94b904840df0142,0.1,0,none,0.2,0.2,0,2,,,completed,extinction on day 55,1110,1045,65,0.99,198,19,39,30,55,55,0
8350bff974e8426a981b2016a1a32a99,e26ca732720664282a460ff7be3f83ad53c50113c6d1ec76f480cab1715b98d1,44e2704,pilot-stage1-disease-r2,101,9006,,a94b904840df0142,0.0,0,none,0.2,0.2,0,2,,,completed,extinction on day 1,0,0,0,0.005,1,1,1,0,1,1,0
04c425ed6f0e4cc5916e4629d34a7fa2,760644343fe0c0c7cf0bfd038c4058da4b6a01729bdc54236438fbb5cfad67ea,44e2704,pilot-stage1-disease-r2,101,9006,,a94b904840df0142,0.01,0,none,0.2,0.2,0,2,,,completed,extinction on day 1,5,5,0,0.005,1,1,1,0,1,1,0
d64cdf5abbfa49d390a25d58ca35cadd,5aad9a57ca1730291f455aa1fe50f943a5db918e84c0e2a45345bdb6da121b6e,44e2704,pilot-stage1-disease-r2,101,9006,,a94b904840df0142,0.02,0,none,0.2,0.2,0,2,,,completed,extinction on day 1,6,6,0,0.005,1,1,1,0,1,1,0
a3d977a4713343a09e4ae1e26b07d34b,b5852a7ab67a4a2b3519a9cb751802b065796a277bb8aa70ea650e33264a4feb,44e2704,pilot-stage1-disease-r2,101,9006,,a94b904840df0142,0.025,0,none,0.2,0.2,0,2,,,completed,extinction on day 1,7,7,0,0.005,1,1,1,0,1,1,0
611d89eecd1e4f9ea8a8dd1d06c39a66,c9d673bc3d920642b7c1569c04b09471ddb8c04d638d872deeb30859d6f89746,44e2704,pilot-stage1-disease-r2,101,9006,,a94b904840df0142,0.05,0,none,0.2,0.2,0,2,,,completed,extinction on day 1,14,14,0,0.005,1,1,1,0,1,1,0
01a65d12bc2c4e47b8addd445e3d6f39,21ef497a95c0cc39862e44152ddd49ded5335d412a16b0e054ae3d244078c94c,44e2704,pilot-stage1-disease-r2,101,9006,,a94b904840df0142,0.1,0,none,0.2,0.2,0,2,,,completed,extinction on day 1,19,18,1,0.005,1,1,1,0,1,1,0
8284a1d70c8e49cdb06d271ab190bcca,0411018f277e02e0186146596eb175e857b84978617f2162c03718f983442feb,44e2704,pilot-stage1-disease-r2,101,9007,,a94b904840df0142,0.0,0,none,0.2,0.2,0,2,,,completed,extinction on day 14,0,0,0,0.05,10,1,8,3,14,14,0
65e3e31c30ae45179b5b50ab01dadf7a,bd2bc1b97ea53da0f7c1d2e4a6f534d4c05bec1b4abab8e3425e1d65a8d8b0d5,44e2704,pilot-stage1-disease-r2,101,9007,,a94b904840df0142,0.01,0,none,0.2,0.2,0,2,,,completed,extinction on day 30,57,54,3,0.11,22,2,8,3,30,30,0
4a3872326d624b3d9eee62510fc60453,26cc38b0d0eb2e26b233ff811d4ea41bafdbe4655effd590a67c1bbfe5d73b57,44e2704,pilot-stage1-disease-r2,101,9007,,a94b904840df0142,0.02,0,none,0.2,0.2,0,2,,,completed,extinction on day 36,133,116,17,0.33,66,6,20,13,36,36,0
4b4534a477304e589b271b45c2162d3b,8e83e2ffb721f8e3cfe3be2df05a4e80a327745108ed7c17925061626c2d5708,44e2704,pilot-stage1-disease-r2,101,9007,,a94b904840df0142,0.025,0,none,0.2,0.2,0,2,,,completed,extinction on day 32,148,134,14,0.17,34,4,12,13,32,32,0
7219544593dc4fdd93a710ebd9fe150a,e9e397fe7dd95c0e39dcbf7b81f3d264823a5c12bebf40995ff252f8ef1ea81a,44e2704,pilot-stage1-disease-r2,101,9007,,a94b904840df0142,0.05,0,none,0.2,0.2,0,2,,,completed,extinction on day 66,651,614,37,0.855,171,15,32,50,66,66,0
9ac44e5a615f4664905b8953a24495af,c0763bcc20512b6d925559f69496030a32b245b6bd49781682dac62526f37130,44e2704,pilot-stage1-disease-r2,101,9007,,a94b904840df0142,0.1,0,none,0.2,0.2,0,2,,,completed,extinction on day 56,1147,1092,55,0.975,195,19,49,26,56,56,0
285f22a9c6fa4f8895f553df1dda7b6e,db7c444d7017b1e4a94ca87a9b34e739f057ebf8f4ef5890ce03d6c37d7d30f9,44e2704,pilot-stage1-disease-r2,101,9008,,a94b904840df0142,0.0,0,none,0.2,0.2,0,2,,,completed,extinction on day 18,0,0,0,0.05,10,1,8,4,18,18,0
082574d9a5ff461da7d7ab511eafdd2e,6279471effaf22d191383c75f6a88af3eff7014630aaa1d56704c8cf590ad015,44e2704,pilot-stage1-disease-r2,101,9008,,a94b904840df0142,0.01,0,none,0.2,0.2,0,2,,,completed,extinction on day 18,34,32,2,0.06,12,1,8,4,18,18,0
2136d2fbee79410cac8268af79e04f94,da02db25b32483aebfe62e432196af99150ca1efda61521309b3e9b90da36047,44e2704,pilot-stage1-disease-r2,101,9008,,a94b904840df0142,0.02,0,none,0.2,0.2,0,2,,,completed,extinction on day 18,81,75,6,0.06,12,1,8,4,18,18,0
41afe7dbea86426b9ae1021c4eb7bcbb,04f569436cdce31c49e00fc6532745df16c785ad5e9ae1745ff679712285e4e9,44e2704,pilot-stage1-disease-r2,101,9008,,a94b904840df0142,0.025,0,none,0.2,0.2,0,2,,,completed,extinction on day 30,159,148,11,0.12,24,2,10,11,30,30,0
d76097ddeef1448b9763d3464f324944,b417eb6fdd5dae6772aded7a847e1ca3fbd6102e84f01046ca11c6bdfe3e9011,44e2704,pilot-stage1-disease-r2,101,9008,,a94b904840df0142,0.05,0,none,0.2,0.2,0,2,,,completed,extinction on day 44,458,418,40,0.81,162,15,39,19,44,44,0
a2a2e785afb54d1897b20750a77c2b0b,85be5f2d6f3f356fbc6c8b85fda6c14c6dd0a49253fdb68fe77e249b0d80db3b,44e2704,pilot-stage1-disease-r2,101,9008,,a94b904840df0142,0.1,0,none,0.2,0.2,0,2,,,completed,extinction on day 70,1421,1330,91,0.99,198,20,42,39,70,70,0
557965d82bff4c579bdbcd6591b0d78e,200b459251321ce85ea733d438e1da51caac695cb7be22bbe11ebd50e609d934,44e2704,pilot-stage1-disease-r2,101,9009,,a94b904840df0142,0.0,0,none,0.2,0.2,0,2,,,completed,extinction on day 16,0,0,0,0.05,10,1,8,3,16,16,0
cfd54281d9244b729d8babac13fc6fe3,8e7f4f4c59cc0f924b7c3a5b363d3b51fbad94863f77a26a6098c6977c74e3d3,44e2704,pilot-stage1-disease-r2,101,9009,,a94b904840df0142,0.01,0,none,0.2,0.2,0,2,,,completed,extinction on day 17,30,29,1,0.055,11,1,8,3,17,17,0
e2e1a81118c2409bbe59d1af3615769f,0b338f11ae31b64b04f265ca3964778c82a17cd690059d858bd20220845cf0c8,44e2704,pilot-stage1-disease-r2,101,9009,,a94b904840df0142,0.02,0,none,0.2,0.2,0,2,,,completed,extinction on day 29,113,110,3,0.2,40,4,14,4,29,29,0
3b995ca1526347a283ed63be44b2fdbc,eecfa27e360b4cce02d59bd736de84eca8e671b4da2168e8955e7bac50bfcafc,44e2704,pilot-stage1-disease-r2,101,9009,,a94b904840df0142,0.025,0,none,0.2,0.2,0,2,,,completed,extinction on day 29,141,138,3,0.2,40,4,14,4,29,29,0
d86f084d1a36499d94ebf4f47b0faf6a,939075305a8a89469ee9fd0142dacac36f4ded23dfae51aa74de17c9f08e99c7,44e2704,pilot-stage1-disease-r2,101,9009,,a94b904840df0142,0.05,0,none,0.2,0.2,0,2,,,completed,extinction on day 82,816,776,40,0.89,178,18,32,25,82,82,0
3a79302c5e7141b1a71ddebda04e1c7a,02cc55c8b1174974e2be099596312acac5d9a1f6d6e0dce6ef00501926792d1e,44e2704,pilot-stage1-disease-r2,101,9009,,a94b904840df0142,0.1,0,none,0.2,0.2,0,2,,,completed,extinction on day 39,765,726,39,0.995,199,20,66,11,39,39,0
34e78b9b9fa14a3888fdeefdb31c6884,72b921f0d03c5a0882961f70ddab0be079f60858aa571636555d0e62828eb9c3,44e2704,pilot-stage1-disease-r2,102,9000,,0a9f06b6dff3de72,0.0,0,none,0.2,0.2,0,2,,,completed,extinction on day 19,0,0,0,0.05,10,1,7,3,19,19,0
58e91a76307e45008d970751240f42d8,6957f9e2bb69ce58e063a27dc921b3e24670187ffeb1b0d8cd463dfe1a637c85,44e2704,pilot-stage1-disease-r2,102,9000,,0a9f06b6dff3de72,0.01,0,none,0.2,0.2,0,2,,,completed,extinction on day 28,57,56,1,0.06,12,1,7,3,28,28,0
7e373621d3a943e8b0fe9d9f1acd9a2b,56ee3d68eb1f9b8c60a45e1acada56e251dbbbc2217ed91d26b10c8a2cf6f92d,44e2704,pilot-stage1-disease-r2,102,9000,,0a9f06b6dff3de72,0.02,0,none,0.2,0.2,0,2,,,completed,extinction on day 19,75,71,4,0.065,13,1,7,3,19,19,0
1a023567664d48a098cd3b651ddd096b,f7b69e676a636ad4c9b8a4fe38c79c49a06835a60563c5764051f481b35f9be0,44e2704,pilot-stage1-disease-r2,102,9000,,0a9f06b6dff3de72,0.025,0,none,0.2,0.2,0,2,,,completed,extinction on day 19,97,94,3,0.065,13,1,7,3,19,19,0
fd1cfb8c0e1b4d6db467dd2ba13fd885,e4e2f41e76a60e4c80b3123c80bb36c32cbf78f66918817084a82cf9597b9819,44e2704,pilot-stage1-disease-r2,102,9000,,0a9f06b6dff3de72,0.05,0,none,0.2,0.2,0,2,,,completed,extinction on day 52,530,496,34,0.295,59,5,19,27,52,52,0
93bc52827fc549d08da8b1c9f8f39e4d,818066823ec16f4bcaaba92821493e14bfd1d82e469de45002c9a1f61cd09efb,44e2704,pilot-stage1-disease-r2,102,9000,,0a9f06b6dff3de72,0.1,0,none,0.2,0.2,0,2,,,completed,extinction on day 59,1181,1108,73,1.0,200,20,52,24,59,59,0
ed515c186f5746d8b42915fe3f6c40a5,f68963ae2cac8b47598e51131d9738a2c3aa5278f6eb0bd89382e0359c5e99ee,44e2704,pilot-stage1-disease-r2,102,9001,,0a9f06b6dff3de72,0.0,0,none,0.2,0.2,0,2,,,completed,extinction on day 24,0,0,0,0.05,10,1,9,5,24,24,0
11c2390f493d428d8211d3aacc1b995d,2f3e337dbfa96d38ef35f65ffc2104cd943564179517ebec1e302c8113a6892b,44e2704,pilot-stage1-disease-r2,102,9001,,0a9f06b6dff3de72,0.01,0,none,0.2,0.2,0,2,,,completed,extinction on day 32,61,57,4,0.085,17,2,9,5,32,32,0
081bf11b6bf5499e8e568b0541f18693,6a43bbd7ee8622ede18d5d1a3f580e22d5fb83040e80e4e9e0f2f1d859c0962b,44e2704,pilot-stage1-disease-r2,102,9001,,0a9f06b6dff3de72,0.02,0,none,0.2,0.2,0,2,,,completed,extinction on day 37,138,133,5,0.105,21,2,9,5,37,37,0
b796494c021440059e34bf54dc1d130a,9c31b02d97cf187d3a3efa87247e79204ad11a3607fa5b449a8909909e9e215f,44e2704,pilot-stage1-disease-r2,102,9001,,0a9f06b6dff3de72,0.025,0,none,0.2,0.2,0,2,,,completed,extinction on day 72,360,326,34,0.25,50,5,10,44,72,72,0
b343c2eea0a5466e9ff2dfa4a4107a5f,241bba5f4625e4365b3328447df4cd5689e32980b3b2b0325617fdb6634780fd,44e2704,pilot-stage1-disease-r2,102,9001,,0a9f06b6dff3de72,0.05,0,none,0.2,0.2,0,2,,,completed,extinction on day 33,326,308,18,0.215,43,4,14,22,33,33,0
00825b1c3253465e8cfe7f05b7b50386,361d20d26890b55acc2c958e59bb34e2ac49243386f6eb173e8ab9a70a4eba75,44e2704,pilot-stage1-disease-r2,102,9001,,0a9f06b6dff3de72,0.1,0,none,0.2,0.2,0,2,,,completed,extinction on day 36,734,682,52,0.28,56,5,29,12,36,36,0
815835fd65a34183808eb050328c8893,8c2aa4098e242eab9117e24c3924079d4acc6ce25b7cd0e1ba7036ddaeac67d2,44e2704,pilot-stage1-disease-r2,102,9002,,0a9f06b6dff3de72,0.0,0,none,0.2,0.2,0,2,,,completed,extinction on day 15,0,0,0,0.05,10,1,10,2,15,15,0
101ce698874f4d0c84b379f8da27b52c,87a8f82bbf21e45a7e9c0f3038c75db2789edfb763a9bc47cc71f62199c6458c,44e2704,pilot-stage1-disease-r2,102,9002,,0a9f06b6dff3de72,0.01,0,none,0.2,0.2,0,2,,,completed,extinction on day 15,19,19,0,0.05,10,1,10,2,15,15,0
aa8c817d89d24fd2bfc76e72089efc1e,a909adfc09f09a828c0a3338b413eb49bf87bb9adabd90da692aa3b9824b95c0,44e2704,pilot-stage1-disease-r2,102,9002,,0a9f06b6dff3de72,0.02,0,none,0.2,0.2,0,2,,,completed,extinction on day 15,42,41,1,0.05,10,1,10,2,15,15,0
3b54cc3a045941b5a7b1ff4e19732929,f0b0e30e641d36d7cbc2f7b235ade08d708de1ae03a4c7359e98ba0a740c08bd,44e2704,pilot-stage1-disease-r2,102,9002,,0a9f06b6dff3de72,0.025,0,none,0.2,0.2,0,2,,,completed,extinction on day 15,57,56,1,0.055,11,1,10,2,15,15,0
bb2793915d124974a32dcc9867b1f6a7,2b789bdc162b5d5fbc2f79ce9010095d787b603277e16335984ed9d2654bc8e3,44e2704,pilot-stage1-disease-r2,102,9002,,0a9f06b6dff3de72,0.05,0,none,0.2,0.2,0,2,,,completed,extinction on day 56,541,505,36,0.575,115,11,19,43,56,56,0
35f75483c1a349ada803063f1de5a23c,56b28ca508930f951418e0bca1726a9938765f321d90d3da287151cdf0bc09b8,44e2704,pilot-stage1-disease-r2,102,9002,,0a9f06b6dff3de72,0.1,0,none,0.2,0.2,0,2,,,completed,extinction on day 49,949,878,71,0.985,197,20,35,34,49,49,0
4cee0bb3906a4a02a0b338a967967ea9,958377edd85e5870113c1ec75ea88875a146e60a210802c721d6641513c7ff37,44e2704,pilot-stage1-disease-r2,102,9003,,0a9f06b6dff3de72,0.0,0,none,0.2,0.2,0,2,,,completed,extinction on day 1,0,0,0,0.005,1,1,1,0,1,1,0
c0f3cf9ae47d418e916ce7535432599d,03d5e9f46bde17f7b505f344fc25718ef48f26c90c2fdee50762aad06ba1d2a6,44e2704,pilot-stage1-disease-r2,102,9003,,0a9f06b6dff3de72,0.01,0,none,0.2,0.2,0,2,,,completed,extinction on day 1,3,3,0,0.005,1,1,1,0,1,1,0
ff18f6f2d08c4754af470d4f02c3ded8,7dc57c007c10015c19d593cd1e059b8283273b4d018d94a914a65689b37503a1,44e2704,pilot-stage1-disease-r2,102,9003,,0a9f06b6dff3de72,0.02,0,none,0.2,0.2,0,2,,,completed,extinction on day 1,5,5,0,0.005,1,1,1,0,1,1,0
7ac8f37608b547949910120ded0302f4,0eeaf7abcb152dc72c6a71f2c76a4fdf1e2807a62412681af6ede358827cea6c,44e2704,pilot-stage1-disease-r2,102,9003,,0a9f06b6dff3de72,0.025,0,none,0.2,0.2,0,2,,,completed,extinction on day 1,5,5,0,0.005,1,1,1,0,1,1,0
f2cc523d2fd145cda661331f05d5d8b6,58984f9711c6a33d95120f5fb26bfdb2ec35ca24e836d2556b2ef1527c67a32a,44e2704,pilot-stage1-disease-r2,102,9003,,0a9f06b6dff3de72,0.05,0,none,0.2,0.2,0,2,,,completed,extinction on day 1,9,9,0,0.005,1,1,1,0,1,1,0
6ebf14fa879c4581a56685619da33a96,3af6592f8200bc4be52488fde1308f977bdcae0f07cc5e99fdb3159483b2256e,44e2704,pilot-stage1-disease-r2,102,9003,,0a9f06b6dff3de72,0.1,0,none,0.2,0.2,0,2,,,completed,extinction on day 1,16,16,0,0.005,1,1,1,0,1,1,0
804dea920e2e4bc48a3f0d96fd00a4af,c74d0fa9d060d3f3501f2e318b3525f88c04756498c894f6ac97e8c9f15cfad5,44e2704,pilot-stage1-disease-r2,102,9004,,0a9f06b6dff3de72,0.0,0,none,0.2,0.2,0,2,,,completed,extinction on day 26,0,0,0,0.05,10,1,8,4,26,26,0
fcd248006f7543c1b58067e24561967d,109f1369f5192209ecc26ef977545e3ea7d730046efc48621dc460603dcf0fc7,44e2704,pilot-stage1-disease-r2,102,9004,,0a9f06b6dff3de72,0.01,0,none,0.2,0.2,0,2,,,completed,extinction on day 26,58,58,0,0.055,11,1,8,4,26,26,0
fe7e5e6e35f74b2eabbb020a2173c2ae,1a87fc1426284dd660254dd30947523a1c7107fe7c0427a6289da373511e006b,44e2704,pilot-stage1-disease-r2,102,9004,,0a9f06b6dff3de72,0.02,0,none,0.2,0.2,0,2,,,completed,extinction on day 35,134,122,12,0.115,23,2,8,4,35,35,0
5095e2218b06471b962ac9aa97a1481d,61ceb7aefd37ccd00cb4201adc4f77e04ad542387af61b62946079e7271065e2,44e2704,pilot-stage1-disease-r2,102,9004,,0a9f06b6dff3de72,0.025,0,none,0.2,0.2,0,2,,,completed,extinction on day 35,171,158,13,0.115,23,2,8,4,35,35,0
a2fc010a50674b378752e7705bccf2eb,a52ef1103a74b1d2c29e5ffbf7ab241c3abb635535ac01ac50fa60c1e17eca2e,44e2704,pilot-stage1-disease-r2,102,9004,,0a9f06b6dff3de72,0.05,0,none,0.2,0.2,0,2,,,completed,extinction on day 81,829,757,72,0.795,159,16,24,28,81,81,0
6a0b1f7803a34fce87788ef2a9e6c466,ae7618a5673df05cc989a0ebce63ed2e3d8ab4280e84cd4bd2845a10d30b2ba0,44e2704,pilot-stage1-disease-r2,102,9004,,0a9f06b6dff3de72,0.1,0,none,0.2,0.2,0,2,,,completed,extinction on day 42,823,772,51,0.845,169,16,47,22,42,42,0
426079d70adc4806a90a3ab0b0827be6,d919f849ba97492ec0912b8e185613260e7a605347763948d19dbdc60120f43b,44e2704,pilot-stage1-disease-r2,102,9005,,0a9f06b6dff3de72,0.0,0,none,0.2,0.2,0,2,,,completed,extinction on day 8,0,0,0,0.05,10,1,9,3,8,8,0
c58d9f3fe3894ff38bfa67735b258ac9,e24626e126583a56d07be4e3d855dab9bb8064e8614b22a04eca0f78a468b6c5,44e2704,pilot-stage1-disease-r2,102,9005,,0a9f06b6dff3de72,0.01,0,none,0.2,0.2,0,2,,,completed,extinction on day 12,32,31,1,0.06,12,1,9,4,12,12,0
8d4092bbb04e40b5bdbc2bc4b8c88a2f,3e50d2e96753f734c856d64d7fb47dd5556c09f8e872357ddda3437269bc8405,44e2704,pilot-stage1-disease-r2,102,9005,,0a9f06b6dff3de72,0.02,0,none,0.2,0.2,0,2,,,completed,extinction on day 12,52,52,0,0.06,12,1,9,4,12,12,0
c5dd4bf01cc54438b12c1b04e0113010,55310b6a3f77b16d924fb90d8da6160f4caf0f29c8b0b0bd6ae8687295d45e78,44e2704,pilot-stage1-disease-r2,102,9005,,0a9f06b6dff3de72,0.025,0,none,0.2,0.2,0,2,,,completed,extinction on day 12,60,59,1,0.06,12,1,9,3,12,12,0
852b4e1796144627ab0176fc3d34ae3a,2ffe8be38de4168d8a0f3d9a2fe2650b54c40e2552bb079810a934f498fb2dcd,44e2704,pilot-stage1-disease-r2,102,9005,,0a9f06b6dff3de72,0.05,0,none,0.2,0.2,0,2,,,completed,extinction on day 44,431,404,27,0.355,71,6,14,17,44,44,0
b71cadf0329b486790d9dafab301f9be,809892375c759d651e6f80bb2467ccbbca422a5b5f243dec20918d3a508e19a0,44e2704,pilot-stage1-disease-r2,102,9005,,0a9f06b6dff3de72,0.1,0,none,0.2,0.2,0,2,,,completed,extinction on day 44,865,803,62,0.99,198,20,46,11,44,44,0
225b68a69f8846ae9101cf106adf3074,16e277af7f3e2b08cc6c293f962af1d7eb405a32064e7506868c8d31da294dc4,44e2704,pilot-stage1-disease-r2,102,9006,,0a9f06b6dff3de72,0.0,0,none,0.2,0.2,0,2,,,completed,extinction on day 1,0,0,0,0.005,1,1,1,0,1,1,0
3b667916ddf04386963e6997bae4c6d0,28121760277b5b855de6f9f03867065eee2ec751712b232ea5eba0a26c4e3f56,44e2704,pilot-stage1-disease-r2,102,9006,,0a9f06b6dff3de72,0.01,0,none,0.2,0.2,0,2,,,completed,extinction on day 1,5,5,0,0.005,1,1,1,0,1,1,0
e95011edbd1943d7b283684d0e7dd603,59fd55086c9961aaedfd7d217b1b76d8c67563fcd1e124cc1428d44b2839a0ab,44e2704,pilot-stage1-disease-r2,102,9006,,0a9f06b6dff3de72,0.02,0,none,0.2,0.2,0,2,,,completed,extinction on day 1,6,6,0,0.005,1,1,1,0,1,1,0
c1b49a6401284e13a562ab3a0d1c7356,a4e1fa38bedb1dde6cf877631d2645002efba9e6da6119f57911598c2a29076b,44e2704,pilot-stage1-disease-r2,102,9006,,0a9f06b6dff3de72,0.025,0,none,0.2,0.2,0,2,,,completed,extinction on day 1,7,7,0,0.005,1,1,1,0,1,1,0
506082a2c6954e2f89528c83903af58d,79569052e4b69a734ea987d7643c869229b0a12bb87280f4ee09d77f724faa06,44e2704,pilot-stage1-disease-r2,102,9006,,0a9f06b6dff3de72,0.05,0,none,0.2,0.2,0,2,,,completed,extinction on day 1,14,14,0,0.005,1,1,1,0,1,1,0
74bd9d3eb396428caf72e287d575182b,8b34ac28284cdccde3ffca4ebca7d51ba13332336f44576a9009ac374d23a6a4,44e2704,pilot-stage1-disease-r2,102,9006,,0a9f06b6dff3de72,0.1,0,none,0.2,0.2,0,2,,,completed,extinction on day 1,19,19,0,0.005,1,1,1,0,1,1,0
1ad7ab0a714f45248354ad163a55b452,d86de190952a34887e052d3719d95a7125158eeb364b2e160ee98e46ab0be3b8,44e2704,pilot-stage1-disease-r2,102,9007,,0a9f06b6dff3de72,0.0,0,none,0.2,0.2,0,2,,,completed,extinction on day 14,0,0,0,0.05,10,1,8,3,14,14,0
d102c214f5e343e4970850e81c5d3a55,64d956bd3b43ff186584dd57a39a16f4aa876023b4fc1b6e9e75a05cd30921d8,44e2704,pilot-stage1-disease-r2,102,9007,,0a9f06b6dff3de72,0.01,0,none,0.2,0.2,0,2,,,completed,extinction on day 23,49,46,3,0.1,20,2,10,13,23,23,0
3fdfb375ac0e4d06a7f403e09edeb94d,dd1483e21bf044e714ebe2764272f39f3c1e1c724f8fd98744c407a5e07eb605,44e2704,pilot-stage1-disease-r2,102,9007,,0a9f06b6dff3de72,0.02,0,none,0.2,0.2,0,2,,,completed,extinction on day 23,89,85,4,0.195,39,4,18,13,23,23,0
b746cff0f0c542809fb29b8c5372e194,ecf2c4ed1fe9bd3e0958a33386b0feb59bd99dbd97e6551170fd9af2290089a9,44e2704,pilot-stage1-disease-r2,102,9007,,0a9f06b6dff3de72,0.025,0,none,0.2,0.2,0,2,,,completed,extinction on day 23,112,106,6,0.135,27,3,14,7,23,23,0
fdf4229f5bc1476b9c37f5fa79fad41d,4665a9f69fa98a7a4f133418ca326a2c8d21701ae4f7a8c7d246cc31d6502381,44e2704,pilot-stage1-disease-r2,102,9007,,0a9f06b6dff3de72,0.05,0,none,0.2,0.2,0,2,,,completed,extinction on day 84,834,774,60,0.815,163,15,28,15,84,84,0
1d91485f20c14f0a96c5affc75caede3,afe5bd4901d8de3f301f77dbbc4b0cfa5f89f56b0e6b4e40a167a17523f97e8d,44e2704,pilot-stage1-disease-r2,102,9007,,0a9f06b6dff3de72,0.1,0,none,0.2,0.2,0,2,,,completed,extinction on day 56,1147,1085,62,0.96,192,20,47,32,56,56,0
bfdffa142c5141a9a4411fbc6d5d8bec,83b801151d16f3e7153327e8628f33efc95195598cf4a4b9d2bcf70899ab876d,44e2704,pilot-stage1-disease-r2,102,9008,,0a9f06b6dff3de72,0.0,0,none,0.2,0.2,0,2,,,completed,extinction on day 18,0,0,0,0.05,10,1,8,4,18,18,0
f0fa56b60c484213bc5a356d076bfc6c,e705bc03951b32ff30ca06e55f2c7da4c21dbcd7a64cf9b18f17f4f0e8126a0c,44e2704,pilot-stage1-disease-r2,102,9008,,0a9f06b6dff3de72,0.01,0,none,0.2,0.2,0,2,,,completed,extinction on day 18,34,34,0,0.06,12,1,8,4,18,18,0
e668021fb9ad400d9e230c955a674381,3c1269ef05019fb97746b95faf5813ddcde0490e597205ada15aeb47f28d5e9e,44e2704,pilot-stage1-disease-r2,102,9008,,0a9f06b6dff3de72,0.02,0,none,0.2,0.2,0,2,,,completed,extinction on day 23,102,92,10,0.15,30,3,10,10,23,23,0
9ad9e66b9d2a4b3db0863b0044e42e82,e1d14f535ebdf0ec667fe19aa4279de9ed58c159792000ed87ac4abf288226c1,44e2704,pilot-stage1-disease-r2,102,9008,,0a9f06b6dff3de72,0.025,0,none,0.2,0.2,0,2,,,completed,extinction on day 76,392,358,34,0.61,122,12,21,14,76,76,0
a9c47d2eedd74a42b2b8ee6433d21f93,7a6b1aa56f02933bbcf038e462093a0986e8a77acbdacfd75926f6bfa2eb5061,44e2704,pilot-stage1-disease-r2,102,9008,,0a9f06b6dff3de72,0.05,0,none,0.2,0.2,0,2,,,completed,extinction on day 70,699,632,67,0.92,184,18,36,36,70,70,0
d4e32ebafe72485ebe99773f03b91efb,ef999aebe17480aef4195903858f1cf73cec4c61820175c390431e1d3aa25f21,44e2704,pilot-stage1-disease-r2,102,9008,,0a9f06b6dff3de72,0.1,0,none,0.2,0.2,0,2,,,completed,extinction on day 33,675,611,64,0.955,191,19,64,19,33,33,0
26819d2248c74a8fb72e45774c27db64,af51113cab80aadd837b688faa9bd9bb6236461c260b1c93d9cf3035c57d4943,44e2704,pilot-stage1-disease-r2,102,9009,,0a9f06b6dff3de72,0.0,0,none,0.2,0.2,0,2,,,completed,extinction on day 16,0,0,0,0.05,10,1,8,3,16,16,0
c7712496754b41278850e5fa8830564e,83c3c84720641d082f88c287bc3fcd5abbd58747dac7f4befc726aa517bfff34,44e2704,pilot-stage1-disease-r2,102,9009,,0a9f06b6dff3de72,0.01,0,none,0.2,0.2,0,2,,,completed,extinction on day 19,33,33,0,0.065,13,1,9,4,19,19,0
ad1c865cf0a944aa93c025398de3ce26,fc75e809916243e421ff98043c9ce111a728c809313e29e0ae38ea3bc978e7af,44e2704,pilot-stage1-disease-r2,102,9009,,0a9f06b6dff3de72,0.02,0,none,0.2,0.2,0,2,,,completed,extinction on day 21,86,86,0,0.145,29,3,19,4,21,21,0
89d9de2211ad44a982754e63559bbbf4,4693dcb042c2ef76a18e80264d2d89df42ea633859f8199d5bfbe395e3450166,44e2704,pilot-stage1-disease-r2,102,9009,,0a9f06b6dff3de72,0.025,0,none,0.2,0.2,0,2,,,completed,extinction on day 21,107,107,0,0.15,30,3,19,4,21,21,0
7a452c046b76410caa68703506f2cb1d,3ae38041d3e2d1d641ac07577f033d9a72a8eba50de3719ccb241404f0eac724,44e2704,pilot-stage1-disease-r2,102,9009,,0a9f06b6dff3de72,0.05,0,none,0.2,0.2,0,2,,,completed,extinction on day 48,462,435,27,0.82,164,16,41,18,48,48,0
8d7f7823b2f14637a388089fc33778d9,70775bd1f86f06f6cff8c599b8f30d48642193386f5669a7a337131bca3ff91d,44e2704,pilot-stage1-disease-r2,102,9009,,0a9f06b6dff3de72,0.1,0,none,0.2,0.2,0,2,,,completed,extinction on day 34,667,610,57,0.5,100,9,30,13,34,34,0
ecb14c1b112842a6bf621f04e5cc090a,559832cee1c6c851c9dd55b51406a662d06bb0df9a0a3fb4a7fc7b890c16a93d,44e2704,pilot-stage1-disease-r2,103,9000,,3eba5fa24d22e1a9,0.0,0,none,0.2,0.2,0,2,,,completed,extinction on day 19,0,0,0,0.05,10,1,7,3,19,19,0
9aff9f3c896449babb3f240386c9aafa,4143fc987bbf347a43f92ea290550c163ffe55d55a5847b590e13c68937c37a1,44e2704,pilot-stage1-disease-r2,103,9000,,3eba5fa24d22e1a9,0.01,0,none,0.2,0.2,0,2,,,completed,extinction on day 28,57,57,0,0.065,13,1,7,3,28,28,0
f7d8ba6b49b7493585de5c6f8863e5ee,5b8a4966dba96fe741711eca1db9a29b2f444b8e78e3756ac16c86f86686ebbb,44e2704,pilot-stage1-disease-r2,103,9000,,3eba5fa24d22e1a9,0.02,0,none,0.2,0.2,0,2,,,completed,extinction on day 28,109,106,3,0.065,13,1,7,3,28,28,0
ec5c305eb4fc4eb4bf49eb6a7a758a69,6b53a30bb76b2f722a185a0c6dd2eee8a12547ccc64f34fab8a0b0cf1d2a8120,44e2704,pilot-stage1-disease-r2,103,9000,,3eba5fa24d22e1a9,0.025,0,none,0.2,0.2,0,2,,,completed,extinction on day 19,97,93,4,0.065,13,1,7,3,19,19,0
9b82a3079c124018a2f40b93e146a8ca,a5ef67bf4d3e6ad30b297eb6811ca681c2d7bbf9081f0bb05334822f6da7bd19,44e2704,pilot-stage1-disease-r2,103,9000,,3eba5fa24d22e1a9,0.05,0,none,0.2,0.2,0,2,,,completed,extinction on day 29,296,288,8,0.205,41,5,15,14,29,29,0
bb3277381d31476a91f4b05a426092a9,59d222e5ed00eca9665d6cd414dd02d2923051d3103c44714099ad25018c6830,44e2704,pilot-stage1-disease-r2,103,9000,,3eba5fa24d22e1a9,0.1,0,none,0.2,0.2,0,2,,,completed,extinction on day 62,1248,1183,65,0.79,158,16,49,39,62,62,0
10d9c3f209a14c979440d501fa5abcc6,91e278f746d348ca043f55a701dfc9711cc9748a4454776119943618de3e2eb1,44e2704,pilot-stage1-disease-r2,103,9001,,3eba5fa24d22e1a9,0.0,0,none,0.2,0.2,0,2,,,completed,extinction on day 24,0,0,0,0.05,10,1,9,5,24,24,0
532a88c60e604b149132ccbce9df9ed1,d372f281ed2b2c6acda421446475267714bd611f2100fb8cf374324d930ba736,44e2704,pilot-stage1-disease-r2,103,9001,,3eba5fa24d22e1a9,0.01,0,none,0.2,0.2,0,2,,,completed,extinction on day 34,66,63,3,0.09,18,2,10,5,34,34,0
ac722a171a4543c69b0e07b3388f21ac,4197faa77d5292a588213732a97807b9eeb522618223f9e8d36421d6fdb86a2a,44e2704,pilot-stage1-disease-r2,103,9001,,3eba5fa24d22e1a9,0.02,0,none,0.2,0.2,0,2,,,completed,extinction on day 37,138,132,6,0.115,23,2,10,5,37,37,0
b961cf88861644ac91561f3aa4798e0d,fb75af76745f76b9b1bf207acbf64f62feb048ea65d6c3fdf2d8a87652ef84bc,44e2704,pilot-stage1-disease-r2,103,9001,,3eba5fa24d22e1a9,0.025,0,none,0.2,0.2,0,2,,,completed,extinction on day 45,220,218,2,0.205,41,4,11,23,45,45,0
1f1d444f500a47ce85bfa9a789d1cf3c,3fca9ace3a750879586fb9c8f6136e0000006596948d6032a196da24148c138a,44e2704,pilot-stage1-disease-r2,103,9001,,3eba5fa24d22e1a9,0.05,0,none,0.2,0.2,0,2,,,completed,extinction on day 48,482,472,10,0.675,135,13,28,23,48,48,0
068bcbdaca4f4456a69a1f243dcb411d,b8855af0e0aa5d4c3a1eb71b5f3695d76d88304bcd58adf8b793930845d391b8,44e2704,pilot-stage1-disease-r2,103,9001,,3eba5fa24d22e1a9,0.1,0,none,0.2,0.2,0,2,,,completed,extinction on day 62,1250,1188,62,0.73,146,15,43,11,62,62,0
0195e9e70a474c6a8d991cba4537ce84,5ee60f715b61c8136369ec465c351fda7c1d2829e09c845a96f714af8738e9f2,44e2704,pilot-stage1-disease-r2,103,9002,,3eba5fa24d22e1a9,0.0,0,none,0.2,0.2,0,2,,,completed,extinction on day 15,0,0,0,0.05,10,1,10,2,15,15,0
14a40806f9ff43aaadc178901e3104a2,10fb03b7ba98e6163496588fec60554f3588ee481fd11d36a4b12b2b8915990c,44e2704,pilot-stage1-disease-r2,103,9002,,3eba5fa24d22e1a9,0.01,0,none,0.2,0.2,0,2,,,completed,extinction on day 15,19,18,1,0.05,10,1,10,2,15,15,0
7d13d3d585e54fbaa39ee8b35b1b7c58,4caf6f463c09925fa1b5e462a06c115a3c5373f48c248dce9a5026a7a0fb2670,44e2704,pilot-stage1-disease-r2,103,9002,,3eba5fa24d22e1a9,0.02,0,none,0.2,0.2,0,2,,,completed,extinction on day 15,42,39,3,0.05,10,1,10,2,15,15,0
b9272aa599384ffb9418c3123a3440bd,bfce93c97cd22cf114fb8e4497a55047b110bfabda7798a5891c902d449862b8,44e2704,pilot-stage1-disease-r2,103,9002,,3eba5fa24d22e1a9,0.025,0,none,0.2,0.2,0,2,,,completed,extinction on day 15,57,55,2,0.055,11,1,10,2,15,15,0
5259a3567af047d39c616b5776d7bf75,0e23cbf30a8072d4161cd9fb237bac920aa31612685b67d10c618f474cd4ea19,44e2704,pilot-stage1-disease-r2,103,9002,,3eba5fa24d22e1a9,0.05,0,none,0.2,0.2,0,2,,,completed,extinction on day 23,223,214,9,0.115,23,2,11,8,23,23,0
9516ed836ace46deb46ca2144b33bc4c,f6e6d425ac653fb87a671935e650b79a720d57709d7e6c273bc9af69de506db9,44e2704,pilot-stage1-disease-r2,103,9002,,3eba5fa24d22e1a9,0.1,0,none,0.2,0.2,0,2,,,completed,extinction on day 23,426,404,22,0.235,47,5,23,8,23,23,0
354d395b2f42483d97ce6c4bc6b9559b,092bb779852860ac16542d350f1c674860dccb773b3a3574b0fce488a625d5e2,44e2704,pilot-stage1-disease-r2,103,9003,,3eba5fa24d22e1a9,0.0,0,none,0.2,0.2,0,2,,,completed,extinction on day 1,0,0,0,0.005,1,1,1,0,1,1,0
55d8cacec34f4af998dda01833532831,d8052f22331c0eabea6d6339e40cebed8cd376bb09a8635108614a24eb933fbb,44e2704,pilot-stage1-disease-r2,103,9003,,3eba5fa24d22e1a9,0.01,0,none,0.2,0.2,0,2,,,completed,extinction on day 1,3,3,0,0.005,1,1,1,0,1,1,0
3e0ca5946c7a4e9dbda41ec64a8756d9,d0fbeaf13d19b389ece9c2421b89987b799fa8d841d165f3de0aeaa1b34ae32f,44e2704,pilot-stage1-disease-r2,103,9003,,3eba5fa24d22e1a9,0.02,0,none,0.2,0.2,0,2,,,completed,extinction on day 1,5,5,0,0.005,1,1,1,0,1,1,0
b07de34aeb9f4784a81fac339440dbab,1e4991842e6adc649f617b91e56130aa9e3b3764b40f51242f73bd679073fb4e,44e2704,pilot-stage1-disease-r2,103,9003,,3eba5fa24d22e1a9,0.025,0,none,0.2,0.2,0,2,,,completed,extinction on day 1,5,5,0,0.005,1,1,1,0,1,1,0
b72e5fcbeed246e3b987071441f6ace9,4e91644283aab12555c93b3390256b7fd66ac18ec33e585b3780534653b6acc4,44e2704,pilot-stage1-disease-r2,103,9003,,3eba5fa24d22e1a9,0.05,0,none,0.2,0.2,0,2,,,completed,extinction on day 1,9,9,0,0.005,1,1,1,0,1,1,0
faf7f6df134b4f82abd07bbaefeb1ed6,f080b0677afae1f5042634f0b082348220db310a2d698ae5c372379ec2fb66e3,44e2704,pilot-stage1-disease-r2,103,9003,,3eba5fa24d22e1a9,0.1,0,none,0.2,0.2,0,2,,,completed,extinction on day 1,16,16,0,0.005,1,1,1,0,1,1,0
56dfeff6d62b45ada3f58e74be8e1745,9af6e5651befd6511bea9b2f0f1a8bce9371e9ea955428f85b96629b8a46a648,44e2704,pilot-stage1-disease-r2,103,9004,,3eba5fa24d22e1a9,0.0,0,none,0.2,0.2,0,2,,,completed,extinction on day 26,0,0,0,0.05,10,1,8,4,26,26,0
939e7c9f6c37417db96529450d854ae7,f1ad5a82594314147a6e9b45e5b04577da1669c9eb65bb34e82c8db1c2eac863,44e2704,pilot-stage1-disease-r2,103,9004,,3eba5fa24d22e1a9,0.01,0,none,0.2,0.2,0,2,,,completed,extinction on day 26,58,56,2,0.06,12,1,9,3,26,26,0
218cd1e2d4e74e618b33aa4f24529de2,de8a94a8a261b8489bcfb976d96992c50e0e15a1560c0e826d6ced027382b9c6,44e2704,pilot-stage1-disease-r2,103,9004,,3eba5fa24d22e1a9,0.02,0,none,0.2,0.2,0,2,,,completed,extinction on day 30,119,114,5,0.11,22,2,9,3,30,30,0
bfeab7d60aa34a88905b3a0545e7a760,18c03823cebcd2e2068f3bbf82262e492e44923709d6539bd410f87fe57710d3,44e2704,pilot-stage1-disease-r2,103,9004,,3eba5fa24d22e1a9,0.025,0,none,0.2,0.2,0,2,,,completed,extinction on day 27,137,125,12,0.115,23,2,9,3,27,27,0
629b5e635d4c4728afd763373a5b9398,84ae5381f2db49f5e192704ac242d4e4b82f29a97423dea666d75e5254f35178,44e2704,pilot-stage1-disease-r2,103,9004,,3eba5fa24d22e1a9,0.05,0,none,0.2,0.2,0,2,,,completed,extinction on day 114,1169,1110,59,0.955,191,20,24,73,114,114,0
40017bb7dcb2405dae7b462363078835,3e76883119a08fef0776f36d7b408819ddb5681602575a255c4271f94a436e17,44e2704,pilot-stage1-disease-r2,103,9004,,3eba5fa24d22e1a9,0.1,0,none,0.2,0.2,0,2,,,completed,extinction on day 56,1111,1047,64,0.97,194,20,35,29,56,56,0
287769f1236949ce983f049882403e6c,744d8a24a664a5d5650e912cd4cb00bd0ce8536fe5c19c4080c60ce823e1b3b5,44e2704,pilot-stage1-disease-r2,103,9005,,3eba5fa24d22e1a9,0.0,0,none,0.2,0.2,0,2,,,completed,extinction on day 8,0,0,0,0.05,10,1,9,3,8,8,0
f82405c6e7e744e9a6b7dd7703cb7e7e,fa13a4391de81d61b08afa6f8ab0296b5ddfbbafd437c4e47798650700849815,44e2704,pilot-stage1-disease-r2,103,9005,,3eba5fa24d22e1a9,0.01,0,none,0.2,0.2,0,2,,,completed,extinction on day 19,41,41,0,0.05,10,1,8,3,19,19,0
22e068068208471c884dae5e9db1ad04,caca82f861ae9b3031af10ecccb1e58506f5c7a20b6649767a0693d921e7746f,44e2704,pilot-stage1-disease-r2,103,9005,,3eba5fa24d22e1a9,0.02,0,none,0.2,0.2,0,2,,,completed,extinction on day 8,39,39,0,0.06,12,1,8,3,8,8,0
3c9972fc670249c5990bb700c8ac6a3b,70b8ee9f10d20b63f9205030008c24d6d0ddc10a4038ba171c3ea323c9c98cd0,44e2704,pilot-stage1-disease-r2,103,9005,,3eba5fa24d22e1a9,0.025,0,none,0.2,0.2,0,2,,,completed,extinction on day 8,43,43,0,0.06,12,1,8,3,8,8,0
05941804f3d34cf69598be3954e53c23,6d74ec8e96c5b58d8e8c74915b145a585ace53f9f02ef36825175d0238f94690,44e2704,pilot-stage1-disease-r2,103,9005,,3eba5fa24d22e1a9,0.05,0,none,0.2,0.2,0,2,,,completed,extinction on day 51,516,501,15,0.59,118,11,30,12,51,51,0
d49c8748aeba4c7f9746f94b52bda776,5021c4a4491f6f646a794aa3f351330fb0b4975cdc051edfe310b7329e5df544,44e2704,pilot-stage1-disease-r2,103,9005,,3eba5fa24d22e1a9,0.1,0,none,0.2,0.2,0,2,,,completed,extinction on day 48,960,936,24,0.995,199,20,46,28,48,48,0
1b76fc10615949758acc8513dfcca71b,64f7a2b3fc7d2f10ec336d66111ce342d4f6f038cb21e7add0fad5696aa7a85b,44e2704,pilot-stage1-disease-r2,103,9006,,3eba5fa24d22e1a9,0.0,0,none,0.2,0.2,0,2,,,completed,extinction on day 1,0,0,0,0.005,1,1,1,0,1,1,0
781d030aa8a64d9a96d3dd0a2613bc6d,5cfecdc75a45f27d7488afc55a9c96168688b67586b15aa3126d2d45d0a16b2f,44e2704,pilot-stage1-disease-r2,103,9006,,3eba5fa24d22e1a9,0.01,0,none,0.2,0.2,0,2,,,completed,extinction on day 1,5,5,0,0.005,1,1,1,0,1,1,0
7e0944ad65d6404b8e8607c5c137f30d,bdf5c90cd8f9fc7549b7c593abdba3288877b199ad799f016349c126bacecf3a,44e2704,pilot-stage1-disease-r2,103,9006,,3eba5fa24d22e1a9,0.02,0,none,0.2,0.2,0,2,,,completed,extinction on day 1,6,6,0,0.005,1,1,1,0,1,1,0
f52536ffaaf54715b9a1eb3449593953,3e525108b52dc2fddff66b10661712ec0341b95d582c59a381923c830a016cde,44e2704,pilot-stage1-disease-r2,103,9006,,3eba5fa24d22e1a9,0.025,0,none,0.2,0.2,0,2,,,completed,extinction on day 1,7,7,0,0.005,1,1,1,0,1,1,0
1f530158feb3446f9ddb98cd6b565e0c,679112d5c4a74e74fb2f7d8c46ce67cf2e7ad3e470d28ac810acc1ee64d52f9c,44e2704,pilot-stage1-disease-r2,103,9006,,3eba5fa24d22e1a9,0.05,0,none,0.2,0.2,0,2,,,completed,extinction on day 1,14,14,0,0.005,1,1,1,0,1,1,0
64dc0acc8b0e4a25897801bc33e55743,625d7c8c82bab71929c2a9fa8f07c4002ed6fad449db8bc7bd0cc8af4561068f,44e2704,pilot-stage1-disease-r2,103,9006,,3eba5fa24d22e1a9,0.1,0,none,0.2,0.2,0,2,,,completed,extinction on day 1,19,19,0,0.005,1,1,1,0,1,1,0
746aadf4789f4a82b92e1c84fd4d0ab2,2b9c1380589b4a1a1e37b388abfd8da536c6667754a40c7fe1a8ce3aae78dd9e,44e2704,pilot-stage1-disease-r2,103,9007,,3eba5fa24d22e1a9,0.0,0,none,0.2,0.2,0,2,,,completed,extinction on day 14,0,0,0,0.05,10,1,8,3,14,14,0
9acd36b1879b4ef69dbded478d37f429,a75d0cff2a88bd50763077a51e2a962bdeabb08638c3b70f6312c1c5de4c93ec,44e2704,pilot-stage1-disease-r2,103,9007,,3eba5fa24d22e1a9,0.01,0,none,0.2,0.2,0,2,,,completed,extinction on day 30,57,55,2,0.105,21,2,8,3,30,30,0
fbb312df9dc34b89931b0b8a92565584,de14b7c2b42507f7cb6b6573264a9adfccf3f3502f734f54dff40b1c3a53717f,44e2704,pilot-stage1-disease-r2,103,9007,,3eba5fa24d22e1a9,0.02,0,none,0.2,0.2,0,2,,,completed,extinction on day 30,115,106,9,0.16,32,3,13,13,30,30,0
c454c37949424aaca3b528d98826b1eb,11f7229cb6be8cc47f8b4a5f4c8c8a64bb8ac684af24755983dde2fe77a6c203,44e2704,pilot-stage1-disease-r2,103,9007,,3eba5fa24d22e1a9,0.025,0,none,0.2,0.2,0,2,,,completed,extinction on day 36,167,154,13,0.26,52,5,23,13,36,36,0
9578a2f8aecb470d9ddbedfac958a240,59930ec6cdcfc08589e7c9fb008276fb77850bf096c1df602d5135cd252ce5be,44e2704,pilot-stage1-disease-r2,103,9007,,3eba5fa24d22e1a9,0.05,0,none,0.2,0.2,0,2,,,completed,extinction on day 45,428,418,10,0.2,40,3,12,13,45,45,0
c6787fabe5874bcab51f3dd239901554,2cd023a3307b92d7be45dfe5efd64bbe18cc51cea7d2ef58b47ecdf7a8548c9a,44e2704,pilot-stage1-disease-r2,103,9007,,3eba5fa24d22e1a9,0.1,0,none,0.2,0.2,0,2,,,completed,extinction on day 49,1003,953,50,0.73,146,13,62,12,49,49,0
4c8dac90b21643149005992f048ebb83,c29ab4e0638af0ec684afc7ef69524f2fa871afb03cba808c60b173998457aaa,44e2704,pilot-stage1-disease-r2,103,9008,,3eba5fa24d22e1a9,0.0,0,none,0.2,0.2,0,2,,,completed,extinction on day 18,0,0,0,0.05,10,1,8,4,18,18,0
ef749c39ced9420ab977a3357af97328,0b833569fb204436aaaa0366aeb17638ea6a9b7340931a5b93f10dcef78e00e3,44e2704,pilot-stage1-disease-r2,103,9008,,3eba5fa24d22e1a9,0.01,0,none,0.2,0.2,0,2,,,completed,extinction on day 18,34,34,0,0.055,11,1,9,4,18,18,0
663f5bfe941c42eda551123e0d856934,f1d8321873c8b4b2f3fc2c25778b30eb31c40346740744f149e06a9b107fcc81,44e2704,pilot-stage1-disease-r2,103,9008,,3eba5fa24d22e1a9,0.02,0,none,0.2,0.2,0,2,,,completed,extinction on day 18,81,76,5,0.05,10,1,7,4,18,18,0
76a95448d568452a84e5e61969003b03,bba82e6eca2100d809f979d3c6ee662794dd39791bc832c7cbb864ce25188b21,44e2704,pilot-stage1-disease-r2,103,9008,,3eba5fa24d22e1a9,0.025,0,none,0.2,0.2,0,2,,,completed,extinction on day 30,159,152,7,0.175,35,3,15,15,30,30,0
e832066dc8e3403a8bf37fd472418bf7,234d1113c024d5dea65741dce852860ef056bf81a6c7bedf7dcf64dc08dd6ee3,44e2704,pilot-stage1-disease-r2,103,9008,,3eba5fa24d22e1a9,0.05,0,none,0.2,0.2,0,2,,,completed,extinction on day 49,508,484,24,0.585,117,11,34,18,49,49,0
1ed72774c0a64cf6b96e2fc1842c93f3,0aba3336407ea1156113f854e2ec6d26f331390efe6e8c56b0af27dd1c442c98,44e2704,pilot-stage1-disease-r2,103,9008,,3eba5fa24d22e1a9,0.1,0,none,0.2,0.2,0,2,,,completed,extinction on day 38,800,760,40,0.975,195,19,56,22,38,38,0
3f91b7ebcb4248e0b04c6d7eb068c177,097c408da68b3e4238bdb1f5b840c5bfb9e45a85c1d322f7550504497366ccfc,44e2704,pilot-stage1-disease-r2,103,9009,,3eba5fa24d22e1a9,0.0,0,none,0.2,0.2,0,2,,,completed,extinction on day 16,0,0,0,0.05,10,1,8,3,16,16,0
decdbb3f298549288c2a0c9aa5e4d7c8,a4d29152335669d2ec0d314e771cdd2a10ecb22eb7be862ba440b31592d7aa45,44e2704,pilot-stage1-disease-r2,103,9009,,3eba5fa24d22e1a9,0.01,0,none,0.2,0.2,0,2,,,completed,extinction on day 19,33,33,0,0.065,13,1,9,4,19,19,0
b2914b5718a64e2084c17b767403032e,1a87d90882861f08c3758c8c14869c5970cae4c90e5ad36d8cdbf46b050ee2e4,44e2704,pilot-stage1-disease-r2,103,9009,,3eba5fa24d22e1a9,0.02,0,none,0.2,0.2,0,2,,,completed,extinction on day 22,89,88,1,0.2,40,4,19,6,22,22,0
33b8b0a3f0474c7a8e1770f3fa77b739,70c40c387cb77d034220b7076c74b3fbb4654283a2b29a1bff7f8cea8431f55a,44e2704,pilot-stage1-disease-r2,103,9009,,3eba5fa24d22e1a9,0.025,0,none,0.2,0.2,0,2,,,completed,extinction on day 22,113,112,1,0.2,40,4,19,6,22,22,0
53e61f3015fd4c588f253f06612bf52a,659f87636faf0373b2cf41652838e32ca83398eee115b632280bf3b8ed5fd60e,44e2704,pilot-stage1-disease-r2,103,9009,,3eba5fa24d22e1a9,0.05,0,none,0.2,0.2,0,2,,,completed,extinction on day 66,653,637,16,0.925,185,18,47,10,66,66,0
21f98ba0da4947899bb68bd175d5e5c7,f1b448f9da1b495d5178f05478b9779a565e4f144e40459823e3b56e92a34109,44e2704,pilot-stage1-disease-r2,103,9009,,3eba5fa24d22e1a9,0.1,0,none,0.2,0.2,0,2,,,completed,extinction on day 68,1388,1304,84,0.76,152,15,41,16,68,68,0
63f9fa4dfb934fc49de99edc776e31ae,aad5c83c14ce7a0b3c52cdd1a5f6daaa8a535f52dd9111c61751afaa14c29eb8,44e2704,pilot-stage1-disease-r2,104,9000,,bc0241eae73e5142,0.0,0,none,0.2,0.2,0,2,,,completed,extinction on day 19,0,0,0,0.05,10,1,7,3,19,19,0
3071fd7bf49d4c068cdbe62ccef3a64e,76a72cb03be85635a3b213f6e7986f36c4be297ea24d99a30c54e7f34aa5ba5e,44e2704,pilot-stage1-disease-r2,104,9000,,bc0241eae73e5142,0.01,0,none,0.2,0.2,0,2,,,completed,extinction on day 19,43,40,3,0.065,13,1,7,3,19,19,0
c8e5a60d02094581b972d9f370491a0a,046b761a7e8072cb7bdf43a1254a31a01ac8b803c4b91a49a64134458449cdb7,44e2704,pilot-stage1-disease-r2,104,9000,,bc0241eae73e5142,0.02,0,none,0.2,0.2,0,2,,,completed,extinction on day 21,84,74,10,0.135,27,2,13,10,21,21,0
b5b68c8a6fb945a4b7da46fa452e5093,40775c8912d2d0e31b23db39d9f1ada4921d5e66687ccd5ef95a78f23f34c8d1,44e2704,pilot-stage1-disease-r2,104,9000,,bc0241eae73e5142,0.025,0,none,0.2,0.2,0,2,,,completed,extinction on day 30,148,133,15,0.19,38,3,13,10,30,30,0
bbe49f81b9e042be952711f60694dafd,1f06f708e2b5cfbc6be6c814b6e1aba4039974cdeae2100535165135776c58b7,44e2704,pilot-stage1-disease-r2,104,9000,,bc0241eae73e5142,0.05,0,none,0.2,0.2,0,2,,,completed,extinction on day 26,272,242,30,0.21,42,5,20,9,26,26,0
d36ead28da814ffa946a9ff0b0736998,6fa89e117c66971f99ddb3152e7d12f5a79725651aaac207a09c24b89f9bdf3b,44e2704,pilot-stage1-disease-r2,104,9000,,bc0241eae73e5142,0.1,0,none,0.2,0.2,0,2,,,completed,extinction on day 47,953,886,67,0.985,197,19,44,14,47,47,0
ddf1af39e98c4336bda48f0eac6ffebc,f9249c5192872280b1820bd7cbd85e969515ae4d36ef2596fd6c27ddb5f0d966,44e2704,pilot-stage1-disease-r2,104,9001,,bc0241eae73e5142,0.0,0,none,0.2,0.2,0,2,,,completed,extinction on day 24,0,0,0,0.05,10,1,9,5,24,24,0
99aa8faf174a4b9eae5f8cb5e2088cc8,41a2a518ae94e8cf951b0c4bd1fafd1b30a7a8a2bc80292abdd95914210dab37,44e2704,pilot-stage1-disease-r2,104,9001,,bc0241eae73e5142,0.01,0,none,0.2,0.2,0,2,,,completed,extinction on day 36,72,66,6,0.11,22,2,11,20,36,36,0
74953787202f411d9564dc6cc2339fd3,65d49fbe8480b88149a2d10a4e37bd3f8c96565847c7169c7d380694df52822d,44e2704,pilot-stage1-disease-r2,104,9001,,bc0241eae73e5142,0.02,0,none,0.2,0.2,0,2,,,completed,extinction on day 62,234,213,21,0.245,49,4,10,51,62,62,0
91e3168147cb4bae9a17ea1965731c98,9e92be46474892d9a3f050817bc026636813d599d36a51490f1df450e0dfd128,44e2704,pilot-stage1-disease-r2,104,9001,,bc0241eae73e5142,0.025,0,none,0.2,0.2,0,2,,,completed,extinction on day 48,235,221,14,0.175,35,3,10,22,48,48,0
ddd0ca30dda54aa785bb1630edd1a448,622d58ba4c6b97426e0fe229f8dd772a502dc403c7a3f59a9d02c6eb17a8964a,44e2704,pilot-stage1-disease-r2,104,9001,,bc0241eae73e5142,0.05,0,none,0.2,0.2,0,2,,,completed,extinction on day 71,708,647,61,0.675,135,13,29,24,71,71,0
e78d246443944692b1d757ef62276770,b09a0481627c45936d7bd4b61a8782746a5a1fc45d5180c664e3a1c197cdf609,44e2704,pilot-stage1-disease-r2,104,9001,,bc0241eae73e5142,0.1,0,none,0.2,0.2,0,2,,,completed,extinction on day 51,1047,958,89,1.0,200,20,72,18,51,51,0
f563ac69d8c54a648c33650a179756b4,0acb0c1240f54d231134d65d599c651aef60339892105e7ce32dfae28260b777,44e2704,pilot-stage1-disease-r2,104,9002,,bc0241eae73e5142,0.0,0,none,0.2,0.2,0,2,,,completed,extinction on day 15,0,0,0,0.05,10,1,10,2,15,15,0
59949bac1f444adf84b5e13f3ebc3a58,e213e21e437ec329898c61f2f55159550d264a54db3d40adcdd737e8aa1dc033,44e2704,pilot-stage1-disease-r2,104,9002,,bc0241eae73e5142,0.01,0,none,0.2,0.2,0,2,,,completed,extinction on day 16,21,20,1,0.06,12,1,11,2,16,16,0
254da4f3988c4ba794246853a0d8b228,cd4b2745b2b5cbae1ac82dce1ebd400fa2a2494204362f1d340c2ceee40dbaf8,44e2704,pilot-stage1-disease-r2,104,9002,,bc0241eae73e5142,0.02,0,none,0.2,0.2,0,2,,,completed,extinction on day 16,45,45,0,0.06,12,1,11,2,16,16,0
18b3012464d144c4aea2bea7ab24bb72,06557468413850019648c77a84f6cde30e95efea035a9578a73ddbc2edcf81ea,44e2704,pilot-stage1-disease-r2,104,9002,,bc0241eae73e5142,0.025,0,none,0.2,0.2,0,2,,,completed,extinction on day 16,61,59,2,0.06,12,1,11,2,16,16,0
6e7fdc948dd04c09b8684c7093996f2d,a6acb7aec06e94badcaf708f54b798e98ff002bd6cc74bff69041faf2eab831c,44e2704,pilot-stage1-disease-r2,104,9002,,bc0241eae73e5142,0.05,0,none,0.2,0.2,0,2,,,completed,extinction on day 63,622,579,43,0.98,196,20,44,19,63,63,0
f8c7a2d509c54ecbb28c7947f8c54684,1fe8eceefb6d3ca74a9204efbf0f3d701df4dda82f616f0a25dc8eb64ccae4d3,44e2704,pilot-stage1-disease-r2,104,9002,,bc0241eae73e5142,0.1,0,none,0.2,0.2,0,2,,,completed,extinction on day 37,724,658,66,0.99,198,20,69,10,37,37,0
acf8b8372ce74ca480c40422e74e4bd8,80dbd1ad2ea4dab596aaf64ee6567357cca45c4e0c468638f52b2a72681feaf1,44e2704,pilot-stage1-disease-r2,104,9003,,bc0241eae73e5142,0.0,0,none,0.2,0.2,0,2,,,completed,extinction on day 1,0,0,0,0.005,1,1,1,0,1,1,0
21f4a91bba5742e99037a4d901c58f06,15108ae8445c0f70e961555da785df79e25e5d5cf51fe76a2a9d2cf52e059312,44e2704,pilot-stage1-disease-r2,104,9003,,bc0241eae73e5142,0.01,0,none,0.2,0.2,0,2,,,completed,extinction on day 1,3,3,0,0.005,1,1,1,0,1,1,0
1cfa51dd92ff4f57a36ba39686889c16,db475dd6ffe4cb5d3cf9a0c6da94b50ca87babc4ba0892fd2168c829d185025e,44e2704,pilot-stage1-disease-r2,104,9003,,bc0241eae73e5142,0.02,0,none,0.2,0.2,0,2,,,completed,extinction on day 1,5,5,0,0.005,1,1,1,0,1,1,0
48a762103a7840ed8c2477660245e262,e82e24975435a7d9ee6a73ebb07d4cc7341f9293d00e6eea7264a45fe9ea8c1b,44e2704,pilot-stage1-disease-r2,104,9003,,bc0241eae73e5142,0.025,0,none,0.2,0.2,0,2,,,completed,extinction on day 1,5,5,0,0.005,1,1,1,0,1,1,0
716d137e7ee34befa2cd2d49e7a492d1,ebbe952a41d71f437ae9f39a081213f22fdfae73ceed9bec10fc35c0f4e6d2f2,44e2704,pilot-stage1-disease-r2,104,9003,,bc0241eae73e5142,0.05,0,none,0.2,0.2,0,2,,,completed,extinction on day 1,9,9,0,0.005,1,1,1,0,1,1,0
a3c8243329894cdd896f47ea53ca2ff0,a4f9548c7cf65bf678671abc84f3ab208a2322405af8ae002aff7c00d2eec0a4,44e2704,pilot-stage1-disease-r2,104,9003,,bc0241eae73e5142,0.1,0,none,0.2,0.2,0,2,,,completed,extinction on day 1,16,16,0,0.005,1,1,1,0,1,1,0
52c7dfe672ad4f12a3eea933fd9a1f0d,f555617e466d8e7016e54a8cc9dd21e12c6f3aa50dd0c70bd38b9fda3eb9126f,44e2704,pilot-stage1-disease-r2,104,9004,,bc0241eae73e5142,0.0,0,none,0.2,0.2,0,2,,,completed,extinction on day 26,0,0,0,0.05,10,1,8,4,26,26,0
58c03e3abb104a87ac29010bd963acd5,593200d50607579c4e44158047f16b34d9e0c7bb1f1d2ffbb757899197206c31,44e2704,pilot-stage1-disease-r2,104,9004,,bc0241eae73e5142,0.01,0,none,0.2,0.2,0,2,,,completed,extinction on day 51,106,103,3,0.07,14,1,8,4,51,51,0
275117bb2a5d40478ed5b6cf68a732dd,2f7948e3dc2209eed79d7f1408c8afe9d3a0d9c1fbd96cb32fb7c84a09492e02,44e2704,pilot-stage1-disease-r2,104,9004,,bc0241eae73e5142,0.02,0,none,0.2,0.2,0,2,,,completed,extinction on day 48,193,187,6,0.175,35,3,10,20,48,48,0
22e64e07997945d38a22aa3d12b4aa2f,1dc15ffc7722fe5d863e0e7b7b0a5ff8a99afee514b6cd5d2e4bf78faa1a0ce8,44e2704,pilot-stage1-disease-r2,104,9004,,bc0241eae73e5142,0.025,0,none,0.2,0.2,0,2,,,completed,extinction on day 71,373,352,21,0.5,100,9,23,48,71,71,0
7dd3763d005b4aa7bde3e8a4d54ba969,65d9227d737de333f249d58f7121ccd3dcae050a5e41833f697e71a0dd12a0a5,44e2704,pilot-stage1-disease-r2,104,9004,,bc0241eae73e5142,0.05,0,none,0.2,0.2,0,2,,,completed,extinction on day 26,250,236,14,0.225,45,4,16,6,26,26,0
76ec82944f13427a8c509add094a93d0,93481793548ce3f67e6f99532881406d8dff62cd6e5cba7bfb801ef3c78b3796,44e2704,pilot-stage1-disease-r2,104,9004,,bc0241eae73e5142,0.1,0,none,0.2,0.2,0,2,,,completed,extinction on day 48,959,878,81,0.945,189,18,71,12,48,48,0
6175b28c980947e691ceefa17e263897,8409fc413cb86fc6962186981a10930f3a8b5af3d595966174c0d163e4691ef0,44e2704,pilot-stage1-disease-r2,104,9005,,bc0241eae73e5142,0.0,0,none,0.2,0.2,0,2,,,completed,extinction on day 8,0,0,0,0.05,10,1,9,3,8,8,0
171d89bb82384dcaaaec38773f1184b7,67c11f74290a96374ae8418b9c504433f2a0f5650fe269736b119754fb07f645,44e2704,pilot-stage1-disease-r2,104,9005,,bc0241eae73e5142,0.01,0,none,0.2,0.2,0,2,,,completed,extinction on day 12,32,32,0,0.055,11,1,8,3,12,12,0
9c45e91b953d4a6cbbb0b54ea11cc4b7,36ab078d80228a175ae398d528a2482ec3772d476fbd15164dd6ba4137ca50a0,44e2704,pilot-stage1-disease-r2,104,9005,,bc0241eae73e5142,0.02,0,none,0.2,0.2,0,2,,,completed,extinction on day 12,52,50,2,0.055,11,1,8,3,12,12,0
fe2d954f9d3c4eb3928200c9b11136ad,1c96136a5d6027c4204a47d5017d445428b3c00c821103bdee603a144ce81daf,44e2704,pilot-stage1-disease-r2,104,9005,,bc0241eae73e5142,0.025,0,none,0.2,0.2,0,2,,,completed,extinction on day 12,60,58,2,0.055,11,1,8,3,12,12,0
82148b901af04871b5de0a78c81a93e3,d3b5a5c852130a180d240dccf44d4a51d9d47922347a94e0af512eaf282aa6f7,44e2704,pilot-stage1-disease-r2,104,9005,,bc0241eae73e5142,0.05,0,none,0.2,0.2,0,2,,,completed,extinction on day 19,170,160,10,0.115,23,2,11,7,19,19,0
685936ee9e3e444cae6d6104de70b84f,c4739353454c04f92cde0a0188e5a8a73cf8ac6c4107ecf7bda03da22ff0a03f,44e2704,pilot-stage1-disease-r2,104,9005,,bc0241eae73e5142,0.1,0,none,0.2,0.2,0,2,,,completed,extinction on day 62,1230,1146,84,0.955,191,19,42,21,62,62,0
edf239371b974dcd9d0c280aa274a522,f54a639c42f38690036d057d8eb9aff218fceed8443d83120d1c913e3b5a5aad,44e2704,pilot-stage1-disease-r2,104,9006,,bc0241eae73e5142,0.0,0,none,0.2,0.2,0,2,,,completed,extinction on day 1,0,0,0,0.005,1,1,1,0,1,1,0
f2faae7929be460f9989713429e66827,e4616955d4cbe853930d07701d8baf05b8362bb8a05b4977258215dabeb3d231,44e2704,pilot-stage1-disease-r2,104,9006,,bc0241eae73e5142,0.01,0,none,0.2,0.2,0,2,,,completed,extinction on day 1,5,5,0,0.005,1,1,1,0,1,1,0
59ecd416b09845e19458a1478b204e85,a7602233198b2d0882c7ab7faa42592777b33787078dfd2e9d724358eb1865b3,44e2704,pilot-stage1-disease-r2,104,9006,,bc0241eae73e5142,0.02,0,none,0.2,0.2,0,2,,,completed,extinction on day 1,6,6,0,0.005,1,1,1,0,1,1,0
2af8a466e7794ca29100f896c7747fcc,e20c15915c956188882707641cf6ec16c59237b5d8e1e0a2698427566c1be561,44e2704,pilot-stage1-disease-r2,104,9006,,bc0241eae73e5142,0.025,0,none,0.2,0.2,0,2,,,completed,extinction on day 1,7,7,0,0.005,1,1,1,0,1,1,0
4014d10e88f64481b584bb6f1c1ab937,ffcbb4bbb8b8cc9782306990c77d69bc5c147353a7137600a8dcb30a3afd3acc,44e2704,pilot-stage1-disease-r2,104,9006,,bc0241eae73e5142,0.05,0,none,0.2,0.2,0,2,,,completed,extinction on day 1,14,14,0,0.005,1,1,1,0,1,1,0
f558d995b1344c59bd127e16f077beef,316502e1ce06653eef588fad84f3f222b8b49e2e13eab04fac8e3e191fa7d813,44e2704,pilot-stage1-disease-r2,104,9006,,bc0241eae73e5142,0.1,0,none,0.2,0.2,0,2,,,completed,extinction on day 1,19,19,0,0.005,1,1,1,0,1,1,0
448188a38d3448d3bbccc5573ff583f9,91e4d5d23ebe19bb604b374d87b4528afa93e8a8ff62cd99942c3efa55bfc228,44e2704,pilot-stage1-disease-r2,104,9007,,bc0241eae73e5142,0.0,0,none,0.2,0.2,0,2,,,completed,extinction on day 14,0,0,0,0.05,10,1,8,3,14,14,0
3dfae0dc7d7a42938cee1ae4e694aedd,3b6f8d6bf5345b162cb1143f7dede12602b5391ee2a68ec460a5682ae613ad76,44e2704,pilot-stage1-disease-r2,104,9007,,bc0241eae73e5142,0.01,0,none,0.2,0.2,0,2,,,completed,extinction on day 23,49,46,3,0.095,19,2,10,12,23,23,0
57cd1922744443cf8465ec00eb2e2472,19c6312bf4a40b882d6dfd2f910478a65e8ca57765a7ef420de34826d5200957,44e2704,pilot-stage1-disease-r2,104,9007,,bc0241eae73e5142,0.02,0,none,0.2,0.2,0,2,,,completed,extinction on day 23,89,86,3,0.155,31,3,16,7,23,23,0
b482518768524ccab310348f67ff23c5,6f94fccbf2995504a6159d7d5629f43191ca19c689d77136b612836d9fc25833,44e2704,pilot-stage1-disease-r2,104,9007,,bc0241eae73e5142,0.025,0,none,0.2,0.2,0,2,,,completed,extinction on day 23,112,105,7,0.105,21,2,10,7,23,23,0
4f3434df41144f19a56a117c604d448a,ecca2acddfe25a0a5cb3adf10ae6324e84145a855792870ece41da449c4a3e15,44e2704,pilot-stage1-disease-r2,104,9007,,bc0241eae73e5142,0.05,0,none,0.2,0.2,0,2,,,completed,extinction on day 47,449,418,31,0.595,119,10,45,13,47,47,0
0407ac6f30ad481386eebef85383e841,577398e2ea3dd09a954b1ac6bafbed1b87b2b0baef09f00822b70b6870857cef,44e2704,pilot-stage1-disease-r2,104,9007,,bc0241eae73e5142,0.1,0,none,0.2,0.2,0,2,,,completed,extinction on day 57,1164,1058,106,0.95,190,19,40,26,57,57,0
58a75310959e4c1b9e4b10d03a5c9cc8,dc3e449a09205c85910322b920b946dbec51fb8582016266b27945f1f5e8f64d,44e2704,pilot-stage1-disease-r2,104,9008,,bc0241eae73e5142,0.0,0,none,0.2,0.2,0,2,,,completed,extinction on day 18,0,0,0,0.05,10,1,8,4,18,18,0
d587d80ddc974e07aca5f1aa8154f126,61641526a6b4a13706e0036b2decdf4a87438657f8e2c85fc4c695c010f284e9,44e2704,pilot-stage1-disease-r2,104,9008,,bc0241eae73e5142,0.01,0,none,0.2,0.2,0,2,,,completed,extinction on day 18,34,34,0,0.055,11,1,8,4,18,18,0
495fe202a92a4a0ea19b66a93f6d5fd5,6f42ffe6b6720f7340dbbdc15e38f0db84cb5f19b86e98806e98227a836bbdc1,44e2704,pilot-stage1-disease-r2,104,9008,,bc0241eae73e5142,0.02,0,none,0.2,0.2,0,2,,,completed,extinction on day 18,81,76,5,0.05,10,1,7,4,18,18,0
9634ab4db74b4dc5834f0df72a05c9c7,ef386f9ade562dcb1aaf1e5c26d6718b10acaf7dfcb8392c75caa4ff9b5d4507,44e2704,pilot-stage1-disease-r2,104,9008,,bc0241eae73e5142,0.025,0,none,0.2,0.2,0,2,,,completed,extinction on day 65,347,315,32,0.64,128,12,34,23,65,65,0
64d9766eb8c34022a4a189e734c42c06,638b8c82d3e00327d462bc23f39dbc2ede084d2f878e14f67e868a4c6555421b,44e2704,pilot-stage1-disease-r2,104,9008,,bc0241eae73e5142,0.05,0,none,0.2,0.2,0,2,,,completed,extinction on day 33,332,323,9,0.32,64,7,18,18,33,33,0
710a83b6930348a283fec9ff782f6150,9f675c556849ebea8f4fee703035c1f5790bc9d5cb6908d925801eaa435f68cd,44e2704,pilot-stage1-disease-r2,104,9008,,bc0241eae73e5142,0.1,0,none,0.2,0.2,0,2,,,completed,extinction on day 70,1421,1328,93,0.985,197,20,54,36,70,70,0
6460951b79dd4474974773be2b0eba0a,4d6f0720e9e601e6b4e10169f1ae9d68b84e04ecc5345b04bd63d8660a6deb0f,44e2704,pilot-stage1-disease-r2,104,9009,,bc0241eae73e5142,0.0,0,none,0.2,0.2,0,2,,,completed,extinction on day 16,0,0,0,0.05,10,1,8,3,16,16,0
7b395182162c4d06853031823fcb3299,0a6c4322913ad6d80ac2e8025fa66747c824264ebab8a9e6fbf89996ed990e54,44e2704,pilot-stage1-disease-r2,104,9009,,bc0241eae73e5142,0.01,0,none,0.2,0.2,0,2,,,completed,extinction on day 19,33,33,0,0.065,13,1,9,4,19,19,0
9aac5000055a4f31bd6a2470068dfb27,1b1c47c1b12191bf43e9c5661c93a826ef56a2244eb3daa45fbd896d3d8d5614,44e2704,pilot-stage1-disease-r2,104,9009,,bc0241eae73e5142,0.02,0,none,0.2,0.2,0,2,,,completed,extinction on day 24,100,93,7,0.11,22,2,12,4,24,24,0
2cddc476ca7540b7abccf641d32a5315,d03c2019feea10cecbe372c01b6093b01aabb8000b82070b594ca2bdc0db057a,44e2704,pilot-stage1-disease-r2,104,9009,,bc0241eae73e5142,0.025,0,none,0.2,0.2,0,2,,,completed,extinction on day 24,125,113,12,0.11,22,2,12,4,24,24,0
1d5bc1cb57e9450683d39519c212bbc4,f8d15fd14de3b96188ac325408547ede9b0717ef8f875c5afdeff114283b90d1,44e2704,pilot-stage1-disease-r2,104,9009,,bc0241eae73e5142,0.05,0,none,0.2,0.2,0,2,,,completed,extinction on day 64,634,587,47,0.975,195,19,54,28,64,64,0
2cc264ec07f9488c8cd5641ca98e6f34,3fb2591bcf21bfc0519dc8e9d822d40ec7a87cd09aabed2b76720c6c059bcbe4,44e2704,pilot-stage1-disease-r2,104,9009,,bc0241eae73e5142,0.1,0,none,0.2,0.2,0,2,,,completed,extinction on day 66,1346,1219,127,0.985,197,19,41,20,66,66,0
