run_id,configuration_hash,code_commit,label,network_seed,epidemic_seed,policy_seed,network_hash,transfer_rate,response_delay,strategy,beta,gamma,quarantine_duration,k,selected_tanks,intervention_start_day,status,stop_reason,attempted_transfers,accepted_transfers,blocked_transfers,final_attack_rate,ever_infected,affected_tanks,peak_infected,time_to_peak,time_to_extinction,days_simulated,intervention_cost
0684406906d647c9a14f058e29d0181c,db6f0609ee9c9237542530d4f7c2a52454bc8d8b3cc96ef3f895040469fc9e63,c09e4f0,pilot-stage1-disease,100,9000,,ecc984f043b744b6,0.0,0,none,0.05,0.1,0,2,,,completed,extinction on day 35,0,0,0,0.05,10,1,5,6,35,35,0
3677433479ee402fb51f2579ad53ea61,165cfe73845d5f0a59fb9386caeda1db0427bb2d29e2f5ac2cc90ee851b10974,c09e4f0,pilot-stage1-disease,100,9000,,ecc984f043b744b6,0.01,0,none,0.05,0.1,0,2,,,completed,extinction on day 56,110,98,12,0.095,19,2,9,33,56,56,0
d044a823023b47a9ab648791e5d859c6,f7673f69c2488d4d96868a54d28f1b8997e76e1dbbf59af7f1c27433e73241db,c09e4f0,pilot-stage1-disease,100,9000,,ecc984f043b744b6,0.02,0,none,0.05,0.1,0,2,,,completed,extinction on day 143,574,517,57,0.47,94,9,19,40,143,143,0
4406108f36004452ad7992466639acbd,44cae116565adf7f12d8cb172b4a56da866b6c5f1dcc6854707f234218264020,c09e4f0,pilot-stage1-disease,100,9000,,ecc984f043b744b6,0.05,0,none,0.05,0.1,0,2,,,completed,extinction on day 96,967,847,120,0.735,147,16,45,54,96,96,0
0f42786d1a974588b327f79f14f3009b,4ea9e5b4e9d7acee954db83603545278172ed872b1b26a307432ec57dba11c74,c09e4f0,pilot-stage1-disease,100,9000,,ecc984f043b744b6,0.1,0,none,0.05,0.1,0,2,,,completed,extinction on day 96,1906,1684,222,0.97,194,20,63,44,96,96,0
4efde748657a4820b25f806e11c25cd8,041a1341b8c41430bd925b757741bda310cb67ef7b80fac9591776380fc6e0bb,c09e4f0,pilot-stage1-disease,100,9001,,ecc984f043b744b6,0.0,0,none,0.05,0.1,0,2,,,completed,extinction on day 30,0,0,0,0.05,10,1,9,8,30,30,0
6635fca869e74708aa37b06137729a1f,96b1f57551b762965093cc50934a83dc6bbeb66d5023830c9a42e6a9b80b81db,c09e4f0,pilot-stage1-disease,100,9001,,ecc984f043b744b6,0.01,0,none,0.05,0.1,0,2,,,completed,extinction on day 84,170,157,13,0.13,26,2,10,11,84,84,0
98b910ecff574033b42fb22949818269,e970ad30c83cb35ea76fefba546144579679151b7314ff2b533fa73ea4f235a5,c09e4f0,pilot-stage1-disease,100,9001,,ecc984f043b744b6,0.02,0,none,0.05,0.1,0,2,,,completed,extinction on day 115,456,406,50,0.29,58,6,10,11,115,115,0
5403d69caa36488da6f2e464eb27dc47,2135636e6dae6164b91dc70818fe348884854014a8f19b5934a4d63960550ea2,c09e4f0,pilot-stage1-disease,100,9001,,ecc984f043b744b6,0.05,0,none,0.05,0.1,0,2,,,completed,extinction on day 85,870,735,135,0.35,70,7,17,46,85,85,0
46804eee72dd4d1a927f4755c29dc3fb,50e7a696aa6bb7919388d2b35f750d333d406460491210125a48b4d23be87635,c09e4f0,pilot-stage1-disease,100,9001,,ecc984f043b744b6,0.1,0,none,0.05,0.1,0,2,,,completed,extinction on day 144,2858,2520,338,0.94,188,19,31,109,144,144,0
57fd8848994a4cd2b6276f22e3c472d9,4d616635837810aee8517bb2fbacea0325fbc514ac708008626571260ab3ccc1,c09e4f0,pilot-stage1-disease,100,9002,,ecc984f043b744b6,0.0,0,none,0.05,0.1,0,2,,,completed,extinction on day 35,0,0,0,0.05,10,1,6,8,35,35,0
a3abe7839dce4fcd8e1a9d87e42c9566,83a4ec02b28b11d5bd5bdcf9a3ffecd2837774d9cb8fce98073b7b1db237c136,c09e4f0,pilot-stage1-disease,100,9002,,ecc984f043b744b6,0.01,0,none,0.05,0.1,0,2,,,completed,extinction on day 50,89,82,7,0.07,14,1,7,10,50,50,0
a7f87b1385d4478a91a135ee1e81a183,d9af8d07b5ad1b189dd0ac4ea56d1ae703d076ad530b0e22e1dedb1d914d7f5b,c09e4f0,pilot-stage1-disease,100,9002,,ecc984f043b744b6,0.02,0,none,0.05,0.1,0,2,,,completed,extinction on day 80,295,273,22,0.24,48,4,12,28,80,80,0
aa218bc7d58743a581a9c134a6dc0a72,9405032e1f90f92bbfab6003e1308becc9d1d1c3dccc69af756884fced3b8cb1,c09e4f0,pilot-stage1-disease,100,9002,,ecc984f043b744b6,0.05,0,none,0.05,0.1,0,2,,,completed,extinction on day 67,658,599,59,0.4,80,8,21,41,67,67,0
0d29e38960264682aa283d29a8b53dc9,d8ad515ed7e93bfdd9de674425955ad706803f43bb968bb0d24fef225e46ff64,c09e4f0,pilot-stage1-disease,100,9002,,ecc984f043b744b6,0.1,0,none,0.05,0.1,0,2,,,completed,extinction on day 160,3201,2862,339,0.735,147,16,31,39,160,160,0
531e7eb072cd4f66bd4158cc9505dde8,e6454259fef4d32207415955bfdf0146accd1a552bd51ce0985698ae252e1824,c09e4f0,pilot-stage1-disease,100,9003,,ecc984f043b744b6,0.0,0,none,0.05,0.1,0,2,,,completed,extinction on day 1,0,0,0,0.005,1,1,1,0,1,1,0
8e1b7bf4ce6d4dd98260421f23c529f3,8a6770b1418135b88ba965ee636385c714c18b4933d06d91e5dad423b0274cda,c09e4f0,pilot-stage1-disease,100,9003,,ecc984f043b744b6,0.01,0,none,0.05,0.1,0,2,,,completed,extinction on day 1,3,3,0,0.005,1,1,1,0,1,1,0
7dc6b6014686477ea2b157280d519a3b,8374efe82a2244cab79dca32c03706a8fc6c9dc9e9b677423af17409eb9e7152,c09e4f0,pilot-stage1-disease,100,9003,,ecc984f043b744b6,0.02,0,none,0.05,0.1,0,2,,,completed,extinction on day 1,5,5,0,0.005,1,1,1,0,1,1,0
ea35be26de444b518e1377e0d6d002c8,9d1e0710ebe1fec2ce27559ebcb3b7731e906528bab627adce5ede60ce9d67c5,c09e4f0,pilot-stage1-disease,100,9003,,ecc984f043b744b6,0.05,0,none,0.05,0.1,0,2,,,completed,extinction on day 1,9,9,0,0.005,1,1,1,0,1,1,0
2a9ca036d21a46348c9bd61792c4dd2f,62b89afdcf461708975bafcdb29fdac7395b32744bd047d42ce5371d95cf33fc,c09e4f0,pilot-stage1-disease,100,9003,,ecc984f043b744b6,0.1,0,none,0.05,0.1,0,2,,,completed,extinction on day 1,16,16,0,0.005,1,1,1,0,1,1,0
8fd6c86b977c4d81b3b103f4c180d557,b7df62c81fe12eed7b5cd0ea0c0579109962102a1f4b55a8ea1334a71b4dffee,c09e4f0,pilot-stage1-disease,100,9004,,ecc984f043b744b6,0.0,0,none,0.05,0.1,0,2,,,completed,extinction on day 40,0,0,0,0.05,10,1,6,9,40,40,0
369477aab3ba4af39cd14d8111d5decd,35390cebdc3312b2fb48a0873bb8150e698b77e5f82d3695d81cf0a8ec9f4688,c09e4f0,pilot-stage1-disease,100,9004,,ecc984f043b744b6,0.01,0,none,0.05,0.1,0,2,,,completed,extinction on day 44,88,84,4,0.105,21,2,13,21,44,44,0
3c3cb91719e645578b20af76ccab3da1,6cf6b9284bc635634ecc399348ab44f42805d0f648bae6f6e915e087bf971760,c09e4f0,pilot-stage1-disease,100,9004,,ecc984f043b744b6,0.02,0,none,0.05,0.1,0,2,,,completed,extinction on day 44,174,159,15,0.155,31,3,13,21,44,44,0
247a4e0df6c848ec87b800d830763faa,09ff4048ccfbf4bec2f76fb83695b2d8afa72fc5b38ec6b76a69f93a3e81cfb9,c09e4f0,pilot-stage1-disease,100,9004,,ecc984f043b744b6,0.05,0,none,0.05,0.1,0,2,,,completed,extinction on day 91,934,817,117,0.245,49,5,17,21,91,91,0
ce38b28b6a334032995087f6cf8d1133,5bec5896844ee4b42f4a9209b20a88fef0312a7dcb0cce0c8ed5d0197fb0cb0f,c09e4f0,pilot-stage1-disease,100,9004,,ecc984f043b744b6,0.1,0,none,0.05,0.1,0,2,,,completed,extinction on day 140,2819,2512,307,0.95,190,20,36,77,140,140,0
a49ed5ef588944c2825d1a7fe88dd755,14e575fd71a2f15c543868a526559d7f2bb53d15758ae73a8ca7c02cbe6eb193,c09e4f0,pilot-stage1-disease,100,9005,,ecc984f043b744b6,0.0,0,none,0.05,0.1,0,2,,,completed,extinction on day 23,0,0,0,0.05,10,1,7,11,23,23,0
0b028f49cc8a46bea881dbdafddd56e5,82504538de3cd8a8300c3db49b713c51d1328c881fe2e0a36255d98e01684854,c09e4f0,pilot-stage1-disease,100,9005,,ecc984f043b744b6,0.01,0,none,0.05,0.1,0,2,,,completed,extinction on day 32,64,58,6,0.1,20,2,8,19,32,32,0
b0ced5cf32944fa2a12363487084c21e,263ba5f083f9d377d53f5cf0e305a200e013df593511340f52531df50162436a,c09e4f0,pilot-stage1-disease,100,9005,,ecc984f043b744b6,0.02,0,none,0.05,0.1,0,2,,,completed,extinction on day 84,362,311,51,0.24,48,5,13,30,84,84,0
2c5848a43c5e40f6b4ecfef2e844df26,0b84968b63ee1dbfe31aa21b12482d8a7a4f4c2f957c257f42aeac45510544bd,c09e4f0,pilot-stage1-disease,100,9005,,ecc984f043b744b6,0.05,0,none,0.05,0.1,0,2,,,completed,extinction on day 149,1541,1347,194,0.93,186,20,38,65,149,149,0
d0488e02041a4ed392b8b109d8a13b82,d5f7a9c02ce2925921ca75defef47cf53a93d069774a4b13d3c8459680c71ecd,c09e4f0,pilot-stage1-disease,100,9005,,ecc984f043b744b6,0.1,0,none,0.05,0.1,0,2,,,completed,extinction on day 124,2535,2260,275,0.945,189,20,31,74,124,124,0
183f1654094f459e8fe367fd7e66c1fe,ef5fea7f5a00c64999afceef8ec8bff21e109bd1a0fe72ce557fe31b32448a88,c09e4f0,pilot-stage1-disease,100,9006,,ecc984f043b744b6,0.0,0,none,0.05,0.1,0,2,,,completed,extinction on day 1,0,0,0,0.005,1,1,1,0,1,1,0
3b52057c7f0b493db7d770ec404ac549,7d8675d098a87055fbcd56c2f41e4f0867bbadb2b275b3b43fea1f6f616130cb,c09e4f0,pilot-stage1-disease,100,9006,,ecc984f043b744b6,0.01,0,none,0.05,0.1,0,2,,,completed,extinction on day 1,5,5,0,0.005,1,1,1,0,1,1,0
9522aee2ff644b729d42eb189db5e3f6,3f51bf2e6a6e2a1bab1107c33cb93937b00f111bb9c3f5262de53a455b9cb759,c09e4f0,pilot-stage1-disease,100,9006,,ecc984f043b744b6,0.02,0,none,0.05,0.1,0,2,,,completed,extinction on day 1,6,6,0,0.005,1,1,1,0,1,1,0
810b82732c324e8e93e5ab463a07bf74,f689d967da82cc4c4901b9cd9725336be562466b8bb625fed5c83a0c1ecf29d9,c09e4f0,pilot-stage1-disease,100,9006,,ecc984f043b744b6,0.05,0,none,0.05,0.1,0,2,,,completed,extinction on day 1,14,12,2,0.005,1,1,1,0,1,1,0
bd03b6b9aa9f4c6fba8fa347906f8c97,627a4953958bdcfbe0a39de435ff31037577830475f581ec404b820363bb7c9b,c09e4f0,pilot-stage1-disease,100,9006,,ecc984f043b744b6,0.1,0,none,0.05,0.1,0,2,,,completed,extinction on day 1,19,17,2,0.005,1,1,1,0,1,1,0
ef74474a9c8e4c4b9f084b2d34eb6f33,da759179ba75ef916d0ce5149c8efddd5019fe78c74edd918771781e55c7510e,c09e4f0,pilot-stage1-disease,100,9007,,ecc984f043b744b6,0.0,0,none,0.05,0.1,0,2,,,completed,extinction on day 29,0,0,0,0.05,10,1,5,12,29,29,0
01dc695b0a2f443184bf59a1df96f97c,feb6cfb3d474aa0788c5d4d6e836f029e93ac83df4f20ea6b108888a2a336bf0,c09e4f0,pilot-stage1-disease,100,9007,,ecc984f043b744b6,0.01,0,none,0.05,0.1,0,2,,,completed,extinction on day 54,102,95,7,0.095,19,2,10,28,54,54,0
95921ac5d0924607a399d3b1f5126687,dc4a956a09879d09a98c5375e800b3be5c01969c606323be85ced1d977a2a1bc,c09e4f0,pilot-stage1-disease,100,9007,,ecc984f043b744b6,0.02,0,none,0.05,0.1,0,2,,,completed,extinction on day 100,394,358,36,0.32,64,6,17,60,100,100,0
7ddc0a2e016e464db3460b2c71d38150,dddfcaa43e4556acd6d27bf34d7319ebcee228d6d86b5dba41966949a72a4486,c09e4f0,pilot-stage1-disease,100,9007,,ecc984f043b744b6,0.05,0,none,0.05,0.1,0,2,,,completed,extinction on day 163,1612,1418,194,0.87,174,19,39,56,163,163,0
7fa882bf02464918af28c8e91a04c359,5947a1d66f2a51ece4547e0727adb9ecf7d624c4a9c4f4abc51532a1439a0c38,c09e4f0,pilot-stage1-disease,100,9007,,ecc984f043b744b6,0.1,0,none,0.05,0.1,0,2,,,completed,extinction on day 130,2600,2328,272,0.96,192,20,39,60,130,130,0
85cf7b418d204560b078b8b9f516de03,c1e70e2b79c4d729c7f8bf2487be0b730fde1fa9773d18de637d9a162eabadcd,c09e4f0,pilot-stage1-disease,100,9008,,ecc984f043b744b6,0.0,0,none,0.05,0.1,0,2,,,completed,extinction on day 38,0,0,0,0.05,10,1,7,9,38,38,0
717557be6b79472bbc3d3c4ac1668d4c,bf81c1c23075cb8e4cc34b1429595ad60138951f624e397b8123d83a6dcb66f8,c09e4f0,pilot-stage1-disease,100,9008,,ecc984f043b744b6,0.01,0,none,0.05,0.1,0,2,,,completed,extinction on day 67,155,141,14,0.14,28,4,12,20,67,67,0
7dd72d1fd9444e95879431b04a5db9f5,5f0955d973b7cb3f2886e7058a07eab4613df4a79282e46f8297bd33c1f6b86c,c09e4f0,pilot-stage1-disease,100,9008,,ecc984f043b744b6,0.02,0,none,0.05,0.1,0,2,,,completed,extinction on day 78,324,292,32,0.145,29,4,9,10,78,78,0
b02d9fc593fe41f1a42a56946497c4b9,085226c27c54feb0c9a748c57c7cf0a5ec92817ee945710ba6ce9bee30636d9a,c09e4f0,pilot-stage1-disease,100,9008,,ecc984f043b744b6,0.05,0,none,0.05,0.1,0,2,,,completed,extinction on day 99,988,894,94,0.265,53,6,14,20,99,99,0
9884bbd4b13641c08d890fed4d8a08cc,fec29600db718e74aebd4d2a295b7a719b4ea42c06a1b29bb357df182ddc2d8f,c09e4f0,pilot-stage1-disease,100,9008,,ecc984f043b744b6,0.1,0,none,0.05,0.1,0,2,,,completed,extinction on day 74,1499,1353,146,0.285,57,5,25,22,74,74,0
b6819b272378452cad03175d1bec38f6,b280476ead73cc8f18f4517b637313c83ef72a49d289734ccbc511c606a1ebc3,c09e4f0,pilot-stage1-disease,100,9009,,ecc984f043b744b6,0.0,0,none,0.05,0.1,0,2,,,completed,extinction on day 34,0,0,0,0.05,10,1,4,4,34,34,0
a5ffd904fdca4807baa77d5a1513e18c,299fe61aa4112589082ffc72474c1e45c1c3b3ddf2de28ec0f230c72d67a375d,c09e4f0,pilot-stage1-disease,100,9009,,ecc984f043b744b6,0.01,0,none,0.05,0.1,0,2,,,completed,extinction on day 34,69,66,3,0.06,12,1,4,4,34,34,0
b1465ed0c93e4dc5933af615e3510706,cb1eeaed2dbbc80bd2c77983925bc528af7e738b45e448f399a29dffb8700fc7,c09e4f0,pilot-stage1-disease,100,9009,,ecc984f043b744b6,0.02,0,none,0.05,0.1,0,2,,,completed,extinction on day 83,338,289,49,0.325,65,6,26,16,83,83,0
34b65485ca564fa390e17ef7e2884398,cfa428c52bf601f8eb7105e27f06bdf19332cc46025bc4414670e1bf96739722,c09e4f0,pilot-stage1-disease,100,9009,,ecc984f043b744b6,0.05,0,none,0.05,0.1,0,2,,,completed,extinction on day 143,1473,1358,115,0.735,147,16,32,27,143,143,0
07d48b3cc06b4b3ba6c2c8f23549dc2e,132cc2652510d62df0bb03d2cb3a99f7669005ac77a5166c94bd4c61f22319f4,c09e4f0,pilot-stage1-disease,100,9009,,ecc984f043b744b6,0.1,0,none,0.05,0.1,0,2,,,completed,extinction on day 95,1964,1748,216,0.97,194,20,52,32,95,95,0
1005a070cade46268a72d665b7c90600,3601e0c28c0798070c5830c4e7ed0712e7d000f977c367c32b83b0708a44c0dc,c09e4f0,pilot-stage1-disease,101,9000,,a94b904840df0142,0.0,0,none,0.05,0.1,0,2,,,completed,extinction on day 35,0,0,0,0.05,10,1,5,6,35,35,0
e8dfc235082440bea5935024e9b94422,920ba57c2489e848f6cc9eb87557b074a5b6e320cdf2897376205b40467d00c2,c09e4f0,pilot-stage1-disease,101,9000,,a94b904840df0142,0.01,0,none,0.05,0.1,0,2,,,completed,extinction on day 56,110,100,10,0.075,15,2,5,6,56,56,0
6ba8495086d04549b64869a453627280,bb122698fc84bc3ca9a1c12dd8d46c64d6f428e1c714e70fdcf5460615fae57c,c09e4f0,pilot-stage1-disease,101,9000,,a94b904840df0142,0.02,0,none,0.05,0.1,0,2,,,completed,extinction on day 186,760,720,40,0.525,105,14,18,145,186,186,0
96e2a440a4ec42b4a7944c545b799694,0e8166a3028e9d095d7ca12a85c31f280dbdf451bcfcd7898cc16220ef325be3,c09e4f0,pilot-stage1-disease,101,9000,,a94b904840df0142,0.05,0,none,0.05,0.1,0,2,,,completed,extinction on day 102,1029,959,70,0.955,191,20,48,33,102,102,0
4328a6a2138d40008b775dc303b716c2,e30678d744ab3e857748b4d6ba2166eace3b82ded1f913c5959f65bf831b90d4,c09e4f0,pilot-stage1-disease,101,9000,,a94b904840df0142,0.1,0,none,0.05,0.1,0,2,,,completed,extinction on day 96,1906,1785,121,0.975,195,20,58,34,96,96,0
228722abed1646a7bd270aa4f634d349,b141ba6a974cf5439e9377b186f447c45266e05b0dc5e986fd516e1ec6853d7f,c09e4f0,pilot-stage1-disease,101,9001,,a94b904840df0142,0.0,0,none,0.05,0.1,0,2,,,completed,extinction on day 30,0,0,0,0.05,10,1,9,8,30,30,0
c4205227b00848959b4d3b41a383d0e9,cfb4206927c8bbf5daaef9c5f93ef195ea5a59f78d84b2046042f3e77094e19e,c09e4f0,pilot-stage1-disease,101,9001,,a94b904840df0142,0.01,0,none,0.05,0.1,0,2,,,completed,extinction on day 72,145,133,12,0.175,35,4,11,11,72,72,0
b52c1ab7b9984093bae54b7074c1ef92,5647ef9286f768029a5f173778bab3566b26f16bfd5338378fd5481906c33176,c09e4f0,pilot-stage1-disease,101,9001,,a94b904840df0142,0.02,0,none,0.05,0.1,0,2,,,completed,extinction on day 108,430,405,25,0.36,72,8,14,69,108,108,0
d03650d274004eea839b2279935cc71a,c99ec3cfb8ff52b898b02faa471c57efe87e22c4403e60dfeacdadc2ed914d9e,c09e4f0,pilot-stage1-disease,101,9001,,a94b904840df0142,0.05,0,none,0.05,0.1,0,2,,,completed,extinction on day 119,1211,1141,70,0.85,170,17,34,73,119,119,0
8e18c0b3af4b46e9b638922ab2ed58ae,512a2f1cd497beecf40351d11868f99fa9984b7e98a50bcd18d5ae241ae070d7,c09e4f0,pilot-stage1-disease,101,9001,,a94b904840df0142,0.1,0,none,0.05,0.1,0,2,,,completed,extinction on day 77,1573,1468,105,0.96,192,20,45,34,77,77,0
518050b78d8b43efb93285ed288362a4,19c78da74c9d1eef2fe250d4edc5ea09101f7b86633965a02b5382eb2ce40135,c09e4f0,pilot-stage1-disease,101,9002,,a94b904840df0142,0.0,0,none,0.05,0.1,0,2,,,completed,extinction on day 35,0,0,0,0.05,10,1,6,8,35,35,0
8e59af9d6c624ff9b77dd5193e317fbe,fb32fdae69adbb38a28831f0cac1de0c2a92e63953ca88eeebd671b3d927148c,c09e4f0,pilot-stage1-disease,101,9002,,a94b904840df0142,0.01,0,none,0.05,0.1,0,2,,,completed,extinction on day 48,89,84,5,0.07,14,1,7,10,48,48,0
0b498ed3e288430e93e6c633fea5aec8,05acf3b0868cf0d10f65d423310c3860bbfb82138741bb3eab2f9cb4ae0971eb,c09e4f0,pilot-stage1-disease,101,9002,,a94b904840df0142,0.02,0,none,0.05,0.1,0,2,,,completed,extinction on day 143,565,528,37,0.535,107,11,17,41,143,143,0
91551d1a72aa45da87879fb3edf040ab,74473c9eba658d60c775f842e4a18ae5f8eae99efdde4ed2c9a193972906a542,c09e4f0,pilot-stage1-disease,101,9002,,a94b904840df0142,0.05,0,none,0.05,0.1,0,2,,,completed,extinction on day 178,1811,1692,119,0.925,185,20,31,60,178,178,0
1e564a1e5cb94c048e8153f3b3a3e109,05dc85753b12bdf62497847b7d4fd3b90e7624cdb00b9a1af2d6cc6a017a0e95,c09e4f0,pilot-stage1-disease,101,9002,,a94b904840df0142,0.1,0,none,0.05,0.1,0,2,,,completed,extinction on day 102,2007,1886,121,0.84,168,18,46,54,102,102,0
af63a9b9d3ef4f3ca20b99f080c6daac,5cc0ba8f7d775faf1503620d65acf129867132600e8ccda09454254b04678484,c09e4f0,pilot-stage1-disease,101,9003,,a94b904840df0142,0.0,0,none,0.05,0.1,0,2,,,completed,extinction on day 1,0,0,0,0.005,1,1,1,0,1,1,0
26861523987241859fe7a78454eac47b,a62765e61ddc0c1821be9ba0e8e59ac852cfe3279e8d3fd2ca670ab5fa147ebf,c09e4f0,pilot-stage1-disease,101,9003,,a94b904840df0142,0.01,0,none,0.05,0.1,0,2,,,completed,extinction on day 1,3,3,0,0.005,1,1,1,0,1,1,0
42da54325df14e55aca5eef68b2a7527,f3f34f8566545c89f8653f2e0053640dc7fc6dc47c9e397506314e681d3e32c7,c09e4f0,pilot-stage1-disease,101,9003,,a94b904840df0142,0.02,0,none,0.05,0.1,0,2,,,completed,extinction on day 1,5,5,0,0.005,1,1,1,0,1,1,0
20955bbc8321454caa3e478a7289bd07,a2302d4ef96db040b4b08930d969a7b4a1158bc1d580026b5aca35973ff2749b,c09e4f0,pilot-stage1-disease,101,9003,,a94b904840df0142,0.05,0,none,0.05,0.1,0,2,,,completed,extinction on day 1,9,9,0,0.005,1,1,1,0,1,1,0
25fc109114bc4fca8d7d6a48a1ce6129,206a565864111c10348f5190e30d0697e177b4e1df908d58806b02c6375f0fd4,c09e4f0,pilot-stage1-disease,101,9003,,a94b904840df0142,0.1,0,none,0.05,0.1,0,2,,,completed,extinction on day 1,16,16,0,0.005,1,1,1,0,1,1,0
c99416e231af4a25b427ced15022b1c0,e08a1f092c9c02621489aa9aa6c5fc31d39f4854b94b25b83a576a20b343c426,c09e4f0,pilot-stage1-disease,101,9004,,a94b904840df0142,0.0,0,none,0.05,0.1,0,2,,,completed,extinction on day 40,0,0,0,0.05,10,1,6,9,40,40,0
0d6ed6b5a48a4492bded0477b06cbb3d,dd1f04c14c6c0321dbe1c30934725574030b84c3f2300ca37e92d2b3cae57d97,c09e4f0,pilot-stage1-disease,101,9004,,a94b904840df0142,0.01,0,none,0.05,0.1,0,2,,,completed,extinction on day 44,88,84,4,0.115,23,2,13,21,44,44,0
0b689e08ada843599c4b8a71e1143181,24b52bbc31590b296e9d72faaff6f04b624872b3f02eb8e1c27092456742f2fd,c09e4f0,pilot-stage1-disease,101,9004,,a94b904840df0142,0.02,0,none,0.05,0.1,0,2,,,completed,extinction on day 131,567,540,27,0.645,129,13,23,81,131,131,0
594adb12f5f74e87b4161d4e2675d188,b1aa8e30dd51a6b932d24273cfe2cab7e7174b7928d73e05084a3b38d424517f,c09e4f0,pilot-stage1-disease,101,9004,,a94b904840df0142,0.05,0,none,0.05,0.1,0,2,,,completed,extinction on day 136,1381,1279,102,0.89,178,19,41,24,136,136,0
4a7938ad98474d608f49102710493870,e346105caa836c33709e96de05406ea28b450c05aa82fd46d45525071611a41f,c09e4f0,pilot-stage1-disease,101,9004,,a94b904840df0142,0.1,0,none,0.05,0.1,0,2,,,completed,extinction on day 108,2191,2063,128,0.915,183,19,46,48,108,108,0
a18105cc2dde4a1f9168880b25a2dbe7,acea4da884689d6ef0046c59aac182b2b6d43228162ebe2d1863bc4e90d8370e,c09e4f0,pilot-stage1-disease,101,9005,,a94b904840df0142,0.0,0,none,0.05,0.1,0,2,,,completed,extinction on day 23,0,0,0,0.05,10,1,7,11,23,23,0
0599b81c1a1644bb93555ab6aa0fd06c,60ac98aa6802e133e311ef9d13052eecdb7922e10218b3ccca65e1be4a8bf433,c09e4f0,pilot-stage1-disease,101,9005,,a94b904840df0142,0.01,0,none,0.05,0.1,0,2,,,completed,extinction on day 64,136,121,15,0.15,30,5,9,17,64,64,0
2563c73539044dd998b98d617941e604,9869852f99368b367f8f70d10691e942e5298a9ede92fe22051fa931fa913321,c09e4f0,pilot-stage1-disease,101,9005,,a94b904840df0142,0.02,0,none,0.05,0.1,0,2,,,completed,extinction on day 64,278,255,23,0.23,46,5,12,28,64,64,0
c09889c3d9574d31b9dfb774b51f71ae,1dcab7e0534fc0431dda684e291438c18b8b113d41dca6761f0f09eb7ec2e6ee,c09e4f0,pilot-stage1-disease,101,9005,,a94b904840df0142,0.05,0,none,0.05,0.1,0,2,,,completed,extinction on day 100,1045,990,55,0.56,112,15,16,72,100,100,0
24a56bcfb11d44b498d7cba19faf6fad,9acbac181a1ac2239036c955e23c1012ff5a687b4bbeeac964b5b766a3e7c204,c09e4f0,pilot-stage1-disease,101,9005,,a94b904840df0142,0.1,0,none,0.05,0.1,0,2,,,completed,extinction on day 149,3055,2875,180,0.875,175,20,38,79,149,149,0
c8f7b252aa464ec2b11346cef3539421,83b4754bc9e9ff0f1ce98a8e4d1a3ad9586986366bed577f193d66fa80a09e59,c09e4f0,pilot-stage1-disease,101,9006,,a94b904840df0142,0.0,0,none,0.05,0.1,0,2,,,completed,extinction on day 1,0,0,0,0.005,1,1,1,0,1,1,0
51ea3aa749614fa2a0f88db7f821886f,0d04905465efc8a9c8c511d7711a830d2e4221a5b8323f028d5e8b2f407e3209,c09e4f0,pilot-stage1-disease,101,9006,,a94b904840df0142,0.01,0,none,0.05,0.1,0,2,,,completed,extinction on day 1,5,5,0,0.005,1,1,1,0,1,1,0
8bffc01b3024407da595ee55fb442b7e,2936a5f88f74263c4826c8024fda40ea875a40cb922c0c98bb4253e97daddc23,c09e4f0,pilot-stage1-disease,101,9006,,a94b904840df0142,0.02,0,none,0.05,0.1,0,2,,,completed,extinction on day 1,6,6,0,0.005,1,1,1,0,1,1,0
63d094de461c482c8c3ead637bc4f93f,ae772b052d9b7e1b5cda10aec7bc658f70219c844df1fa097b5197b1a52c064f,c09e4f0,pilot-stage1-disease,101,9006,,a94b904840df0142,0.05,0,none,0.05,0.1,0,2,,,completed,extinction on day 1,14,14,0,0.005,1,1,1,0,1,1,0
48224d21380c431e99cb22e4ce0e8b16,45f59322cc1c2966e8ea24a8eb3ca74be8b2e38b64e974edbcc6813d6d0d5f19,c09e4f0,pilot-stage1-disease,101,9006,,a94b904840df0142,0.1,0,none,0.05,0.1,0,2,,,completed,extinction on day 1,19,18,1,0.005,1,1,1,0,1,1,0
deaf16f0887c49adaa6d5e1f348b69b9,88912169c350951bdfff22a21c7ca1129eb43535295260184ef5265d6cdc2f88,c09e4f0,pilot-stage1-disease,101,9007,,a94b904840df0142,0.0,0,none,0.05,0.1,0,2,,,completed,extinction on day 29,0,0,0,0.05,10,1,5,12,29,29,0
fef4e723c2704be884b9f93fcb948ce7,437bd23d338f174eeb02da94f30c458efcea3211e1a6e3663a190cddee21bfe3,c09e4f0,pilot-stage1-disease,101,9007,,a94b904840df0142,0.01,0,none,0.05,0.1,0,2,,,completed,extinction on day 53,99,92,7,0.105,21,2,7,12,53,53,0
e0d22bd2bbf24c3a85f49b0baa896746,bbe514037b4d39ccff84794c0208ddbc8177a80deec4525a16e3f732e0291f81,c09e4f0,pilot-stage1-disease,101,9007,,a94b904840df0142,0.02,0,none,0.05,0.1,0,2,,,completed,extinction on day 30,115,101,14,0.09,18,2,6,12,30,30,0
9ca64455bb2741fc9d940cf16830b512,11a505c75f62fed5f93fa459ce8c7ef7cd7abd3f456e6ac7f0f9a5dafc5344bf,c09e4f0,pilot-stage1-disease,101,9007,,a94b904840df0142,0.05,0,none,0.05,0.1,0,2,,,completed,extinction on day 130,1279,1200,79,0.88,176,19,40,60,130,130,0
b7ecfaf4ebbe4bd8a6fb71728d511335,c5d623b81b0a2524edcef17cc9fabebf53349d3575d604f9e1eef69934008d2a,c09e4f0,pilot-stage1-disease,101,9007,,a94b904840df0142,0.1,0,none,0.05,0.1,0,2,,,completed,extinction on day 120,2402,2285,117,0.955,191,19,51,40,120,120,0
52b9759d9f6e40009b047f72acefa683,d902b3ea7862c525ffd5a280737070a25f7837169fe8b85220ccfa7c2c20c079,c09e4f0,pilot-stage1-disease,101,9008,,a94b904840df0142,0.0,0,none,0.05,0.1,0,2,,,completed,extinction on day 38,0,0,0,0.05,10,1,7,9,38,38,0
254db609de57456cac28ee4121905bca,7c39d03b056700a7a9d93ae515da5f8c4b843d8e0b83566d5e300648c881ee1d,c09e4f0,pilot-stage1-disease,101,9008,,a94b904840df0142,0.01,0,none,0.05,0.1,0,2,,,completed,extinction on day 48,109,105,4,0.06,12,2,8,10,48,48,0
1e53b0f525854537926d5738f6367c61,5a980b2c6b9351c39de1516c32e1eef326d63e522fab43380adee83b1d9020ca,c09e4f0,pilot-stage1-disease,101,9008,,a94b904840df0142,0.02,0,none,0.05,0.1,0,2,,,completed,extinction on day 85,354,337,17,0.185,37,5,13,45,85,85,0
a9577df899804798b04905a4bca199c5,e20a2261061a288d699669bea22c39b0455c3ed38715862833a647ef938f2968,c09e4f0,pilot-stage1-disease,101,9008,,a94b904840df0142,0.05,0,none,0.05,0.1,0,2,,,completed,extinction on day 130,1300,1212,88,0.91,182,19,45,41,130,130,0
4bf723bf082e4ca18898069a69a60153,d93f54e07a150e4216c03b591b9c39af27eabe7d96fcca3411213f9b0732c9b4,c09e4f0,pilot-stage1-disease,101,9008,,a94b904840df0142,0.1,0,none,0.05,0.1,0,2,,,completed,extinction on day 108,2173,2034,139,0.975,195,20,57,60,108,108,0
1db099e2d2d74207b590a6c48a3e003a,bade4ee4d7d0a431d718742c8f13a040ca8e0a4a5dd91645afe49979baea6885,c09e4f0,pilot-stage1-disease,101,9009,,a94b904840df0142,0.0,0,none,0.05,0.1,0,2,,,completed,extinction on day 34,0,0,0,0.05,10,1,4,4,34,34,0
b27f27a6c2144bdaa43d8b5be4f54320,3da1ad70480826d52ad53f6827030071f6eb717cf130da0b6ccdd0fb4f1cbb6e,c09e4f0,pilot-stage1-disease,101,9009,,a94b904840df0142,0.01,0,none,0.05,0.1,0,2,,,completed,extinction on day 34,69,65,4,0.055,11,1,4,4,34,34,0
0ae22b84abc84d9b991ea78033c76705,3174e8dffd87ed4781fbf12d5545c1bd866149fae73313932e3f2a941b4f831e,c09e4f0,pilot-stage1-disease,101,9009,,a94b904840df0142,0.02,0,none,0.05,0.1,0,2,,,completed,extinction on day 53,215,207,8,0.195,39,4,17,16,53,53,0
06dac60d7fc2443f912f575949641f3c,fa455bfa3f07874f008fa04318d85da2995701bad8e6bf256f7426e60eac630d,c09e4f0,pilot-stage1-disease,101,9009,,a94b904840df0142,0.05,0,none,0.05,0.1,0,2,,,completed,extinction on day 136,1397,1319,78,0.915,183,20,44,47,136,136,0
8ac76e5c28a84829aa7876282195e33e,40aba63eca9e5c16ff983c317c22dc3c4b533353ea014fcd5e170f2e220e270c,c09e4f0,pilot-stage1-disease,101,9009,,a94b904840df0142,0.1,0,none,0.05,0.1,0,2,,,completed,extinction on day 96,1990,1886,104,0.87,174,19,58,46,96,96,0
8c9153e5b99648888c60d2c2c35e8226,686ef6d17c2edfa2b87de17105736a320df837e18e69e24133aa95640fd40a50,c09e4f0,pilot-stage1-disease,102,9000,,0a9f06b6dff3de72,0.0,0,none,0.05,0.1,0,2,,,completed,extinction on day 35,0,0,0,0.05,10,1,5,6,35,35,0
b6c402e06aac44908a0a9eb57ba56570,6588753fdca23515998d31319068151be1e3a4a6284c7b0acfb5c7a15a5ce53f,c09e4f0,pilot-stage1-disease,102,9000,,0a9f06b6dff3de72,0.01,0,none,0.05,0.1,0,2,,,completed,extinction on day 62,129,128,1,0.12,24,3,9,34,62,62,0
d34a22371d90448c9ec2b61de31a1b86,a8b7591c31c275db6dc2f660ff671707ac6d62c152284ae0b8718de06653bd95,c09e4f0,pilot-stage1-disease,102,9000,,0a9f06b6dff3de72,0.02,0,none,0.05,0.1,0,2,,,completed,extinction on day 119,464,419,45,0.36,72,9,17,48,119,119,0
9de3b0449de643a98da2bea98b523a37,86e682bcdbb12317e2c52c093606c2d27e9bd82fa83724bad5589d11e7000c86,c09e4f0,pilot-stage1-disease,102,9000,,0a9f06b6dff3de72,0.05,0,none,0.05,0.1,0,2,,,completed,extinction on day 105,1061,1003,58,0.94,188,20,36,71,105,105,0
15eeef30bb224b06a68da2d180beb580,e4f3e5b3caac09f49f5a0ac1f9aee337e73ceaa4279f909371dff735360bb4e1,c09e4f0,pilot-stage1-disease,102,9000,,0a9f06b6dff3de72,0.1,0,none,0.05,0.1,0,2,,,completed,extinction on day 100,2005,1855,150,0.965,193,20,68,51,100,100,0
edff14a5dac043719398a4df9d70b6df,17aab8e491f589f40936ba12d70c77d6ce8bbff50036e525cf6651ee8e237c42,c09e4f0,pilot-stage1-disease,102,9001,,0a9f06b6dff3de72,0.0,0,none,0.05,0.1,0,2,,,completed,extinction on day 30,0,0,0,0.05,10,1,9,8,30,30,0
02431890c06f49c3824e18d1f2878d48,a6e7e01f339cee1b8b87daf0a09ddccbadfe2fbacbe222921093353b0c35ecfb,c09e4f0,pilot-stage1-disease,102,9001,,0a9f06b6dff3de72,0.01,0,none,0.05,0.1,0,2,,,completed,extinction on day 41,82,78,4,0.085,17,2,10,11,41,41,0
5ba53c53f504438ca01b6ae5cfbfd9c6,df63c3e18d15d8e6e8fd465a41dd79985d480941d869df03d5e3966457a98ac0,c09e4f0,pilot-stage1-disease,102,9001,,0a9f06b6dff3de72,0.02,0,none,0.05,0.1,0,2,,,completed,extinction on day 60,226,214,12,0.125,25,3,10,11,60,60,0
3e31fec4f2cb4dd2b9f67b7f1a3acad4,a972d60c7ab03f45412a278c0cd9d3914a040d57e3b289d168562534be015af0,c09e4f0,pilot-stage1-disease,102,9001,,0a9f06b6dff3de72,0.05,0,none,0.05,0.1,0,2,,,completed,extinction on day 181,1790,1658,132,0.65,130,15,16,25,181,181,0
04df47da454f4e6eb32a8ed2257abfbd,a33c48c1da59a8adac88be1c95d05e2ac1f4d55f1e66e04c4ab96899bd6f5c91,c09e4f0,pilot-stage1-disease,102,9001,,0a9f06b6dff3de72,0.1,0,none,0.05,0.1,0,2,,,completed,extinction on day 120,2390,2218,172,0.97,194,20,58,72,120,120,0
69070dd2e8dd42f49bb7bd6812a363c3,54f2b3822672f46e06936d3e30c1aeae28a0dd35c08b209e6a9b53291f258289,c09e4f0,pilot-stage1-disease,102,9002,,0a9f06b6dff3de72,0.0,0,none,0.05,0.1,0,2,,,completed,extinction on day 35,0,0,0,0.05,10,1,6,8,35,35,0
7ee174d249b24be59c0976a743e5785b,0738023d76e73f15c90be2c4615bc8d829ccbc3472d2e0c16f785147fb6f6621,c09e4f0,pilot-stage1-disease,102,9002,,0a9f06b6dff3de72,0.01,0,none,0.05,0.1,0,2,,,completed,extinction on day 63,112,109,3,0.06,12,1,6,8,63,63,0
f3f7d478803141439b4f962cabac31ee,e24d5dec677621673896c9f6423e44c6a1eed4802d2072fd3568df8baab55472,c09e4f0,pilot-stage1-disease,102,9002,,0a9f06b6dff3de72,0.02,0,none,0.05,0.1,0,2,,,completed,extinction on day 100,383,359,24,0.185,37,5,10,39,100,100,0
99bd9392681940cda11907091efbb3c7,a99af19815ac2aa3dddf24b7c4f3bcd1c9b6a7e3821e50cff01219ebe5d673e4,c09e4f0,pilot-stage1-disease,102,9002,,0a9f06b6dff3de72,0.05,0,none,0.05,0.1,0,2,,,completed,extinction on day 127,1279,1189,90,0.935,187,20,37,36,127,127,0
92ca3ea7d1a948d68c8f4ec4eb7faac3,54804063a7ef62c63820129381bab0fd8505ef07beecd195a31b2cb328518ebd,c09e4f0,pilot-stage1-disease,102,9002,,0a9f06b6dff3de72,0.1,0,none,0.05,0.1,0,2,,,completed,extinction on day 97,1901,1762,139,0.955,191,20,40,27,97,97,0
9ad030c7bc2c466bac669e072be07f3a,d6ce3a9055e14891d5288c27e1a77d0299d4a8cb64d0967220d53ed61037522e,c09e4f0,pilot-stage1-disease,102,9003,,0a9f06b6dff3de72,0.0,0,none,0.05,0.1,0,2,,,completed,extinction on day 1,0,0,0,0.005,1,1,1,0,1,1,0
23e99f7135394b169227dfad10a0ce76,3e7a3687b1cfdebfb18d9a4e6c9e7897fb21931ddc0194e6d0dea26183bab5bf,c09e4f0,pilot-stage1-disease,102,9003,,0a9f06b6dff3de72,0.01,0,none,0.05,0.1,0,2,,,completed,extinction on day 1,3,3,0,0.005,1,1,1,0,1,1,0
ec85939a1e944fa7816e4281c38ec5f5,ae64abd0eed17391b5eed5591e46c1bd8fb6d2ad36234226323691d097bb42f6,c09e4f0,pilot-stage1-disease,102,9003,,0a9f06b6dff3de72,0.02,0,none,0.05,0.1,0,2,,,completed,extinction on day 1,5,5,0,0.005,1,1,1,0,1,1,0
411da03f80114092abb4797f5602349c,4463846b6146f38b01de9c382261985a4ec3066cc40b233a608e795854ae5fd2,c09e4f0,pilot-stage1-disease,102,9003,,0a9f06b6dff3de72,0.05,0,none,0.05,0.1,0,2,,,completed,extinction on day 1,9,9,0,0.005,1,1,1,0,1,1,0
09782c7bf4034a88aa53e70dbc187f88,7005112efd0626a82dc89e96f7a023d220c5ae2630a9afb8b77423086e4fc7ed,c09e4f0,pilot-stage1-disease,102,9003,,0a9f06b6dff3de72,0.1,0,none,0.05,0.1,0,2,,,completed,extinction on day 1,16,16,0,0.005,1,1,1,0,1,1,0
7283abea7b7a4cbf8c3889e6b72d4cc7,a21c96e5392d9a95c9b26aee00950f3f09c930348df1d09fdffec8bff0e79429,c09e4f0,pilot-stage1-disease,102,9004,,0a9f06b6dff3de72,0.0,0,none,0.05,0.1,0,2,,,completed,extinction on day 40,0,0,0,0.05,10,1,6,9,40,40,0
ef46fc3eb9cb4be1909846c15c0c9cc9,b0b3bedcb176b6b7ebad8a3f43fb6998977dd2649340b61d5756324752e98c21,c09e4f0,pilot-stage1-disease,102,9004,,0a9f06b6dff3de72,0.01,0,none,0.05,0.1,0,2,,,completed,extinction on day 44,88,85,3,0.155,31,3,15,21,44,44,0
8f6752bafc624833bd0a0755c3e227bd,0a0a784540ddb3b25d6725e7cef2fe5f8446a5fee0ac30e294d4b592938d0116,c09e4f0,pilot-stage1-disease,102,9004,,0a9f06b6dff3de72,0.02,0,none,0.05,0.1,0,2,,,completed,extinction on day 85,363,338,25,0.195,39,4,17,24,85,85,0
052f28ecc1dc4e71a0742967821ba295,c335a2ab7130fd3ee283def8798d5ad35c839c941fdb87fb2fc505e4b3c30ccf,c09e4f0,pilot-stage1-disease,102,9004,,0a9f06b6dff3de72,0.05,0,none,0.05,0.1,0,2,,,completed,extinction on day 151,1518,1405,113,0.78,156,18,33,84,151,151,0
f642644d95104431879a608caed31479,a9089d55df058d998af8628cd89aaf012421c8c6cf2b21bf9a89fef1a88e7b7e,c09e4f0,pilot-stage1-disease,102,9004,,0a9f06b6dff3de72,0.1,0,none,0.05,0.1,0,2,,,completed,extinction on day 121,2454,2267,187,0.99,198,20,51,32,121,121,0
132afe46fb8142bdb42995eacdcc52b3,7d3da138a6bad9c3b5a9eb312380b801ccb9d2e63eb4f6d116ba1629a99871bb,c09e4f0,pilot-stage1-disease,102,9005,,0a9f06b6dff3de72,0.0,0,none,0.05,0.1,0,2,,,completed,extinction on day 23,0,0,0,0.05,10,1,7,11,23,23,0
c47ca047f0364165afdd89f50bad9030,7cc6ebfb129565bd3d1d83ae9f1dd0ac41483bb8406f13ee1316795d86cc5ea8,c09e4f0,pilot-stage1-disease,102,9005,,0a9f06b6dff3de72,0.01,0,none,0.05,0.1,0,2,,,completed,extinction on day 79,172,161,11,0.12,24,2,9,7,79,79,0
db3d8821e8c743c1be803049031918e5,6042144c4d8ac164e41f78c59ef975a109207bdaa534462a0ee4b44a48f7e80d,c09e4f0,pilot-stage1-disease,102,9005,,0a9f06b6dff3de72,0.02,0,none,0.05,0.1,0,2,,,completed,extinction on day 68,294,275,19,0.21,42,4,9,7,68,68,0
30874886655d4f6caf4cc9601c830de8,2291b3bc147f534722f7557b6f62ce4f7a047c96cf97e84d71243ce506fef8c2,c09e4f0,pilot-stage1-disease,102,9005,,0a9f06b6dff3de72,0.05,0,none,0.05,0.1,0,2,,,completed,extinction on day 106,1102,1036,66,0.88,176,20,47,40,106,106,0
a0d6216e57fb4462a45e129cc2187102,779ddce41d4a8c219b20029815a3fb97b1b04b6d1346ee1e80a1b9277370f577,c09e4f0,pilot-stage1-disease,102,9005,,0a9f06b6dff3de72,0.1,0,none,0.05,0.1,0,2,,,completed,extinction on day 135,2788,2578,210,0.885,177,20,48,26,135,135,0
693a947a960d4e09b076aaab4da6fc75,e8e7cdb7cd0ae4411f78c0665b184f801b0a7a280b05ce8ebc49a6d33bce69d0,c09e4f0,pilot-stage1-disease,102,9006,,0a9f06b6dff3de72,0.0,0,none,0.05,0.1,0,2,,,completed,extinction on day 1,0,0,0,0.005,1,1,1,0,1,1,0
4d8e108c190244368c00eba399c61c02,437796d6a8928eff48e87080a0c92c7dc83926d1d3d186026fa07c89c0a35402,c09e4f0,pilot-stage1-disease,102,9006,,0a9f06b6dff3de72,0.01,0,none,0.05,0.1,0,2,,,completed,extinction on day 1,5,5,0,0.005,1,1,1,0,1,1,0
46f82d4160b647e2b9d58779476f33af,8ea6c554aa53d662306c6abd7837d61efa5571860475cc712bc04ba2a463d4f4,c09e4f0,pilot-stage1-disease,102,9006,,0a9f06b6dff3de72,0.02,0,none,0.05,0.1,0,2,,,completed,extinction on day 1,6,6,0,0.005,1,1,1,0,1,1,0
89109f2548944f34a94606da7a591e48,3fee72fe57c7efc11bb1a6222e716bcec7d2584135863722ae49dad55a9be619,c09e4f0,pilot-stage1-disease,102,9006,,0a9f06b6dff3de72,0.05,0,none,0.05,0.1,0,2,,,completed,extinction on day 1,14,14,0,0.005,1,1,1,0,1,1,0
b3b7794f9b164d37af1fb4a7e9746a89,aab8b6afbe9e41bff8102f5401f40ea46ee5e195dfadae70dc2e14dc0000f366,c09e4f0,pilot-stage1-disease,102,9006,,0a9f06b6dff3de72,0.1,0,none,0.05,0.1,0,2,,,completed,extinction on day 1,19,19,0,0.005,1,1,1,0,1,1,0
9d942842b9cf434ea9f8f81963629ee7,a52832ba05a2346b3459b20fc6dae89f82d64eb03a16fea9de3bbd86d6e782aa,c09e4f0,pilot-stage1-disease,102,9007,,0a9f06b6dff3de72,0.0,0,none,0.05,0.1,0,2,,,completed,extinction on day 29,0,0,0,0.05,10,1,5,12,29,29,0
4f483e62cd5c4f1e98dcbc6a4d4d385b,43f34021a6c599b44d483bbaa4d3a1ca90ca4eaa9414c6a53c7d1c19f0798574,c09e4f0,pilot-stage1-disease,102,9007,,0a9f06b6dff3de72,0.01,0,none,0.05,0.1,0,2,,,completed,extinction on day 74,148,139,9,0.105,21,2,10,22,74,74,0
6aa324f215f341deaf6a0cf39746b4a7,e793493b801b61815a71e3c8cab2a2b95a196ac9fd9e1d13b740b936e1ab8bba,c09e4f0,pilot-stage1-disease,102,9007,,0a9f06b6dff3de72,0.02,0,none,0.05,0.1,0,2,,,completed,extinction on day 69,265,252,13,0.115,23,2,10,22,69,69,0
705d66da30fb43c09eaf07425e22d0bc,89ef70b893fc7fff698c78e3f248f0db577ee2a5aa7370fb36d5c525a769c870,c09e4f0,pilot-stage1-disease,102,9007,,0a9f06b6dff3de72,0.05,0,none,0.05,0.1,0,2,,,completed,extinction on day 69,673,632,41,0.095,19,2,6,13,69,69,0
ef450bd938a54be3971d8939865c8d4b,2663b26a3745daf198477572858d993908e8165b7a3c092b288356362334dd18,c09e4f0,pilot-stage1-disease,102,9007,,0a9f06b6dff3de72,0.1,0,none,0.05,0.1,0,2,,,completed,extinction on day 91,1853,1739,114,0.98,196,20,55,58,91,91,0
018e8b41d29b4de89af6f8392916b89b,a36e47a8741076d7b4a018886137c26be288280eabd423d0424f53438cbe5bff,c09e4f0,pilot-stage1-disease,102,9008,,0a9f06b6dff3de72,0.0,0,none,0.05,0.1,0,2,,,completed,extinction on day 38,0,0,0,0.05,10,1,7,9,38,38,0
2564389623b047f1b6fb42ee86409268,aea8990cd7808537dfab4ce47d901fa84db4ca2af5e7d3e8b698791c3a601645,c09e4f0,pilot-stage1-disease,102,9008,,0a9f06b6dff3de72,0.01,0,none,0.05,0.1,0,2,,,completed,extinction on day 108,234,220,14,0.51,102,12,25,67,108,108,0
207d6380533a472fb47a01cadfbefaf0,a9f67a2e7c2883e4a3b13cafc26dd7f83cd51d665090446e31a4e01fb19d002b,c09e4f0,pilot-stage1-disease,102,9008,,0a9f06b6dff3de72,0.02,0,none,0.05,0.1,0,2,,,completed,extinction on day 118,497,469,28,0.485,97,8,23,53,118,118,0
15b63d6e038843e1a472bd7d2b742333,d5ad21fa69c357d2c58c5b8f03c80fb0e625bf5874f1f0d5a63021b6df0a0d9f,c09e4f0,pilot-stage1-disease,102,9008,,0a9f06b6dff3de72,0.05,0,none,0.05,0.1,0,2,,,completed,extinction on day 89,886,803,83,0.96,192,20,53,27,89,89,0
2898208ea558402888abf53d9ab2eb39,d01b9baad2250bec6e3269319177751a0e6d79d5463f7927c41fe70be5ef4c18,c09e4f0,pilot-stage1-disease,102,9008,,0a9f06b6dff3de72,0.1,0,none,0.05,0.1,0,2,,,completed,extinction on day 104,2092,1943,149,0.97,194,20,62,47,104,104,0
d367d23354a14874a464d5ac294b0bf9,221ad03710609fc3f4611fae6580368163c761b83067936c661b2f08ecc5bfe6,c09e4f0,pilot-stage1-disease,102,9009,,0a9f06b6dff3de72,0.0,0,none,0.05,0.1,0,2,,,completed,extinction on day 34,0,0,0,0.05,10,1,4,4,34,34,0
4631a79ec1194b42bb2e59e4c294a53f,099d158c437ae59c90ced87c452d5f1f6c65bb93af12b225acae4578bbfbbedb,c09e4f0,pilot-stage1-disease,102,9009,,0a9f06b6dff3de72,0.01,0,none,0.05,0.1,0,2,,,completed,extinction on day 190,409,382,27,0.2,40,4,7,115,190,190,0
ec53eaf7efbf415ca7c820b7711ff1b5,db694d54345c354b97d573a92e0034747fec61bf21fbc3e1d2cda898c7c88a7c,c09e4f0,pilot-stage1-disease,102,9009,,0a9f06b6dff3de72,0.02,0,none,0.05,0.1,0,2,,,completed,extinction on day 30,116,115,1,0.1,20,3,9,8,30,30,0
c8b584e0cec5416b8bddade838676023,90955659e2effc907d29bdbf1fa5fb547688789bb763fc5f704b7f519a9c14d7,c09e4f0,pilot-stage1-disease,102,9009,,0a9f06b6dff3de72,0.05,0,none,0.05,0.1,0,2,,,completed,extinction on day 95,968,913,55,0.625,125,14,39,30,95,95,0
b2741953531641a88d5192819020fc78,76c0808a72882b740143ef2d0b5ad885c0f9de991cc893f59c9479ef8a307fa5,c09e4f0,pilot-stage1-disease,102,9009,,0a9f06b6dff3de72,0.1,0,none,0.05,0.1,0,2,,,completed,extinction on day 173,3526,3283,243,0.95,190,20,38,31,173,173,0
73c0608b2d944388a3cd414077b92a2b,088dfe6da3c559a06785c650ca2dc4a4ef02a5d0e3c50f60edb7d16d1fcbd92a,c09e4f0,pilot-stage1-disease,103,9000,,3eba5fa24d22e1a9,0.0,0,none,0.05,0.1,0,2,,,completed,extinction on day 35,0,0,0,0.05,10,1,5,6,35,35,0
7b6bb065bff94679a5870860f3a1ce3a,c31a7e66429869859f3c00383af60800d8615885d0de6534c8345a74bf1a0cfc,c09e4f0,pilot-stage1-disease,103,9000,,3eba5fa24d22e1a9,0.01,0,none,0.05,0.1,0,2,,,completed,extinction on day 83,170,168,2,0.185,37,4,11,33,83,83,0
c7d63fd2dcb141a3afc4e1dd7bb5ae3f,07857788ad9efab7537ae4192736570c62bb2ead100c51e07a4faf01e7d50d10,c09e4f0,pilot-stage1-disease,103,9000,,3eba5fa24d22e1a9,0.02,0,none,0.05,0.1,0,2,,,completed,extinction on day 236,952,910,42,0.575,115,14,17,193,236,236,0
edb8bf25d69d4cb7936c34b274022411,e7a9009a45cb15427acb11e0a94a07e239fb674d970a9a5d82656748a4b6a40e,c09e4f0,pilot-stage1-disease,103,9000,,3eba5fa24d22e1a9,0.05,0,none,0.05,0.1,0,2,,,completed,extinction on day 157,1609,1532,77,0.735,147,18,23,33,157,157,0
f872de78e762432b9f39a97a5f3328af,c95f3f0fe09a5a1ed1db96c3e6c9633b58303c21593a494514cbd3e2bf2f5245,c09e4f0,pilot-stage1-disease,103,9000,,3eba5fa24d22e1a9,0.1,0,none,0.05,0.1,0,2,,,completed,extinction on day 96,1906,1804,102,0.77,154,16,44,51,96,96,0
c5d710b84e5540beab8a9fae677f16c3,c8427702413c84b2a2623f337ad58d806ae89a3edce606b765b7ef3684c19c66,c09e4f0,pilot-stage1-disease,103,9001,,3eba5fa24d22e1a9,0.0,0,none,0.05,0.1,0,2,,,completed,extinction on day 30,0,0,0,0.05,10,1,9,8,30,30,0
5793bd92483045e9bffe37df6510035f,19793048b155922d33be4d1285a008d1f59c77d4d887abbb67acd368a705d992,c09e4f0,pilot-stage1-disease,103,9001,,3eba5fa24d22e1a9,0.01,0,none,0.05,0.1,0,2,,,completed,extinction on day 56,111,108,3,0.09,18,2,10,8,56,56,0
d0a3954122f645c3bb01ce1a2a28f263,1eeabdf03e31e3f58b952596e28a327f8f1389806c0068b7c962eb62b4f92b0f,c09e4f0,pilot-stage1-disease,103,9001,,3eba5fa24d22e1a9,0.02,0,none,0.05,0.1,0,2,,,completed,extinction on day 156,605,581,24,0.57,114,15,16,87,156,156,0
84566d75d3ea4dcdada893aab932088c,3de9e07ca665cb33f776145eadd76d54d23833697236e428af6ca1166038e0de,c09e4f0,pilot-stage1-disease,103,9001,,3eba5fa24d22e1a9,0.05,0,none,0.05,0.1,0,2,,,completed,extinction on day 114,1151,1118,33,0.535,107,10,20,49,114,114,0
3526b89a46e246b186011832f7fa206c,ab8edcc3ca4f21090676b288c04d3e001434f55c82b57b30b97c9b274d20f80b,c09e4f0,pilot-stage1-disease,103,9001,,3eba5fa24d22e1a9,0.1,0,none,0.05,0.1,0,2,,,completed,extinction on day 14,277,268,9,0.02,4,2,3,7,14,14,0
6efcc09b7d994f69947a06dcb8ae4422,07eeb704fff87987e72f2ebf8cb6186a802be65c1dc95fac01aad7f36905cba4,c09e4f0,pilot-stage1-disease,103,9002,,3eba5fa24d22e1a9,0.0,0,none,0.05,0.1,0,2,,,completed,extinction on day 35,0,0,0,0.05,10,1,6,8,35,35,0
6fd4235ab40e4411abab9c1dcb2a76fe,41598d25de68f9228540467e73fe25ea77474640091524fb531d89b4f936502b,c09e4f0,pilot-stage1-disease,103,9002,,3eba5fa24d22e1a9,0.01,0,none,0.05,0.1,0,2,,,completed,extinction on day 35,66,63,3,0.055,11,1,6,8,35,35,0
410a00e49e0646c098d9f9f668a0703a,4849f23de5b4ff9a4f261770021782dd45b8c4de7c4d39f1c8d3c67c0fe34a87,c09e4f0,pilot-stage1-disease,103,9002,,3eba5fa24d22e1a9,0.02,0,none,0.05,0.1,0,2,,,completed,extinction on day 35,132,124,8,0.06,12,1,6,8,35,35,0
ad6f4e6d981940f3a03a14a7b733ea8e,f998aed790fd138181495827d9cbc7e3d4724be7b10798850058d890488c3d8a,c09e4f0,pilot-stage1-disease,103,9002,,3eba5fa24d22e1a9,0.05,0,none,0.05,0.1,0,2,,,completed,extinction on day 60,585,567,18,0.155,31,5,10,29,60,60,0
714536e5b0f149c9a1b6f58e74bf190d,3b526687af21f7b994b84f66507c26253a5fbbb63ad3d44442ac34a7998960ac,c09e4f0,pilot-stage1-disease,103,9002,,3eba5fa24d22e1a9,0.1,0,none,0.05,0.1,0,2,,,completed,extinction on day 127,2527,2395,132,0.965,193,20,49,59,127,127,0
ec22561ed14a4907b95804aab7808fd0,e0f1fdde133b5ce135f79d5be22ee2bb39a234d2e3daa155f682c02f2fed1043,c09e4f0,pilot-stage1-disease,103,9003,,3eba5fa24d22e1a9,0.0,0,none,0.05,0.1,0,2,,,completed,extinction on day 1,0,0,0,0.005,1,1,1,0,1,1,0
bf46ae4c6962457580cd51ce4c891e44,4f6e6ae8f7af2574b40219f1857b8df611403859912dbb0a4c153dfb945d296e,c09e4f0,pilot-stage1-disease,103,9003,,3eba5fa24d22e1a9,0.01,0,none,0.05,0.1,0,2,,,completed,extinction on day 1,3,3,0,0.005,1,1,1,0,1,1,0
5c9cad36c00a42a5a8928639f1b0c53c,272cccde4623d0dce7604ae29ed77270cae519f006c45ef0fa2ad457e94953f7,c09e4f0,pilot-stage1-disease,103,9003,,3eba5fa24d22e1a9,0.02,0,none,0.05,0.1,0,2,,,completed,extinction on day 1,5,5,0,0.005,1,1,1,0,1,1,0
a4761bcd1bb041d690d8b5019b16f755,72af7d9656bfb6fd70c30be8c0472d063c2c3b7287ca2bea5eaac748140eeb21,c09e4f0,pilot-stage1-disease,103,9003,,3eba5fa24d22e1a9,0.05,0,none,0.05,0.1,0,2,,,completed,extinction on day 1,9,9,0,0.005,1,1,1,0,1,1,0
606c74d4ff0444d3b1c82c635bdb5361,22c722e5496d0626d77f152ee1096fe95ded5e421017e15f9f007a7f93e3f9bc,c09e4f0,pilot-stage1-disease,103,9003,,3eba5fa24d22e1a9,0.1,0,none,0.05,0.1,0,2,,,completed,extinction on day 1,16,16,0,0.005,1,1,1,0,1,1,0
9e80d2a02ea54189b0f9e5976a38f986,67222d7350d3f3b3da0f3a41b726cb745bc4dca3437c3289c24b365c4817d1cd,c09e4f0,pilot-stage1-disease,103,9004,,3eba5fa24d22e1a9,0.0,0,none,0.05,0.1,0,2,,,completed,extinction on day 40,0,0,0,0.05,10,1,6,9,40,40,0
4e7c75d25f254e689e1cd012193fbbee,e2147863525d8387017688f4c2caf46cbb3ccf339219de1daa936598f08b3b60,c09e4f0,pilot-stage1-disease,103,9004,,3eba5fa24d22e1a9,0.01,0,none,0.05,0.1,0,2,,,completed,extinction on day 43,84,82,2,0.115,23,2,9,24,43,43,0
926d233a47814eada859b2bdbc6476b5,7c1013fc6674def94d1938d0b1ceb91625ade418355a3362d991841087d092d0,c09e4f0,pilot-stage1-disease,103,9004,,3eba5fa24d22e1a9,0.02,0,none,0.05,0.1,0,2,,,completed,extinction on day 147,622,592,30,0.25,50,5,14,39,147,147,0
5e10436c21c946ef9170157a1925eaec,4e99b9c52c8150cacce84e6fdf768591704be8a8cb8c2c1fce9da37d3e5a320f,c09e4f0,pilot-stage1-disease,103,9004,,3eba5fa24d22e1a9,0.05,0,none,0.05,0.1,0,2,,,completed,extinction on day 99,1014,959,55,0.73,146,15,34,39,99,99,0
c2bc137634d34e2a99b8c3e3c1e15678,3d65d30e9efb7b7582feac8a074f9fe0ac09583f2d786bad7fb40992a4c17a77,c09e4f0,pilot-stage1-disease,103,9004,,3eba5fa24d22e1a9,0.1,0,none,0.05,0.1,0,2,,,completed,extinction on day 109,2213,2095,118,0.315,63,7,25,25,109,109,0
5954afb93fda43d08ccde7452268ed92,515f64d7870e038116a1677037c7d7dff4505c6003a37b7a904f8fdedfdf543d,c09e4f0,pilot-stage1-disease,103,9005,,3eba5fa24d22e1a9,0.0,0,none,0.05,0.1,0,2,,,completed,extinction on day 23,0,0,0,0.05,10,1,7,11,23,23,0
375d2593d24a49dc99bff605fabfaf96,3f414f546d7f79d54e5a0c24d1746398348f32fe85dac546026ace91c5c2092c,c09e4f0,pilot-stage1-disease,103,9005,,3eba5fa24d22e1a9,0.01,0,none,0.05,0.1,0,2,,,completed,extinction on day 82,180,170,10,0.14,28,4,8,23,82,82,0
efb97568ceea462cab764ef950e2dde9,acfa674428876d28e1465dfdb148527439630e4cf03cb7053bbe02089f08370d,c09e4f0,pilot-stage1-disease,103,9005,,3eba5fa24d22e1a9,0.02,0,none,0.05,0.1,0,2,,,completed,extinction on day 99,430,413,17,0.305,61,8,13,19,99,99,0
f47e7afb7c8e4aeda068de7297303e91,681ec112136959dee897752b8b0a379b55081902319508e4fd42bf9b0d4ef7eb,c09e4f0,pilot-stage1-disease,103,9005,,3eba5fa24d22e1a9,0.05,0,none,0.05,0.1,0,2,,,completed,extinction on day 218,2243,2135,108,0.72,144,17,18,34,218,218,0
7568bf3b6a684f5abed8a49fed6f613f,5770d7dd5aca3d3174ce98921cd96c5874029c4c90ec486fd15d7cd60bae72da,c09e4f0,pilot-stage1-disease,103,9005,,3eba5fa24d22e1a9,0.1,0,none,0.05,0.1,0,2,,,completed,extinction on day 128,2625,2506,119,0.73,146,15,35,42,128,128,0
b8af89d630e2484cb0fa69de8cb7988c,294dd6e8da1adc967998fe19ff2a885e4bb94bb5ed56b446896e36c8a581b366,c09e4f0,pilot-stage1-disease,103,9006,,3eba5fa24d22e1a9,0.0,0,none,0.05,0.1,0,2,,,completed,extinction on day 1,0,0,0,0.005,1,1,1,0,1,1,0
4773ceb3107243ebb8d98c2b45ef3bd6,32900a4a95d3dee98d74b0fd71e7d92c8f4e70847fefd8474c7dc6b2795599c4,c09e4f0,pilot-stage1-disease,103,9006,,3eba5fa24d22e1a9,0.01,0,none,0.05,0.1,0,2,,,completed,extinction on day 1,5,5,0,0.005,1,1,1,0,1,1,0
d20a6ebe94b84da6b5a64bd479021c32,6f59c976f31e650e80f5150d47dc2fb5a1312086a99fb245963b3e0896c792ed,c09e4f0,pilot-stage1-disease,103,9006,,3eba5fa24d22e1a9,0.02,0,none,0.05,0.1,0,2,,,completed,extinction on day 1,6,6,0,0.005,1,1,1,0,1,1,0
fe97cd211057479ab277565b090ca3a3,43c23e62a20a9186bbab7e8a439a319b1f29910e306e1dd8950c989728a0193a,c09e4f0,pilot-stage1-disease,103,9006,,3eba5fa24d22e1a9,0.05,0,none,0.05,0.1,0,2,,,completed,extinction on day 1,14,14,0,0.005,1,1,1,0,1,1,0
34f5850f179b4573821b3f4950f41f22,3f965ed3d9345a3ad960c942a51b9bd62833a59f873ab6a591b3b2878da919bb,c09e4f0,pilot-stage1-disease,103,9006,,3eba5fa24d22e1a9,0.1,0,none,0.05,0.1,0,2,,,completed,extinction on day 1,19,19,0,0.005,1,1,1,0,1,1,0
d376888e3c1f40e680a48726e5839198,cd3f00b691fd958881c76325cff501b3138940f252c0fb9b3bf58a1ebbe1a104,c09e4f0,pilot-stage1-disease,103,9007,,3eba5fa24d22e1a9,0.0,0,none,0.05,0.1,0,2,,,completed,extinction on day 29,0,0,0,0.05,10,1,5,12,29,29,0
5b2d796d1415438bb9a9271de364d83f,40830f634e3d645d6e58e28094bff234f8b8b8eaecf66f519ce6da3b9e67e607,c09e4f0,pilot-stage1-disease,103,9007,,3eba5fa24d22e1a9,0.01,0,none,0.05,0.1,0,2,,,completed,extinction on day 72,145,140,5,0.095,19,3,6,12,72,72,0
143adefdef5b4d22a1ea92729bee5fc9,a8ad84f8c683a50ed514e4e7f2d2c6516573c73e6657b2b0c11a66b5e20af11e,c09e4f0,pilot-stage1-disease,103,9007,,3eba5fa24d22e1a9,0.02,0,none,0.05,0.1,0,2,,,completed,extinction on day 109,429,404,25,0.255,51,5,8,59,109,109,0
4439960f5d74430e93f4ae9b3623d996,79fc8901a30489d7fdb655d9faed56f3faa210d2f36328d5fabdb86ae418937d,c09e4f0,pilot-stage1-disease,103,9007,,3eba5fa24d22e1a9,0.05,0,none,0.05,0.1,0,2,,,completed,extinction on day 130,1279,1249,30,0.74,148,17,27,71,130,130,0
1a3f0f24e26a4bbd88af5f1d4b6c9826,663d6a03bf7a5cf757973c467ac9773ca357931cbcdac8ea2efd5a36b4f60e0c,c09e4f0,pilot-stage1-disease,103,9007,,3eba5fa24d22e1a9,0.1,0,none,0.05,0.1,0,2,,,completed,extinction on day 99,1989,1887,102,0.985,197,20,63,36,99,99,0
889d2c21f864483b83f0f41c2b8d6b10,a8f874fe7a4bf9969abfae752733bd60b6a30c1626cb0b155d9b977bf12ff975,c09e4f0,pilot-stage1-disease,103,9008,,3eba5fa24d22e1a9,0.0,0,none,0.05,0.1,0,2,,,completed,extinction on day 38,0,0,0,0.05,10,1,7,9,38,38,0
a14e8da6e9e4448ebc7df40aa3bf7e60,b27edaee5bd317a4d656853f40aa7074fb6b9e92349d1844173251d603cd1117,c09e4f0,pilot-stage1-disease,103,9008,,3eba5fa24d22e1a9,0.01,0,none,0.05,0.1,0,2,,,completed,extinction on day 87,190,183,7,0.27,54,5,14,52,87,87,0
6ba096f1585648d8afbdcbe8c9135024,daef5cad70bed956da3009790cdeceabfe990f3d0ee4980e8605aa5b9b968ad9,c09e4f0,pilot-stage1-disease,103,9008,,3eba5fa24d22e1a9,0.02,0,none,0.05,0.1,0,2,,,completed,extinction on day 104,436,416,20,0.175,35,4,10,69,104,104,0
35ed00c440954aba935b336c8112d9cb,bb5d6f5584376070ca87dc58b4cfb933801553e0753ad48994f4bfd43baa13e5,c09e4f0,pilot-stage1-disease,103,9008,,3eba5fa24d22e1a9,0.05,0,none,0.05,0.1,0,2,,,completed,extinction on day 132,1317,1254,63,0.73,146,15,32,23,132,132,0
845da4bc7a3e4a13956f2916bc01808f,03bb28b16de55c93e6c9f64e6d8c3305a3d381c7c79c0187971403f753dbe35d,c09e4f0,pilot-stage1-disease,103,9008,,3eba5fa24d22e1a9,0.1,0,none,0.05,0.1,0,2,,,completed,extinction on day 128,2572,2440,132,0.99,198,20,52,50,128,128,0
d248a6166aba4c7f9ecd0694d796e67f,a1cc98d0b946ee252945df79e1ba6dc7436d4e4a32bf65bcfc07e4d2bb3ee72f,c09e4f0,pilot-stage1-disease,103,9009,,3eba5fa24d22e1a9,0.0,0,none,0.05,0.1,0,2,,,completed,extinction on day 34,0,0,0,0.05,10,1,4,4,34,34,0
e96d002172194f58ad563935340f058b,3066b8ae13bbe9274fc236631b5e0bfd8e17c564be2bfa733ddc66cd15003eed,c09e4f0,pilot-stage1-disease,103,9009,,3eba5fa24d22e1a9,0.01,0,none,0.05,0.1,0,2,,,completed,extinction on day 38,75,75,0,0.075,15,1,5,7,38,38,0
36a30a02fb974119a9447dcc2923ecc7,9ac351ddcbfb1ad9463d369d9e54443d3e84bd053e568093da4026ff8304a198,c09e4f0,pilot-stage1-disease,103,9009,,3eba5fa24d22e1a9,0.02,0,none,0.05,0.1,0,2,,,completed,extinction on day 50,197,196,1,0.21,42,5,18,16,50,50,0
acb7936fa57e4db290ede6c87b523678,17d4dfd85d9a304663c7ea7fa0b1e0362f404f61dd912a9077d5672de83148b1,c09e4f0,pilot-stage1-disease,103,9009,,3eba5fa24d22e1a9,0.05,0,none,0.05,0.1,0,2,,,completed,extinction on day 110,1113,1066,47,0.705,141,15,31,29,110,110,0
afbe4e55c11d4af2a891135d4e5fed7b,dbdc64b11d18f6945f4ddbbd32c8cb70a32baa8bd09f7472df264892493fa219,c09e4f0,pilot-stage1-disease,103,9009,,3eba5fa24d22e1a9,0.1,0,none,0.05,0.1,0,2,,,completed,extinction on day 94,1949,1832,117,0.74,148,16,42,16,94,94,0
24f79c1a4d6a4a0abd26820894190828,3db8f4a829a3e649f42dcd08b1162f85e5771e706842478825e2488cda114af4,c09e4f0,pilot-stage1-disease,104,9000,,bc0241eae73e5142,0.0,0,none,0.05,0.1,0,2,,,completed,extinction on day 35,0,0,0,0.05,10,1,5,6,35,35,0
b5ca1d6667064bac8b969854f0fb0c2a,117e11d45dc0c3640f464736ed7e67a2af523cc3f7d10bf67ce683137866d15c,c09e4f0,pilot-stage1-disease,104,9000,,bc0241eae73e5142,0.01,0,none,0.05,0.1,0,2,,,completed,extinction on day 114,227,210,17,0.14,28,3,7,31,114,114,0
7e42d6413f554eef9da04e2cf5536c45,f8f56afd5b3da7319c538c9876b168a22437391ea8eb6cfe0cd99b73d05aa93f,c09e4f0,pilot-stage1-disease,104,9000,,bc0241eae73e5142,0.02,0,none,0.05,0.1,0,2,,,completed,extinction on day 124,483,434,49,0.6,120,11,20,80,124,124,0
2990caaffb95486d983aa0609706d0f8,3bf86d302c24c189ca70ea452f0a332500eb371ece8a99ba6997239d9bc539d9,c09e4f0,pilot-stage1-disease,104,9000,,bc0241eae73e5142,0.05,0,none,0.05,0.1,0,2,,,completed,extinction on day 76,782,714,68,0.37,74,8,17,40,76,76,0
ee1fb5e787374964b0d93ea14f08901f,8b737ac6e458576fa0fbcfd2a785fcc3e853b7b9237e728f2c3bc570bc50b441,c09e4f0,pilot-stage1-disease,104,9000,,bc0241eae73e5142,0.1,0,none,0.05,0.1,0,2,,,completed,extinction on day 98,1949,1806,143,0.95,190,20,31,15,98,98,0
9eedf0c4ae4447f2bced78665f585ea3,0df97bb58eeb37d941909a700973b268504d3b02243e0d501c91f0d6c559dfeb,c09e4f0,pilot-stage1-disease,104,9001,,bc0241eae73e5142,0.0,0,none,0.05,0.1,0,2,,,completed,extinction on day 30,0,0,0,0.05,10,1,9,8,30,30,0
4a23f3cb9dcd4611834af7e31138f80e,41a0e3ea1e58f19758995f4795efca67dfb3ecdd72ff6716f3ab1f07f9b4d327,c09e4f0,pilot-stage1-disease,104,9001,,bc0241eae73e5142,0.01,0,none,0.05,0.1,0,2,,,completed,extinction on day 71,139,123,16,0.16,32,4,11,11,71,71,0
8cce672ed99446ccb5dcc7be3b432a63,779b1272e6b57d6c5c55e4191c16ad5a88222868b26009fa487efbc4b92b19cf,c09e4f0,pilot-stage1-disease,104,9001,,bc0241eae73e5142,0.02,0,none,0.05,0.1,0,2,,,completed,extinction on day 90,357,328,29,0.32,64,7,14,38,90,90,0
91419564d51a4d21b7129507425e6965,d80f8f62e44a4ec3d5e3da2bce5017323c452687125a943e5bec5154c47d83f1,c09e4f0,pilot-stage1-disease,104,9001,,bc0241eae73e5142,0.05,0,none,0.05,0.1,0,2,,,completed,extinction on day 180,1781,1616,165,0.835,167,18,20,56,180,180,0
2bc5f3dc7fba4f26b44fd04f5b48bbfc,14438eef66d58bc901f7ef892508e10a1784561716319e30a9b179711af0ac9a,c09e4f0,pilot-stage1-disease,104,9001,,bc0241eae73e5142,0.1,0,none,0.05,0.1,0,2,,,completed,extinction on day 84,1720,1570,150,0.95,190,20,49,39,84,84,0
d55ee940010e495fb8988bc76b85a507,d4788ba1e140fa7fc473b852bd51f90cefefb5207bf817d79967ea905cea8dfc,c09e4f0,pilot-stage1-disease,104,9002,,bc0241eae73e5142,0.0,0,none,0.05,0.1,0,2,,,completed,extinction on day 35,0,0,0,0.05,10,1,6,8,35,35,0
41702c32e1e84b53916e7ae8bbb401be,a5df061df0ca95339030e9f880960ab6f89d2145863507c67c96b98da6272dbe,c09e4f0,pilot-stage1-disease,104,9002,,bc0241eae73e5142,0.01,0,none,0.05,0.1,0,2,,,completed,extinction on day 35,66,63,3,0.06,12,1,7,10,35,35,0
041a49c01c4146c8ad82ec9c996bc1ae,847488513297ceb45fc261b74a8ca10858ff739eb27fe6e027abf244011ea40e,c09e4f0,pilot-stage1-disease,104,9002,,bc0241eae73e5142,0.02,0,none,0.05,0.1,0,2,,,completed,extinction on day 64,234,225,9,0.165,33,4,10,15,64,64,0
e08dadedbb584413907e0021afffc773,4f4866fc671c65cbce7b6e1e1fe50cb4d5bed6b1b464a954793e6478deb81433,c09e4f0,pilot-stage1-disease,104,9002,,bc0241eae73e5142,0.05,0,none,0.05,0.1,0,2,,,completed,extinction on day 50,489,456,33,0.055,11,1,7,8,50,50,0
328d94d974484982a868c7f184c0d428,85c45b8d3d9a58901cec530e34bbb0d3e37f8572cce3c157607c157f5974efac,c09e4f0,pilot-stage1-disease,104,9002,,bc0241eae73e5142,0.1,0,none,0.05,0.1,0,2,,,completed,extinction on day 80,1578,1453,125,0.955,191,20,72,19,80,80,0
b5cb89b7787e4db6a57ff45b9022a85d,ab2568c653244a75d8eb0fa476d7bfbce793d86e230a371795aee5cb615a51ab,c09e4f0,pilot-stage1-disease,104,9003,,bc0241eae73e5142,0.0,0,none,0.05,0.1,0,2,,,completed,extinction on day 1,0,0,0,0.005,1,1,1,0,1,1,0
4d92191d0c754abf947d576dcf4a344e,0946e08af32a33af97ce555f929dacb24a4996f61196fa336c73747a57562c5f,c09e4f0,pilot-stage1-disease,104,9003,,bc0241eae73e5142,0.01,0,none,0.05,0.1,0,2,,,completed,extinction on day 1,3,3,0,0.005,1,1,1,0,1,1,0
08196a5695274d2ab946be5ac1090324,674de73d97a30e55ede631de39642ffc30a50a20058a27fd6368eb9aa3d5b009,c09e4f0,pilot-stage1-disease,104,9003,,bc0241eae73e5142,0.02,0,none,0.05,0.1,0,2,,,completed,extinction on day 1,5,5,0,0.005,1,1,1,0,1,1,0
0ce478f23ffd45e48f6630f209535053,262deb37a0bfed7319d1647f723ffbe95bcc6bb26c17a26377f72db90883156a,c09e4f0,pilot-stage1-disease,104,9003,,bc0241eae73e5142,0.05,0,none,0.05,0.1,0,2,,,completed,extinction on day 1,9,9,0,0.005,1,1,1,0,1,1,0
259227ff93354519b62b8a77a2afc03f,1126eafd42cbebd23648646ac8e5c4ce53a8b9267819d63221ded7e13a8b205e,c09e4f0,pilot-stage1-disease,104,9003,,bc0241eae73e5142,0.1,0,none,0.05,0.1,0,2,,,completed,extinction on day 1,16,16,0,0.005,1,1,1,0,1,1,0
e2a3a633b44744678080298a55105fb5,0a006d8a756393c91d7d7e80d44dfb7996400c42885fbc69ae0a5a63c935e1e6,c09e4f0,pilot-stage1-disease,104,9004,,bc0241eae73e5142,0.0,0,none,0.05,0.1,0,2,,,completed,extinction on day 40,0,0,0,0.05,10,1,6,9,40,40,0
6dc7cd69235a437da4c94530530cbd39,69f5276cb21e753670fcbd4efd4ba81dc06145430356ceb150b20aa3ad9c3d0a,c09e4f0,pilot-stage1-disease,104,9004,,bc0241eae73e5142,0.01,0,none,0.05,0.1,0,2,,,completed,extinction on day 44,88,86,2,0.105,21,2,11,21,44,44,0
012ac5732a0b4bd6b054fbde22a19936,343e9edf997e58977c37e72909800d555ce759e6e6ca033491af34ecc604fc97,c09e4f0,pilot-stage1-disease,104,9004,,bc0241eae73e5142,0.02,0,none,0.05,0.1,0,2,,,completed,extinction on day 94,406,383,23,0.265,53,6,14,24,94,94,0
0d77cd63777c414aa990abbe177ff87f,1bf9e2371cca8f6d57b08eaeb25f0ce5290eb90ec926364ca62cd016d5f72d0e,c09e4f0,pilot-stage1-disease,104,9004,,bc0241eae73e5142,0.05,0,none,0.05,0.1,0,2,,,completed,extinction on day 102,1052,976,76,0.63,126,15,30,41,102,102,0
e50627b56b834fefb5953b8af42bd2de,3eed13100118e6d23cfa3c0bbb40b90e42cc187039c913a79ab021d49c7c4983,c09e4f0,pilot-stage1-disease,104,9004,,bc0241eae73e5142,0.1,0,none,0.05,0.1,0,2,,,completed,extinction on day 147,2944,2683,261,0.86,172,19,50,24,147,147,0
08651eabfbfa4d7880d9a5ab98394428,c6b7bd9539f911c6981b0b42369db60da179e7287c5a3bf49bd5ffacdded3d45,c09e4f0,pilot-stage1-disease,104,9005,,bc0241eae73e5142,0.0,0,none,0.05,0.1,0,2,,,completed,extinction on day 23,0,0,0,0.05,10,1,7,11,23,23,0
93422aa9992d41048e7100aa0bff6571,d1183899ccedbd6a11a17b68db9ce3297b0e56722b6d4a4a87fac42c895f69c6,c09e4f0,pilot-stage1-disease,104,9005,,bc0241eae73e5142,0.01,0,none,0.05,0.1,0,2,,,completed,extinction on day 64,136,131,5,0.165,33,3,11,17,64,64,0
11de5a911bcd41e39869dbe383afbc57,1f18f7cd2eb19821d2650f5755439e3c52fa9d65c7e69d90fbfa39f2d2c1cfb0,c09e4f0,pilot-stage1-disease,104,9005,,bc0241eae73e5142,0.02,0,none,0.05,0.1,0,2,,,completed,extinction on day 74,323,302,21,0.255,51,6,11,17,74,74,0
d067c928967d483a8ba474d06095600c,00294fa0040f62a09bc9a3865d8f426f0d12717592359f7a736ae81949823481,c09e4f0,pilot-stage1-disease,104,9005,,bc0241eae73e5142,0.05,0,none,0.05,0.1,0,2,,,completed,extinction on day 111,1156,1060,96,0.89,178,19,37,79,111,111,0
bf62ac6ce2e04d9fafea14e3a2369465,fcd9dffe28dca86d63620fd47390d9c3b007d557a304b26167d6b1d013889c75,c09e4f0,pilot-stage1-disease,104,9005,,bc0241eae73e5142,0.1,0,none,0.05,0.1,0,2,,,completed,extinction on day 108,2211,2046,165,0.975,195,20,34,40,108,108,0
c348f66d4be24097a691b6badada189c,9249b6e5d290fdb03f4885c967e30e016d86753eed107a4838c0f7888df4a264,c09e4f0,pilot-stage1-disease,104,9006,,bc0241eae73e5142,0.0,0,none,0.05,0.1,0,2,,,completed,extinction on day 1,0,0,0,0.005,1,1,1,0,1,1,0
e6cd3f54e39049c792cddd656154a297,d4a4b71caf5846e3a333622b0fa2e399bf8fba0abb90f675d1d1eb12b12ef616,c09e4f0,pilot-stage1-disease,104,9006,,bc0241eae73e5142,0.01,0,none,0.05,0.1,0,2,,,completed,extinction on day 1,5,5,0,0.005,1,1,1,0,1,1,0
e3535d01110a4895bcfdc44df3ffc986,c34706ca46cd023261d8b042c61184a72f474bde21b984c4db2ffe89d756fb1b,c09e4f0,pilot-stage1-disease,104,9006,,bc0241eae73e5142,0.02,0,none,0.05,0.1,0,2,,,completed,extinction on day 1,6,6,0,0.005,1,1,1,0,1,1,0
0373bbfa0d9b4ca5bef41230bbe0f823,f60afb6da483c5ed648300d177a7fef69a2d78dfaa696c427991738555750599,c09e4f0,pilot-stage1-disease,104,9006,,bc0241eae73e5142,0.05,0,none,0.05,0.1,0,2,,,completed,extinction on day 1,14,14,0,0.005,1,1,1,0,1,1,0
1d03dff818824789aea345ac50547554,036e4e601c7927ce88467044a2bae56e6291c1e7c39598254750518954d0591c,c09e4f0,pilot-stage1-disease,104,9006,,bc0241eae73e5142,0.1,0,none,0.05,0.1,0,2,,,completed,extinction on day 1,19,19,0,0.005,1,1,1,0,1,1,0
bfc39f8c5f1d4ccb822e26f227c8317d,14d414aa3789641426b04f07e23fbd09293c942869910f7f417c91286142375e,c09e4f0,pilot-stage1-disease,104,9007,,bc0241eae73e5142,0.0,0,none,0.05,0.1,0,2,,,completed,extinction on day 29,0,0,0,0.05,10,1,5,12,29,29,0
68607fd3a32548949df93f8bef212a8a,6310323bfa7c1a3f00196dda4857566ddb9d67ac9c98f1c467fb7a8e09f06dfc,c09e4f0,pilot-stage1-disease,104,9007,,bc0241eae73e5142,0.01,0,none,0.05,0.1,0,2,,,completed,extinction on day 69,136,125,11,0.11,22,2,9,22,69,69,0
8081fa87fc4d47848f1e2387f03e6eca,802815da1cee48547deab05d76a4fba0b0e6cebcd5e769e9c122dabcfa7c1a9b,c09e4f0,pilot-stage1-disease,104,9007,,bc0241eae73e5142,0.02,0,none,0.05,0.1,0,2,,,completed,extinction on day 132,535,498,37,0.33,66,6,14,60,132,132,0
1e3f48ec70994b849fae56d9e33f2ce1,bfb68d6325e67790a03a306464c36c43bac0f070b4b5b52aafbf9f0794fabdc9,c09e4f0,pilot-stage1-disease,104,9007,,bc0241eae73e5142,0.05,0,none,0.05,0.1,0,2,,,completed,extinction on day 139,1370,1257,113,0.915,183,19,36,98,139,139,0
e971ff7a73834c609b189880f69db41b,98bf5994e46339b200eedf3d915150e6d62aebc0632c1e77cd7fc432df0ced38,c09e4f0,pilot-stage1-disease,104,9007,,bc0241eae73e5142,0.1,0,none,0.05,0.1,0,2,,,completed,extinction on day 140,2792,2540,252,0.975,195,19,38,60,140,140,0
7270d8fecb7b479a9aa1e52ef76e135c,3e9466bad99913b2d4b1d40b3bdcab57b35cdb1d91c220de104c33be4277637f,c09e4f0,pilot-stage1-disease,104,9008,,bc0241eae73e5142,0.0,0,none,0.05,0.1,0,2,,,completed,extinction on day 38,0,0,0,0.05,10,1,7,9,38,38,0
d6a7d912222740d0ab7c86ed4b8b151e,018d42ee8e6baaec7aec4b48d710c9a282b3d6acb41853a8bcb04e4768f405ff,c09e4f0,pilot-stage1-disease,104,9008,,bc0241eae73e5142,0.01,0,none,0.05,0.1,0,2,,,completed,extinction on day 174,385,352,33,0.28,56,7,11,60,174,174,0
e0a7e9a086f440dd88a892683d13e057,e0fd776f9f612766f4a8984fa9d78ce83494393d4941d5b9939d44ba86a2a5f2,c09e4f0,pilot-stage1-disease,104,9008,,bc0241eae73e5142,0.02,0,none,0.05,0.1,0,2,,,completed,extinction on day 59,254,237,17,0.11,22,3,8,33,59,59,0
ead7b55fc30b4a57a0f5afd839d6e99d,42c13539068b3d62f3ba5cfccba15aad88eb0fbb342e4fb3af621570ecbff552,c09e4f0,pilot-stage1-disease,104,9008,,bc0241eae73e5142,0.05,0,none,0.05,0.1,0,2,,,completed,extinction on day 132,1317,1228,89,0.955,191,20,40,68,132,132,0
b2080a33838448ac96210eb9fde6b599,0510f46a2a668ab25c050f38e241366ff9c8aff94ba0f3d21e306dffc323bdfd,c09e4f0,pilot-stage1-disease,104,9008,,bc0241eae73e5142,0.1,0,none,0.05,0.1,0,2,,,completed,extinction on day 108,2173,2022,151,0.94,188,20,44,67,108,108,0
b89c8db65c4f4c448ddf16278e7a5169,5974ab13707b53388b61e63b36dea313c48c4f3a125eabb79cc675ed40fad25b,c09e4f0,pilot-stage1-disease,104,9009,,bc0241eae73e5142,0.0,0,none,0.05,0.1,0,2,,,completed,extinction on day 34,0,0,0,0.05,10,1,4,4,34,34,0
a9446b4cbe554059b26f529dd3b6f98c,f3c72c23ca04334ecff87bec7fbcaf548d60e05515c7abd056058d60f1976b15,c09e4f0,pilot-stage1-disease,104,9009,,bc0241eae73e5142,0.01,0,none,0.05,0.1,0,2,,,completed,extinction on day 34,69,66,3,0.065,13,1,5,7,34,34,0
ea494fb9303e4d0686061f2865a7782d,5d73db3893c8776dda35bd52ffc18e0fa82ebb8832a7c93179af371d73fa741c,c09e4f0,pilot-stage1-disease,104,9009,,bc0241eae73e5142,0.02,0,none,0.05,0.1,0,2,,,completed,extinction on day 34,136,128,8,0.155,31,3,17,15,34,34,0
c08f620e87424aaa8516880c01b96d1a,892eabc8b0d360c2e34111e110287322e7a3a49ae6904d3fd173cc8405cd1192,c09e4f0,pilot-stage1-disease,104,9009,,bc0241eae73e5142,0.05,0,none,0.05,0.1,0,2,,,completed,extinction on day 96,979,902,77,0.91,182,20,51,30,96,96,0
d46c8175378640979935ddcc08580eb7,f7a7de230b452ba01f5cee7244cd9517c33a1fbe275156b754ded1e6d39decea,c09e4f0,pilot-stage1-disease,104,9009,,bc0241eae73e5142,0.1,0,none,0.05,0.1,0,2,,,completed,extinction on day 111,2248,2045,203,0.97,194,20,55,46,111,111,0
52b1e62608574d81bea943c16ba56188,195cb93720ffa12240041810f519a5a5d92aadb0910309226ce03b10f80055ce,c09e4f0,pilot-stage1-disease,100,9000,,ecc984f043b744b6,0.0,0,none,0.05,0.2,0,2,,,completed,extinction on day 7,0,0,0,0.025,5,1,2,1,7,7,0
25aef386e61144afb9ed188cb42bd90c,38bfc9b5a9c33a851164af17c5e6ffdf1bb094afbb367605ba00a4213f64c99d,c09e4f0,pilot-stage1-disease,100,9000,,ecc984f043b744b6,0.01,0,none,0.05,0.2,0,2,,,completed,extinction on day 7,14,13,1,0.025,5,1,2,1,7,7,0
72f9f4db27eb46a1981c376177522511,9be7304f0790c4c03ef2566247238825b0262ce05096688ba08caf6b5e5d34f0,c09e4f0,pilot-stage1-disease,100,9000,,ecc984f043b744b6,0.02,0,none,0.05,0.2,0,2,,,completed,extinction on day 7,32,30,2,0.025,5,1,2,1,7,7,0
82e1664af3b74697ae7ff361290be8f2,0bcce613fb6b4e8fa3f47b384b078d2b0b802f12080700084a30c3d9beff5a06,c09e4f0,pilot-stage1-disease,100,9000,,ecc984f043b744b6,0.05,0,none,0.05,0.2,0,2,,,completed,extinction on day 7,81,67,14,0.015,3,1,2,1,7,7,0
456daf2f55014b3790070b177240acfb,76881af86d7152de43238cc7f851c4bdadce89dfcd5e47f341837e8ad1ac8fe8,c09e4f0,pilot-stage1-disease,100,9000,,ecc984f043b744b6,0.1,0,none,0.05,0.2,0,2,,,completed,extinction on day 62,1248,1092,156,0.6,120,15,21,48,62,62,0
a94e25d250f141b283e23e2ef05dbfbe,0b54e44ba229482dc51a64a869df724d126e15543217f5017d87ff2524592a28,c09e4f0,pilot-stage1-disease,100,9001,,ecc984f043b744b6,0.0,0,none,0.05,0.2,0,2,,,completed,extinction on day 24,0,0,0,0.05,10,1,7,6,24,24,0
e2ccac9e72724cf7b0287e2acfc3ae4d,282b69b7ae45979d886565f4bb77a184202efcdcc3bd616cfcc246e006dd205d,c09e4f0,pilot-stage1-disease,100,9001,,ecc984f043b744b6,0.01,0,none,0.05,0.2,0,2,,,completed,extinction on day 37,74,67,7,0.1,20,2,8,11,37,37,0
3565a9a10ad54765822150f8532647c7,c94709363c579738479170d503e0adbd598329e31880767de60a577c6d88fad7,c09e4f0,pilot-stage1-disease,100,9001,,ecc984f043b744b6,0.02,0,none,0.05,0.2,0,2,,,completed,extinction on day 45,172,151,21,0.12,24,2,8,11,45,45,0
573080028f0b42208ef36c25f62694d3,cbbe74f5fbc091761627f0fcdbac180c1f3cbb6e7a8c5042ba483cfd213a498f,c09e4f0,pilot-stage1-disease,100,9001,,ecc984f043b744b6,0.05,0,none,0.05,0.2,0,2,,,completed,extinction on day 68,678,558,120,0.305,61,7,9,30,68,68,0
a95779317e54437a9e53b2bb288e8b4d,9b94ad3cc4ea927bb3906453295a469962f43941858b9b7a9180ee94ffc6dae8,c09e4f0,pilot-stage1-disease,100,9001,,ecc984f043b744b6,0.1,0,none,0.05,0.2,0,2,,,completed,extinction on day 28,565,494,71,0.06,12,4,5,8,28,28,0
3214e5c6c4c74076af36eff2439c81bc,08a10ea7c6e7da83b446a364f3a8c614ce472c18da8b4dab765ca9048dd0707c,c09e4f0,pilot-stage1-disease,100,9002,,ecc984f043b744b6,0.0,0,none,0.05,0.2,0,2,,,completed,extinction on day 7,0,0,0,0.015,3,1,2,3,7,7,0
a8b68f5efba846838f555ea1441c00cd,2845d9a7a5014dbb4c5d6b31cf689d0c170a4013e86a46e9da83f77dc4e0e361,c09e4f0,pilot-stage1-disease,100,9002,,ecc984f043b744b6,0.01,0,none,0.05,0.2,0,2,,,completed,extinction on day 7,9,9,0,0.015,3,1,2,3,7,7,0
abc85de0e5b94e4bacd1762a2797b54d,71d893e53bae38fee9fc30fcaeb529b27abb350a076800839d9ed4aff09c66a9,c09e4f0,pilot-stage1-disease,100,9002,,ecc984f043b744b6,0.02,0,none,0.05,0.2,0,2,,,completed,extinction on day 7,18,17,1,0.015,3,1,2,3,7,7,0
d498c4b5ab8a478e8084e54a8707c1bb,85d59e631a97c6f3f3391dc73601b477633760d57e7d06d6e6bd79b34aa22f01,c09e4f0,pilot-stage1-disease,100,9002,,ecc984f043b744b6,0.05,0,none,0.05,0.2,0,2,,,completed,extinction on day 7,56,54,2,0.015,3,1,2,3,7,7,0
d2ece2a50771468f9fda214a813519cb,8c9929f666f5fcf917ed56dad3f4d3c6b9344f4d521e8fa45f8b2412ed020385,c09e4f0,pilot-stage1-disease,100,9002,,ecc984f043b744b6,0.1,0,none,0.05,0.2,0,2,,,completed,extinction on day 13,220,203,17,0.025,5,2,2,4,13,13,0
868a327234c24ceeae3d77c8d3cd9468,aa0ad91e14527a885130ce611403d514b3c6ce4cc6bf0c7f0191f2168f3f5f7d,c09e4f0,pilot-stage1-disease,100,9003,,ecc984f043b744b6,0.0,0,none,0.05,0.2,0,2,,,completed,extinction on day 1,0,0,0,0.005,1,1,1,0,1,1,0
17bb6f50eab24ac492962684013af862,2ceadbc6dae2e1d63a89103d6c555f1d97f39b819b3e8c9c733635767835be5b,c09e4f0,pilot-stage1-disease,100,9003,,ecc984f043b744b6,0.01,0,none,0.05,0.2,0,2,,,completed,extinction on day 1,3,3,0,0.005,1,1,1,0,1,1,0
bb1b9f608eec4d1ab15a4d0811092e96,662f05cb5fdeac218a8b9d62e0cc678f66906b66bbd35d1f92b5d58af09ec98c,c09e4f0,pilot-stage1-disease,100,9003,,ecc984f043b744b6,0.02,0,none,0.05,0.2,0,2,,,completed,extinction on day 1,5,5,0,0.005,1,1,1,0,1,1,0
044ff232b2ed4569a28de4275303a1f5,0c56e94719b45706c04698955b4cefa03dbc96fb52257c8a07df2d002d9f1e68,c09e4f0,pilot-stage1-disease,100,9003,,ecc984f043b744b6,0.05,0,none,0.05,0.2,0,2,,,completed,extinction on day 1,9,9,0,0.005,1,1,1,0,1,1,0
abdf74b60b994d15af7e058b4624d9d5,8948233491bd6cc3cfe09b50f82f7bb3c85ed5fb3d2503a3417cecae84abd3ef,c09e4f0,pilot-stage1-disease,100,9003,,ecc984f043b744b6,0.1,0,none,0.05,0.2,0,2,,,completed,extinction on day 1,16,16,0,0.005,1,1,1,0,1,1,0
54894a786b874ced909f22ae8eaefbe4,4718ec3f740ccf27d1637f4cf5aa06d6086954486bd6b9f5625e28c894a3db6a,c09e4f0,pilot-stage1-disease,100,9004,,ecc984f043b744b6,0.0,0,none,0.05,0.2,0,2,,,completed,extinction on day 7,0,0,0,0.015,3,1,1,0,7,7,0
8362052b9e274440a6adcdb42bcfacfb,2f8157bf46a1f5377adf6b43e2b02fa7a242decf4231dc8af2b68931961c93a4,c09e4f0,pilot-stage1-disease,100,9004,,ecc984f043b744b6,0.01,0,none,0.05,0.2,0,2,,,completed,extinction on day 7,12,12,0,0.015,3,1,1,0,7,7,0
82b086e65ecd43febf1a6298e88baee9,add6409fa8474595a2f9850290173744c5c5abd1f023c3f6e53f99961f1c83de,c09e4f0,pilot-stage1-disease,100,9004,,ecc984f043b744b6,0.02,0,none,0.05,0.2,0,2,,,completed,extinction on day 7,24,24,0,0.015,3,1,1,0,7,7,0
a7d698ad56fa4980bceb2ccc58565527,2e1ff758759ca82337343eebfb3fdb57e59a1e6fd72506a73627ee3f6aeacb0b,c09e4f0,pilot-stage1-disease,100,9004,,ecc984f043b744b6,0.05,0,none,0.05,0.2,0,2,,,completed,extinction on day 7,68,66,2,0.015,3,1,1,0,7,7,0
0541b2020447428691f8af8af4cf3ce9,b744919abbcc8bb8c1745fef6e013cd8a2d3fdb5fe6774267c72dc4dab540ef3,c09e4f0,pilot-stage1-disease,100,9004,,ecc984f043b744b6,0.1,0,none,0.05,0.2,0,2,,,completed,extinction on day 44,865,766,99,0.13,26,4,8,21,44,44,0
2f1bb759d0304e25b08555c9794476b7,e14e75e51c96e3e3fe87a1eda1254ff3a7e01af0950e10057c68ea4d64d1b6f3,c09e4f0,pilot-stage1-disease,100,9005,,ecc984f043b744b6,0.0,0,none,0.05,0.2,0,2,,,completed,extinction on day 22,0,0,0,0.05,10,1,4,3,22,22,0
c78edef5652d45e6a1f91e4802b80bed,baddbcc109ca7e66ee682155eedb6f77aaac34e177a577af4c63e93c8dbf356d,c09e4f0,pilot-stage1-disease,100,9005,,ecc984f043b744b6,0.01,0,none,0.05,0.2,0,2,,,completed,extinction on day 35,71,64,7,0.105,21,2,6,19,35,35,0
31807a22ad5b468eb37d0bacf5ba5f46,eaf387a810555bc7b2f5e783b1da9a9e9c603055ad81532ac8897faecff2b320,c09e4f0,pilot-stage1-disease,100,9005,,ecc984f043b744b6,0.02,0,none,0.05,0.2,0,2,,,completed,extinction on day 25,98,86,12,0.105,21,3,7,7,25,25,0
a13873aa31b0467b96f4707f347d25e8,7820d174f09f8f3ee0821cfe25108183da90a06ce83729b4358c302032a47376,c09e4f0,pilot-stage1-disease,100,9005,,ecc984f043b744b6,0.05,0,none,0.05,0.2,0,2,,,completed,extinction on day 43,424,378,46,0.15,30,5,7,7,43,43,0
0a548b7c09694813be0d8371643ab0bd,aa107090ce4ad62388538e9cbc86fe38150e9df30f9a7b327b8db72d39080c81,c09e4f0,pilot-stage1-disease,100,9005,,ecc984f043b744b6,0.1,0,none,0.05,0.2,0,2,,,completed,extinction on day 22,416,362,54,0.135,27,4,7,6,22,22,0
e49b5a08c9f44c1394aa21f8340778aa,fc267e21a07714af7d3e644538baed659ec3a0ebcaf14c471669423ac1fbf6c1,c09e4f0,pilot-stage1-disease,100,9006,,ecc984f043b744b6,0.0,0,none,0.05,0.2,0,2,,,completed,extinction on day 1,0,0,0,0.005,1,1,1,0,1,1,0
4758e147d2ff41bd9e2f7b715c4107c8,6f733fc007c8c53d03f462a00424916dae045e2a775982a3768c1e164373c0dd,c09e4f0,pilot-stage1-disease,100,9006,,ecc984f043b744b6,0.01,0,none,0.05,0.2,0,2,,,completed,extinction on day 1,5,5,0,0.005,1,1,1,0,1,1,0
ca708ef476b34f34bde3318972662f87,fefc3c7630e66d1f3642f27f2d4ceafebf61e984b94985cf4e3efc53a53e67e7,c09e4f0,pilot-stage1-disease,100,9006,,ecc984f043b744b6,0.02,0,none,0.05,0.2,0,2,,,completed,extinction on day 1,6,6,0,0.005,1,1,1,0,1,1,0
8afbdfe961ba463ca18c969d0b718933,d8fa3e737cff5df5954a0b4be91da1e759214d8952b8011cea04addf150b7a75,c09e4f0,pilot-stage1-disease,100,9006,,ecc984f043b744b6,0.05,0,none,0.05,0.2,0,2,,,completed,extinction on day 1,14,12,2,0.005,1,1,1,0,1,1,0
b7ffff034764474287408e11b522df6c,8f53e294d4e1adbfd0af62f7680221c8602ceec339473929d7ab48bf2a6c62df,c09e4f0,pilot-stage1-disease,100,9006,,ecc984f043b744b6,0.1,0,none,0.05,0.2,0,2,,,completed,extinction on day 1,19,17,2,0.005,1,1,1,0,1,1,0
0a6c0223645342e1b4f2e8b3aa682082,67abef92f21e4e05037d0264dd47501f06226d7327bd43301f3bb18581694bc2,c09e4f0,pilot-stage1-disease,100,9007,,ecc984f043b744b6,0.0,0,none,0.05,0.2,0,2,,,completed,extinction on day 18,0,0,0,0.04,8,1,4,12,18,18,0
926cc43547524c33b10abf0af3c46dac,50bb798593d7ae36e1041ff92105fb35d756cb5c54a87af13790369ed2d588d0,c09e4f0,pilot-stage1-disease,100,9007,,ecc984f043b744b6,0.01,0,none,0.05,0.2,0,2,,,completed,extinction on day 14,28,28,0,0.035,7,1,4,12,14,14,0
75dec17803a64b0696ed2bd82cc554c7,bc99a32edf6d3614b34e517e6cb3002b0d83923763a3753cd0fed5f1e6cc9a92,c09e4f0,pilot-stage1-disease,100,9007,,ecc984f043b744b6,0.02,0,none,0.05,0.2,0,2,,,completed,extinction on day 14,55,54,1,0.025,5,1,3,6,14,14,0
67efcc3300b34d1993517d1831fcceff,ea369d8801c698399a6cc371a1d16adaa5860cb57a6e20006ad1e3fa4154e139,c09e4f0,pilot-stage1-disease,100,9007,,ecc984f043b744b6,0.05,0,none,0.05,0.2,0,2,,,completed,extinction on day 46,438,388,50,0.21,42,6,14,29,46,46,0
0a417066b4e8465db2196219fe7b839c,89bba68cb7ac2eef640f88353710bfe36bc95de76ab70b2d70ed8f9f5198351d,c09e4f0,pilot-stage1-disease,100,9007,,ecc984f043b744b6,0.1,0,none,0.05,0.2,0,2,,,completed,extinction on day 15,335,303,32,0.03,6,1,4,7,15,15,0
0bdab2c3cb7f4229a6762bcd592f7bd8,cc8505e1ec2a15f86da8a69ebaa73fa40991423e707a600d292f7cfccc7b46c4,c09e4f0,pilot-stage1-disease,100,9008,,ecc984f043b744b6,0.0,0,none,0.05,0.2,0,2,,,completed,extinction on day 21,0,0,0,0.045,9,1,5,9,21,21,0
22b3ae6ade4443329a0a1b7f7d7d566f,782ede4b4d28d5eae86d5504065dcc809102a7a57f1ca040ce0fdde7235179f6,c09e4f0,pilot-stage1-disease,100,9008,,ecc984f043b744b6,0.01,0,none,0.05,0.2,0,2,,,completed,extinction on day 21,40,37,3,0.055,11,1,7,9,21,21,0
bf00694002684225bf28538517ec5e3d,5bfcd6ea6155f0a2a10d4317b5eb464c783e89a0c1940a1756f100bc5ff4da34,c09e4f0,pilot-stage1-disease,100,9008,,ecc984f043b744b6,0.02,0,none,0.05,0.2,0,2,,,completed,extinction on day 20,90,87,3,0.05,10,1,6,10,20,20,0
ec904c8384184bef97b7a3984ec8a2b4,c90f10ef10cfa5eccc855c8f72336cc6b3d6bcadd3f763cadea125be98edba66,c09e4f0,pilot-stage1-disease,100,9008,,ecc984f043b744b6,0.05,0,none,0.05,0.2,0,2,,,completed,extinction on day 27,285,255,30,0.07,14,3,7,10,27,27,0
cba94b1601e6495db19ec4467c645053,68ceea273f7322a77c6454368f8061129e8ab0b902c0716cbb63c93f585d2fe2,c09e4f0,pilot-stage1-disease,100,9008,,ecc984f043b744b6,0.1,0,none,0.05,0.2,0,2,,,completed,extinction on day 70,1421,1285,136,0.25,50,5,14,47,70,70,0
4b53e4762f514f7cb36c0191dfa398eb,f72c4b5cc443ea98249dfd1d441c709edd2738a405fcdabb5606676e9e9e72b3,c09e4f0,pilot-stage1-disease,100,9009,,ecc984f043b744b6,0.0,0,none,0.05,0.2,0,2,,,completed,extinction on day 11,0,0,0,0.04,8,1,4,4,11,11,0
776ab424e67442c6be8e6a657c6a3ed2,76e62ffe75604bfec8a03bc850b6161dda6e92dce4d601cb033650561cc55ef3,c09e4f0,pilot-stage1-disease,100,9009,,ecc984f043b744b6,0.01,0,none,0.05,0.2,0,2,,,completed,extinction on day 11,13,13,0,0.04,8,1,4,4,11,11,0
2277acb6879942649f98e67e944ab966,e8669ffb1f8f92ae103073aec500b8fde4c999b1249a79a59349688896414620,c09e4f0,pilot-stage1-disease,100,9009,,ecc984f043b744b6,0.02,0,none,0.05,0.2,0,2,,,completed,extinction on day 44,168,152,16,0.19,38,5,11,16,44,44,0
e56dcf571f784d0d85e5f59b6bf2a49e,144f6cc1f9b39a48fe3ae59cdfea66e9fc5000ad45c3c487ae69ccf32b6f24b3,c09e4f0,pilot-stage1-disease,100,9009,,ecc984f043b744b6,0.05,0,none,0.05,0.2,0,2,,,completed,extinction on day 30,289,269,20,0.215,43,6,13,18,30,30,0
d3ed4e2705c84b83b9d1c42cee6c5348,06ddeff5a2023f7dacb2e4c61e83c812ea12e8178fe119ad4b0a7da2495d9a12,c09e4f0,pilot-stage1-disease,100,9009,,ecc984f043b744b6,0.1,0,none,0.05,0.2,0,2,,,completed,extinction on day 45,889,779,110,0.345,69,9,18,18,45,45,0
53bbb8ba4a5942a4a64c714e327e46f6,d877561b508224df7b46a3dd58081fb07c67beffae3c00dcbdd394249c5aa5c1,c09e4f0,pilot-stage1-disease,101,9000,,a94b904840df0142,0.0,0,none,0.05,0.2,0,2,,,completed,extinction on day 7,0,0,0,0.025,5,1,2,1,7,7,0
690068f92d6d41d983c5ea174a3b12b3,d2ce8ad0942e99d04524280a8ef2db0aa5e59c15262da939a5f990f01e947843,c09e4f0,pilot-stage1-disease,101,9000,,a94b904840df0142,0.01,0,none,0.05,0.2,0,2,,,completed,extinction on day 7,14,13,1,0.025,5,1,2,1,7,7,0
fc9fb3f1326845d6a083f3cecff8f683,79c626b4b3091360c6c074961050a5dd8af335dc0f94718c4751e705beeace49,c09e4f0,pilot-stage1-disease,101,9000,,a94b904840df0142,0.02,0,none,0.05,0.2,0,2,,,completed,extinction on day 7,32,31,1,0.025,5,1,2,1,7,7,0
28a1ec9aea734ea2b497dc630af036d6,9264db2ff2c1a7b558a520dbd2e61f5f69257c986ed9ea3f6c2dc48041123982,c09e4f0,pilot-stage1-disease,101,9000,,a94b904840df0142,0.05,0,none,0.05,0.2,0,2,,,completed,extinction on day 7,81,77,4,0.015,3,1,2,1,7,7,0
2d7361dd18114e2fa4207643bfe567f6,ce4ac5c6d585f61f4b6c73c42c69dbc6512c60d58a0bca6336c3d37c61f94aa9,c09e4f0,pilot-stage1-disease,101,9000,,a94b904840df0142,0.1,0,none,0.05,0.2,0,2,,,completed,extinction on day 7,154,150,4,0.015,3,2,2,1,7,7,0
37d61b03b62f4b668344b9ccd96fb591,0cbf041696f6e23b7f01d611c48e57ba5cf0fb9978ea64a172a5a1934ddd310e,c09e4f0,pilot-stage1-disease,101,9001,,a94b904840df0142,0.0,0,none,0.05,0.2,0,2,,,completed,extinction on day 24,0,0,0,0.05,10,1,7,6,24,24,0
b76758d8a74c42d080180308147f380c,8ec33b9decc0184e3e4ea4a41359f1bfb0517cfac470e59f6e7f01c35c4d8fd6,c09e4f0,pilot-stage1-disease,101,9001,,a94b904840df0142,0.01,0,none,0.05,0.2,0,2,,,completed,extinction on day 45,89,81,8,0.135,27,3,8,11,45,45,0
b30f0d9b68164ecebda73bc31ade48e7,49101fc19b5eb8aeccb2455589435af5de5666298d60d7d5fa7f1b7d78d5457b,c09e4f0,pilot-stage1-disease,101,9001,,a94b904840df0142,0.02,0,none,0.05,0.2,0,2,,,completed,extinction on day 32,116,107,9,0.09,18,3,8,11,32,32,0
a4ce491d80c1492cb63a20304426f70b,a5256ce4160962a72b19bdcf6e7b9af2faf38ab7cc36f402209def39c216bc9b,c09e4f0,pilot-stage1-disease,101,9001,,a94b904840df0142,0.05,0,none,0.05,0.2,0,2,,,completed,extinction on day 27,259,241,18,0.085,17,2,8,11,27,27,0
8ffebc26dbd945f4bb19e990dd2a9434,cff4a3c6059cae8ddb2e6054990fd2a4606d9657c4e86d49bc1e9d87f2564d8c,c09e4f0,pilot-stage1-disease,101,9001,,a94b904840df0142,0.1,0,none,0.05,0.2,0,2,,,completed,extinction on day 48,983,921,62,0.175,35,7,10,17,48,48,0
a6ca5f4ea0c245e89adb2c01647a88cd,fd16497ec126596e6a726993c7073df310b9fa61c24c4d3e39dd9f812a953bd6,c09e4f0,pilot-stage1-disease,101,9002,,a94b904840df0142,0.0,0,none,0.05,0.2,0,2,,,completed,extinction on day 7,0,0,0,0.015,3,1,2,3,7,7,0
4f2536fcb5ae422b82e385c3713989e6,dc983ef8a72ea9171b81c4162a70cc365813dc52ab22d15f7ae237d9e7d5c7e9,c09e4f0,pilot-stage1-disease,101,9002,,a94b904840df0142,0.01,0,none,0.05,0.2,0,2,,,completed,extinction on day 7,9,9,0,0.015,3,1,2,3,7,7,0
046cbeb29d054810a69ea97b51ba98e1,a8cc3b5b778dc49eba476101a526b406a2599e3cf2f54d7c01e91f9972c15c55,c09e4f0,pilot-stage1-disease,101,9002,,a94b904840df0142,0.02,0,none,0.05,0.2,0,2,,,completed,extinction on day 12,34,31,3,0.035,7,1,3,7,12,12,0
a9a7c7227cc047bca66f6b0d7612990d,957a429507d6ced32e1c1b8ea2dda35acff18d136a2566251d77ea7994e4bdf9,c09e4f0,pilot-stage1-disease,101,9002,,a94b904840df0142,0.05,0,none,0.05,0.2,0,2,,,completed,extinction on day 7,56,54,2,0.02,4,1,3,5,7,7,0
21e7f30033bf4e12a4ca12888fb0733e,b79de517fcb513ccc7321b2ee8936f816ed25dd55323a1f2e895ec2398fb3ff3,c09e4f0,pilot-stage1-disease,101,9002,,a94b904840df0142,0.1,0,none,0.05,0.2,0,2,,,completed,extinction on day 86,1694,1590,104,0.5,100,16,19,55,86,86,0
ce90eafc136b41cebe1be61926da46e2,91048bcc4653cc55107d0a4864dd9878dca5175345247c18fb80d3807a329414,c09e4f0,pilot-stage1-disease,101,9003,,a94b904840df0142,0.0,0,none,0.05,0.2,0,2,,,completed,extinction on day 1,0,0,0,0.005,1,1,1,0,1,1,0
e73b00a2e42c45c98fe2ca493e896f76,e8ab2b69536d7df09f8ec82d49cdb174702ecd6b3203d1d57e263d22786de5cb,c09e4f0,pilot-stage1-disease,101,9003,,a94b904840df0142,0.01,0,none,0.05,0.2,0,2,,,completed,extinction on day 1,3,3,0,0.005,1,1,1,0,1,1,0
561ce98b6257460d8689bfe24e2c4569,d32a625339323b28f5c0a55ab3856cf8b2c71fc447613f6a30cdddaaea8e781d,c09e4f0,pilot-stage1-disease,101,9003,,a94b904840df0142,0.02,0,none,0.05,0.2,0,2,,,completed,extinction on day 1,5,5,0,0.005,1,1,1,0,1,1,0
44a74c751248473a83697d2a47a92964,429d9b7ad737a508274ec38d1ba94546948e90655c34cbf758d1cdc7e21fa0aa,c09e4f0,pilot-stage1-disease,101,9003,,a94b904840df0142,0.05,0,none,0.05,0.2,0,2,,,completed,extinction on day 1,9,9,0,0.005,1,1,1,0,1,1,0
2083d497a2ab4b118366a94fda21e7f7,f0fc8c9c7f2d4cd04cb7d32aef96a3065c139d6cdffc2c7b8cf646ef208a324a,c09e4f0,pilot-stage1-disease,101,9003,,a94b904840df0142,0.1,0,none,0.05,0.2,0,2,,,completed,extinction on day 1,16,16,0,0.005,1,1,1,0,1,1,0
1ff4d381b672456891e8fdd046e5228e,2df7917b677574ced7a2358f90570685d33b17c57f08c37f219924b9873a4a68,c09e4f0,pilot-stage1-disease,101,9004,,a94b904840df0142,0.0,0,none,0.05,0.2,0,2,,,completed,extinction on day 7,0,0,0,0.015,3,1,1,0,7,7,0
c6790d1a6fe14ff28983397e0a4f42d8,7666525441c8c40516c8a552b04a44a7e5c258e2a8e0c8d5e2aa24e8ede44130,c09e4f0,pilot-stage1-disease,101,9004,,a94b904840df0142,0.01,0,none,0.05,0.2,0,2,,,completed,extinction on day 26,58,58,0,0.055,11,1,4,11,26,26,0
dd6b042f04884644bddd66030c790d67,2cc354dcb46809e48d33298de1be964b2c20591940dde4122230df2cc80ab195,c09e4f0,pilot-stage1-disease,101,9004,,a94b904840df0142,0.02,0,none,0.05,0.2,0,2,,,completed,extinction on day 7,24,24,0,0.015,3,1,1,0,7,7,0
44841e5903f14e85a505e204ec3c8220,5e69bdaca3b8fabf9d8bb52763ebf2d2dc02af7c3c827caa64a9de263a76fee7,c09e4f0,pilot-stage1-disease,101,9004,,a94b904840df0142,0.05,0,none,0.05,0.2,0,2,,,completed,extinction on day 7,68,67,1,0.015,3,1,1,0,7,7,0
ca5be4eeafbd48e2bd719088e210c421,72dc205ce4b62410cfdf3444ead24dcb3fc4eed005c615106f102827ad0db797,c09e4f0,pilot-stage1-disease,101,9004,,a94b904840df0142,0.1,0,none,0.05,0.2,0,2,,,completed,extinction on day 10,187,184,3,0.02,4,2,1,0,10,10,0
d79679d0237a482c9fa955b928423ac6,f1726f052fa463a2dc0e08c60e4594b681bb55d155007d1bd369f7af852c17ca,c09e4f0,pilot-stage1-disease,101,9005,,a94b904840df0142,0.0,0,none,0.05,0.2,0,2,,,completed,extinction on day 22,0,0,0,0.05,10,1,4,3,22,22,0
57a9dff8065d4155830e05e79d21aaee,15dc06793f1555ecf07b4d819f2c20ce1865a14af8af3fedc50575d2da1d82c6,c09e4f0,pilot-stage1-disease,101,9005,,a94b904840df0142,0.01,0,none,0.05,0.2,0,2,,,completed,extinction on day 23,48,45,3,0.095,19,3,7,17,23,23,0
261d85114f7e4d00b6cb42508ee09d24,418a953c78ff32f5a809151a9bf0248c9af8abb0729534b5fec76451980ab2e6,c09e4f0,pilot-stage1-disease,101,9005,,a94b904840df0142,0.02,0,none,0.05,0.2,0,2,,,completed,extinction on day 39,166,157,9,0.145,29,3,7,25,39,39,0
e4e3cc42ce454577bcc3b1fbc71ebf4a,b6bcb2711b19a95edae51e83544ef4155e0dd3b436c72f3d831663be0f40095d,c09e4f0,pilot-stage1-disease,101,9005,,a94b904840df0142,0.05,0,none,0.05,0.2,0,2,,,completed,extinction on day 52,526,494,32,0.22,44,7,9,14,52,52,0
a7f355b29ee648d9b5df8fde6b8c1a08,4e4a58f40af2659219a622ab59aa48ba693902299c9eb2480773e39b0d844c3f,c09e4f0,pilot-stage1-disease,101,9005,,a94b904840df0142,0.1,0,none,0.05,0.2,0,2,,,completed,extinction on day 19,349,324,25,0.07,14,2,7,4,19,19,0
0bd88175574c45ac8a23a1c7e7fedce6,ea005ad32da4d8ef222b5900fd96d958271f034fc185ec6b70db8c890ac9ce11,c09e4f0,pilot-stage1-disease,101,9006,,a94b904840df0142,0.0,0,none,0.05,0.2,0,2,,,completed,extinction on day 1,0,0,0,0.005,1,1,1,0,1,1,0
d162d1b933a34e1b8caef232eb16226d,f8aa84a7abc470b76ee900f583bc167e0a3ac8c24591230c1f2f57a8d02fde3b,c09e4f0,pilot-stage1-disease,101,9006,,a94b904840df0142,0.01,0,none,0.05,0.2,0,2,,,completed,extinction on day 1,5,5,0,0.005,1,1,1,0,1,1,0
aa9432d5c9904765bd65b4e03601ccfd,f616224d78198f08e8b5c102c81d77cce9c4efb44bdbc61fbe2ed7b4bef05eff,c09e4f0,pilot-stage1-disease,101,9006,,a94b904840df0142,0.02,0,none,0.05,0.2,0,2,,,completed,extinction on day 1,6,6,0,0.005,1,1,1,0,1,1,0
cd57ebc1a6254eceb0a7138ed49481e0,0320083d550f7a91e1c0c70fe9876f6ae55205bac2497b68f79c847c24885f90,c09e4f0,pilot-stage1-disease,101,9006,,a94b904840df0142,0.05,0,none,0.05,0.2,0,2,,,completed,extinction on day 1,14,14,0,0.005,1,1,1,0,1,1,0
bd6a858a781448f6b6ae28dd4a07feb7,4608702e02a95a687c6c8809f95ec73cc99243d5db27fd140ed954f623a9833a,c09e4f0,pilot-stage1-disease,101,9006,,a94b904840df0142,0.1,0,none,0.05,0.2,0,2,,,completed,extinction on day 1,19,18,1,0.005,1,1,1,0,1,1,0
479d9907ae3445369fbcfd3d39b1b9e3,0b73da38f2f8742e56c5254d118dbb829c9c93e7608c5f244ffbcb02572ce17b,c09e4f0,pilot-stage1-disease,101,9007,,a94b904840df0142,0.0,0,none,0.05,0.2,0,2,,,completed,extinction on day 18,0,0,0,0.04,8,1,4,12,18,18,0
3cc27d6cb18341cb9044c8d154db7fd3,7a50db73d13f86f735b0e8767fac168c998c0ee36bf077ba82eda3ab62f145dc,c09e4f0,pilot-stage1-disease,101,9007,,a94b904840df0142,0.01,0,none,0.05,0.2,0,2,,,completed,extinction on day 14,28,28,0,0.045,9,1,6,12,14,14,0
db0f6007f1c34b86bf984d6a03c83784,9f222aa3854b508189a01fb86320de5ceb97fdfb806611227523761f7513913c,c09e4f0,pilot-stage1-disease,101,9007,,a94b904840df0142,0.02,0,none,0.05,0.2,0,2,,,completed,extinction on day 24,94,84,10,0.075,15,2,4,12,24,24,0
16d39eadb9184e71befdce5e7b905816,7c9cddb7de34a387ffe58077c8de7a23cd0e0c9582901b409e994d50c493fc38,c09e4f0,pilot-stage1-disease,101,9007,,a94b904840df0142,0.05,0,none,0.05,0.2,0,2,,,completed,extinction on day 23,236,226,10,0.075,15,2,9,17,23,23,0
bbcf67216ec54448be9c2d35d2d66479,a761f8cc31e186015be6684e9bc705753bbc783d113d326a090b742635ae720f,c09e4f0,pilot-stage1-disease,101,9007,,a94b904840df0142,0.1,0,none,0.05,0.2,0,2,,,completed,extinction on day 55,1122,1067,55,0.165,33,5,6,28,55,55,0
42c5f138b09d41fcad6f53d94704c693,8e3f6ae29a512aa6198bdcadbba96f43f7de3d18c6b983d70787c347310ac17d,c09e4f0,pilot-stage1-disease,101,9008,,a94b904840df0142,0.0,0,none,0.05,0.2,0,2,,,completed,extinction on day 21,0,0,0,0.045,9,1,5,9,21,21,0
20abf2edb63047bdbd1de8c42c5295ec,cbf14e8475fcffc570fa4568e7b18a065056eb1e2f1f9781386535de638c702c,c09e4f0,pilot-stage1-disease,101,9008,,a94b904840df0142,0.01,0,none,0.05,0.2,0,2,,,completed,extinction on day 21,40,38,2,0.055,11,1,6,10,21,21,0
0679e912cf11497298f69e29d650f74c,237a6b3efc7e4c009b005143883d7696c7d1161a863db26d361a0a9701433148,c09e4f0,pilot-stage1-disease,101,9008,,a94b904840df0142,0.02,0,none,0.05,0.2,0,2,,,completed,extinction on day 16,73,67,6,0.055,11,1,7,10,16,16,0
c3d6a75fa85c455c8a1ecf63c17417ee,576594d7a808eae3fba8083c8a355d29efe7f8142c48570d48ca2018a9c5f2f8,c09e4f0,pilot-stage1-disease,101,9008,,a94b904840df0142,0.05,0,none,0.05,0.2,0,2,,,completed,extinction on day 18,199,180,19,0.045,9,3,4,11,18,18,0
4ead4588e9ef4707a4efdbec0af3ea83,68311e35f5e9f2b5c14d841104b99abc59b4266367d42782b9180f16a2802b19,c09e4f0,pilot-stage1-disease,101,9008,,a94b904840df0142,0.1,0,none,0.05,0.2,0,2,,,completed,extinction on day 11,239,216,23,0.01,2,1,1,0,11,11,0
c7098abac1e540fcb814a2346efbf9c1,79cb48dcea51169603c05c2b02d16d3aeab78ff1ae5b058a6e52e7fc59a0078d,c09e4f0,pilot-stage1-disease,101,9009,,a94b904840df0142,0.0,0,none,0.05,0.2,0,2,,,completed,extinction on day 11,0,0,0,0.04,8,1,4,4,11,11,0
5a4825dcff4148dd93d3e9d59938ae3f,be8f2c0f95826a04b0ee58e5e8d281510111d61d9dc764cae93489727cc67fb9,c09e4f0,pilot-stage1-disease,101,9009,,a94b904840df0142,0.01,0,none,0.05,0.2,0,2,,,completed,extinction on day 11,13,13,0,0.04,8,1,4,4,11,11,0
aceaec6c670f42bdacf16134ba734f01,6dfc6d9f6ba1bcf7caaddd1dd73cd5d9874998534796885b9c28b135976dc212,c09e4f0,pilot-stage1-disease,101,9009,,a94b904840df0142,0.02,0,none,0.05,0.2,0,2,,,completed,extinction on day 19,77,76,1,0.095,19,3,6,8,19,19,0
ecfe38554aab4f6bb0c4e8690f129dc3,524f879f7b1afd26c1ca5da55bdd25e704aa2e2d0e90f76fa3f98979eb7f53a4,c09e4f0,pilot-stage1-disease,101,9009,,a94b904840df0142,0.05,0,none,0.05,0.2,0,2,,,completed,extinction on day 11,103,98,5,0.035,7,1,4,4,11,11,0
37710da12cb9418990f0d28830a2d083,a9bfd5be98b2efc05e5fb58ea40ac32cf0033740c1aeb9ef7e755eb0fe412f9b,c09e4f0,pilot-stage1-disease,101,9009,,a94b904840df0142,0.1,0,none,0.05,0.2,0,2,,,completed,extinction on day 32,625,593,32,0.1,20,4,5,16,32,32,0
5996214cd3af4fcd8e617907e441e9cb,f163a67bbf2de674395ff87691f71006772883b194d6b665a0ac5a17e8d916b8,c09e4f0,pilot-stage1-disease,102,9000,,0a9f06b6dff3de72,0.0,0,none,0.05,0.2,0,2,,,completed,extinction on day 7,0,0,0,0.025,5,1,2,1,7,7,0
065b659203ea43b396ecf22d0c5652d2,5989a33b91a5f5694eb935881a65c06682017586ab066a26faa2af199c3315e5,c09e4f0,pilot-stage1-disease,102,9000,,0a9f06b6dff3de72,0.01,0,none,0.05,0.2,0,2,,,completed,extinction on day 7,14,14,0,0.025,5,1,2,1,7,7,0
7f65e000d8df49e9ba2c9dd09eaaad7e,e144573c711807e922c920a8e0788a45f8399f9db4377d97a4424c70bdb45d9c,c09e4f0,pilot-stage1-disease,102,9000,,0a9f06b6dff3de72,0.02,0,none,0.05,0.2,0,2,,,completed,extinction on day 7,32,32,0,0.025,5,1,2,1,7,7,0
42a005a8d84d48b7900a60dea391a02c,0363894922c382f458f8b3aeffaefd3c678b5a5ed43d18336fb4336ba4bebfa8,c09e4f0,pilot-stage1-disease,102,9000,,0a9f06b6dff3de72,0.05,0,none,0.05,0.2,0,2,,,completed,extinction on day 7,81,76,5,0.015,3,1,2,1,7,7,0
5391966bab4b4ad5ae813c272a07ef6a,157e9469a6ac6e7050659c02e9f9bd3ebf822c67e1e9de150547d103c36e673a,c09e4f0,pilot-stage1-disease,102,9000,,0a9f06b6dff3de72,0.1,0,none,0.05,0.2,0,2,,,completed,extinction on day 37,763,706,57,0.12,24,4,6,11,37,37,0
0124db397d2a493aa0b9ece3342dc878,32ace0f5f1eaa767bee7f3a2a5cb070729985fddeb8c3d25d6bfb18986c748a6,c09e4f0,pilot-stage1-disease,102,9001,,0a9f06b6dff3de72,0.0,0,none,0.05,0.2,0,2,,,completed,extinction on day 24,0,0,0,0.05,10,1,7,6,24,24,0
1b69b7a9315b4c838c31d4fe873e51e2,781f9a65ce8027963952bbbd112017244feb10510926efb415b5d87f1108aa09,c09e4f0,pilot-stage1-disease,102,9001,,0a9f06b6dff3de72,0.01,0,none,0.05,0.2,0,2,,,completed,extinction on day 32,61,57,4,0.085,17,2,8,11,32,32,0
1dfa289b95ee46e79749fc2993b4d924,193e3a5ce860f4136e1150c23f8c6f74fa3de15d9b396ad1ff0186e547d8bfcf,c09e4f0,pilot-stage1-disease,102,9001,,0a9f06b6dff3de72,0.02,0,none,0.05,0.2,0,2,,,completed,extinction on day 32,116,112,4,0.1,20,3,8,11,32,32,0
3f4c64c466d449d5879be8aa6a2eb3cf,ce8d923c5e3c387b1fe5f1ade62984a1a3f479c9b5a18ee08107770f114b2a0e,c09e4f0,pilot-stage1-disease,102,9001,,0a9f06b6dff3de72,0.05,0,none,0.05,0.2,0,2,,,completed,extinction on day 45,458,426,32,0.155,31,3,10,21,45,45,0
8833638513824884aca4aec848e2d399,855a7240672eb1745683de69885a8e5c6084bc81fa740413653dbc7e40b67b6f,c09e4f0,pilot-stage1-disease,102,9001,,0a9f06b6dff3de72,0.1,0,none,0.05,0.2,0,2,,,completed,extinction on day 24,490,454,36,0.075,15,5,8,12,24,24,0
3b4095b2b51142e2b62fc044c74b9a18,73079376de00fbc9e92822d9dc160e260d3c6408564a71aa0381a8636c2a44c6,c09e4f0,pilot-stage1-disease,102,9002,,0a9f06b6dff3de72,0.0,0,none,0.05,0.2,0,2,,,completed,extinction on day 7,0,0,0,0.015,3,1,2,3,7,7,0
e5f4773b1e114a879fbf84a0e8600ef0,0201b54cfc773ffe1feea137d94bef40309df1200cc4a8629219da6b2b2c89a2,c09e4f0,pilot-stage1-disease,102,9002,,0a9f06b6dff3de72,0.01,0,none,0.05,0.2,0,2,,,completed,extinction on day 7,9,9,0,0.015,3,1,2,3,7,7,0
07b958ba33fa4257951bf5dc55e69b61,566c6c94b3b857e5bb4b968593924c8c6cc2d54999cda62872cd786c8a4d758b,c09e4f0,pilot-stage1-disease,102,9002,,0a9f06b6dff3de72,0.02,0,none,0.05,0.2,0,2,,,completed,extinction on day 7,18,18,0,0.015,3,1,2,3,7,7,0
d8fbf31c4185484abedc90bd4da88809,f7838ba18475451fc5f95ca7173abeffcff765282bcd325b4306cf975fc43135,c09e4f0,pilot-stage1-disease,102,9002,,0a9f06b6dff3de72,0.05,0,none,0.05,0.2,0,2,,,completed,extinction on day 7,56,56,0,0.015,3,1,2,3,7,7,0
f0b3df18c98d4fa186f84c79808e2e78,452f1aa3a38b480f3ea1e89ea3f1bae7ff3a746f5ea50ce359687c05c7eec5ea,c09e4f0,pilot-stage1-disease,102,9002,,0a9f06b6dff3de72,0.1,0,none,0.05,0.2,0,2,,,completed,extinction on day 50,960,889,71,0.23,46,5,10,28,50,50,0
92e7989e5d4a4ead886bb9882a131ac0,8e3f921118737ed73abc9ed3eb27af85268f2f1666df72df68884651f5506062,c09e4f0,pilot-stage1-disease,102,9003,,0a9f06b6dff3de72,0.0,0,none,0.05,0.2,0,2,,,completed,extinction on day 1,0,0,0,0.005,1,1,1,0,1,1,0
f7fcd1fe7429426daa8c14ddc552810b,1ba21f560e6b2c23717cf72e0613d03d78f3e4af9b82b845c9c3d9752d7c70bc,c09e4f0,pilot-stage1-disease,102,9003,,0a9f06b6dff3de72,0.01,0,none,0.05,0.2,0,2,,,completed,extinction on day 1,3,3,0,0.005,1,1,1,0,1,1,0
418f914fc53a40a286c6ca6082a18d2e,6205e986cc2e979e85c5ae7a037583b4ea0c1df4976c5821c5a30018e776bf0d,c09e4f0,pilot-stage1-disease,102,9003,,0a9f06b6dff3de72,0.02,0,none,0.05,0.2,0,2,,,completed,extinction on day 1,5,5,0,0.005,1,1,1,0,1,1,0
5d498e25d8804a4a87deaf60ee9a65b0,e5ca59df7d71a9ff526033ea540a1dceef4111fd58ef83f3caaf00a4a4f5eaac,c09e4f0,pilot-stage1-disease,102,9003,,0a9f06b6dff3de72,0.05,0,none,0.05,0.2,0,2,,,completed,extinction on day 1,9,9,0,0.005,1,1,1,0,1,1,0
301e2d0a4fb2418f9ffe9bd2bb3e6f0a,0198ddad73b7b5c473a0fc3680bcf23ecc8107ee65cc569b366069f334248bb3,c09e4f0,pilot-stage1-disease,102,9003,,0a9f06b6dff3de72,0.1,0,none,0.05,0.2,0,2,,,completed,extinction on day 1,16,16,0,0.005,1,1,1,0,1,1,0
9309a98e5b054657bdb637545ffdd37b,fe62f06c89629ed8156803d4a41bcf77a9d3b8e02fd61a799d59510d65d6449a,c09e4f0,pilot-stage1-disease,102,9004,,0a9f06b6dff3de72,0.0,0,none,0.05,0.2,0,2,,,completed,extinction on day 7,0,0,0,0.015,3,1,1,0,7,7,0
99f340e43b5745779829c3cb876bcd99,3390c462b5edc3f5a965dda7848f6e669c9cd7bf416ba87882d9088c4ccd0b04,c09e4f0,pilot-stage1-disease,102,9004,,0a9f06b6dff3de72,0.01,0,none,0.05,0.2,0,2,,,completed,extinction on day 7,12,12,0,0.015,3,1,1,0,7,7,0
4f5dd72b70e04ffa9f29469136bd7166,0c33b77e0c0d6ca2e884b8f36ba6d7a2076b01c00a57291320f383dcf0133af1,c09e4f0,pilot-stage1-disease,102,9004,,0a9f06b6dff3de72,0.02,0,none,0.05,0.2,0,2,,,completed,extinction on day 7,24,24,0,0.015,3,1,1,0,7,7,0
d566d9a9d9144ca3b890a220873a145a,dce1f0203c178da19c6fc49dbf4fa3e998b205add73e8e930c713ae49886f128,c09e4f0,pilot-stage1-disease,102,9004,,0a9f06b6dff3de72,0.05,0,none,0.05,0.2,0,2,,,completed,extinction on day 40,380,353,27,0.195,39,7,11,26,40,40,0
d03c54f9e8ad418493753b8a53c75bfe,c974e33b6bae31c8a94ced4c5ef3c2faeda44fb623bf977926be3fbb97b6e8e7,c09e4f0,pilot-stage1-disease,102,9004,,0a9f06b6dff3de72,0.1,0,none,0.05,0.2,0,2,,,completed,extinction on day 10,187,166,21,0.02,4,2,1,0,10,10,0
334d4a960ca449c696afa23456a975a2,5294b26dc0277d99526c29fda926d7be80af7f7b0e302913b5d1565d55c044c8,c09e4f0,pilot-stage1-disease,102,9005,,0a9f06b6dff3de72,0.0,0,none,0.05,0.2,0,2,,,completed,extinction on day 22,0,0,0,0.05,10,1,4,3,22,22,0
be2897383e194cb8abc788ca129129f2,2dae39026286a31dd54568c28a0cd0e06825304962ffc0c480d7a5cfa773181e,c09e4f0,pilot-stage1-disease,102,9005,,0a9f06b6dff3de72,0.01,0,none,0.05,0.2,0,2,,,completed,extinction on day 22,48,47,1,0.065,13,2,6,6,22,22,0
b6c97c5320d54324896dcb5000b73739,f1a0a7c56871cbf8604c105a4fff86375e339cfeff5c7b0de9d8352efb97456b,c09e4f0,pilot-stage1-disease,102,9005,,0a9f06b6dff3de72,0.02,0,none,0.05,0.2,0,2,,,completed,extinction on day 42,175,165,10,0.13,26,3,6,6,42,42,0
aed3cdfff05b4b9c92c425e66b27201e,89665ff59ae01ea6c696d1f7f5b123d5fa3c9ca9b9c9bf3a045929ee57df7809,c09e4f0,pilot-stage1-disease,102,9005,,0a9f06b6dff3de72,0.05,0,none,0.05,0.2,0,2,,,completed,extinction on day 86,890,833,57,0.505,101,13,18,37,86,86,0
f34440b3d8f74a9c9130133e2009ce5c,a793215297fa96d5fdcac412c3f342948dbd73ed021e6c744b00136b714a3ea0,c09e4f0,pilot-stage1-disease,102,9005,,0a9f06b6dff3de72,0.1,0,none,0.05,0.2,0,2,,,completed,extinction on day 99,2022,1870,152,0.53,106,15,18,23,99,99,0
0d3268a11bb843a4a00cbdad541ed67a,8295b1b3f53f2a2caccd9b0ddbbc02696070f5f12a64c1b3a77da4c50530013a,c09e4f0,pilot-stage1-disease,102,9006,,0a9f06b6dff3de72,0.0,0,none,0.05,0.2,0,2,,,completed,extinction on day 1,0,0,0,0.005,1,1,1,0,1,1,0
3567892f5fd14d389554dbcaf2ec2f80,4215b2c76c539df92bad916970a1a84b75f5f9003f75c8cf2b36b20dc06a9e65,c09e4f0,pilot-stage1-disease,102,9006,,0a9f06b6dff3de72,0.01,0,none,0.05,0.2,0,2,,,completed,extinction on day 1,5,5,0,0.005,1,1,1,0,1,1,0
dfc1ea515885489a9221d1d241515ab8,261a1c468fe33b136ca629d171676e557bc32fd305aa72f75924dabbbf5ce442,c09e4f0,pilot-stage1-disease,102,9006,,0a9f06b6dff3de72,0.02,0,none,0.05,0.2,0,2,,,completed,extinction on day 1,6,6,0,0.005,1,1,1,0,1,1,0
6e32bc5d4c534b48a3b08e38d7ca546f,696983dc09a4c598597f4d15ac5fb67e2471f13220c0bd95aaa8a2670620a973,c09e4f0,pilot-stage1-disease,102,9006,,0a9f06b6dff3de72,0.05,0,none,0.05,0.2,0,2,,,completed,extinction on day 1,14,14,0,0.005,1,1,1,0,1,1,0
11b100b597a044e9ad851a52f70d2d20,0ae23bcbd3613def18b7db1378148a123023edc0780ceb04220f4d7876e8a1e6,c09e4f0,pilot-stage1-disease,102,9006,,0a9f06b6dff3de72,0.1,0,none,0.05,0.2,0,2,,,completed,extinction on day 1,19,19,0,0.005,1,1,1,0,1,1,0
3d798cf8c999446a85e597223e9f99c7,79e531de42ada40a8afe0d00e4378bc4907e212a8c46c94bd0cd8cbf0a12d410,c09e4f0,pilot-stage1-disease,102,9007,,0a9f06b6dff3de72,0.0,0,none,0.05,0.2,0,2,,,completed,extinction on day 18,0,0,0,0.04,8,1,4,12,18,18,0
3ebb84fb9eff4233ba4b86ffbb798076,976c7a47b044997a9f8d1356a99fb331dd07d4d30d92474accb1b622129b2600,c09e4f0,pilot-stage1-disease,102,9007,,0a9f06b6dff3de72,0.01,0,none,0.05,0.2,0,2,,,completed,extinction on day 35,63,60,3,0.095,19,2,7,22,35,35,0
4cc1c038ad7141ba8173d81bfa673537,ac30cea0095075c10ee31233f64572254e2048b40789c725d9738d7323e24d0c,c09e4f0,pilot-stage1-disease,102,9007,,0a9f06b6dff3de72,0.02,0,none,0.05,0.2,0,2,,,completed,extinction on day 35,127,120,7,0.1,20,2,7,22,35,35,0
ec416c07bf2e4431b12227463a9f9961,74d5bd11dc0220fe9d07b76e5c3ed9290ca80eefb8d35c2ffe02dc3552fda8e5,c09e4f0,pilot-stage1-disease,102,9007,,0a9f06b6dff3de72,0.05,0,none,0.05,0.2,0,2,,,completed,extinction on day 20,200,187,13,0.05,10,1,5,9,20,20,0
a6fb9a9ed1354011b8897e7141bfdbfd,0a2caaa6438b128fb31569cbbe1e4f63c278bd6c9c63403193cfcc5d054a5266,c09e4f0,pilot-stage1-disease,102,9007,,0a9f06b6dff3de72,0.1,0,none,0.05,0.2,0,2,,,completed,extinction on day 15,335,307,28,0.035,7,1,5,7,15,15,0
dbcb537f6cec46a796d98f52d0232e6b,7a682778f308547c2468c205c81e8f177b75fa362c7cfe87fd1bef90e8fedf9e,c09e4f0,pilot-stage1-disease,102,9008,,0a9f06b6dff3de72,0.0,0,none,0.05,0.2,0,2,,,completed,extinction on day 21,0,0,0,0.045,9,1,5,9,21,21,0
24979fdae4224e68b8e21d8b575a352b,bbf82b1cc5e3a812b476e42396ce57984178cea79d89c4e06a976310093fa97d,c09e4f0,pilot-stage1-disease,102,9008,,0a9f06b6dff3de72,0.01,0,none,0.05,0.2,0,2,,,completed,extinction on day 21,40,40,0,0.055,11,1,7,10,21,21,0
1ff6a6d0c99145f2b5027d6164812169,d4109faac0a587e6ebdbf17c7663bd550a5f08e9cbf8899dc04d732bd256f612,c09e4f0,pilot-stage1-disease,102,9008,,0a9f06b6dff3de72,0.02,0,none,0.05,0.2,0,2,,,completed,extinction on day 20,90,83,7,0.055,11,1,6,10,20,20,0
82af8a0b074946df8caa9ea8c21131af,da086f5dcce03b72c560041a1d9038387d3e094788f401fe71b81a61a136a037,c09e4f0,pilot-stage1-disease,102,9008,,0a9f06b6dff3de72,0.05,0,none,0.05,0.2,0,2,,,completed,extinction on day 54,561,500,61,0.255,51,7,10,22,54,54,0
04cd739a79b343c280587d7ca44687ab,b8c0171731e7dfc9643df6a247bfa7d0cef3995f728727f2d7ccac52f4bccb07,c09e4f0,pilot-stage1-disease,102,9008,,0a9f06b6dff3de72,0.1,0,none,0.05,0.2,0,2,,,completed,extinction on day 14,301,272,29,0.025,5,3,3,11,14,14,0
8e3adfb6148c4182b0268c644658bcbe,4fe06ccb3d2ed76a28272c3cd59e45dc6a6a911d5efb98aebf75efbaa536d414,c09e4f0,pilot-stage1-disease,102,9009,,0a9f06b6dff3de72,0.0,0,none,0.05,0.2,0,2,,,completed,extinction on day 11,0,0,0,0.04,8,1,4,4,11,11,0
b3ab7409cbbe44be8b227f2bf03f0e42,cee73ef0b485dc6bb079b59bbd5d87216edc3414d8b8818014bc2d5b8bd558ba,c09e4f0,pilot-stage1-disease,102,9009,,0a9f06b6dff3de72,0.01,0,none,0.05,0.2,0,2,,,completed,extinction on day 11,13,13,0,0.04,8,1,4,4,11,11,0
e6bfc1eae2404ac0bdf7bb0ecae071de,4180043c44844f6bd83b9abcce0b27425a7f031c4e3d6f982bd245502243e78b,c09e4f0,pilot-stage1-disease,102,9009,,0a9f06b6dff3de72,0.02,0,none,0.05,0.2,0,2,,,completed,extinction on day 21,86,86,0,0.085,17,3,6,4,21,21,0
fbee82b1faaf4fffbf847546dec1069e,21c44d87a3276b5e4d0226a918db5ba344f6465c31f18c50f1735a70f4528ec2,c09e4f0,pilot-stage1-disease,102,9009,,0a9f06b6dff3de72,0.05,0,none,0.05,0.2,0,2,,,completed,extinction on day 57,559,525,34,0.415,83,11,19,16,57,57,0
918a1b49840f4ce1971eed10e220f033,2d16019f0d3256464656cfda33d312049cd367f584ef93c3f186df92f020da70,c09e4f0,pilot-stage1-disease,102,9009,,0a9f06b6dff3de72,0.1,0,none,0.05,0.2,0,2,,,completed,extinction on day 25,494,454,40,0.145,29,5,8,7,25,25,0
e5a713528e554461bdf885b191f41bff,58c88c7c7f2ddaa6c7c9a321475d081c5583f60c8434e2f259d8b38f29786ef1,c09e4f0,pilot-stage1-disease,103,9000,,3eba5fa24d22e1a9,0.0,0,none,0.05,0.2,0,2,,,completed,extinction on day 7,0,0,0,0.025,5,1,2,1,7,7,0
73ea78a3004c4e098583c5d05feb28a7,8691b510284546ffa2134f0fb02dcebd36d151a51bf412a09e9f8b47d2462c48,c09e4f0,pilot-stage1-disease,103,9000,,3eba5fa24d22e1a9,0.01,0,none,0.05,0.2,0,2,,,completed,extinction on day 7,14,14,0,0.025,5,1,2,1,7,7,0
6f9543e6e0944c2289f56a719defda7a,bec94586d4ae293377853901cc4cdfba1cd8e6ca95d4048edcca069123239d6d,c09e4f0,pilot-stage1-disease,103,9000,,3eba5fa24d22e1a9,0.02,0,none,0.05,0.2,0,2,,,completed,extinction on day 7,32,31,1,0.025,5,1,2,1,7,7,0
1588eedaddb74dbca5979dda0f990953,707e0350ebd69effe845d388cc1f954c0ea2892156d87b052ab793907c19e2c9,c09e4f0,pilot-stage1-disease,103,9000,,3eba5fa24d22e1a9,0.05,0,none,0.05,0.2,0,2,,,completed,extinction on day 7,81,80,1,0.015,3,1,2,1,7,7,0
6e188a1a937d4e02b5c61b5cb545522b,3f47871591f9d736da7861afe61ec3a39b3054a6f8ce2db0798eb89f0c1c03ec,c09e4f0,pilot-stage1-disease,103,9000,,3eba5fa24d22e1a9,0.1,0,none,0.05,0.2,0,2,,,completed,extinction on day 7,154,146,8,0.015,3,2,2,1,7,7,0
bcd16aa14bfa4935962131443dd83698,64031ed7713b33c7d075ff277740f568d2508fa5cae44121ca63bedb1c8dab17,c09e4f0,pilot-stage1-disease,103,9001,,3eba5fa24d22e1a9,0.0,0,none,0.05,0.2,0,2,,,completed,extinction on day 24,0,0,0,0.05,10,1,7,6,24,24,0
653d802ebca04456bdff5492d48516f6,0a26aa548b2a0b040186b59a4877fbb804a095feb582a7047323205285a59b6d,c09e4f0,pilot-stage1-disease,103,9001,,3eba5fa24d22e1a9,0.01,0,none,0.05,0.2,0,2,,,completed,extinction on day 32,61,58,3,0.08,16,2,8,6,32,32,0
931a33ab86b14fc889eff3207e52c2d4,184542ce90b7bf1aafd399f4daf0e065696063c7049ac5e7f92358ae8671bdfe,c09e4f0,pilot-stage1-disease,103,9001,,3eba5fa24d22e1a9,0.02,0,none,0.05,0.2,0,2,,,completed,extinction on day 32,116,111,5,0.1,20,2,8,6,32,32,0
f6824e313e254b6c87bcc559e4ad83ed,beb52f008d7faece77d4c03310a9f676b0c411ef32be87572f1bebdd7bbdf8bf,c09e4f0,pilot-stage1-disease,103,9001,,3eba5fa24d22e1a9,0.05,0,none,0.05,0.2,0,2,,,completed,extinction on day 63,622,611,11,0.24,48,9,9,11,63,63,0
aa4f48e7679544aa8bdfe9f74eb0de0e,b735ecb8c33a2f5503036c14995089508d14d77bb1039aed3aea75c6b41beb2f,c09e4f0,pilot-stage1-disease,103,9001,,3eba5fa24d22e1a9,0.1,0,none,0.05,0.2,0,2,,,completed,extinction on day 14,277,268,9,0.02,4,2,3,7,14,14,0
d114b594b34d4f1392c1ca5ecbea5a61,08974b15b1bf41e2d945ddc23de74f0badcbab8a294388fe7bda8b37078607cc,c09e4f0,pilot-stage1-disease,103,9002,,3eba5fa24d22e1a9,0.0,0,none,0.05,0.2,0,2,,,completed,extinction on day 7,0,0,0,0.015,3,1,2,3,7,7,0
764a7fb30f0c4710a65d716253221802,90795cd8d42a551d0e576a4f4eba1369c5aa625bf5eee8d80c52fa5146642de7,c09e4f0,pilot-stage1-disease,103,9002,,3eba5fa24d22e1a9,0.01,0,none,0.05,0.2,0,2,,,completed,extinction on day 7,9,9,0,0.015,3,1,2,3,7,7,0
33a5ab40cf274471848c595b34e12e78,0189efe986a865d7936d6aa3b0b60b29046550c8b6a0174766f5b22130cd3ed3,c09e4f0,pilot-stage1-disease,103,9002,,3eba5fa24d22e1a9,0.02,0,none,0.05,0.2,0,2,,,completed,extinction on day 7,18,18,0,0.015,3,1,2,3,7,7,0
b8e94c46b9a94ef6af801a9d93fd6f8f,cb5fa8b37c896ee6f2b8e5199e9c6d94a522ad2d850ef4007c58f80f5954ed87,c09e4f0,pilot-stage1-disease,103,9002,,3eba5fa24d22e1a9,0.05,0,none,0.05,0.2,0,2,,,completed,extinction on day 7,56,56,0,0.015,3,1,2,3,7,7,0
24db28105bb44f49aa57f210fcfb4369,96958abb962dc1f5bc97e9dcb87212ceea0d3537933c079cc514a55259c497d5,c09e4f0,pilot-stage1-disease,103,9002,,3eba5fa24d22e1a9,0.1,0,none,0.05,0.2,0,2,,,completed,extinction on day 78,1547,1462,85,0.215,43,5,14,9,78,78,0
e646b2953f6948bbadff5db9df9b5fc4,414dedde4e6fa280c9d8b9d4b51d2f516eecfe510adeb41ff7143932b334b9d9,c09e4f0,pilot-stage1-disease,103,9003,,3eba5fa24d22e1a9,0.0,0,none,0.05,0.2,0,2,,,completed,extinction on day 1,0,0,0,0.005,1,1,1,0,1,1,0
063eae03c669466ab48b48571953a3b8,a6eda4b554d81a1865d30796e253dde83f34d31cdba4254f79697b825e5e8e8d,c09e4f0,pilot-stage1-disease,103,9003,,3eba5fa24d22e1a9,0.01,0,none,0.05,0.2,0,2,,,completed,extinction on day 1,3,3,0,0.005,1,1,1,0,1,1,0
c965adef6b604ce0ab81cc8b6ff1d296,98f7ac577ae53b03f83d6169cae3957a64feeaa71511ed7143540e418a30e3bf,c09e4f0,pilot-stage1-disease,103,9003,,3eba5fa24d22e1a9,0.02,0,none,0.05,0.2,0,2,,,completed,extinction on day 1,5,5,0,0.005,1,1,1,0,1,1,0
98c3048b1bd4412cb401ebd3c96a2a22,1e96d4f944f4226d581f7c35a01529cca7a4b495b042a305a8f67bab8ddada59,c09e4f0,pilot-stage1-disease,103,9003,,3eba5fa24d22e1a9,0.05,0,none,0.05,0.2,0,2,,,completed,extinction on day 1,9,9,0,0.005,1,1,1,0,1,1,0
b220711f5d454def8e8e744b7ed855f4,0262804d8f6f9b51d4d17d9b3335065b69e8ddfbe4ba91f552d4eb6b76627ee2,c09e4f0,pilot-stage1-disease,103,9003,,3eba5fa24d22e1a9,0.1,0,none,0.05,0.2,0,2,,,completed,extinction on day 1,16,16,0,0.005,1,1,1,0,1,1,0
43f9ea9bdb8c41328378579f152b20e1,829472408dcd93ea574157e71b5f2ac68f3d2fca40672494b07e1c39ec7cf2b4,c09e4f0,pilot-stage1-disease,103,9004,,3eba5fa24d22e1a9,0.0,0,none,0.05,0.2,0,2,,,completed,extinction on day 7,0,0,0,0.015,3,1,1,0,7,7,0
568073c62cdb4b1697eed343eb712a4f,afd3277812e192fa659a9bbced12cd3fc90eaf94a66979f32c2ea99c7c5a0d46,c09e4f0,pilot-stage1-disease,103,9004,,3eba5fa24d22e1a9,0.01,0,none,0.05,0.2,0,2,,,completed,extinction on day 26,58,56,2,0.06,12,1,5,9,26,26,0
13cffbad07ce404ba0447162e161498e,f44068c11168f4c752ee49eadb877d1c305cec88cb8857e8757a523f4168694b,c09e4f0,pilot-stage1-disease,103,9004,,3eba5fa24d22e1a9,0.02,0,none,0.05,0.2,0,2,,,completed,extinction on day 22,89,85,4,0.06,12,1,5,9,22,22,0
59f1422a1f1247ed9a8f0f8e6b2036d1,58e6809b1ec01a7f4d6b49d4da592b75bf20345dad3204d3bd07fb707d71a2a7,c09e4f0,pilot-stage1-disease,103,9004,,3eba5fa24d22e1a9,0.05,0,none,0.05,0.2,0,2,,,completed,extinction on day 84,861,814,47,0.45,90,13,20,71,84,84,0
031ef9aaea454e43ad9cc4408c5d6544,7c86f2a228707e0e9a8578d1d3cf7579898679eca86cdd60874abcf3ce415f70,c09e4f0,pilot-stage1-disease,103,9004,,3eba5fa24d22e1a9,0.1,0,none,0.05,0.2,0,2,,,completed,extinction on day 5,105,98,7,0.01,2,2,1,0,5,5,0
671ce7331a3344ac9d07b080a5184d8c,31635e5520963df92bb03b289889f360c48e80785b2224e2701635a680ab43df,c09e4f0,pilot-stage1-disease,103,9005,,3eba5fa24d22e1a9,0.0,0,none,0.05,0.2,0,2,,,completed,extinction on day 22,0,0,0,0.05,10,1,4,3,22,22,0
5f7d5d3985d5458ca704e1998a94afb2,8a7c8ebd9d2c867f2a4d72e23eda77534081862b429595f8cdf3530e2ba94fdd,c09e4f0,pilot-stage1-disease,103,9005,,3eba5fa24d22e1a9,0.01,0,none,0.05,0.2,0,2,,,completed,extinction on day 34,67,67,0,0.1,20,2,5,15,34,34,0
2eb097ac8ef0497c9bd2bc5d4a2b164e,a05e8b2f9f0d33be99d0dca22c15b6e98583e37ec2b8dd68eea4e9c16b7ead72,c09e4f0,pilot-stage1-disease,103,9005,,3eba5fa24d22e1a9,0.02,0,none,0.05,0.2,0,2,,,completed,extinction on day 34,139,133,6,0.12,24,4,8,19,34,34,0
7506d6332da04cccb728bad9bc109f05,6c2bbd2c78524e5c7141e94aac216a4aab856efe2650b663dc35e56c8353bf78,c09e4f0,pilot-stage1-disease,103,9005,,3eba5fa24d22e1a9,0.05,0,none,0.05,0.2,0,2,,,completed,extinction on day 51,516,501,15,0.175,35,5,8,6,51,51,0
478878f488a14c1288869aeffc76c1dd,e32566985609b58e98acf1d7ced167533383a2089367fb0ab4d71afdaae27678,c09e4f0,pilot-stage1-disease,103,9005,,3eba5fa24d22e1a9,0.1,0,none,0.05,0.2,0,2,,,completed,extinction on day 51,1022,994,28,0.225,45,5,13,7,51,51,0
2469980aba3f48f5856a8868ad60e48e,3ef09e3b1c9f9655e2d20d6aa167cb30e113822118ce18df31768eb955928179,c09e4f0,pilot-stage1-disease,103,9006,,3eba5fa24d22e1a9,0.0,0,none,0.05,0.2,0,2,,,completed,extinction on day 1,0,0,0,0.005,1,1,1,0,1,1,0
0a9b5412a1b0479b91ab5d155631a04c,637add9e7c0c26e08472c2308014af04a731838f9face0d3a082c652bea99d7b,c09e4f0,pilot-stage1-disease,103,9006,,3eba5fa24d22e1a9,0.01,0,none,0.05,0.2,0,2,,,completed,extinction on day 1,5,5,0,0.005,1,1,1,0,1,1,0
2b756d3ef9314d9480fee6c417067500,5581350bbaa8c75be451109dff83c8c9f8450857c6cdc5fc1421f2c3dc484758,c09e4f0,pilot-stage1-disease,103,9006,,3eba5fa24d22e1a9,0.02,0,none,0.05,0.2,0,2,,,completed,extinction on day 1,6,6,0,0.005,1,1,1,0,1,1,0
609f0f51030d4d3ab19e49289af2daa4,89b5ac21e134950e87ab9cd3b91fadaf1620e4a1be419b25b9bf9f7f7540a6a3,c09e4f0,pilot-stage1-disease,103,9006,,3eba5fa24d22e1a9,0.05,0,none,0.05,0.2,0,2,,,completed,extinction on day 1,14,14,0,0.005,1,1,1,0,1,1,0
66f75b344b4e44b78ef1025b7b6d94da,d6257ba510f89b3f54b3bb96059c35c12e21702dfaad9399a7f736417c3d26e5,c09e4f0,pilot-stage1-disease,103,9006,,3eba5fa24d22e1a9,0.1,0,none,0.05,0.2,0,2,,,completed,extinction on day 1,19,19,0,0.005,1,1,1,0,1,1,0
89987eae698f4115a651eebd0d1ca30d,cc37728ba1ee3412bcd9924f0493dcbda03f762d9e85b42d2b03c22f085cd7d9,c09e4f0,pilot-stage1-disease,103,9007,,3eba5fa24d22e1a9,0.0,0,none,0.05,0.2,0,2,,,completed,extinction on day 18,0,0,0,0.04,8,1,4,12,18,18,0
8435e1517bb8443a8c7c1f65d1f59e1e,b9e3bfb072d773ed0a0c5ac0a66e38c0cee048730811f6d413ae08a4f163a1d2,c09e4f0,pilot-stage1-disease,103,9007,,3eba5fa24d22e1a9,0.01,0,none,0.05,0.2,0,2,,,completed,extinction on day 19,38,37,1,0.045,9,2,5,12,19,19,0
82bb9430507f4a39a8a4416e54a51cab,2d130e2f55eaf801a1cf53626e3c7176dd4639d03a86ce168403fa1cccf6d92f,c09e4f0,pilot-stage1-disease,103,9007,,3eba5fa24d22e1a9,0.02,0,none,0.05,0.2,0,2,,,completed,extinction on day 19,71,67,4,0.045,9,1,4,7,19,19,0
31c9aa593d044765801ee62feaeb2231,73b1c5e8e9a2fe96d69a3b0a511067f227cf29950057abd4855f7054ae9db812,c09e4f0,pilot-stage1-disease,103,9007,,3eba5fa24d22e1a9,0.05,0,none,0.05,0.2,0,2,,,completed,extinction on day 23,236,231,5,0.06,12,1,5,17,23,23,0
54cd56cca2934dcd9f98b1c99dd3adf8,d154f82e618826e1233cb74e644aafb52246212618eba40791300a9a80dc2706,c09e4f0,pilot-stage1-disease,103,9007,,3eba5fa24d22e1a9,0.1,0,none,0.05,0.2,0,2,,,completed,extinction on day 76,1537,1453,84,0.81,162,19,26,49,76,76,0
600e58a94f014fa4b2b7eac584c1d49c,9f5af556256981356c306b21f3e50692178504bb27a86d782033fbebf128f504,c09e4f0,pilot-stage1-disease,103,9008,,3eba5fa24d22e1a9,0.0,0,none,0.05,0.2,0,2,,,completed,extinction on day 21,0,0,0,0.045,9,1,5,9,21,21,0
b7c1217d8ef04f6aa6ccdcdc1bbf94b7,2d9a74c8685c3cb2f52784f8fabd27948272655e47c8633c5276501017382d04,c09e4f0,pilot-stage1-disease,103,9008,,3eba5fa24d22e1a9,0.01,0,none,0.05,0.2,0,2,,,completed,extinction on day 21,40,40,0,0.05,10,1,6,10,21,21,0
976f15f99365445797e1055cc9976418,525e2770bbe39731b41d41e94306c146c73c5694ad21891a1f98ff79f61b2909,c09e4f0,pilot-stage1-disease,103,9008,,3eba5fa24d22e1a9,0.02,0,none,0.05,0.2,0,2,,,completed,extinction on day 15,66,61,5,0.04,8,1,5,9,15,15,0
fd3ce24919ae4838b64ab346e32ede23,1a8349203d42e4af401c6d9fe63025c1570d652b46b733e06bdfdf858d816a39,c09e4f0,pilot-stage1-disease,103,9008,,3eba5fa24d22e1a9,0.05,0,none,0.05,0.2,0,2,,,completed,extinction on day 28,294,279,15,0.08,16,4,7,12,28,28,0
07ee14b2bf114df69dcc1078f2a43e00,1cab8e75da420f3e79579e601ed23da56642a7113dca56d7ea2b292b8beaef35,c09e4f0,pilot-stage1-disease,103,9008,,3eba5fa24d22e1a9,0.1,0,none,0.05,0.2,0,2,,,completed,extinction on day 16,344,325,19,0.02,4,1,2,10,16,16,0
becaa19e65a9422f8b7c51764f8e13ee,e75d1003185a3ef6ea0b856ee7326b737fa5aa254958a985a36d089d08ae3168,c09e4f0,pilot-stage1-disease,103,9009,,3eba5fa24d22e1a9,0.0,0,none,0.05,0.2,0,2,,,completed,extinction on day 11,0,0,0,0.04,8,1,4,4,11,11,0
e62f72feeb8347f29bac8991b4c9bf8e,e8f9eece3b27bb30fd1ebc017ce2bafb3bdc9f40f37b16d60a78d1fe699d0a5f,c09e4f0,pilot-stage1-disease,103,9009,,3eba5fa24d22e1a9,0.01,0,none,0.05,0.2,0,2,,,completed,extinction on day 11,13,13,0,0.04,8,1,4,4,11,11,0
39764d305d794fdc95d41bed1454bfc5,677544f83b62702da2dc7a652a155389b90ef9b0d72951ca97ccb4419728c515,c09e4f0,pilot-stage1-disease,103,9009,,3eba5fa24d22e1a9,0.02,0,none,0.05,0.2,0,2,,,completed,extinction on day 21,86,85,1,0.075,15,4,5,5,21,21,0
606f4a18e0274d3c9119a27998fd6417,f7fe7b8cbc3061df8a335953496f9972240d8bb88f2406dc388589d97fa18791,c09e4f0,pilot-stage1-disease,103,9009,,3eba5fa24d22e1a9,0.05,0,none,0.05,0.2,0,2,,,completed,extinction on day 30,289,282,7,0.145,29,6,7,7,30,30,0
f6ff537c70284dc895754f68f96ec423,81ee08e92e933f5f240022182ee91e9d1c5f9d6d021991812f631d7634b5942b,c09e4f0,pilot-stage1-disease,103,9009,,3eba5fa24d22e1a9,0.1,0,none,0.05,0.2,0,2,,,completed,extinction on day 64,1310,1234,76,0.58,116,16,22,22,64,64,0
c94572fa65e64f73ae07276f6414fb79,72488469fc47460dbc059558401bba2bc637f7d6e9e04b90159fcc5177ea6027,c09e4f0,pilot-stage1-disease,104,9000,,bc0241eae73e5142,0.0,0,none,0.05,0.2,0,2,,,completed,extinction on day 7,0,0,0,0.025,5,1,2,1,7,7,0
bb7abef59e2a4a29bd94438e93b8a402,2eedd2f0a8f269ac250a34daa706b7373fbb09682f4bd14323dd036dbe87bee7,c09e4f0,pilot-stage1-disease,104,9000,,bc0241eae73e5142,0.01,0,none,0.05,0.2,0,2,,,completed,extinction on day 7,14,14,0,0.025,5,1,2,1,7,7,0
28f88bb44c9e4d4d8875b703d6f7326c,1dbb69023e1f0130a27126c096bd32d05dcf9d607dc2653dafa9783fc4bae3ab,c09e4f0,pilot-stage1-disease,104,9000,,bc0241eae73e5142,0.02,0,none,0.05,0.2,0,2,,,completed,extinction on day 7,32,29,3,0.025,5,1,2,1,7,7,0
09e8ef4fb32d4f44a109da3c00bc88bb,367b0eae89c937499a7b580cb1578bcf9000e68c14660be9699cc1b964c1ac50,c09e4f0,pilot-stage1-disease,104,9000,,bc0241eae73e5142,0.05,0,none,0.05,0.2,0,2,,,completed,extinction on day 47,482,441,41,0.185,37,6,8,13,47,47,0
b76387431eb44b5d94a6716c9b92249c,22568346f64ea1d708db47b6c91976e3403c0d60e8969a002223e9059186227d,c09e4f0,pilot-stage1-disease,104,9000,,bc0241eae73e5142,0.1,0,none,0.05,0.2,0,2,,,completed,extinction on day 43,874,810,64,0.305,61,8,22,13,43,43,0
b335e3c4466a492f81c5016d048f7893,097d82b7991b5e66153d8c9634d2ac2f7fbc2d084833ac0e00d1d9005f7cedaf,c09e4f0,pilot-stage1-disease,104,9001,,bc0241eae73e5142,0.0,0,none,0.05,0.2,0,2,,,completed,extinction on day 24,0,0,0,0.05,10,1,7,6,24,24,0
3f74dcafbabb4d85afac1c2067b85926,c7fd088f2e90079a47e54876cca5b08050b12f64c8a45b748940d481073b103d,c09e4f0,pilot-stage1-disease,104,9001,,bc0241eae73e5142,0.01,0,none,0.05,0.2,0,2,,,completed,extinction on day 24,46,42,4,0.06,12,2,8,11,24,24,0
f006eb6f454e401a92baae5fd90c2907,89ae6c049f56e9d9134629bfe2ce7010956b7563d9089502bced6d18beaa1925,c09e4f0,pilot-stage1-disease,104,9001,,bc0241eae73e5142,0.02,0,none,0.05,0.2,0,2,,,completed,extinction on day 63,239,218,21,0.155,31,3,8,11,63,63,0
999eb48fd9b14bde84cd6c92d3f0b88c,29d3e9b221ec9d31bf693ae59724b01171757a374f12f5a059d2b8c2e61fee6b,c09e4f0,pilot-stage1-disease,104,9001,,bc0241eae73e5142,0.05,0,none,0.05,0.2,0,2,,,completed,extinction on day 28,266,240,26,0.08,16,2,6,6,28,28,0
baa5ff9c943a48f58c685f830ef067d9,50dd41e0c8444229173c4ca56a7d3751d034a19ffadb881748c34a23e1259584,c09e4f0,pilot-stage1-disease,104,9001,,bc0241eae73e5142,0.1,0,none,0.05,0.2,0,2,,,completed,extinction on day 29,586,536,50,0.085,17,6,6,6,29,29,0
7640a96854b343a8b2254e582a077305,d26a8b82a330e89a27ee217285fd7bd7c5a8071a070b13d91bf7b73ebf0c13a4,c09e4f0,pilot-stage1-disease,104,9002,,bc0241eae73e5142,0.0,0,none,0.05,0.2,0,2,,,completed,extinction on day 7,0,0,0,0.015,3,1,2,3,7,7,0
c520fb4336224e699cc03dd27190d3bf,60c48d566fe8fe74c1a30b2406c46daa3f19d720bcbdae60ff6a1d393c7894f5,c09e4f0,pilot-stage1-disease,104,9002,,bc0241eae73e5142,0.01,0,none,0.05,0.2,0,2,,,completed,extinction on day 7,9,9,0,0.015,3,1,2,3,7,7,0
b08cc125c7a9420db6cf527891e7a97b,c2a999155c7f32e1ef76b1bd27bad137540258ae54b78f62d29f7e431be256a9,c09e4f0,pilot-stage1-disease,104,9002,,bc0241eae73e5142,0.02,0,none,0.05,0.2,0,2,,,completed,extinction on day 7,18,18,0,0.015,3,1,2,3,7,7,0
99ef93de2d354787af5bc7cc747053bc,3b5e46da7885064ddbf60b8ab977701960ad670d2dc21b7ffa0d98b4678a6608,c09e4f0,pilot-stage1-disease,104,9002,,bc0241eae73e5142,0.05,0,none,0.05,0.2,0,2,,,completed,extinction on day 12,104,97,7,0.035,7,1,3,7,12,12,0
c325b47454c14709b3c36d9a0dd0b75c,988dd255cab7d74ac37315126c1ae468d8f02cfa2bdd85dae0b0e3e3cbb4f180,c09e4f0,pilot-stage1-disease,104,9002,,bc0241eae73e5142,0.1,0,none,0.05,0.2,0,2,,,completed,extinction on day 63,1214,1116,98,0.66,132,19,33,14,63,63,0
c5ab605e283e45d6bfd16920b8a93312,48c90a72b0cbce52cc17f660f4c80f1fc8ecd407d4bc1a4d179f7193291ba537,c09e4f0,pilot-stage1-disease,104,9003,,bc0241eae73e5142,0.0,0,none,0.05,0.2,0,2,,,completed,extinction on day 1,0,0,0,0.005,1,1,1,0,1,1,0
82cde16cce8a4730a46080f4bc20821c,3b77028896d8c32b105e53ea89ddce4cc7637cb858db4da348e4d4075e41a1ee,c09e4f0,pilot-stage1-disease,104,9003,,bc0241eae73e5142,0.01,0,none,0.05,0.2,0,2,,,completed,extinction on day 1,3,3,0,0.005,1,1,1,0,1,1,0
3ad031f46a9d4c209e236cd3254a3078,c239db4cbac7c8bffca970b231a2ca4b3c7338b650d0af8fd43c0875756de6cb,c09e4f0,pilot-stage1-disease,104,9003,,bc0241eae73e5142,0.02,0,none,0.05,0.2,0,2,,,completed,extinction on day 1,5,5,0,0.005,1,1,1,0,1,1,0
a51921d05f724efaa317a0406534d43a,1f9366c24c7603f7da05a29d600e85ac97977f0ab31f34d99eaf9a0559153ed0,c09e4f0,pilot-stage1-disease,104,9003,,bc0241eae73e5142,0.05,0,none,0.05,0.2,0,2,,,completed,extinction on day 1,9,9,0,0.005,1,1,1,0,1,1,0
eeec0408ed674840bdc6a27b531b3ffb,447f2210346e0834fbafc71e79d01f610e78735ee10a77a35a76ba399b624339,c09e4f0,pilot-stage1-disease,104,9003,,bc0241eae73e5142,0.1,0,none,0.05,0.2,0,2,,,completed,extinction on day 1,16,16,0,0.005,1,1,1,0,1,1,0
7d6ab4c1724243219b8feea0b0287865,1075332d5eb03fdc7dd93c54e8c8b1929bc7d0bd3d612e6e051abf01e813d63c,c09e4f0,pilot-stage1-disease,104,9004,,bc0241eae73e5142,0.0,0,none,0.05,0.2,0,2,,,completed,extinction on day 7,0,0,0,0.015,3,1,1,0,7,7,0
1e91d24f2f294f1bb3d7ee8ce5470e5f,0003580eacc0cdff15f912fdae26b0862f4711ab97aa3c56791b07ee418868b3,c09e4f0,pilot-stage1-disease,104,9004,,bc0241eae73e5142,0.01,0,none,0.05,0.2,0,2,,,completed,extinction on day 7,12,12,0,0.015,3,1,1,0,7,7,0
56efaa46d5dd4f74b3d7e6922ebca855,0c3d4c186d2477afe03308af4cc5341c7cd7841813d6506db9f82a9fb2c9e069,c09e4f0,pilot-stage1-disease,104,9004,,bc0241eae73e5142,0.02,0,none,0.05,0.2,0,2,,,completed,extinction on day 7,24,23,1,0.015,3,1,1,0,7,7,0
447dbf85461e44178d864f2637f88fc5,007721662dfc3f6d3c6940ceb5f99b0f0f5e3af34488fd4c98821b8e1bfa479b,c09e4f0,pilot-stage1-disease,104,9004,,bc0241eae73e5142,0.05,0,none,0.05,0.2,0,2,,,completed,extinction on day 7,68,68,0,0.015,3,1,1,0,7,7,0
e3326577bc8940a688e8d9a2b8bfe0ac,97ed7d13ff1ff4e372a3a469f30d79db97d768e903380f9ac1152a8003f935dd,c09e4f0,pilot-stage1-disease,104,9004,,bc0241eae73e5142,0.1,0,none,0.05,0.2,0,2,,,completed,extinction on day 9,165,159,6,0.015,3,2,1,0,9,9,0
416df938a024461d9ba130f766b54d89,38c645f49d5ff1979213579e50b95cec67590f6c67ee6cc47342ae6972055176,c09e4f0,pilot-stage1-disease,104,9005,,bc0241eae73e5142,0.0,0,none,0.05,0.2,0,2,,,completed,extinction on day 22,0,0,0,0.05,10,1,4,3,22,22,0
c4ba2c22c725410f8f0636f630a38be3,14aa3b25b04aff927f0143af8ddb7bf42bb7117cc504a774f960e6cc7ac50551,c09e4f0,pilot-stage1-disease,104,9005,,bc0241eae73e5142,0.01,0,none,0.05,0.2,0,2,,,completed,extinction on day 51,108,104,4,0.15,30,3,9,17,51,51,0
101ea84a65484876bafc7c1aa0baefed,037522c3a7482fdc46060975285ca2927f1fa7819852104e8882910004d59ea6,c09e4f0,pilot-stage1-disease,104,9005,,bc0241eae73e5142,0.02,0,none,0.05,0.2,0,2,,,completed,extinction on day 33,133,122,11,0.15,30,4,8,17,33,33,0
1360f475554a46dda9a6f67cbcf93974,2f7482c36dca38592f5f82fe0774633c3002e0d6ae081b2883492a31b4c4b5c5,c09e4f0,pilot-stage1-disease,104,9005,,bc0241eae73e5142,0.05,0,none,0.05,0.2,0,2,,,completed,extinction on day 66,665,611,54,0.415,83,11,13,48,66,66,0
5c548babca8849849a534812be81caac,00cef06039e410fbb6b9a550e435d93c62ac03ec88e707762d4f772b2c7b63cb,c09e4f0,pilot-stage1-disease,104,9005,,bc0241eae73e5142,0.1,0,none,0.05,0.2,0,2,,,completed,extinction on day 86,1755,1631,124,0.36,72,10,11,16,86,86,0
e4a636d78369430288863bdb98d6d9cc,3ba83a142f2764492e0178eb4b697000ea13f3dd5d83177c6ab66d8dc07de0e4,c09e4f0,pilot-stage1-disease,104,9006,,bc0241eae73e5142,0.0,0,none,0.05,0.2,0,2,,,completed,extinction on day 1,0,0,0,0.005,1,1,1,0,1,1,0
a4186d9bec264bc18655fb44438b37e1,7609547edddddee234b52701a75fe22d8963e4fd4821785e23a8ab87831030b5,c09e4f0,pilot-stage1-disease,104,9006,,bc0241eae73e5142,0.01,0,none,0.05,0.2,0,2,,,completed,extinction on day 1,5,5,0,0.005,1,1,1,0,1,1,0
3283cb8e304b4518aa009609e65bfacc,8ceb095fd85bc9c5f52c28486ac54d48882bc71b08614970357fca48873f2233,c09e4f0,pilot-stage1-disease,104,9006,,bc0241eae73e5142,0.02,0,none,0.05,0.2,0,2,,,completed,extinction on day 1,6,6,0,0.005,1,1,1,0,1,1,0
369340e270fa422b80534fb902e519e5,cf24469636b9f2edc9d182afe65dd66ad1cefd325094ad07f0a09b896e023f5c,c09e4f0,pilot-stage1-disease,104,9006,,bc0241eae73e5142,0.05,0,none,0.05,0.2,0,2,,,completed,extinction on day 1,14,14,0,0.005,1,1,1,0,1,1,0
007838526b24421392858503a7fb6dfd,669a0ad878dd9cf4c2818c16a1d55be7aadb83bb1aac9abf62a336a810c104a3,c09e4f0,pilot-stage1-disease,104,9006,,bc0241eae73e5142,0.1,0,none,0.05,0.2,0,2,,,completed,extinction on day 1,19,19,0,0.005,1,1,1,0,1,1,0
1c0bd3b999f243bc8957940fc019feaf,1b0ba769fa9a10ffc6219a45ccf6618b8ff8d3038f081133158a9980758a94e7,c09e4f0,pilot-stage1-disease,104,9007,,bc0241eae73e5142,0.0,0,none,0.05,0.2,0,2,,,completed,extinction on day 18,0,0,0,0.04,8,1,4,12,18,18,0
34b44abb18474731b2d6cf5c46250ff8,15ca80d7a742d4db84d9bbca7ad401e1011f064b58d23f7a5f4a96baef5a9194,c09e4f0,pilot-stage1-disease,104,9007,,bc0241eae73e5142,0.01,0,none,0.05,0.2,0,2,,,completed,extinction on day 35,63,59,4,0.105,21,2,7,12,35,35,0
c38291ea46244b9a9d7c367e7edd3d5e,3142a0e6f2f6bb6e7234b6e3e44a994fd71b5947c01ae56aab0756c59ef2c232,c09e4f0,pilot-stage1-disease,104,9007,,bc0241eae73e5142,0.02,0,none,0.05,0.2,0,2,,,completed,extinction on day 39,146,139,7,0.115,23,2,6,22,39,39,0
d30aa22f6cce468188fe51b9a2cb0707,444f7ac152efe0a6c7932578448d53719caca3da08416cb398f19fe65018dfc5,c09e4f0,pilot-stage1-disease,104,9007,,bc0241eae73e5142,0.05,0,none,0.05,0.2,0,2,,,completed,extinction on day 23,236,221,15,0.07,14,1,7,9,23,23,0
9d6158c3de584f9c8777d61970fd4e10,b1e8e2dc7e4c1f31c7a0d7323fcdb68d8d98a87caf7dc4e064e9a5156e591e97,c09e4f0,pilot-stage1-disease,104,9007,,bc0241eae73e5142,0.1,0,none,0.05,0.2,0,2,,,completed,extinction on day 46,943,852,91,0.175,35,6,10,40,46,46,0
3309f58382834dadb640170b6023406d,23f900176965ae5158b195be6f753e1051c954463474d14882ba1e4f18da0922,c09e4f0,pilot-stage1-disease,104,9008,,bc0241eae73e5142,0.0,0,none,0.05,0.2,0,2,,,completed,extinction on day 21,0,0,0,0.045,9,1,5,9,21,21,0
35a52a264f7749f8ac081eeee392a9ee,9d3cd18beb3b06ce30e16fad6f07a2e3d7c2fbe7b4e109ef9a53fe52a619c95d,c09e4f0,pilot-stage1-disease,104,9008,,bc0241eae73e5142,0.01,0,none,0.05,0.2,0,2,,,completed,extinction on day 21,40,40,0,0.05,10,1,6,9,21,21,0
708643629c894fe9a48514648ed69457,bd48f6ad59af04062af3622396ef8b451072cb454a7b68948f4b5679ef21bd74,c09e4f0,pilot-stage1-disease,104,9008,,bc0241eae73e5142,0.02,0,none,0.05,0.2,0,2,,,completed,extinction on day 15,66,63,3,0.04,8,1,5,9,15,15,0
dc65f37ea1c34f13906afa8ebe002948,a9e7730239d84d7ab12be55e362620d00b1aea782c1b2c28dd7055894941419d,c09e4f0,pilot-stage1-disease,104,9008,,bc0241eae73e5142,0.05,0,none,0.05,0.2,0,2,,,completed,extinction on day 15,164,161,3,0.035,7,2,4,9,15,15,0
944ef8f1908f4ae3aaec5c911797be66,971cbc06f722323250ed7d3efb70905e45d04b33e7c4fd16dd1a428671e8fd9b,c09e4f0,pilot-stage1-disease,104,9008,,bc0241eae73e5142,0.1,0,none,0.05,0.2,0,2,,,completed,extinction on day 14,301,283,18,0.015,3,2,2,10,14,14,0
313403bfb0204e1cbef27465b2853881,283408183981422f3c6e97eb4a15b8e9d9a902b78b1f3f4564d91e18bffb5818,c09e4f0,pilot-stage1-disease,104,9009,,bc0241eae73e5142,0.0,0,none,0.05,0.2,0,2,,,completed,extinction on day 11,0,0,0,0.04,8,1,4,4,11,11,0
8fdcca2d6cb7430283f9e342f3c855da,f7f2902dd02c9010d980cf0fc9ceefcc4986d4c5a45b3fdde5d860103196c71d,c09e4f0,pilot-stage1-disease,104,9009,,bc0241eae73e5142,0.01,0,none,0.05,0.2,0,2,,,completed,extinction on day 11,13,13,0,0.04,8,1,4,4,11,11,0
a6b63fa9d5b44d0fb38262946627adab,a3562d44143ee759558d32b3ead971e3b631c006333db115f44a62020db5ad06,c09e4f0,pilot-stage1-disease,104,9009,,bc0241eae73e5142,0.02,0,none,0.05,0.2,0,2,,,completed,extinction on day 24,100,93,7,0.075,15,2,6,6,24,24,0
605f2c090e1644ac9cb22610923813a5,b56599e005033ad24c7ea5499ad0dce03203e3fbd06c645678e77f7c80f5b2a7,c09e4f0,pilot-stage1-disease,104,9009,,bc0241eae73e5142,0.05,0,none,0.05,0.2,0,2,,,completed,extinction on day 22,215,201,14,0.075,15,2,6,6,22,22,0
f4fc867368cf4df9b67f761772442ce8,9bb9f0b6fa723cdb29b5d992029f1a2385e3e6bdb020bc2cc1a59b9f9331bd94,c09e4f0,pilot-stage1-disease,104,9009,,bc0241eae73e5142,0.1,0,none,0.05,0.2,0,2,,,completed,extinction on day 36,708,645,63,0.175,35,5,7,16,36,36,0
ce0f9ace9880477cbd326effa226454a,4463871787282e61b4b76dc6162ef95c19b606cb1c9bba4b4cefdc1b9e090955,c09e4f0,pilot-stage1-disease,100,9000,,ecc984f043b744b6,0.0,0,none,0.1,0.1,0,2,,,completed,extinction on day 35,0,0,0,0.05,10,1,8,6,35,35,0
fae4d0b53d1a4314a6846536ef178683,b7fcf85b7a27adfcd33cce0b2848b97439cfed55b415eb1597927fb1b89a7b80,c09e4f0,pilot-stage1-disease,100,9000,,ecc984f043b744b6,0.01,0,none,0.1,0.1,0,2,,,completed,extinction on day 56,110,98,12,0.095,19,2,10,31,56,56,0
b5fa0b4db2c2437485dc7669c79d13aa,8035aa6daf4c5e5a1bf6bb0f7b0e27eaabd5ab0ca946114b4e41fbc223555eed,c09e4f0,pilot-stage1-disease,100,9000,,ecc984f043b744b6,0.02,0,none,0.1,0.1,0,2,,,completed,extinction on day 84,338,296,42,0.255,51,5,23,40,84,84,0
670b373360624b5da0ef91ca91dff5a0,60d6d230d6b9552063185e6fb2ae144670223835dd83d12449be62f0d3f416c2,c09e4f0,pilot-stage1-disease,100,9000,,ecc984f043b744b6,0.05,0,none,0.1,0.1,0,2,,,completed,extinction on day 96,967,847,120,0.525,105,10,36,44,96,96,0
63371a1ffe8f40fd9e7ce7499f168a54,624758649cfc6fdfd282bd1648e5d3a494f1a7d64defc8ce5525ec4be493e667,c09e4f0,pilot-stage1-disease,100,9000,,ecc984f043b744b6,0.1,0,none,0.1,0.1,0,2,,,completed,extinction on day 82,1650,1451,199,1.0,200,20,55,23,82,82,0
78410822749146cba202e8055a0b999d,50a62fc38518673fb2d05d57fe095df111b59f9959c3fb1e20adfeccec91e38f,c09e4f0,pilot-stage1-disease,100,9001,,ecc984f043b744b6,0.0,0,none,0.1,0.1,0,2,,,completed,extinction on day 29,0,0,0,0.05,10,1,9,5,29,29,0
4a119ebcc9d4424ba90b66fc93979c58,b0b80c2a3454b4d889c2bf085488c9087f34a15a94b6fe438f0385f473721b42,c09e4f0,pilot-stage1-disease,100,9001,,ecc984f043b744b6,0.01,0,none,0.1,0.1,0,2,,,completed,extinction on day 84,170,157,13,0.14,28,2,9,5,84,84,0
3e4a5ae8b0af4f31bb4be2ba0da3a2ec,7449e6fad65479f76e2743844c213fa446926493742011ece429506f71a245f7,c09e4f0,pilot-stage1-disease,100,9001,,ecc984f043b744b6,0.02,0,none,0.1,0.1,0,2,,,completed,extinction on day 133,532,472,60,0.39,78,7,19,63,133,133,0
9c7ee07d572d4eba81e2069944f5f03c,ccef9b49360e1917ada84c13a82da6257af6b711db20fc19c3a1fbe6929c52ae,c09e4f0,pilot-stage1-disease,100,9001,,ecc984f043b744b6,0.05,0,none,0.1,0.1,0,2,,,completed,extinction on day 85,870,735,135,0.415,83,8,21,46,85,85,0
a7abf75d6f08485197d72b8cad845434,864abc5455e0fe17d8b6529d45d5ee2a3fcbade68f5f82876a16b4c6ee99a046,c09e4f0,pilot-stage1-disease,100,9001,,ecc984f043b744b6,0.1,0,none,0.1,0.1,0,2,,,completed,extinction on day 99,1994,1768,226,0.99,198,20,59,57,99,99,0
5097e8d53fb84c278ec941195067c939,8252fd178380ce3d152042270d2b328e230f2208a92a271c2ad2c44c00d4ee56,c09e4f0,pilot-stage1-disease,100,9002,,ecc984f043b744b6,0.0,0,none,0.1,0.1,0,2,,,completed,extinction on day 44,0,0,0,0.05,10,1,9,5,44,44,0
be00951072504dd6b544fda3821e4723,18be39c6b71b0425eb882b0bffa934d0edadcdca28099a44a892629e8cc0c15a,c09e4f0,pilot-stage1-disease,100,9002,,ecc984f043b744b6,0.01,0,none,0.1,0.1,0,2,,,completed,extinction on day 50,89,82,7,0.07,14,1,10,5,50,50,0
e82d5c07b83741488df09d0e4ae579ff,1d30aaf4f17f9f2f815c2c1ed13d04b81cbe441df830edde17ddf43d04f1287f,c09e4f0,pilot-stage1-disease,100,9002,,ecc984f043b744b6,0.02,0,none,0.1,0.1,0,2,,,completed,extinction on day 49,177,162,15,0.08,16,1,10,5,49,49,0
9595c26ab47b4defb16c805816b3d462,6f885aaae2b2116d1436708a8d8b480d46fef81511cbaf33438a6e1c9df30883,c09e4f0,pilot-stage1-disease,100,9002,,ecc984f043b744b6,0.05,0,none,0.1,0.1,0,2,,,completed,extinction on day 121,1209,1089,120,0.97,194,20,38,16,121,121,0
49003fae8c4b4347a761f8c885deaf0b,068b0dff5a0c215349696dbb11cee8f013e83e15c55903483b5386f2c2176aba,c09e4f0,pilot-stage1-disease,100,9002,,ecc984f043b744b6,0.1,0,none,0.1,0.1,0,2,,,completed,extinction on day 103,2027,1800,227,0.84,168,16,60,32,103,103,0
3c513cd9769244f8a1ae58b37c498cc7,e0aa8a064c66a4623c8d5ec4ec1b6c5068fe30270feea300b3dc4001a2ce7530,c09e4f0,pilot-stage1-disease,100,9003,,ecc984f043b744b6,0.0,0,none,0.1,0.1,0,2,,,completed,extinction on day 1,0,0,0,0.005,1,1,1,0,1,1,0
6eb61a20d82649a99708a740306a3e72,4fa6f7ca9bf9c98186a713bd5094431f3768c5572ab286f510a1f566a3d71c70,c09e4f0,pilot-stage1-disease,100,9003,,ecc984f043b744b6,0.01,0,none,0.1,0.1,0,2,,,completed,extinction on day 1,3,3,0,0.005,1,1,1,0,1,1,0
f55ce32daa454a3dbb8806fffefae2b2,9eda85d46a44700bb3462f26f323f9bfcea95700f5ea2edf7f6c27120ab487c8,c09e4f0,pilot-stage1-disease,100,9003,,ecc984f043b744b6,0.02,0,none,0.1,0.1,0,2,,,completed,extinction on day 1,5,5,0,0.005,1,1,1,0,1,1,0
5d5d84fd4b504531a05b12e81d5d45e7,8f731d89e57e733b8b9eaef92fe101a6aecc0ab64ca365af80961f9c90cc4a32,c09e4f0,pilot-stage1-disease,100,9003,,ecc984f043b744b6,0.05,0,none,0.1,0.1,0,2,,,completed,extinction on day 1,9,9,0,0.005,1,1,1,0,1,1,0
b54216d203de46959774756520186001,1fcd3ac4cf7eeb71b8cf681069ea70fab40050de6a0b375de62335ca507aa1da,c09e4f0,pilot-stage1-disease,100,9003,,ecc984f043b744b6,0.1,0,none,0.1,0.1,0,2,,,completed,extinction on day 1,16,16,0,0.005,1,1,1,0,1,1,0
348e193e9fcc4189b87e8e5fac5b15a5,d9e3fe23646db39815f7ce41ad1084dc1f36479d60abc6c5ac80b4c365e4407c,c09e4f0,pilot-stage1-disease,100,9004,,ecc984f043b744b6,0.0,0,none,0.1,0.1,0,2,,,completed,extinction on day 40,0,0,0,0.05,10,1,8,6,40,40,0
49a37b359c28438b9a3d6dfa5ac0c11e,1b14d7bd9a4f80ec078674593f519b97388f05168b93b3b151fd24ff1b6119d7,c09e4f0,pilot-stage1-disease,100,9004,,ecc984f043b744b6,0.01,0,none,0.1,0.1,0,2,,,completed,extinction on day 44,88,84,4,0.105,21,2,11,20,44,44,0
6e6a5aa3aca2470d89e1e1ac68c892b3,6dc52ab43951788743e5741ee7e75ffaec58ca2b28b0f14afa5b927a6d93b273,c09e4f0,pilot-stage1-disease,100,9004,,ecc984f043b744b6,0.02,0,none,0.1,0.1,0,2,,,completed,extinction on day 44,174,159,15,0.16,32,3,18,19,44,44,0
a88b9da0e4ab4be88bda764b8ffc5f23,0e2339a1d5b3b3389ddb63583dbb4fce159aae1266bed461b89ae6847b2ae617,c09e4f0,pilot-stage1-disease,100,9004,,ecc984f043b744b6,0.05,0,none,0.1,0.1,0,2,,,completed,extinction on day 101,1041,914,127,0.25,50,5,17,20,101,101,0
14ea782e2e6f4e01bc2b881e3182e3ba,2385dd6aa94da24113033caebdca09e396ca59604a506a4ad3152db3763aca6b,c09e4f0,pilot-stage1-disease,100,9004,,ecc984f043b744b6,0.1,0,none,0.1,0.1,0,2,,,completed,extinction on day 85,1708,1519,189,1.0,200,20,63,39,85,85,0
add088667a1a414ab690ab80b9a4347e,371749c8fa118f75ecd29cbbd720633bdb0607c7e58cf408eb8a5818bb091fc1,c09e4f0,pilot-stage1-disease,100,9005,,ecc984f043b744b6,0.0,0,none,0.1,0.1,0,2,,,completed,extinction on day 23,0,0,0,0.05,10,1,8,5,23,23,0
fa2e75adaa9245f9a4971d3bc13f1621,85d4fdf8ade1c300a932e300f905d456dd3a1669ff898cc9f8269044e44d748b,c09e4f0,pilot-stage1-disease,100,9005,,ecc984f043b744b6,0.01,0,none,0.1,0.1,0,2,,,completed,extinction on day 32,64,58,6,0.1,20,2,10,5,32,32,0
b48b86a41bc54de7bb8506cf6a656d68,8117eec46f53819552e9e1c8e459adeb2a82212e7d0b3742d089f0c8fd5705d2,c09e4f0,pilot-stage1-disease,100,9005,,ecc984f043b744b6,0.02,0,none,0.1,0.1,0,2,,,completed,extinction on day 93,408,354,54,0.33,66,6,22,21,93,93,0
2adfc5812312471486b983628675a1cb,0b9c3e1fb4e334df55e31d268292505587747a45dfb6cc745426f8a05c6b9515,c09e4f0,pilot-stage1-disease,100,9005,,ecc984f043b744b6,0.05,0,none,0.1,0.1,0,2,,,completed,extinction on day 101,1054,925,129,0.94,188,18,46,38,101,101,0
d08e7a14747c41a4808f030dc6a13f2f,72b830cd175046038a626d74fbf6ede59e566a971abc6d12a3ed7a723ad1a469,c09e4f0,pilot-stage1-disease,100,9005,,ecc984f043b744b6,0.1,0,none,0.1,0.1,0,2,,,completed,extinction on day 99,2022,1787,235,0.97,194,20,52,55,99,99,0
c86265b5d1dc4aa8adb35f000fbc63b6,0e96515dda4cd81eb0ff7681408d75d4a14c5529407a46ba13fa7254c064bd10,c09e4f0,pilot-stage1-disease,100,9006,,ecc984f043b744b6,0.0,0,none,0.1,0.1,0,2,,,completed,extinction on day 1,0,0,0,0.005,1,1,1,0,1,1,0
674ef8cfb3a54e99b9300fb07723fe85,f5ae76c60b195f3e8f8dc0660a91044de999124e52b1571d28be741d7413da88,c09e4f0,pilot-stage1-disease,100,9006,,ecc984f043b744b6,0.01,0,none,0.1,0.1,0,2,,,completed,extinction on day 1,5,5,0,0.005,1,1,1,0,1,1,0
7abe2095cdb2409e81f64b81a014988a,a2a9a1f00e3a1fe5e1baa66fe1a4875a85d4b9ee77f60fd39bb35888242d75e5,c09e4f0,pilot-stage1-disease,100,9006,,ecc984f043b744b6,0.02,0,none,0.1,0.1,0,2,,,completed,extinction on day 1,6,6,0,0.005,1,1,1,0,1,1,0
d3967282a6ba4d75853f830a0ea4db40,f0466dbf0e468faefc37a115b22b0c03c7edf0f0973bc2fd1a4cc4dbd0e2ad6f,c09e4f0,pilot-stage1-disease,100,9006,,ecc984f043b744b6,0.05,0,none,0.1,0.1,0,2,,,completed,extinction on day 1,14,12,2,0.005,1,1,1,0,1,1,0
3c5d6804d4f2478b9ba4288220c230d8,349ed2c73e494fb8cf8c48b4c36bba97a110798b9a1c3338a73335cfba89199b,c09e4f0,pilot-stage1-disease,100,9006,,ecc984f043b744b6,0.1,0,none,0.1,0.1,0,2,,,completed,extinction on day 1,19,17,2,0.005,1,1,1,0,1,1,0
05b8ea2306eb4af1b8285687b3f6b8f0,180756fea44d9415851bf27a2c7b5376e0879779cd16eeef60f949e04b7f90d9,c09e4f0,pilot-stage1-disease,100,9007,,ecc984f043b744b6,0.0,0,none,0.1,0.1,0,2,,,completed,extinction on day 29,0,0,0,0.05,10,1,6,3,29,29,0
cfe73f5c659c48d4936d215aa3eb464f,130e1aba1eee280715846560f3650506c78e703dd817fa96ef306d2928582d41,c09e4f0,pilot-stage1-disease,100,9007,,ecc984f043b744b6,0.01,0,none,0.1,0.1,0,2,,,completed,extinction on day 41,76,73,3,0.095,19,2,9,17,41,41,0
35b238a7abdb4c909989b7b0049cea7b,8d41c3e48e941c7609263e155d753ad74f6ed51e875f2854c0a1d3ba4215482f,c09e4f0,pilot-stage1-disease,100,9007,,ecc984f043b744b6,0.02,0,none,0.1,0.1,0,2,,,completed,extinction on day 93,364,330,34,0.31,62,6,22,59,93,93,0
a4ab1e48a7404810a95cc7a303e8970d,fa465f43b0058a5d5670c21ec37d44bd04d919e88156ab4b78fb4e558ebb3cc2,c09e4f0,pilot-stage1-disease,100,9007,,ecc984f043b744b6,0.05,0,none,0.1,0.1,0,2,,,completed,extinction on day 112,1105,949,156,1.0,200,20,52,58,112,112,0
dfdb7841da204e7f8dcab69e4dfdd676,365a15965701572648db515d7c5ae2eba3d6a1a70249162a0bc2443cc99144ba,c09e4f0,pilot-stage1-disease,100,9007,,ecc984f043b744b6,0.1,0,none,0.1,0.1,0,2,,,completed,extinction on day 85,1723,1539,184,1.0,200,20,75,36,85,85,0
a39adc3bdea343f3a014748d7a8ea657,ee1d4d0b29b1fc58f4499af7512e2c1301b2cd1f8a9beec815270d863dc4da61,c09e4f0,pilot-stage1-disease,100,9008,,ecc984f043b744b6,0.0,0,none,0.1,0.1,0,2,,,completed,extinction on day 38,0,0,0,0.05,10,1,6,9,38,38,0
c65af52f25194141a6ef2608a97b6ce9,b91082d93d90f16e9a2aa05df2737aa403c7546cd6b5266298c3f45ea2cd576c,c09e4f0,pilot-stage1-disease,100,9008,,ecc984f043b744b6,0.01,0,none,0.1,0.1,0,2,,,completed,extinction on day 67,155,141,14,0.195,39,4,16,37,67,67,0
87c03314c72446ccb5e4eddcc9b469a7,bbdfe1aac8c5231d53c0c3d2d4216bbc02b8b9484cc7b2ba20c258a57c7c9f28,c09e4f0,pilot-stage1-disease,100,9008,,ecc984f043b744b6,0.02,0,none,0.1,0.1,0,2,,,completed,extinction on day 83,341,304,37,0.185,37,4,17,42,83,83,0
b67a6600a75d48b8b4cbb82dd94320db,098428bfef4c65e589300582da7d741c60f46c3f3505bb86fdeef3530b8d7cd7,c09e4f0,pilot-stage1-disease,100,9008,,ecc984f043b744b6,0.05,0,none,0.1,0.1,0,2,,,completed,extinction on day 76,753,687,66,0.53,106,10,30,20,76,76,0
a3ead8e7b7b24d169acb25dcae2b7583,4223fa2ae298d632017554712248d349114424db911196518ce94f84e56b0b1a,c09e4f0,pilot-stage1-disease,100,9008,,ecc984f043b744b6,0.1,0,none,0.1,0.1,0,2,,,completed,extinction on day 92,1846,1669,177,0.995,199,20,63,47,92,92,0
986714020acf401ebf2134628064cdeb,35d7f42649dc89d7e3db344477d7e5ad8577531c15484c3c97a85c5f740e9b0a,c09e4f0,pilot-stage1-disease,100,9009,,ecc984f043b744b6,0.0,0,none,0.1,0.1,0,2,,,completed,extinction on day 29,0,0,0,0.05,10,1,6,4,29,29,0
3896779ee92a483ca76c2a80952e6eb7,d2de8a8530137746835f1df94c248846be64e8bd05d3425c1db1cecb4959cfc7,c09e4f0,pilot-stage1-disease,100,9009,,ecc984f043b744b6,0.01,0,none,0.1,0.1,0,2,,,completed,extinction on day 29,53,50,3,0.06,12,1,6,4,29,29,0
501fd3f9a0344f619920fc2eb4a9d821,47ade58f7c85d570b61b646398c8bc4d5ad2f437b3f4cfa9a8220c6d31f0c6a8,c09e4f0,pilot-stage1-disease,100,9009,,ecc984f043b744b6,0.02,0,none,0.1,0.1,0,2,,,completed,extinction on day 101,409,357,52,0.47,94,9,27,14,101,101,0
3890fac315a249a485c5db7e4f6d9f69,e7ef664c5f72981c8324ea51952c8a711b814c0dc500dd4e43e10dbd53a60949,c09e4f0,pilot-stage1-disease,100,9009,,ecc984f043b744b6,0.05,0,none,0.1,0.1,0,2,,,completed,extinction on day 90,909,850,59,0.53,106,10,47,22,90,90,0
89e0cbf3ac464fcb988309b7120f538e,215095f84e9abda98bca862ebc34b5156d50170fb24270e6be1156b50ac99af2,c09e4f0,pilot-stage1-disease,100,9009,,ecc984f043b744b6,0.1,0,none,0.1,0.1,0,2,,,completed,extinction on day 95,1964,1748,216,0.995,199,20,82,35,95,95,0
684b8f6dfffb443c8e076fbb9e9a3a36,85f05474769c807381a453bcab3c00862d4a2308ea81eaca4ff00e9ae777c25e,c09e4f0,pilot-stage1-disease,101,9000,,a94b904840df0142,0.0,0,none,0.1,0.1,0,2,,,completed,extinction on day 35,0,0,0,0.05,10,1,8,6,35,35,0
db9f3320bc9b4ce99db4604523a2b07f,0e3be316be86cc1741ae5d5a5a89237a23846bc2a8b2754381e16d379d9341e8,c09e4f0,pilot-stage1-disease,101,9000,,a94b904840df0142,0.01,0,none,0.1,0.1,0,2,,,completed,extinction on day 102,206,192,14,0.175,35,4,13,39,102,102,0
e0acba059a85441a80b889a921e9c4ba,1c78e2025eee8ea2fc3fed3bbb40a2c203a4c7f7601eb352e0a83ab6bee2a3d2,c09e4f0,pilot-stage1-disease,101,9000,,a94b904840df0142,0.02,0,none,0.1,0.1,0,2,,,completed,extinction on day 198,795,752,43,0.62,124,15,17,95,198,198,0
b16e57942e874e4aa9e4d00e16df543d,30975e89f72d308aa7721ce006e2c1e429110e62c2aec35fc0b1bdc6f9aae0f2,c09e4f0,pilot-stage1-disease,101,9000,,a94b904840df0142,0.05,0,none,0.1,0.1,0,2,,,completed,extinction on day 89,919,855,64,0.99,198,20,80,33,89,89,0
bba61e92059f4e0babf5ad9dcdf8f12e,a0e93f640330458069353e19637f408b5ffa390404e3cc8ca3fba66105d2fbe7,c09e4f0,pilot-stage1-disease,101,9000,,a94b904840df0142,0.1,0,none,0.1,0.1,0,2,,,completed,extinction on day 77,1539,1442,97,0.995,199,20,63,27,77,77,0
ca15398f53dd4c828508acd8706fa157,c7e54e85d1796c23c5f34913ab22b0bb3c1a7984047bbb98f63ae9ee2122619a,c09e4f0,pilot-stage1-disease,101,9001,,a94b904840df0142,0.0,0,none,0.1,0.1,0,2,,,completed,extinction on day 29,0,0,0,0.05,10,1,9,5,29,29,0
539de7a683044a98a4b3db8a28158ff7,c74ebb65545884f0a69806266df821a772c98a66ed386c25073094eab821483e,c09e4f0,pilot-stage1-disease,101,9001,,a94b904840df0142,0.01,0,none,0.1,0.1,0,2,,,completed,extinction on day 72,145,133,12,0.195,39,3,18,26,72,72,0
c762a4cace5b42dd8d0e819ca6f3859c,0e7d91e03a0d9650b064a15c1b01fecd654570f112a229b5fd601cccf389dad8,c09e4f0,pilot-stage1-disease,101,9001,,a94b904840df0142,0.02,0,none,0.1,0.1,0,2,,,completed,extinction on day 119,471,446,25,0.645,129,12,22,57,119,119,0
ee3f1f83228c44d984c07ffb3211cac4,e32b8aa465d52a613dfd385ff6afab77c3f65d906c590074836ff3b956c31771,c09e4f0,pilot-stage1-disease,101,9001,,a94b904840df0142,0.05,0,none,0.1,0.1,0,2,,,completed,extinction on day 80,815,779,36,0.95,190,19,53,39,80,80,0
2d1382f78fac43cfa2b4199cb3083fa1,9722c1bf655b6a80e383c743b9646b181e81f0a5e2a95cc478c71908e1c7a491,c09e4f0,pilot-stage1-disease,101,9001,,a94b904840df0142,0.1,0,none,0.1,0.1,0,2,,,completed,extinction on day 69,1399,1308,91,0.995,199,20,112,17,69,69,0
206d52131d3e4b41bb35fdad6c723277,e37ac827212286de5b201d135dafe7d17c8fead4f2044af7bc396716e6a1ab22,c09e4f0,pilot-stage1-disease,101,9002,,a94b904840df0142,0.0,0,none,0.1,0.1,0,2,,,completed,extinction on day 44,0,0,0,0.05,10,1,9,5,44,44,0
2df990c46cb04c42b24c0bf4e1776f68,69bbd614c831e2e70206db3f9989a3e2f616b05784bdcaa95b7409b68dcaf3d3,c09e4f0,pilot-stage1-disease,101,9002,,a94b904840df0142,0.01,0,none,0.1,0.1,0,2,,,completed,extinction on day 48,89,84,5,0.075,15,1,10,5,48,48,0
507c7623f4da493bbc860f7b58ece4ea,7f027251211f549b0cb70e515a6933ae3b89b83875caed618cbc753ab153bd6e,c09e4f0,pilot-stage1-disease,101,9002,,a94b904840df0142,0.02,0,none,0.1,0.1,0,2,,,completed,extinction on day 25,94,89,5,0.07,14,1,11,5,25,25,0
d838cb8d66ad4cd3a8a7c95c3651cfdd,ee8b7567e2d1665636166e564569ce9266d8f53289e46c92f66301860345f823,c09e4f0,pilot-stage1-disease,101,9002,,a94b904840df0142,0.05,0,none,0.1,0.1,0,2,,,completed,extinction on day 171,1741,1628,113,0.955,191,19,41,38,171,171,0
1695219e2ded4701a2890afbad308ec5,c69fc759ff176cd9c9c62f9bedeb58373f59fcc78f6437afb82f3cab5fb6e064,c09e4f0,pilot-stage1-disease,101,9002,,a94b904840df0142,0.1,0,none,0.1,0.1,0,2,,,completed,extinction on day 91,1776,1670,106,0.995,199,20,82,19,91,91,0
640db04c7e614e8f8d176762fadf4253,a5b2107602351c68c87bbdf87542f6da423e8ebdb2f528eb555b3f929b8dddde,c09e4f0,pilot-stage1-disease,101,9003,,a94b904840df0142,0.0,0,none,0.1,0.1,0,2,,,completed,extinction on day 1,0,0,0,0.005,1,1,1,0,1,1,0
3be444398bd248c6b2714f131cf2606e,1a991f4d60c41bc3141fd7a81bceefb87c403ff33527551a71aa3f9b326eb2e2,c09e4f0,pilot-stage1-disease,101,9003,,a94b904840df0142,0.01,0,none,0.1,0.1,0,2,,,completed,extinction on day 1,3,3,0,0.005,1,1,1,0,1,1,0
aae234d8d5b0475996dbe2f93776473b,06ceb449cbb0a45a1256052ea9dc92af3948eaeb1312389cbd775005aa6b6118,c09e4f0,pilot-stage1-disease,101,9003,,a94b904840df0142,0.02,0,none,0.1,0.1,0,2,,,completed,extinction on day 1,5,5,0,0.005,1,1,1,0,1,1,0
a8d08225bc0e419997c2bab94abed8dc,294cd76270cddab6393d43cf20939618aacf86bb411562bb48d871dcfb1b7c1f,c09e4f0,pilot-stage1-disease,101,9003,,a94b904840df0142,0.05,0,none,0.1,0.1,0,2,,,completed,extinction on day 1,9,9,0,0.005,1,1,1,0,1,1,0
d244b155620d48b382fb470923751ae6,a6604365bd696f1854983d6a401407f3c16fe5d6a8acd0d39ebcd0357f2b2d4e,c09e4f0,pilot-stage1-disease,101,9003,,a94b904840df0142,0.1,0,none,0.1,0.1,0,2,,,completed,extinction on day 1,16,16,0,0.005,1,1,1,0,1,1,0
0c781b20f5a544ccbda2a627da135b28,0249fdba07ff22122fec134ce99bf02239ab6459534e7fde0786f2bb6f71ca4d,c09e4f0,pilot-stage1-disease,101,9004,,a94b904840df0142,0.0,0,none,0.1,0.1,0,2,,,completed,extinction on day 40,0,0,0,0.05,10,1,8,6,40,40,0
b8599c7cfa2e46edadbc2a9bf2ebeeb5,873afac999bb40d2d6f539d8a205546d479f5f25e2495fac04caf3a20e97ba4c,c09e4f0,pilot-stage1-disease,101,9004,,a94b904840df0142,0.01,0,none,0.1,0.1,0,2,,,completed,extinction on day 44,88,84,4,0.115,23,2,11,20,44,44,0
491024fef2b046d8aba573630e36bfba,964e51bc7938cb0a0bdf7b223533dfa40f5baad0c17078dfbbc599dabc0ea854,c09e4f0,pilot-stage1-disease,101,9004,,a94b904840df0142,0.02,0,none,0.1,0.1,0,2,,,completed,extinction on day 131,567,540,27,0.575,115,11,39,24,131,131,0
dd290ee71f924d98a1f16e8b95c50b16,7af0e6cec5263d5385e7127197b65bf8f9d98671befa78ff14d5eff07bfca526,c09e4f0,pilot-stage1-disease,101,9004,,a94b904840df0142,0.05,0,none,0.1,0.1,0,2,,,completed,extinction on day 115,1177,1092,85,0.77,154,15,36,37,115,115,0
b74b391e49e248aa87911d160a678052,824df98651a587bde91364f37056f4e7dd691863bec168494046dec7390ca654,c09e4f0,pilot-stage1-disease,101,9004,,a94b904840df0142,0.1,0,none,0.1,0.1,0,2,,,completed,extinction on day 85,1708,1604,104,0.99,198,20,84,28,85,85,0
0a6601aab38745c7a9c35efc54c8f1e2,2cf6efc1fac32453ee4b12975ffc7d5a50f09e24c6c493d823bc73617d1cad1f,c09e4f0,pilot-stage1-disease,101,9005,,a94b904840df0142,0.0,0,none,0.1,0.1,0,2,,,completed,extinction on day 23,0,0,0,0.05,10,1,8,5,23,23,0
2b7836a175a34535b070c839dc4fe11e,7b3befcd58b0db7c1e9f9d25ad8a3c08adc267d7babf8263f10d965619eb0073,c09e4f0,pilot-stage1-disease,101,9005,,a94b904840df0142,0.01,0,none,0.1,0.1,0,2,,,completed,extinction on day 64,136,121,15,0.145,29,3,10,28,64,64,0
833dc7bdd389485c8729c79f2bb0378e,e697e6678da8446a008706f77a42e6914ff76a62fc7fcca5d1d1238c5aa414bd,c09e4f0,pilot-stage1-disease,101,9005,,a94b904840df0142,0.02,0,none,0.1,0.1,0,2,,,completed,extinction on day 62,270,248,22,0.18,36,4,13,23,62,62,0
bb13a73ba0f34e18880cfb0c275b2fdb,8c9a6262aa3d404efe2f03efddc070fa8ba99eb3e8d7a9719b96ad75ced882a2,c09e4f0,pilot-stage1-disease,101,9005,,a94b904840df0142,0.05,0,none,0.1,0.1,0,2,,,completed,extinction on day 100,1045,990,55,0.97,194,20,59,40,100,100,0
d5b08c94561a4106b5dac608f462354c,b4c69d7bf54c63138aa46b509592fed1d8bbbb7fb4ed33d5409bfcf44cb76413,c09e4f0,pilot-stage1-disease,101,9005,,a94b904840df0142,0.1,0,none,0.1,0.1,0,2,,,completed,extinction on day 73,1485,1393,92,0.985,197,19,60,31,73,73,0
02f304be9cbd4769a970ec05f0f10812,2df9bcd8b48ae5966f297b9453131d08463639a2537176a1524773b4ce00d5ca,c09e4f0,pilot-stage1-disease,101,9006,,a94b904840df0142,0.0,0,none,0.1,0.1,0,2,,,completed,extinction on day 1,0,0,0,0.005,1,1,1,0,1,1,0
2ec9ee9d0fe74a55b5515209dd3c4e93,9bd8a36df969aa35c3d1d064b50efa4ff87464da7b293d28cb9fd0cd5149fc66,c09e4f0,pilot-stage1-disease,101,9006,,a94b904840df0142,0.01,0,none,0.1,0.1,0,2,,,completed,extinction on day 1,5,5,0,0.005,1,1,1,0,1,1,0
4fbd23df129340088c59cc1b0db52591,7db4509ff196b0acf4eaac0c9f71130d79d6dcf5d596499c0249005c6b6c841f,c09e4f0,pilot-stage1-disease,101,9006,,a94b904840df0142,0.02,0,none,0.1,0.1,0,2,,,completed,extinction on day 1,6,6,0,0.005,1,1,1,0,1,1,0
4ad54d894e5744bc993f8b977cc22ae8,eef977d5827a9d40814efd402283cf77be5b9bf07bd21b81020b8f2bcc3a7cf4,c09e4f0,pilot-stage1-disease,101,9006,,a94b904840df0142,0.05,0,none,0.1,0.1,0,2,,,completed,extinction on day 1,14,14,0,0.005,1,1,1,0,1,1,0
999e517631f248e5a026dba4ad56dd90,942bb143ab2768a2b7c77bf508b7dd14def9746e54a505d06650177427d7ac84,c09e4f0,pilot-stage1-disease,101,9006,,a94b904840df0142,0.1,0,none,0.1,0.1,0,2,,,completed,extinction on day 1,19,18,1,0.005,1,1,1,0,1,1,0
e3042237e991416084e18b85e2644824,01f425c6c72cc3ece8fd923ab2802ef87ec10361e05c576118e85b7864eabd68,c09e4f0,pilot-stage1-disease,101,9007,,a94b904840df0142,0.0,0,none,0.1,0.1,0,2,,,completed,extinction on day 29,0,0,0,0.05,10,1,6,3,29,29,0
a4e4f5b3066540399d8e9f7a8dc58e13,cff25ab685d3899196bc7398757dff7d6a36d9871ceb76092c81a0c17c615216,c09e4f0,pilot-stage1-disease,101,9007,,a94b904840df0142,0.01,0,none,0.1,0.1,0,2,,,completed,extinction on day 34,62,58,4,0.11,22,2,8,16,34,34,0
20a460785de4412fa83242a183c9bdee,6d17e111c5ace1de4365dcfa6f3ea482404efb9ae8893a88d211eb04b52e98f8,c09e4f0,pilot-stage1-disease,101,9007,,a94b904840df0142,0.02,0,none,0.1,0.1,0,2,,,completed,extinction on day 77,298,271,27,0.27,54,6,13,60,77,77,0
64cb5aa8478e4f10b79957579f1c67af,dcf4c7bf85dd0fa3397fffed5a3a640fde7d9af7ffcbd0fb2f5bd1b8cc85baa5,c09e4f0,pilot-stage1-disease,101,9007,,a94b904840df0142,0.05,0,none,0.1,0.1,0,2,,,completed,extinction on day 112,1105,1031,74,0.96,192,19,63,37,112,112,0
c4a149d0788f470c9f3349dcfd3397d8,c4d35af6e400b5447935f2b60ecfa93b67b1ff54d2751b741daa3d3a91e94097,c09e4f0,pilot-stage1-disease,101,9007,,a94b904840df0142,0.1,0,none,0.1,0.1,0,2,,,completed,extinction on day 85,1723,1644,79,1.0,200,20,77,26,85,85,0
d034f769d38c41c085934d024584a812,5639b7461bfbf2179007f56d5bb51de2f5c1f1fd4afec4212fab1aa3056fab82,c09e4f0,pilot-stage1-disease,101,9008,,a94b904840df0142,0.0,0,none,0.1,0.1,0,2,,,completed,extinction on day 38,0,0,0,0.05,10,1,6,9,38,38,0
8c4665c6eb5546f89a665f8003d3dab6,624126b1d09987dfb410ec1cb18f8e71336cc1c79e9b527a11d2467339bf9026,c09e4f0,pilot-stage1-disease,101,9008,,a94b904840df0142,0.01,0,none,0.1,0.1,0,2,,,completed,extinction on day 90,199,186,13,0.38,76,7,32,67,90,90,0
06b271c06ff54109bc478b208c428558,e60892777e5ba65762c0d239d378f6357ee37d8dda4cf0a96efd45428f111d23,c09e4f0,pilot-stage1-disease,101,9008,,a94b904840df0142,0.02,0,none,0.1,0.1,0,2,,,completed,extinction on day 70,289,275,14,0.145,29,2,12,37,70,70,0
3f2f6dba0a9345238f066de6c2ea9555,bb4224abf28d808d325944a9319e8de50331654dae05e39625a9f046dce6f1aa,c09e4f0,pilot-stage1-disease,101,9008,,a94b904840df0142,0.05,0,none,0.1,0.1,0,2,,,completed,extinction on day 90,896,832,64,0.965,193,20,71,25,90,90,0
dc1243568df44008b7e7e053173823b4,3d31712bc21d5fd711b6a96cc1fd10a5744a7d47616bd934c6cfb054194c7e4f,c09e4f0,pilot-stage1-disease,101,9008,,a94b904840df0142,0.1,0,none,0.1,0.1,0,2,,,completed,extinction on day 76,1534,1436,98,0.995,199,20,81,36,76,76,0
fb209d68cae241438a4ef062044e5083,45c0f57eea6fb513d0cba5899039cb51701d2f02dfea35765007bfcdae985e5a,c09e4f0,pilot-stage1-disease,101,9009,,a94b904840df0142,0.0,0,none,0.1,0.1,0,2,,,completed,extinction on day 29,0,0,0,0.05,10,1,6,4,29,29,0
78e364e1b6ce4d04afd17db272dec5a2,f801a1091cc8a48e70f60480c236ad988ef58f3f70aac9c98a782ecfbc1e3a57,c09e4f0,pilot-stage1-disease,101,9009,,a94b904840df0142,0.01,0,none,0.1,0.1,0,2,,,completed,extinction on day 29,53,49,4,0.055,11,1,6,4,29,29,0
a8d404f6a6c84e26b7c7ac9c3189d217,e0d70dcdd5e56af71b8e210ff1803f89c46d947c6917099c755b561dca3ffcca,c09e4f0,pilot-stage1-disease,101,9009,,a94b904840df0142,0.02,0,none,0.1,0.1,0,2,,,completed,extinction on day 53,215,207,8,0.205,41,4,20,14,53,53,0
a5c0c6fda03d4db2ae8fa628e2a7b62d,fd74f302b9347954374fc56626e6eda5cbf21b695afe9441f19b70d65677da49,c09e4f0,pilot-stage1-disease,101,9009,,a94b904840df0142,0.05,0,none,0.1,0.1,0,2,,,completed,extinction on day 95,968,912,56,0.965,193,19,62,45,95,95,0
9ac06bb9ba8d49ad94e0a12d1ea9c123,ee3d3b3b6af6b3f66363d3597fa8ff056447448feef029d3f78ef438e62de01f,c09e4f0,pilot-stage1-disease,101,9009,,a94b904840df0142,0.1,0,none,0.1,0.1,0,2,,,completed,extinction on day 95,1964,1861,103,1.0,200,20,90,35,95,95,0
411a2667811f4393b0b44599aea4ee75,2d0eec8a7e8012e78b77bdef24f571417c35676f377f1df542d1ad350cf6ef0e,c09e4f0,pilot-stage1-disease,102,9000,,0a9f06b6dff3de72,0.0,0,none,0.1,0.1,0,2,,,completed,extinction on day 35,0,0,0,0.05,10,1,8,6,35,35,0
cd2c53f511d7493d9eaec669f3962ced,13461d61d619710f748bc5c22928f8736aef2f8b61d11beaf99352dbd275480a,c09e4f0,pilot-stage1-disease,102,9000,,0a9f06b6dff3de72,0.01,0,none,0.1,0.1,0,2,,,completed,extinction on day 58,115,114,1,0.18,36,3,14,36,58,58,0
000b9e78d61d4ac3bb46b37258657b34,13830bd91c0627bd29bda90cc2d3f1f9dd4e9e8b3c2f44b41a5b3f89089637dd,c09e4f0,pilot-stage1-disease,102,9000,,0a9f06b6dff3de72,0.02,0,none,0.1,0.1,0,2,,,completed,extinction on day 117,455,411,44,0.52,104,11,34,47,117,117,0
2c2a6f9d6fe04caa9b7f063243d3f60e,886c08528fcf64b1d21b9b660aabe4d7b3b39843b292f4666bfc63aebc768ac7,c09e4f0,pilot-stage1-disease,102,9000,,0a9f06b6dff3de72,0.05,0,none,0.1,0.1,0,2,,,completed,extinction on day 113,1141,1077,64,0.97,194,20,42,71,113,113,0
74d62588c06e407780138a9a9c7619c4,aaaa0c5554d4f14af36e046f939c0841e8fd7df682f71aa61209b8bf57d491ab,c09e4f0,pilot-stage1-disease,102,9000,,0a9f06b6dff3de72,0.1,0,none,0.1,0.1,0,2,,,completed,extinction on day 62,1248,1171,77,0.995,199,20,86,29,62,62,0
51bebbcea6a44ff6b6ae84d2a218bb4b,0b0a75f8b328a700305578cacf84b4745e8a18fff369dbdb1d6005f0c6ce5048,c09e4f0,pilot-stage1-disease,102,9001,,0a9f06b6dff3de72,0.0,0,none,0.1,0.1,0,2,,,completed,extinction on day 29,0,0,0,0.05,10,1,9,5,29,29,0
2965f85b457c49c5a28de97e759d3e5a,01561e46ec7e6c9f680e741d175cff9996f6229bd5b38e02fadcf97988864943,c09e4f0,pilot-stage1-disease,102,9001,,0a9f06b6dff3de72,0.01,0,none,0.1,0.1,0,2,,,completed,extinction on day 41,82,78,4,0.085,17,2,9,5,41,41,0
13d37d8fa09b47cc8ed75441ec8c51e9,beab751f89d55cda22db0c35964cb96953f1a8698d68486b231cb44fb0033a05,c09e4f0,pilot-stage1-disease,102,9001,,0a9f06b6dff3de72,0.02,0,none,0.1,0.1,0,2,,,completed,extinction on day 120,478,446,32,0.595,119,12,25,82,120,120,0
ff866a9e28d646b9ad726c12cdb8366c,f88b60160648e4b02df2d33fecbd941f3d82303bbeb952fd0469f6ee626a815a,c09e4f0,pilot-stage1-disease,102,9001,,0a9f06b6dff3de72,0.05,0,none,0.1,0.1,0,2,,,completed,extinction on day 120,1219,1132,87,0.885,177,18,38,73,120,120,0
46403619b2124989af9b42777428b514,55ede3d8fc340115641cc9dc8c3ff1238e0540ff6830c73d706aee7d6e6c6104,c09e4f0,pilot-stage1-disease,102,9001,,0a9f06b6dff3de72,0.1,0,none,0.1,0.1,0,2,,,completed,extinction on day 80,1634,1531,103,0.975,195,20,57,49,80,80,0
13dae2ddaa4c4a1e80d01777631d2dea,2f3fa17833e5f35cf31bc2247e810fac7dc4b716ed4c470613114330a0c83255,c09e4f0,pilot-stage1-disease,102,9002,,0a9f06b6dff3de72,0.0,0,none,0.1,0.1,0,2,,,completed,extinction on day 44,0,0,0,0.05,10,1,9,5,44,44,0
37cce1a8473f4e7493b9ce15beb6350b,49fac1294c3f307cb47bdec3b43fb4cbccdb40a9cfcfc2b13bd73097fafbbd85,c09e4f0,pilot-stage1-disease,102,9002,,0a9f06b6dff3de72,0.01,0,none,0.1,0.1,0,2,,,completed,extinction on day 63,112,109,3,0.06,12,1,9,5,63,63,0
42275b5f4a1541199635b0f1cda5ff30,9e3279fa34fe6fe6abdc13035ba25a1b27b0b745af8660313c412cc066e3387e,c09e4f0,pilot-stage1-disease,102,9002,,0a9f06b6dff3de72,0.02,0,none,0.1,0.1,0,2,,,completed,extinction on day 44,165,154,11,0.065,13,1,9,5,44,44,0
607edfc575994dc0a17f0c4a7fb13845,47bd80d4eee41c8ec023115a3c8fbdd2cbeccec703d143d7297bffef577fb27e,c09e4f0,pilot-stage1-disease,102,9002,,0a9f06b6dff3de72,0.05,0,none,0.1,0.1,0,2,,,completed,extinction on day 127,1279,1189,90,0.99,198,20,46,71,127,127,0
10fd80eeea4e4248a450751a3f42df39,2ccbf5e41160ed033b574fab78ae7bbff24e2f55c385fc59e24bdfcee21d4d64,c09e4f0,pilot-stage1-disease,102,9002,,0a9f06b6dff3de72,0.1,0,none,0.1,0.1,0,2,,,completed,extinction on day 91,1776,1648,128,1.0,200,20,59,52,91,91,0
64772b5388b24be0a2da47bc04694cb4,2998eb625a8e593f4eb36ebe5a94abc663eb5753d7b44b0b1cfbe2993237b5c8,c09e4f0,pilot-stage1-disease,102,9003,,0a9f06b6dff3de72,0.0,0,none,0.1,0.1,0,2,,,completed,extinction on day 1,0,0,0,0.005,1,1,1,0,1,1,0
69fac5815a8e4bd98c9c369520368242,3a08ad0bc10c9a7a70f927a7537d0e6d5576bc4434908b73b7b984d96b39f8b5,c09e4f0,pilot-stage1-disease,102,9003,,0a9f06b6dff3de72,0.01,0,none,0.1,0.1,0,2,,,completed,extinction on day 1,3,3,0,0.005,1,1,1,0,1,1,0
f764380314844c6b8b38c1202ce00202,4662daf6508785624adfb2d09b1c666a398aac636b76e40e09a18bc673a0d213,c09e4f0,pilot-stage1-disease,102,9003,,0a9f06b6dff3de72,0.02,0,none,0.1,0.1,0,2,,,completed,extinction on day 1,5,5,0,0.005,1,1,1,0,1,1,0
661087126c9244b2badaba05025924ee,45d99e5beaf6f6c6966fc13c7ed60e5a95e29a1981bf866c700a26abfe74d6b9,c09e4f0,pilot-stage1-disease,102,9003,,0a9f06b6dff3de72,0.05,0,none,0.1,0.1,0,2,,,completed,extinction on day 1,9,9,0,0.005,1,1,1,0,1,1,0
a8eb86891be84ba0befec138bfb6d1ff,17300f2f7f36d704789d6d5172fd67c1e6c11d26a629b84340db95f4873a64f3,c09e4f0,pilot-stage1-disease,102,9003,,0a9f06b6dff3de72,0.1,0,none,0.1,0.1,0,2,,,completed,extinction on day 1,16,16,0,0.005,1,1,1,0,1,1,0
f3caee9b060a4952ad047a1c12905cb9,21162a55e5d94ae0716e033d28c4bb7e39d31de843fb96b620663ef001b8fef2,c09e4f0,pilot-stage1-disease,102,9004,,0a9f06b6dff3de72,0.0,0,none,0.1,0.1,0,2,,,completed,extinction on day 40,0,0,0,0.05,10,1,8,6,40,40,0
334c5bf962a84d64a05ce5770636afe8,74d82f95f6fe8891bb3ec75c967c33425416b145b969d8c3b328c5499c67d4b3,c09e4f0,pilot-stage1-disease,102,9004,,0a9f06b6dff3de72,0.01,0,none,0.1,0.1,0,2,,,completed,extinction on day 40,80,78,2,0.11,22,3,10,20,40,40,0
d96464f9d65a4c1e8a7cd6673ad1692b,92ede4991d1e6c918fad2b4b761e0e687807b8bf11ddcff81c77e56ce8c4be90,c09e4f0,pilot-stage1-disease,102,9004,,0a9f06b6dff3de72,0.02,0,none,0.1,0.1,0,2,,,completed,extinction on day 87,369,343,26,0.245,49,5,16,28,87,87,0
ce01a0a0b58a4ccc864925304102bc5c,b38b12c9487c6586be87683064ea1a9764d043145461adcba461af1d27722d04,c09e4f0,pilot-stage1-disease,102,9004,,0a9f06b6dff3de72,0.05,0,none,0.1,0.1,0,2,,,completed,extinction on day 188,1906,1759,147,0.955,191,20,33,138,188,188,0
31e177cca2a84dc2b7dcb48d4f98d60e,c6b05ea5c2f2835b56a25a6038e66e441a28b59b2d6b028686539527daa16ab8,c09e4f0,pilot-stage1-disease,102,9004,,0a9f06b6dff3de72,0.1,0,none,0.1,0.1,0,2,,,completed,extinction on day 85,1708,1570,138,1.0,200,20,87,21,85,85,0
e4611abe3dac4761b9574ccfa2838c19,ff97f4693e187b3160a2f7855b7415ead77aab00479f0ba0d1be88908e7e859a,c09e4f0,pilot-stage1-disease,102,9005,,0a9f06b6dff3de72,0.0,0,none,0.1,0.1,0,2,,,completed,extinction on day 23,0,0,0,0.05,10,1,8,5,23,23,0
7267d487180e46839ab6749690d3d2bf,8b5c9460b4cb4f0fb5e53ecf837499430e1938ada87f5b0d7599ba74448f5c55,c09e4f0,pilot-stage1-disease,102,9005,,0a9f06b6dff3de72,0.01,0,none,0.1,0.1,0,2,,,completed,extinction on day 42,85,81,4,0.115,23,2,9,5,42,42,0
e55c669379ff4d6eb11c0735a03e83fb,fb9378d508f6a0f641ddcc9abc5926adc60efa981c75176995e94bb1d42a659c,c09e4f0,pilot-stage1-disease,102,9005,,0a9f06b6dff3de72,0.02,0,none,0.1,0.1,0,2,,,completed,extinction on day 79,339,314,25,0.335,67,7,17,55,79,79,0
0d88ece97db342ce9a3ff02a8cebd732,07d72ede2c5cbe93a77d50c7369f96fd961b1c5ff16186227160c7bfa89e11d4,c09e4f0,pilot-stage1-disease,102,9005,,0a9f06b6dff3de72,0.05,0,none,0.1,0.1,0,2,,,completed,extinction on day 76,786,732,54,0.965,193,19,63,35,76,76,0
b5bcd67302764c70928fc1b95c1dd457,a34265943241e5185ff394515d218009c829157205a00a6c91c93333bb19cb2c,c09e4f0,pilot-stage1-disease,102,9005,,0a9f06b6dff3de72,0.1,0,none,0.1,0.1,0,2,,,completed,extinction on day 65,1289,1198,91,0.98,196,20,65,37,65,65,0
d32f5d4fbcac426a889cb9b3d5118559,fefc73932baf11c803b9944b8e644f625da971332da47817740358bd267c9789,c09e4f0,pilot-stage1-disease,102,9006,,0a9f06b6dff3de72,0.0,0,none,0.1,0.1,0,2,,,completed,extinction on day 1,0,0,0,0.005,1,1,1,0,1,1,0
56cde1686cbb45ed9534d77d0b0a7dcc,ee1039b9155b0ab67247c708ceb4bce1340c5f361e2bf98a8d8f70b83829b1ec,c09e4f0,pilot-stage1-disease,102,9006,,0a9f06b6dff3de72,0.01,0,none,0.1,0.1,0,2,,,completed,extinction on day 1,5,5,0,0.005,1,1,1,0,1,1,0
374bd31de4b64805a5c47794e389f80f,e65ad33f60eeb47bb503310f1b593588d60a49ccd5d0846a7352b64c885d5eae,c09e4f0,pilot-stage1-disease,102,9006,,0a9f06b6dff3de72,0.02,0,none,0.1,0.1,0,2,,,completed,extinction on day 1,6,6,0,0.005,1,1,1,0,1,1,0
ce984f8f3aa34ffb878b1ae95a12f2c0,61ec18cc12d9b332d49c3514403161aec35becb22d78e10ef559482c2bad0301,c09e4f0,pilot-stage1-disease,102,9006,,0a9f06b6dff3de72,0.05,0,none,0.1,0.1,0,2,,,completed,extinction on day 1,14,14,0,0.005,1,1,1,0,1,1,0
80e1ca6ee5aa40d68b4f4c1a54aa2a77,26a6222087c54ea67d6fcafbf37ded983cce8fc55aa5e8bd3b7b4ef4b62e6d38,c09e4f0,pilot-stage1-disease,102,9006,,0a9f06b6dff3de72,0.1,0,none,0.1,0.1,0,2,,,completed,extinction on day 1,19,19,0,0.005,1,1,1,0,1,1,0
a0dfe6be599e42b588866120efdda672,a80094bf8bd8eace8aa22fc883872ddcc62fe0e42cea7e94b5bbd1ec5f557d9c,c09e4f0,pilot-stage1-disease,102,9007,,0a9f06b6dff3de72,0.0,0,none,0.1,0.1,0,2,,,completed,extinction on day 29,0,0,0,0.05,10,1,6,3,29,29,0
7c53eb79e18741d3bae40f78adf38468,121288144142a0884d9b73be19b01cce3e00aaba1362dd2908f0c0fd5fc4cb79,c09e4f0,pilot-stage1-disease,102,9007,,0a9f06b6dff3de72,0.01,0,none,0.1,0.1,0,2,,,completed,extinction on day 152,301,284,17,0.655,131,13,21,124,152,152,0
3b6fdd20e1ac49ba8fd65cc747be792f,2b7b64cc569cc54f1fffbcde6d0b410462cb7245ee7b32a4cf60ca55f0b6756f,c09e4f0,pilot-stage1-disease,102,9007,,0a9f06b6dff3de72,0.02,0,none,0.1,0.1,0,2,,,completed,extinction on day 84,325,306,19,0.385,77,7,21,14,84,84,0
11c4bce9c9014bb096ea295adb444107,61a3d60143dec7cfd42aa82890fcbfdb2ed4bf74fa08573ac1a775da63d2641f,c09e4f0,pilot-stage1-disease,102,9007,,0a9f06b6dff3de72,0.05,0,none,0.1,0.1,0,2,,,completed,extinction on day 77,762,708,54,0.95,190,18,59,26,77,77,0
7d6f133f616e4359b4d3c5fc4f75d9b6,caeccd85c619ed50036a5724dc2bc57b78f71a11533c5edcb3baf36d97064c64,c09e4f0,pilot-stage1-disease,102,9007,,0a9f06b6dff3de72,0.1,0,none,0.1,0.1,0,2,,,completed,extinction on day 74,1488,1397,91,0.995,199,20,78,31,74,74,0
93b16d18002d44d7bfafea82681eb8a4,1c772f91296c1360b496ac0fa15930d727ba52934723a01a6083e1794f508ae9,c09e4f0,pilot-stage1-disease,102,9008,,0a9f06b6dff3de72,0.0,0,none,0.1,0.1,0,2,,,completed,extinction on day 38,0,0,0,0.05,10,1,6,9,38,38,0
f18f8a058d32489f8819635cd28928d1,3806e3ef283960cd66a5b609b753d3e786e78618e456e1dfebcc70b83ca0694a,c09e4f0,pilot-stage1-disease,102,9008,,0a9f06b6dff3de72,0.01,0,none,0.1,0.1,0,2,,,completed,extinction on day 108,234,220,14,0.6,120,14,26,45,108,108,0
cc109e2f151940dea0b6f7c0b0040400,96756f36a156218c06b4066eda92a87ba5d6280712ac8a7adfdb16f1cc51e21e,c09e4f0,pilot-stage1-disease,102,9008,,0a9f06b6dff3de72,0.02,0,none,0.1,0.1,0,2,,,completed,extinction on day 121,512,484,28,0.825,165,15,44,47,121,121,0
3aa316639458498db78aed576a905468,a7ef75fb0de452093da4fc1078b940128992c2c2b0376d618a7753d3e53f555e,c09e4f0,pilot-stage1-disease,102,9008,,0a9f06b6dff3de72,0.05,0,none,0.1,0.1,0,2,,,completed,extinction on day 95,950,863,87,0.96,192,20,57,39,95,95,0
ee9d9678e5814b0aa72cf1bbad395fa1,b49050bcb65d1b742ca1cdf7c84de210f1c0bc8f4768fcaa0900f27349e074d5,c09e4f0,pilot-stage1-disease,102,9008,,0a9f06b6dff3de72,0.1,0,none,0.1,0.1,0,2,,,completed,extinction on day 89,1782,1653,129,1.0,200,20,81,28,89,89,0
9d5a7cdf70d44791967a4f911673df2f,3622be810fa91ea4ae4160683b40131f97ef0dc98ce75dd8cf6b702e5374144c,c09e4f0,pilot-stage1-disease,102,9009,,0a9f06b6dff3de72,0.0,0,none,0.1,0.1,0,2,,,completed,extinction on day 29,0,0,0,0.05,10,1,6,4,29,29,0
d08a6a222d1b45d7b6449de5b96ee04f,98db0fbec6e1271406d0612eb10d84c7341ca30e7e024efd610ddedf0cf3a8fe,c09e4f0,pilot-stage1-disease,102,9009,,0a9f06b6dff3de72,0.01,0,none,0.1,0.1,0,2,,,completed,extinction on day 76,166,160,6,0.115,23,2,7,4,76,76,0
c3b711d2006e4632a1b20c581368fb43,845356b9d45bcc038ff6eb46e65dfbd9c901a45fa4cb39e06a925fd950e85718,c09e4f0,pilot-stage1-disease,102,9009,,0a9f06b6dff3de72,0.02,0,none,0.1,0.1,0,2,,,completed,extinction on day 34,136,135,1,0.16,32,3,19,8,34,34,0
a63beca09f9a406c811f82259fcfc440,da33aaebae9787c8ea6fb92fe7c87625f22d5b0ec1ae96f24e36493868ab3e61,c09e4f0,pilot-stage1-disease,102,9009,,0a9f06b6dff3de72,0.05,0,none,0.1,0.1,0,2,,,completed,extinction on day 78,772,729,43,0.995,199,20,75,27,78,78,0
866123cd5e9548e69af72e5e1fec67ce,c2ba1d679af419a4b77da055b040bb45b0b8114d84e6e063eec2bf784a2c1afd,c09e4f0,pilot-stage1-disease,102,9009,,0a9f06b6dff3de72,0.1,0,none,0.1,0.1,0,2,,,completed,extinction on day 91,1874,1745,129,1.0,200,20,82,28,91,91,0
af078521c2dc4ed2a71edf516896e631,65b4cc4b59a2785ade3e8a12347ab96cfa607c8638d5ef2eaf005868c4102931,c09e4f0,pilot-stage1-disease,103,9000,,3eba5fa24d22e1a9,0.0,0,none,0.1,0.1,0,2,,,completed,extinction on day 35,0,0,0,0.05,10,1,8,6,35,35,0
5266f7694a274edc9fcd88c908ca0d37,c6a11e0ebc8b5cfebb4d4d29de49e5fbfe9650cc22444a6b384f40c58aaca583,c09e4f0,pilot-stage1-disease,103,9000,,3eba5fa24d22e1a9,0.01,0,none,0.1,0.1,0,2,,,completed,extinction on day 102,206,202,4,0.21,42,4,13,31,102,102,0
58a57a70ff98475687b8a24e6f624357,b1af0f9e9fd2f22cc100a794c78bd9a775232e43fde4fb1d439bcbc737cee34a,c09e4f0,pilot-stage1-disease,103,9000,,3eba5fa24d22e1a9,0.02,0,none,0.1,0.1,0,2,,,completed,extinction on day 126,490,457,33,0.375,75,8,13,52,126,126,0
a4cb05c9e996439bb1ea7d7eba5164ac,5391e1006ff30d18c52069fee9582cae9250e432457069e88675ebee4b52cf20,c09e4f0,pilot-stage1-disease,103,9000,,3eba5fa24d22e1a9,0.05,0,none,0.1,0.1,0,2,,,completed,extinction on day 152,1564,1493,71,0.99,198,20,28,67,152,152,0
f7395c01be3041ba99bf72d11e680924,3c201efd354a749e9f64e3b694a3bfcb2df6670b0d24e3007faf8314981b0970,c09e4f0,pilot-stage1-disease,103,9000,,3eba5fa24d22e1a9,0.1,0,none,0.1,0.1,0,2,,,completed,extinction on day 102,2048,1943,105,1.0,200,20,45,38,102,102,0
3f24edb2ce8041d5ae966ef80d39a105,931251bb23d706c1bfed4afa24c2b5f02542de1c7129cd50919684cdcfa4e908,c09e4f0,pilot-stage1-disease,103,9001,,3eba5fa24d22e1a9,0.0,0,none,0.1,0.1,0,2,,,completed,extinction on day 29,0,0,0,0.05,10,1,9,5,29,29,0
849eec698a6b49b99b60e1a74cc1066f,1a3701ece514c66d7bc0a802d3290f040ff29219a2f285916fc4e71c0ce530de,c09e4f0,pilot-stage1-disease,103,9001,,3eba5fa24d22e1a9,0.01,0,none,0.1,0.1,0,2,,,completed,extinction on day 56,111,108,3,0.09,18,2,9,5,56,56,0
3ee3007e032e42e3ae2aa98a4190ec9a,b09101797515358b827c2187a72eb15a5398335b6a5e6a808b9f1f71a42fa5e6,c09e4f0,pilot-stage1-disease,103,9001,,3eba5fa24d22e1a9,0.02,0,none,0.1,0.1,0,2,,,completed,extinction on day 121,484,463,21,0.56,112,13,20,82,121,121,0
c9555b2b5aaa4fd8bcc759eb042f5854,4d2212652a5bf6a33a433e0a71f3b303e3615e2ee522e681b5f3e6ffaa1a86d2,c09e4f0,pilot-stage1-disease,103,9001,,3eba5fa24d22e1a9,0.05,0,none,0.1,0.1,0,2,,,completed,extinction on day 87,887,865,22,0.77,154,15,35,22,87,87,0
38d2963f4ddb4c4ca6c2532d18ecc26f,eea8bf88abb1389072a101d8b48144ea009f7fbaf1565e67b822050fc5e51c2c,c09e4f0,pilot-stage1-disease,103,9001,,3eba5fa24d22e1a9,0.1,0,none,0.1,0.1,0,2,,,completed,extinction on day 83,1692,1606,86,0.995,199,20,47,23,83,83,0
7a81048959034bbb95b8a8233c530e37,9adf6bea2e4828e8a34ada3462872b5e622046d7a07eb1b2f40ae5bd40ce2a63,c09e4f0,pilot-stage1-disease,103,9002,,3eba5fa24d22e1a9,0.0,0,none,0.1,0.1,0,2,,,completed,extinction on day 44,0,0,0,0.05,10,1,9,5,44,44,0
b11d68b2c4e54bf3806b8009b8d886cf,dab4c1bc967af4440d2abdc1dc9aeddd760b31810eb0d703816839226ed0f499,c09e4f0,pilot-stage1-disease,103,9002,,3eba5fa24d22e1a9,0.01,0,none,0.1,0.1,0,2,,,completed,extinction on day 44,82,77,5,0.055,11,1,9,5,44,44,0
f490f86cd7ff44e6a67a2668db1d4f84,c1be75fdc477c12702b07b294b1e78770aaedf9c175b8d16fd9c319574c70007,c09e4f0,pilot-stage1-disease,103,9002,,3eba5fa24d22e1a9,0.02,0,none,0.1,0.1,0,2,,,completed,extinction on day 44,165,156,9,0.06,12,1,9,5,44,44,0
899b4f2631c349abb1bd6d6db0c16478,c8b9bb857edeb5052a648cd51c0b053e6c4f14706c700a993a43562f7c2a2592,c09e4f0,pilot-stage1-disease,103,9002,,3eba5fa24d22e1a9,0.05,0,none,0.1,0.1,0,2,,,completed,extinction on day 91,892,859,33,0.95,190,19,54,27,91,91,0
eccd8cf9741d43419d9cb8273691fe10,4d29883cd434313558fa7b6fadd81bbcff3db30f3d42f40efbf53bf6384615ef,c09e4f0,pilot-stage1-disease,103,9002,,3eba5fa24d22e1a9,0.1,0,none,0.1,0.1,0,2,,,completed,extinction on day 58,1103,1040,63,0.25,50,5,30,9,58,58,0
51eeaf71e5424782bcdc6eb3a22f1bb7,aac23b444b4afaf7b3d3d55161e0004d30c597536c0cd96fb8001bb0994d5bbb,c09e4f0,pilot-stage1-disease,103,9003,,3eba5fa24d22e1a9,0.0,0,none,0.1,0.1,0,2,,,completed,extinction on day 1,0,0,0,0.005,1,1,1,0,1,1,0
778759e2ad59442282269c35a8ce0de9,2094207a2ee196cdaf8eacabb166fd03add1eb7a0c318eb4527ab7738aa9def7,c09e4f0,pilot-stage1-disease,103,9003,,3eba5fa24d22e1a9,0.01,0,none,0.1,0.1,0,2,,,completed,extinction on day 1,3,3,0,0.005,1,1,1,0,1,1,0
a1c4b298184049b4bc3e0c733c40c06e,7a11b9a8d9f46e4bda705f81195df4281969a47da5c95278b48eb0de09c331fa,c09e4f0,pilot-stage1-disease,103,9003,,3eba5fa24d22e1a9,0.02,0,none,0.1,0.1,0,2,,,completed,extinction on day 1,5,5,0,0.005,1,1,1,0,1,1,0
b1b9adef70a5456bbce885ae27cae02a,e4774bec560b8906ef10282e0f3169f5c04276969fb7e25cb6b9e6fe6087d071,c09e4f0,pilot-stage1-disease,103,9003,,3eba5fa24d22e1a9,0.05,0,none,0.1,0.1,0,2,,,completed,extinction on day 1,9,9,0,0.005,1,1,1,0,1,1,0
75346f9737df45f5bd4dcf03c4be9e4c,1ba82069c42cf58d34ecd1ebd5bfffc055e7b7a97c2edbf61a4e2809b73c2d1b,c09e4f0,pilot-stage1-disease,103,9003,,3eba5fa24d22e1a9,0.1,0,none,0.1,0.1,0,2,,,completed,extinction on day 1,16,16,0,0.005,1,1,1,0,1,1,0
a6ba119e598c4c498107cfc050b59e28,7e8a625b5538efd47683325329a2c2d8733a1ca4cce81a483a9d399d09e0cb16,c09e4f0,pilot-stage1-disease,103,9004,,3eba5fa24d22e1a9,0.0,0,none,0.1,0.1,0,2,,,completed,extinction on day 40,0,0,0,0.05,10,1,8,6,40,40,0
dc0d5c4d11ec47a78795db14db41c68d,a2e91029f16b7f8b46b3b4c97a076d736af0af53b3a517377a1a8d9056697639,c09e4f0,pilot-stage1-disease,103,9004,,3eba5fa24d22e1a9,0.01,0,none,0.1,0.1,0,2,,,completed,extinction on day 43,84,82,2,0.115,23,2,11,19,43,43,0
1ab956713d2046b0bea4ed9ac391b9f1,af665668b10a4f6fb3afd1326badf2b716e03aa03affb7082a663eebd112559e,c09e4f0,pilot-stage1-disease,103,9004,,3eba5fa24d22e1a9,0.02,0,none,0.1,0.1,0,2,,,completed,extinction on day 131,567,537,30,0.53,106,9,27,38,131,131,0
80ed38a6655e4448b2b98c4bac5a10a0,f672a1d6969c57b3aa81c9e77d370fed62962411123f7bb1bfb4b15bd9590f83,c09e4f0,pilot-stage1-disease,103,9004,,3eba5fa24d22e1a9,0.05,0,none,0.1,0.1,0,2,,,completed,extinction on day 131,1338,1270,68,0.995,199,20,59,40,131,131,0
562be7123a8345d5b82bc2120b4e75f0,54cffcdf0218e2bb5f1edd2d5dc35432fc26c41db3b04c9245686442d5a9d04a,c09e4f0,pilot-stage1-disease,103,9004,,3eba5fa24d22e1a9,0.1,0,none,0.1,0.1,0,2,,,completed,extinction on day 85,1708,1613,95,1.0,200,20,70,34,85,85,0
94fbba5975064723a5a1188d708fd95e,b3cf2212bbc137badcb66a2f04fbfa5dcba6ea690d91084134fd696471337ba6,c09e4f0,pilot-stage1-disease,103,9005,,3eba5fa24d22e1a9,0.0,0,none,0.1,0.1,0,2,,,completed,extinction on day 23,0,0,0,0.05,10,1,8,5,23,23,0
44f0980c256b469482b4403fc255c4ff,8cfbe82195e528576ce7604bd93697c7dc2762d7653708489808a3f1113b17dc,c09e4f0,pilot-stage1-disease,103,9005,,3eba5fa24d22e1a9,0.01,0,none,0.1,0.1,0,2,,,completed,extinction on day 76,169,159,10,0.245,49,5,21,49,76,76,0
b3274e3858c049d390de3e5b4466561a,e64b0feaaa17efb5e3c6b705aaa0e282c79ad0854ccda155353bcee5fdd1ec6b,c09e4f0,pilot-stage1-disease,103,9005,,3eba5fa24d22e1a9,0.02,0,none,0.1,0.1,0,2,,,completed,extinction on day 100,436,418,18,0.4,80,8,17,21,100,100,0
b6b1c722bebb4e369b9f7ce28c4d8056,677449d85d0c971d23728dcdd5dbcdfbbb08f4d94647a78fb8fef5a6a8b0a961,c09e4f0,pilot-stage1-disease,103,9005,,3eba5fa24d22e1a9,0.05,0,none,0.1,0.1,0,2,,,completed,extinction on day 87,902,869,33,0.975,195,20,55,44,87,87,0
5f5fbd5021d34f24a29c756b5a235e6b,94cd4472e23eb30041343c715609e4957c9d73abf2b6298fdb610fa9427ab4d6,c09e4f0,pilot-stage1-disease,103,9005,,3eba5fa24d22e1a9,0.1,0,none,0.1,0.1,0,2,,,completed,extinction on day 91,1872,1790,82,0.755,151,15,48,37,91,91,0
29e461b0c65b475f8aec7865a533adf8,ebdec6a0e14c09c1466469a6ebb2d2c45a6ded32e5ba557b3c8ba7cf4919e85a,c09e4f0,pilot-stage1-disease,103,9006,,3eba5fa24d22e1a9,0.0,0,none,0.1,0.1,0,2,,,completed,extinction on day 1,0,0,0,0.005,1,1,1,0,1,1,0
62741c3563d245909f2d77d8dd89f967,13f0d97ec49de294810685481d89cf65efbbb8e56d64e8604813ae20adb5df06,c09e4f0,pilot-stage1-disease,103,9006,,3eba5fa24d22e1a9,0.01,0,none,0.1,0.1,0,2,,,completed,extinction on day 1,5,5,0,0.005,1,1,1,0,1,1,0
e08bfcf150884b43853219725ec91917,345155a49b08a0dfab7e15d2db8fe49b0573185bbdb39af9f57c44d516fa4186,c09e4f0,pilot-stage1-disease,103,9006,,3eba5fa24d22e1a9,0.02,0,none,0.1,0.1,0,2,,,completed,extinction on day 1,6,6,0,0.005,1,1,1,0,1,1,0
c436724ad52548c189b4a803149a161b,70575b8d8571a4d6768f32a33644d587fd01f4f7cd53e16b9b0f251522df5150,c09e4f0,pilot-stage1-disease,103,9006,,3eba5fa24d22e1a9,0.05,0,none,0.1,0.1,0,2,,,completed,extinction on day 1,14,14,0,0.005,1,1,1,0,1,1,0
fbdfbfffc22f4ba0b6d8ff72a4b10796,eb48653ff5746943b795c607b0106465510274f40c40f63b2e91436fde916284,c09e4f0,pilot-stage1-disease,103,9006,,3eba5fa24d22e1a9,0.1,0,none,0.1,0.1,0,2,,,completed,extinction on day 1,19,19,0,0.005,1,1,1,0,1,1,0
c0de0f4537284653a0f089776260236e,9d81cc64aa6ea158a89da93312fdd6a46cd21568246c57f2149a7ac2a261c61a,c09e4f0,pilot-stage1-disease,103,9007,,3eba5fa24d22e1a9,0.0,0,none,0.1,0.1,0,2,,,completed,extinction on day 29,0,0,0,0.05,10,1,6,3,29,29,0
c22de7b15426414d95aeb737b2891fcb,7c1d01ea8cf15c2c5e97d85a0c3e543b97d3dcd4e25ddcadde0f607d1eaf3f1d,c09e4f0,pilot-stage1-disease,103,9007,,3eba5fa24d22e1a9,0.01,0,none,0.1,0.1,0,2,,,completed,extinction on day 84,172,167,5,0.21,42,4,11,64,84,84,0
3fd621755fbf4ce6a646bfbf8231ff3b,13450318724149f6e6be8148f7c3c641c07e037107275dda02b2047a25f05a88,c09e4f0,pilot-stage1-disease,103,9007,,3eba5fa24d22e1a9,0.02,0,none,0.1,0.1,0,2,,,completed,extinction on day 132,535,503,32,0.515,103,11,21,29,132,132,0
25aff76e51c34e7eb8c94354dfca3003,6a548893e1fcfc7037161a176e254640b79d870ea1e8888e425f9dce9ddf07de,c09e4f0,pilot-stage1-disease,103,9007,,3eba5fa24d22e1a9,0.05,0,none,0.1,0.1,0,2,,,completed,extinction on day 93,924,904,20,0.835,167,17,46,51,93,93,0
7e51396b7ac64db0aa12497975e134cf,21f87657b8d6d1b840dfd5166d3785df4692826974bb79c8fc771dd9fea256fa,c09e4f0,pilot-stage1-disease,103,9007,,3eba5fa24d22e1a9,0.1,0,none,0.1,0.1,0,2,,,completed,extinction on day 85,1723,1631,92,0.995,199,20,59,29,85,85,0
c368c48d5ddd487fb7f7c72b9f8579ff,b9475126b0ff6ed5bab5bbba47a2258aff26da696ec44da244f2f2404933e1c4,c09e4f0,pilot-stage1-disease,103,9008,,3eba5fa24d22e1a9,0.0,0,none,0.1,0.1,0,2,,,completed,extinction on day 38,0,0,0,0.05,10,1,6,9,38,38,0
dc7dc9e3c2ca466297c3b53fb59a578a,c2b4c7321e5276c0709c006412e0133229953b2eaf99a64e1c9d2e5b50cd359e,c09e4f0,pilot-stage1-disease,103,9008,,3eba5fa24d22e1a9,0.01,0,none,0.1,0.1,0,2,,,completed,extinction on day 91,199,191,8,0.41,82,8,23,67,91,91,0
68c3f0e143434c5ab3fc340e3331b0bc,f34777964dba88fbaf9b01ff40adf8437915c7b0aa9ff9e11834a1f5d1b7c3d2,c09e4f0,pilot-stage1-disease,103,9008,,3eba5fa24d22e1a9,0.02,0,none,0.1,0.1,0,2,,,completed,extinction on day 87,367,353,14,0.195,39,3,14,43,87,87,0
33cc1fe00bdd48939966df7f85246f84,bd3e5b132be06f342881d9485e8c9a0254cde3bac68dd724cbd24389f97d192f,c09e4f0,pilot-stage1-disease,103,9008,,3eba5fa24d22e1a9,0.05,0,none,0.1,0.1,0,2,,,completed,extinction on day 82,805,767,38,0.785,157,15,41,21,82,82,0
1fff9b69d8f04182abc672ea992de95d,481cf293ff3e4cd387b37a51416dbf33238ca01e5560a424641c1fd4834a68f2,c09e4f0,pilot-stage1-disease,103,9008,,3eba5fa24d22e1a9,0.1,0,none,0.1,0.1,0,2,,,completed,extinction on day 87,1745,1652,93,0.985,197,20,75,25,87,87,0
a1b05714719f47199570e3f941bef821,9f83dee8d3d85b7af5eb666f0c3dcd05419a470ab88c225948aba094fa416cb7,c09e4f0,pilot-stage1-disease,103,9009,,3eba5fa24d22e1a9,0.0,0,none,0.1,0.1,0,2,,,completed,extinction on day 29,0,0,0,0.05,10,1,6,4,29,29,0
1558dcc3d2f14070b6f1f3409d1509b7,1f56bcdd6831d946fe5938761d20068f90e5e7f9f4759bc9afb2dd2702b045ca,c09e4f0,pilot-stage1-disease,103,9009,,3eba5fa24d22e1a9,0.01,0,none,0.1,0.1,0,2,,,completed,extinction on day 29,53,53,0,0.065,13,1,7,4,29,29,0
c9df3a934c13447da11da2856c0cc6b4,5c0c7e3fafa890022a3885bc828119bf94d15e1824a8c59bb8867943ea07425f,c09e4f0,pilot-stage1-disease,103,9009,,3eba5fa24d22e1a9,0.02,0,none,0.1,0.1,0,2,,,completed,extinction on day 50,197,196,1,0.21,42,4,22,8,50,50,0
46b6045f329f451a95aaefb754604138,c035a91d65720f3541720a8cd5bd3988da7fecf30ebadae205cf6e2339a5ba54,c09e4f0,pilot-stage1-disease,103,9009,,3eba5fa24d22e1a9,0.05,0,none,0.1,0.1,0,2,,,completed,extinction on day 90,909,874,35,0.77,154,15,37,30,90,90,0
4a0e58394e494e7b8024f555427f9bdd,c177ef384f2230a380cbecc508f23455956e4f5e15900a2fcaa59d4dfa21acfc,c09e4f0,pilot-stage1-disease,103,9009,,3eba5fa24d22e1a9,0.1,0,none,0.1,0.1,0,2,,,completed,extinction on day 82,1678,1573,105,0.985,197,20,61,17,82,82,0
3173bf9f82654b3ea02971b8df6d891f,08b8e9de3d17477adc56c0bb040e10f975ed8f82c58496b57dd428a54df35b9f,c09e4f0,pilot-stage1-disease,104,9000,,bc0241eae73e5142,0.0,0,none,0.1,0.1,0,2,,,completed,extinction on day 35,0,0,0,0.05,10,1,8,6,35,35,0
095b5cef63ab4539ab0b369bf6709c49,f1d54d2385c5a802ef262f8163e821a768f3a600eda02b43e759ab7d02c2fd4d,c09e4f0,pilot-stage1-disease,104,9000,,bc0241eae73e5142,0.01,0,none,0.1,0.1,0,2,,,completed,extinction on day 117,236,219,17,0.165,33,3,9,6,117,117,0
b501f3f4bf0d4074800e737c169ddb5a,099df5a8226d64a01cc087a20b71faabd36cbfb8e1e0efedd0d514c2a2dca8bb,c09e4f0,pilot-stage1-disease,104,9000,,bc0241eae73e5142,0.02,0,none,0.1,0.1,0,2,,,completed,extinction on day 85,342,311,31,0.245,49,4,18,39,85,85,0
adb43afb2a744a3885c2b12ea6a31c15,875d047ac0ae52f2d2dc730dbee8bd508771cf24407292b095ec47b2f137cbb5,c09e4f0,pilot-stage1-disease,104,9000,,bc0241eae73e5142,0.05,0,none,0.1,0.1,0,2,,,completed,extinction on day 96,967,881,86,0.99,198,19,68,37,96,96,0
0d6433410ee245a8b188b7d3d81ad132,a52b4d80d0159d8d724f5d15b76a12229d8965143968b12f7732e236bb30fba8,c09e4f0,pilot-stage1-disease,104,9000,,bc0241eae73e5142,0.1,0,none,0.1,0.1,0,2,,,completed,extinction on day 71,1415,1301,114,1.0,200,20,66,32,71,71,0
7be3a91de34d49b79ce820bbf2f60832,6682d6b64399c8a09d1b5adc32a280140faae23063edf3d0976d11b65b542d05,c09e4f0,pilot-stage1-disease,104,9001,,bc0241eae73e5142,0.0,0,none,0.1,0.1,0,2,,,completed,extinction on day 29,0,0,0,0.05,10,1,9,5,29,29,0
98e2334c7f204cf4aa8014a7c31687e4,a03de851f422123689b66b001d715e6c494d3ee29f5b2b810ab7feeb982e7be2,c09e4f0,pilot-stage1-disease,104,9001,,bc0241eae73e5142,0.01,0,none,0.1,0.1,0,2,,,completed,extinction on day 68,134,118,16,0.15,30,3,11,21,68,68,0
c8e4a04688fa4339b0312aabe522e11d,76e93a09c4320bc3b52a23159aa973ae8e123c5b186ccce63c762f4a46dfd951,c09e4f0,pilot-stage1-disease,104,9001,,bc0241eae73e5142,0.02,0,none,0.1,0.1,0,2,,,completed,extinction on day 134,535,491,44,0.45,90,9,24,60,134,134,0
8113faff585546d89dde78cd63b8705a,95f5a7103f2d8b2a7a63f44dd858001574c9655767456a863cc72a66c861e72d,c09e4f0,pilot-stage1-disease,104,9001,,bc0241eae73e5142,0.05,0,none,0.1,0.1,0,2,,,completed,extinction on day 119,1211,1101,110,0.885,177,19,43,34,119,119,0
0a8df812f52043619ad65288c9d6dad3,df685054f72d3ce4c77b0fcb22eb200b21e553187ef94711bf1636c6d73aaa3d,c09e4f0,pilot-stage1-disease,104,9001,,bc0241eae73e5142,0.1,0,none,0.1,0.1,0,2,,,completed,extinction on day 69,1399,1273,126,1.0,200,20,64,29,69,69,0
42f324aba2b14353acf2a1682cc3068e,da46ab89e6d1dd86926a0520c56765c99a299c16511621a2409db59de5999907,c09e4f0,pilot-stage1-disease,104,9002,,bc0241eae73e5142,0.0,0,none,0.1,0.1,0,2,,,completed,extinction on day 44,0,0,0,0.05,10,1,9,5,44,44,0
23db47504f4341e58e0aafaba6c2af4b,6c95c0881cdba5ebab250789f81ebaa39d22be4a3e16b4c20edeb08ab0ff2dc1,c09e4f0,pilot-stage1-disease,104,9002,,bc0241eae73e5142,0.01,0,none,0.1,0.1,0,2,,,completed,extinction on day 44,82,79,3,0.06,12,1,10,5,44,44,0
ea61bdf9a1a340e08d352717165f0f5e,4e1628f82226cf086c2756ee3d3309b7690f2cde993b9e3253ed4984af9036cf,c09e4f0,pilot-stage1-disease,104,9002,,bc0241eae73e5142,0.02,0,none,0.1,0.1,0,2,,,completed,extinction on day 50,179,171,8,0.075,15,2,10,5,50,50,0
74489523f12f44688d566f04248f0cf9,98bac461763c5b94dcbc0ebb805025a14979a8698870c52dfdcf25356767b555,c09e4f0,pilot-stage1-disease,104,9002,,bc0241eae73e5142,0.05,0,none,0.1,0.1,0,2,,,completed,extinction on day 73,720,672,48,1.0,200,20,87,20,73,73,0
bdbff59f35b845f98408909d62a07f8e,25242579c70514b9828987764bb46bcd5cd350f11af22c954dec519a4cdff2d2,c09e4f0,pilot-stage1-disease,104,9002,,bc0241eae73e5142,0.1,0,none,0.1,0.1,0,2,,,completed,extinction on day 59,1124,1029,95,0.995,199,20,78,19,59,59,0
5b021a7391474c4999aff48afece2d92,afc725db59e2616ede5fc602df64b7161469ab5904cdf0b64f219e8773469dd6,c09e4f0,pilot-stage1-disease,104,9003,,bc0241eae73e5142,0.0,0,none,0.1,0.1,0,2,,,completed,extinction on day 1,0,0,0,0.005,1,1,1,0,1,1,0
09f7b97d048043ae8f8f4de625a93b42,179249646c2b539b51f92ca1064d4f6cb5db672bedb02529cc514badb8afae74,c09e4f0,pilot-stage1-disease,104,9003,,bc0241eae73e5142,0.01,0,none,0.1,0.1,0,2,,,completed,extinction on day 1,3,3,0,0.005,1,1,1,0,1,1,0
2ebfd7e611de485593ccab09414e4a1a,e8621bd44103c67f69d41e9490dac638b59924f8fe689935862a0cea4a4fcc57,c09e4f0,pilot-stage1-disease,104,9003,,bc0241eae73e5142,0.02,0,none,0.1,0.1,0,2,,,completed,extinction on day 1,5,5,0,0.005,1,1,1,0,1,1,0
4c832a3643e04ade8ca35c1ca1726eab,77c8de6e2f46da8c8cd736de32a8b3b8caef65fc9f0119e9aa0b561e380eb397,c09e4f0,pilot-stage1-disease,104,9003,,bc0241eae73e5142,0.05,0,none,0.1,0.1,0,2,,,completed,extinction on day 1,9,9,0,0.005,1,1,1,0,1,1,0
1c1bd875381f4c8e9785d311dc3c946b,0dfb5f10451f0ef5673726b065affdc20a8f48154b68092ca7bf52928418ab5e,c09e4f0,pilot-stage1-disease,104,9003,,bc0241eae73e5142,0.1,0,none,0.1,0.1,0,2,,,completed,extinction on day 1,16,16,0,0.005,1,1,1,0,1,1,0
3a517e681776441fa338106bd2d9bc9f,dfc07a0ab3226f8eb126005ea94e524884482c8283ad4151a81ed1689153c2c7,c09e4f0,pilot-stage1-disease,104,9004,,bc0241eae73e5142,0.0,0,none,0.1,0.1,0,2,,,completed,extinction on day 40,0,0,0,0.05,10,1,8,6,40,40,0
4c32395bb1914301bbd4634014872bf6,9c6d3ec2efc585dbcffd7918e47243107da5f282478e9750bd118c3464da163e,c09e4f0,pilot-stage1-disease,104,9004,,bc0241eae73e5142,0.01,0,none,0.1,0.1,0,2,,,completed,extinction on day 51,106,103,3,0.125,25,2,12,20,51,51,0
8e762f95900747308ebf5e325fe6aa9c,5725d5153accc2bce5cebcb8e9c900bbda04144bfa0c67e1a2b418641e6694fb,c09e4f0,pilot-stage1-disease,104,9004,,bc0241eae73e5142,0.02,0,none,0.1,0.1,0,2,,,completed,extinction on day 85,363,343,20,0.3,60,6,25,24,85,85,0
bf314e4c02284c4f9154bbb6a4f74e24,09e9429acc5dda44de45ae9320e5cd1e5f56cd3c43b0c6588c53c5619e54529e,c09e4f0,pilot-stage1-disease,104,9004,,bc0241eae73e5142,0.05,0,none,0.1,0.1,0,2,,,completed,extinction on day 85,871,815,56,0.765,153,16,48,43,85,85,0
3312ff550e594fe998f187bf3fc58ba4,b1459e178c681f913bd5fb805574250a97dbd4718b16c6aa2f5f7eb6c254b9c0,c09e4f0,pilot-stage1-disease,104,9004,,bc0241eae73e5142,0.1,0,none,0.1,0.1,0,2,,,completed,extinction on day 85,1708,1565,143,0.995,199,20,80,24,85,85,0
a54466447ef040a9b8ed2b1b5318872e,e7e8c8e3187f67962ff42e8fdd8896bd09640b4d9ee57928f5f58cfd3818f39b,c09e4f0,pilot-stage1-disease,104,9005,,bc0241eae73e5142,0.0,0,none,0.1,0.1,0,2,,,completed,extinction on day 23,0,0,0,0.05,10,1,8,5,23,23,0
280537cd2b004939ae37786ae3badddd,fb4bf0052c98980539bf1f589f110d094f2f65d329add3e005a4ce4d929e313d,c09e4f0,pilot-stage1-disease,104,9005,,bc0241eae73e5142,0.01,0,none,0.1,0.1,0,2,,,completed,extinction on day 64,136,131,5,0.165,33,3,10,17,64,64,0
1de8d7f7e04e4481840d418a2e3feb95,b87c3ae7e084e78179a96009328eaaf575d866ff98aaa6924c97987249bc6c00,c09e4f0,pilot-stage1-disease,104,9005,,bc0241eae73e5142,0.02,0,none,0.1,0.1,0,2,,,completed,extinction on day 44,184,171,13,0.22,44,4,16,22,44,44,0
568b322f1c634570a30f6ccb631d813b,62ecacb1f5014f28c5eb98a8cf434491c15c088dfffa397e1ac540bbc0ff35ef,c09e4f0,pilot-stage1-disease,104,9005,,bc0241eae73e5142,0.05,0,none,0.1,0.1,0,2,,,completed,extinction on day 129,1319,1203,116,0.915,183,19,25,22,129,129,0
8973e9635c0648a4814692730e7ca9ce,f07e632c54fbcaf85905d7ab75c05a6c3fc91f59309d061fb88ee8d92caf3750,c09e4f0,pilot-stage1-disease,104,9005,,bc0241eae73e5142,0.1,0,none,0.1,0.1,0,2,,,completed,extinction on day 100,2052,1905,147,0.995,199,20,66,22,100,100,0
ac54e8a714194d64b48316250cc57f41,80b795fab63f2b0acb04baf01a81a3dfeff9146fe275d76e8dc5c25f9da492ad,c09e4f0,pilot-stage1-disease,104,9006,,bc0241eae73e5142,0.0,0,none,0.1,0.1,0,2,,,completed,extinction on day 1,0,0,0,0.005,1,1,1,0,1,1,0
f5041c3d08dd400caa7ec44ea0d2ae2d,a08dadad75567e59511514ad762406721fb2028dfd52542d54563ca9b12807fa,c09e4f0,pilot-stage1-disease,104,9006,,bc0241eae73e5142,0.01,0,none,0.1,0.1,0,2,,,completed,extinction on day 1,5,5,0,0.005,1,1,1,0,1,1,0
6f1dc768eea6473981dfe4dac97e2964,99f36b43e7820d73f47e3074d5facb1c061a250cd8da2bebd6e462cdd9223a21,c09e4f0,pilot-stage1-disease,104,9006,,bc0241eae73e5142,0.02,0,none,0.1,0.1,0,2,,,completed,extinction on day 1,6,6,0,0.005,1,1,1,0,1,1,0
72241a0089a346c7ad9efd292e9564af,dbca420af2bf54eaa7515752b09d9efd4a58516ed14de99e292498e2f1bc62e5,c09e4f0,pilot-stage1-disease,104,9006,,bc0241eae73e5142,0.05,0,none,0.1,0.1,0,2,,,completed,extinction on day 1,14,14,0,0.005,1,1,1,0,1,1,0
1d677efae5d94e23a0cec6a2262e45e9,cd1028a52582005d9c3773e5444f1d5ccc523aad682ccc7b4c8cf32eaacbfe9c,c09e4f0,pilot-stage1-disease,104,9006,,bc0241eae73e5142,0.1,0,none,0.1,0.1,0,2,,,completed,extinction on day 1,19,19,0,0.005,1,1,1,0,1,1,0
0300d60d68fb45f59dbc0b1f8b07247e,6753ff4a58c1ddf65b48182296dbbc06b511743443f8f2756d82d252fdabcff5,c09e4f0,pilot-stage1-disease,104,9007,,bc0241eae73e5142,0.0,0,none,0.1,0.1,0,2,,,completed,extinction on day 29,0,0,0,0.05,10,1,6,3,29,29,0
858d55ec4b5c46b9a55cd25c92e957e7,69013fbfba036341f1ac61995a4c36853f0e79edb61504e6348434a1c186e46d,c09e4f0,pilot-stage1-disease,104,9007,,bc0241eae73e5142,0.01,0,none,0.1,0.1,0,2,,,completed,extinction on day 41,76,70,6,0.095,19,2,9,14,41,41,0
44657b2896934f19a017100674a6e818,27dcef2cfa83f7e630dded8e517f1043bf99876e73bc1f0dfbc1e0d446014465,c09e4f0,pilot-stage1-disease,104,9007,,bc0241eae73e5142,0.02,0,none,0.1,0.1,0,2,,,completed,extinction on day 180,713,667,46,0.505,101,10,17,138,180,180,0
4627189d0a234deebf8f831c6776e5f4,2d963d75e400bacc9d40de2ee689fbdd641f770e477ebc4f0e4eb563692ab612,c09e4f0,pilot-stage1-disease,104,9007,,bc0241eae73e5142,0.05,0,none,0.1,0.1,0,2,,,completed,extinction on day 120,1173,1075,98,0.955,191,19,50,34,120,120,0
1a8a31ea27154553b32f0071eaf7bf9d,f9d8215e44c4ceae43b1cb0af0b9530319921d06fe6c372ca149e74f148a4f68,c09e4f0,pilot-stage1-disease,104,9007,,bc0241eae73e5142,0.1,0,none,0.1,0.1,0,2,,,completed,extinction on day 85,1723,1581,142,0.975,195,19,68,34,85,85,0
587e0f1f9f494d06939da211b94ef3c0,b0154786749bf86b9e8a82507cc5f7f5c9985a648bdafc16496876ed5ee089d5,c09e4f0,pilot-stage1-disease,104,9008,,bc0241eae73e5142,0.0,0,none,0.1,0.1,0,2,,,completed,extinction on day 38,0,0,0,0.05,10,1,6,9,38,38,0
51b145b31e4a468e862eec8a106f6b36,c54516efac0b02e1973d58296663d9ee215f176358fed8579a5ba669995ffe92,c09e4f0,pilot-stage1-disease,104,9008,,bc0241eae73e5142,0.01,0,none,0.1,0.1,0,2,,,completed,extinction on day 100,220,201,19,0.365,73,7,19,49,100,100,0
67deffb2efcd44d78f3b80addc72ce47,fd900ff44d8831aa23e30a53bd75007a164a3df4b2b618451887d388eaa50232,c09e4f0,pilot-stage1-disease,104,9008,,bc0241eae73e5142,0.02,0,none,0.1,0.1,0,2,,,completed,extinction on day 59,254,237,17,0.12,24,3,11,37,59,59,0
7d75b4e9810147a6a18056228613e2d4,4b2b42e30aa5140b16ef77e955eff33a8350ef9e7da2f1cd177ec69cb5770f10,c09e4f0,pilot-stage1-disease,104,9008,,bc0241eae73e5142,0.05,0,none,0.1,0.1,0,2,,,completed,extinction on day 132,1317,1228,89,0.985,197,20,35,48,132,132,0
9f0b32cddece4f558c4851cb3d071fdf,36bb88b44ba2e6466f6232966d8492267bc391f7b6d5711882b9f4811e951ff2,c09e4f0,pilot-stage1-disease,104,9008,,bc0241eae73e5142,0.1,0,none,0.1,0.1,0,2,,,completed,extinction on day 77,1552,1451,101,0.995,199,20,66,30,77,77,0
daba64dcca5b4aeba2dea6c53a49aca9,de5b025843ba33545f6e6550f12fae44672e0d4fcc9aa5fd2d983805be289b32,c09e4f0,pilot-stage1-disease,104,9009,,bc0241eae73e5142,0.0,0,none,0.1,0.1,0,2,,,completed,extinction on day 29,0,0,0,0.05,10,1,6,4,29,29,0
ab98ffcd011644d887ab464c7c72257b,27bc350714081bfafead2baf94a86dd5a2d129aca4d1e50f01696e4b2cc4b17e,c09e4f0,pilot-stage1-disease,104,9009,,bc0241eae73e5142,0.01,0,none,0.1,0.1,0,2,,,completed,extinction on day 29,53,52,1,0.065,13,1,7,4,29,29,0
8fec869036734b01978f72b9a1890091,b16d6e7ea51119059d62a835bfcdff12bd70ab8a64910b081e9eca30083829cd,c09e4f0,pilot-stage1-disease,104,9009,,bc0241eae73e5142,0.02,0,none,0.1,0.1,0,2,,,completed,extinction on day 34,136,128,8,0.155,31,3,14,16,34,34,0
cba6994ba7a3429194334eaeb121c374,d6ddf4af9e2746e9230249e6db0ea4979b77d9b2964f074c44cc808cbcce2800,c09e4f0,pilot-stage1-disease,104,9009,,bc0241eae73e5142,0.05,0,none,0.1,0.1,0,2,,,completed,extinction on day 104,1055,972,83,1.0,200,20,59,29,104,104,0
8946e91155914b8cbb368fe032bbc409,cdafcccaf65f0d56954178143ae3d8f284f86d51e3cfc05c166f583acf058860,c09e4f0,pilot-stage1-disease,104,9009,,bc0241eae73e5142,0.1,0,none,0.1,0.1,0,2,,,completed,extinction on day 78,1582,1430,152,0.98,196,19,72,28,78,78,0
927db9eee12244e0b06af0bbdbfacd0a,2c2994078b4f1280670d6047b3be4728b4ae868e9860df6d2864284f43af32f1,c09e4f0,pilot-stage1-disease,100,9000,,ecc984f043b744b6,0.0,0,none,0.1,0.2,0,2,,,completed,extinction on day 35,0,0,0,0.05,10,1,4,13,35,35,0
7cf9f468ff9343c685da30b4f8f148a9,ce81d69decb627e1f48620aea93a063bbfd3449af723972049b8eb7d8eae3a2a,c09e4f0,pilot-stage1-disease,100,9000,,ecc984f043b744b6,0.01,0,none,0.1,0.2,0,2,,,completed,extinction on day 35,71,67,4,0.05,10,1,4,13,35,35,0
8a5d39a070c74c7281cfbd49d21998fb,c047dc16f9526f8f60697b48ad061b3cdea0e73087033c6986743074e2730598,c09e4f0,pilot-stage1-disease,100,9000,,ecc984f043b744b6,0.02,0,none,0.1,0.2,0,2,,,completed,extinction on day 37,145,120,25,0.065,13,1,4,13,37,37,0
8c525a9f9b6a4cd39d4b5c27e970bc65,a414e33d222497485d36f4b0ba869cef7045f5efad8876173a04098069d5f11c,c09e4f0,pilot-stage1-disease,100,9000,,ecc984f043b744b6,0.05,0,none,0.1,0.2,0,2,,,completed,extinction on day 46,475,409,66,0.175,35,3,10,17,46,46,0
84f1b3530f8a4b5fa52569889407980c,db3f208efddc2bb29a970c4583d34b535b14714e5982e72bf07d5853ee138fbb,c09e4f0,pilot-stage1-disease,100,9000,,ecc984f043b744b6,0.1,0,none,0.1,0.2,0,2,,,completed,extinction on day 64,1279,1119,160,0.555,111,11,20,40,64,64,0
913f45103bc24d2d96af0f3affb35d77,57d9932cb0325a9c9a83cda84e9d1e9a5fdecab7095cf8314240448448bbd102,c09e4f0,pilot-stage1-disease,100,9001,,ecc984f043b744b6,0.0,0,none,0.1,0.2,0,2,,,completed,extinction on day 24,0,0,0,0.05,10,1,9,5,24,24,0
b218856b45d2440883ea5d120051e81b,a69adddb0203d8f8cc20c453c56b7edd4b9223fe22925f53397332010efd46ce,c09e4f0,pilot-stage1-disease,100,9001,,ecc984f043b744b6,0.01,0,none,0.1,0.2,0,2,,,completed,extinction on day 37,74,67,7,0.1,20,2,9,5,37,37,0
90ae0c3588f44e398f5a3e5d804f41c4,bc86bce4febeaec5a97ef91821303fd7446d5ffbeafbd3c11a7a5d67ef6c0ddf,c09e4f0,pilot-stage1-disease,100,9001,,ecc984f043b744b6,0.02,0,none,0.1,0.2,0,2,,,completed,extinction on day 32,116,101,15,0.11,22,2,11,20,32,32,0
b2194a623c454515934bc1888b0c0637,150e937ba9a02420750e01810f0cec223b3af87953a89e3801ec0b6ca3590904,c09e4f0,pilot-stage1-disease,100,9001,,ecc984f043b744b6,0.05,0,none,0.1,0.2,0,2,,,completed,extinction on day 32,315,275,40,0.14,28,3,9,5,32,32,0
6b8e6ce369a543c8822b7b3ed7092f4e,d9b1035bf8c300e5918f63c636358ed8173e3b2a641c70c65c6b0e67b6dd5aed,c09e4f0,pilot-stage1-disease,100,9001,,ecc984f043b744b6,0.1,0,none,0.1,0.2,0,2,,,completed,extinction on day 77,1573,1393,180,0.685,137,15,22,47,77,77,0
6c829a3932a743a08b0e9adf46156db9,6e3b840da0076f1d19bfb74917702e18e010705cb8011b8b06ac5a7bbe26ddf7,c09e4f0,pilot-stage1-disease,100,9002,,ecc984f043b744b6,0.0,0,none,0.1,0.2,0,2,,,completed,extinction on day 10,0,0,0,0.04,8,1,6,5,10,10,0
7ef489b736274eea9e3d0d346f5651ef,00c9839532807e247abd434c45fb45ef55892e39020b6a8730c6043ed99ab8ab,c09e4f0,pilot-stage1-disease,100,9002,,ecc984f043b744b6,0.01,0,none,0.1,0.2,0,2,,,completed,extinction on day 10,12,12,0,0.05,10,1,7,5,10,10,0
37cc796ddbb74adfb38118840eeb0775,8e1e4614a34ef333d8006a7ae645d67fbd5435cc1de805720a077a317d310158,c09e4f0,pilot-stage1-disease,100,9002,,ecc984f043b744b6,0.02,0,none,0.1,0.2,0,2,,,completed,extinction on day 10,25,23,2,0.05,10,1,7,5,10,10,0
316ddcb5aea14e48977983d9ebf8aa14,b7019ce7e6c91f128695496ec0feef4806df336631b77efe112943b336000f30,c09e4f0,pilot-stage1-disease,100,9002,,ecc984f043b744b6,0.05,0,none,0.1,0.2,0,2,,,completed,extinction on day 45,449,407,42,0.32,64,8,19,16,45,45,0
5b2406086a0249869e8e813b8bd77fdb,e176b1b9663fa14b8aa79926e7ff794e330221db4c53615e39254764fb3009e5,c09e4f0,pilot-stage1-disease,100,9002,,ecc984f043b744b6,0.1,0,none,0.1,0.2,0,2,,,completed,extinction on day 101,1989,1766,223,0.835,167,18,20,79,101,101,0
34158f6f1a044e408eceabe9f5a2f130,0309cf540446864c1f62a87a7ec4884fab1f8cede6210680fc4b5fc50edde405,c09e4f0,pilot-stage1-disease,100,9003,,ecc984f043b744b6,0.0,0,none,0.1,0.2,0,2,,,completed,extinction on day 1,0,0,0,0.005,1,1,1,0,1,1,0
87883f39d26d4c78a14b7bc0c9dce228,c23d25809f97ae126b00886a08a05633fad0c40670b52b5d14618099e5d013ba,c09e4f0,pilot-stage1-disease,100,9003,,ecc984f043b744b6,0.01,0,none,0.1,0.2,0,2,,,completed,extinction on day 1,3,3,0,0.005,1,1,1,0,1,1,0
e3deb23b84c346f8958ecf9a3ac4bf5b,9b5131be0fcab87c5434467922a3f5052342aed43bdbaf36246566b37da3abe6,c09e4f0,pilot-stage1-disease,100,9003,,ecc984f043b744b6,0.02,0,none,0.1,0.2,0,2,,,completed,extinction on day 1,5,5,0,0.005,1,1,1,0,1,1,0
78bbdf52faf34244919925dae6c964e3,f30dd41e6370ee41ee22f94a8569bc138e3a9f8d5b83d3dfc5061f1cb6dcce31,c09e4f0,pilot-stage1-disease,100,9003,,ecc984f043b744b6,0.05,0,none,0.1,0.2,0,2,,,completed,extinction on day 1,9,9,0,0.005,1,1,1,0,1,1,0
8c42d3970c5d4c8bbc99b18fd76b7474,808f226a3809689cc1e1e8fcf625227b5ac47a4b5c25c666aeee42178336f2da,c09e4f0,pilot-stage1-disease,100,9003,,ecc984f043b744b6,0.1,0,none,0.1,0.2,0,2,,,completed,extinction on day 1,16,16,0,0.005,1,1,1,0,1,1,0
fcf570d2bdf047ca9b00065b9df96676,a6646fcb22995a0f51cbc4ef78dbdd7c82139aae10e004e269c3b7b3c6e1ea34,c09e4f0,pilot-stage1-disease,100,9004,,ecc984f043b744b6,0.0,0,none,0.1,0.2,0,2,,,completed,extinction on day 26,0,0,0,0.05,10,1,6,6,26,26,0
42b53190074f4ad78ff26c8c4d6dcd23,5defaf664da0ccd24c0f6f6cf65848c1c18cf4be2379f619e52f955ea111dcba,c09e4f0,pilot-stage1-disease,100,9004,,ecc984f043b744b6,0.01,0,none,0.1,0.2,0,2,,,completed,extinction on day 26,58,55,3,0.055,11,1,6,6,26,26,0
e00a2babc061406d84b9abfe43065739,5302dc94d1cf9c40712a2fff50357b1017c4b5c21295b1b5228d9ca6a6141933,c09e4f0,pilot-stage1-disease,100,9004,,ecc984f043b744b6,0.02,0,none,0.1,0.2,0,2,,,completed,extinction on day 32,127,119,8,0.11,22,2,7,19,32,32,0
50f6457fd0f648f390bb4f0696f3d3c9,aa015a5d7699ea5d49e72cd66c9eceadd89879c19c7b559cb8eaf6d35eb417f9,c09e4f0,pilot-stage1-disease,100,9004,,ecc984f043b744b6,0.05,0,none,0.1,0.2,0,2,,,completed,extinction on day 44,418,371,47,0.205,41,5,13,19,44,44,0
2676b4892d944ee1b3fccd3000aed344,b6a4e4a50edfdb1824ae154fb6c1ed2ed3474b1b17a52cc3c6f8774fc80ee275,c09e4f0,pilot-stage1-disease,100,9004,,ecc984f043b744b6,0.1,0,none,0.1,0.2,0,2,,,completed,extinction on day 85,1708,1519,189,0.885,177,17,38,67,85,85,0
1a411bc3ac954646b26b6f793af2385a,83aa4fdc840ffbe104a6d3f8933bfc13992e0df2ab879d016fb436c3ede0a254,c09e4f0,pilot-stage1-disease,100,9005,,ecc984f043b744b6,0.0,0,none,0.1,0.2,0,2,,,completed,extinction on day 8,0,0,0,0.05,10,1,6,3,8,8,0
13fc0994de6c4b2f9241aaaa20812de8,8c5144a72fa76e9b9a78b8cd2e520197639752586d4ba7b65fce5b4c9b7ffcea,c09e4f0,pilot-stage1-disease,100,9005,,ecc984f043b744b6,0.01,0,none,0.1,0.2,0,2,,,completed,extinction on day 9,28,27,1,0.06,12,1,8,5,9,9,0
adce12049035417eb25049366ee1944e,e3c937cc63fd195ff8f68e1f8ae6f1b4c3071254e96b54564b4354e1f7130ed6,c09e4f0,pilot-stage1-disease,100,9005,,ecc984f043b744b6,0.02,0,none,0.1,0.2,0,2,,,completed,extinction on day 8,39,35,4,0.06,12,1,7,4,8,8,0
eca6a4f0d8824fcc91a15cdc7f2bed70,25f04174040cd3d2c4d65d90a21ca43fde454301609a5030237e73dadd070751,c09e4f0,pilot-stage1-disease,100,9005,,ecc984f043b744b6,0.05,0,none,0.1,0.2,0,2,,,completed,extinction on day 100,1045,918,127,0.875,175,18,23,61,100,100,0
12ab3556e6474ed8beeeba3a40ab0e02,3625ac458cc5b3f5b589dbdbf9fb177232ebb547e0c23094597aa3922afde192,c09e4f0,pilot-stage1-disease,100,9005,,ecc984f043b744b6,0.1,0,none,0.1,0.2,0,2,,,completed,extinction on day 81,1644,1434,210,0.46,92,10,19,58,81,81,0
03780157cabf4497bc50cb82a98a5f5a,7ac544341b5af55a9cca4d218752b55590199bb7c6fa83dda00be1c2a59a8e76,c09e4f0,pilot-stage1-disease,100,9006,,ecc984f043b744b6,0.0,0,none,0.1,0.2,0,2,,,completed,extinction on day 1,0,0,0,0.005,1,1,1,0,1,1,0
0a68513f07e14da087df9a9c472d7857,676cc48f4ef94debcd03a6a466a97bc1824dfe24a2fc5c4c0c032c081876353d,c09e4f0,pilot-stage1-disease,100,9006,,ecc984f043b744b6,0.01,0,none,0.1,0.2,0,2,,,completed,extinction on day 1,5,5,0,0.005,1,1,1,0,1,1,0
9b64f07fb0244da68b8011dde3cf4b04,e3f5b8e0facaf43a01babfdda65a607e3cc17f9a7c9f5dbe91f217592864e085,c09e4f0,pilot-stage1-disease,100,9006,,ecc984f043b744b6,0.02,0,none,0.1,0.2,0,2,,,completed,extinction on day 1,6,6,0,0.005,1,1,1,0,1,1,0
15ccef5e1398462493dd48e151c0f4f5,3382e74d5009b4b6510c3b7a951658c6f012ebf731ee62c18ca93b38e287acdd,c09e4f0,pilot-stage1-disease,100,9006,,ecc984f043b744b6,0.05,0,none,0.1,0.2,0,2,,,completed,extinction on day 1,14,12,2,0.005,1,1,1,0,1,1,0
2da221f76e6e4f43897beb2eb83c2f5b,df19ed57533a5aa0f3ed5274da714db89c574f6ae424fe9be36804c2ee8ee9bf,c09e4f0,pilot-stage1-disease,100,9006,,ecc984f043b744b6,0.1,0,none,0.1,0.2,0,2,,,completed,extinction on day 1,19,17,2,0.005,1,1,1,0,1,1,0
db2e7d47e7b641e7bb301de287901575,90405d19354195115391e10a9e7640b451a608318e74b677ad9c84205e52b40c,c09e4f0,pilot-stage1-disease,100,9007,,ecc984f043b744b6,0.0,0,none,0.1,0.2,0,2,,,completed,extinction on day 14,0,0,0,0.05,10,1,6,3,14,14,0
12a25dbd828e4c308bf6d0f5c8aff4dc,78c427531c613c67a945277251f59a4967102044f67e66908c3c5cc0914e3c52,c09e4f0,pilot-stage1-disease,100,9007,,ecc984f043b744b6,0.01,0,none,0.1,0.2,0,2,,,completed,extinction on day 36,66,63,3,0.095,19,2,8,13,36,36,0
6d288435e8364a31bd0d4e36264657a6,35916bcbded0a34259fee49f6672dd7257c253f95655698b5300476c1bc33fa4,c09e4f0,pilot-stage1-disease,100,9007,,ecc984f043b744b6,0.02,0,none,0.1,0.2,0,2,,,completed,extinction on day 23,89,85,4,0.09,18,2,7,13,23,23,0
4031331edd2d42aa88dc17ae5d053c0b,263bcdf02611bad9af8890e21e730b06d8da7d2bfea50fb443c50b41eef9edc9,c09e4f0,pilot-stage1-disease,100,9007,,ecc984f043b744b6,0.05,0,none,0.1,0.2,0,2,,,completed,extinction on day 28,288,260,28,0.205,41,5,16,13,28,28,0
1f16f5161da54475ae239b9704ee12fb,a0e7209c4eda08df91eb5064b55ddf93735c815a44cdecb709491830714fbab3,c09e4f0,pilot-stage1-disease,100,9007,,ecc984f043b744b6,0.1,0,none,0.1,0.2,0,2,,,completed,extinction on day 28,594,527,67,0.33,66,8,25,16,28,28,0
9cb8c9e7c2f8492d83bc5d216ece252b,a3fa1fdc1262cbabfb51976796b3b66cdbf12870000d98d10a2fc2294291ddbf,c09e4f0,pilot-stage1-disease,100,9008,,ecc984f043b744b6,0.0,0,none,0.1,0.2,0,2,,,completed,extinction on day 21,0,0,0,0.045,9,1,4,5,21,21,0
6faa15334754464493b7d48b73d86489,950d078cb6c815ce2fe0785a07c0bba692cfa65d63de60c1cd0e88d942b8c5e5,c09e4f0,pilot-stage1-disease,100,9008,,ecc984f043b744b6,0.01,0,none,0.1,0.2,0,2,,,completed,extinction on day 30,53,48,5,0.065,13,1,5,5,30,30,0
977e21815bd342c6b9e79b2f82d79809,7ff7fd731d4496719ef002eb219947e53c407e1fdc97a6a2e245720af5885c09,c09e4f0,pilot-stage1-disease,100,9008,,ecc984f043b744b6,0.02,0,none,0.1,0.2,0,2,,,completed,extinction on day 15,66,64,2,0.055,11,1,4,5,15,15,0
870d48eb8f1a47cfaf0a20d29a994f20,832ef466288b8ff53bd1372a8e0681fe7856fd2b7aa70c11193ff3505586e8e3,c09e4f0,pilot-stage1-disease,100,9008,,ecc984f043b744b6,0.05,0,none,0.1,0.2,0,2,,,completed,extinction on day 37,383,347,36,0.15,30,3,9,21,37,37,0
5fb1838d6a3a48e9b64635766d89a28c,905e0707656acc3c85a215e721dfbcc995a6caafa752d93ebddb1547d5ad1bde,c09e4f0,pilot-stage1-disease,100,9008,,ecc984f043b744b6,0.1,0,none,0.1,0.2,0,2,,,completed,extinction on day 56,1159,1056,103,0.23,46,4,9,29,56,56,0
72e11ef290eb461d8d45d73e5f054028,bb21d57e4a4659c8afbdbc101c37a8c0c03374d3244212e6c88f6d580cd2fa5a,c09e4f0,pilot-stage1-disease,100,9009,,ecc984f043b744b6,0.0,0,none,0.1,0.2,0,2,,,completed,extinction on day 11,0,0,0,0.04,8,1,6,4,11,11,0
b00eae2cd76b4643ac39db6e12336d04,b516cf3a91f7419e028695c0eb297fbcff9baf884fe61167452b85d922fc7cdf,c09e4f0,pilot-stage1-disease,100,9009,,ecc984f043b744b6,0.01,0,none,0.1,0.2,0,2,,,completed,extinction on day 11,13,13,0,0.04,8,1,6,4,11,11,0
06403faf7d1f44328ac02e825258d322,0953b2d4830ed13d8fd8e8b9df5221f4a9729da364e94d0eb84414036cd7e5c5,c09e4f0,pilot-stage1-disease,100,9009,,ecc984f043b744b6,0.02,0,none,0.1,0.2,0,2,,,completed,extinction on day 39,146,134,12,0.24,48,5,17,8,39,39,0
064da89ac18e4df6b3915053d88dcdc3,77161e7a5311e79d1ee910795a956676b673ca9816704abdf4cc1918fbcc05c9,c09e4f0,pilot-stage1-disease,100,9009,,ecc984f043b744b6,0.05,0,none,0.1,0.2,0,2,,,completed,extinction on day 38,357,337,20,0.3,60,6,15,8,38,38,0
6fc8931e9ba44869afdec1f3bf7b03c0,0bc895df0570d3c577ca8a554db3dc8be12adad6736e804db3356b6970f2afe0,c09e4f0,pilot-stage1-disease,100,9009,,ecc984f043b744b6,0.1,0,none,0.1,0.2,0,2,,,completed,extinction on day 52,1040,911,129,0.405,81,9,20,6,52,52,0
c31113c1cfef43108e97e0fbc013d638,0ced5d38abeda946d9290d1b9ae1751d5c8af5acc94c7e91d55608a76aa0b310,c09e4f0,pilot-stage1-disease,101,9000,,a94b904840df0142,0.0,0,none,0.1,0.2,0,2,,,completed,extinction on day 35,0,0,0,0.05,10,1,4,13,35,35,0
e1a842f6624e40cbabdd88c034502698,70335f742ee66eb0a72e1e525fda09b0338a469fbc2b7f8fc73e9848d46275f6,c09e4f0,pilot-stage1-disease,101,9000,,a94b904840df0142,0.01,0,none,0.1,0.2,0,2,,,completed,extinction on day 35,71,66,5,0.055,11,1,4,13,35,35,0
9a300be4518844888922201eafa983f7,2154c6f0effe783a581a737848b5ee065c5a3d16588c5c02b3c4cc5236564630,c09e4f0,pilot-stage1-disease,101,9000,,a94b904840df0142,0.02,0,none,0.1,0.2,0,2,,,completed,extinction on day 35,141,134,7,0.055,11,1,5,11,35,35,0
34dce6c9d98748978c1427d48b729344,4c97a1bdf34ae375d2fdb5c1f151ba9a306c1bc4905ecca8a69aea97c26d3f05,c09e4f0,pilot-stage1-disease,101,9000,,a94b904840df0142,0.05,0,none,0.1,0.2,0,2,,,completed,extinction on day 92,942,875,67,0.665,133,14,27,33,92,92,0
1a0b6a73936c453fa8fcf9cf487cbbe1,7555606c786fe7300b3824706483d0e9097be44e303cf4b2fc2b06bf61d5b3a9,c09e4f0,pilot-stage1-disease,101,9000,,a94b904840df0142,0.1,0,none,0.1,0.2,0,2,,,completed,extinction on day 59,1181,1100,81,0.915,183,20,35,17,59,59,0
c7640968802544a685b024038539a412,017cbb743aa9ce73923ba5e08b9bf46b620852b2f874fabf2263fe709ffab8f0,c09e4f0,pilot-stage1-disease,101,9001,,a94b904840df0142,0.0,0,none,0.1,0.2,0,2,,,completed,extinction on day 24,0,0,0,0.05,10,1,9,5,24,24,0
a261a03e2df842f9a20f86d114d5917e,dc072d4dd19e7b85c81d8a87df00842d619bff5337473f012296f1ae099dab70,c09e4f0,pilot-stage1-disease,101,9001,,a94b904840df0142,0.01,0,none,0.1,0.2,0,2,,,completed,extinction on day 37,74,66,8,0.17,34,3,14,26,37,37,0
cb8fc7ad5e4e450687f1e187f9285195,7c08d7fc561e4b84fdea08796dbe41162a5a0fd24817865489dfcc685a1bb883,c09e4f0,pilot-stage1-disease,101,9001,,a94b904840df0142,0.02,0,none,0.1,0.2,0,2,,,completed,extinction on day 32,116,107,9,0.1,20,2,9,5,32,32,0
93a2b8928e6b47d8967e04327050da50,d4545e8ce418b960d4020d4a3233b3f27a3eb28abb12b1173ce064ae55ea2d81,c09e4f0,pilot-stage1-disease,101,9001,,a94b904840df0142,0.05,0,none,0.1,0.2,0,2,,,completed,extinction on day 56,564,535,29,0.265,53,4,14,23,56,56,0
0349fd19b2fb473094c0dac1cfd9b0db,306edf7a2912f8b229ed0b91a3dc0fea88ae9ce8922d98f34e9ab494c6e7295d,c09e4f0,pilot-stage1-disease,101,9001,,a94b904840df0142,0.1,0,none,0.1,0.2,0,2,,,completed,extinction on day 39,798,743,55,0.935,187,20,65,18,39,39,0
1dda2901f9924c20839a5f2925537429,2c86b134c4e1ba89df522dc20e38dd0a9d817e5725f8599be316438ef9bf0033,c09e4f0,pilot-stage1-disease,101,9002,,a94b904840df0142,0.0,0,none,0.1,0.2,0,2,,,completed,extinction on day 10,0,0,0,0.04,8,1,6,5,10,10,0
e86425e7956d4f37a9fcce43c87c0f6d,cd2194da363a7c52bb3e13f071f26e33d4cde82191446dfa4cbef645c0c94f0f,c09e4f0,pilot-stage1-disease,101,9002,,a94b904840df0142,0.01,0,none,0.1,0.2,0,2,,,completed,extinction on day 10,12,12,0,0.05,10,1,7,5,10,10,0
4b6dba3602c54d9db27d3c41f3bc0cfd,7c5c67264424274b3cbc421bf404cd844a9599141508fe7b56c7672839c61f1a,c09e4f0,pilot-stage1-disease,101,9002,,a94b904840df0142,0.02,0,none,0.1,0.2,0,2,,,completed,extinction on day 10,25,24,1,0.055,11,1,8,5,10,10,0
1c41139e77d0429ab5b9a723e6ff108f,e9564e6935129d1eb3734054be2d704c516dfda28387a01bb7841bfc2ecdc72d,c09e4f0,pilot-stage1-disease,101,9002,,a94b904840df0142,0.05,0,none,0.1,0.2,0,2,,,completed,extinction on day 86,854,798,56,0.61,122,12,15,41,86,86,0
5854069791904fb99dd4de65c7babc3b,e60b8ea26f30acde32c510b6f1dbb29111cf120c44699c431e28209b5fc4e652,c09e4f0,pilot-stage1-disease,101,9002,,a94b904840df0142,0.1,0,none,0.1,0.2,0,2,,,completed,extinction on day 67,1295,1223,72,0.835,167,19,37,15,67,67,0
82427da4664747f8bd744218b0ef70b5,807beea927af7c103f7690ce6948a5ddf9f1935aa12e73118c7f3b79708ab661,c09e4f0,pilot-stage1-disease,101,9003,,a94b904840df0142,0.0,0,none,0.1,0.2,0,2,,,completed,extinction on day 1,0,0,0,0.005,1,1,1,0,1,1,0
66c4f8ed251a45daa9a90b9c65d8a887,6b6a5061248637d2f8c6f9a748270dabd4b7b858baec996314b41864bf1682cc,c09e4f0,pilot-stage1-disease,101,9003,,a94b904840df0142,0.01,0,none,0.1,0.2,0,2,,,completed,extinction on day 1,3,3,0,0.005,1,1,1,0,1,1,0
2f8d60a8370548efbda9d608c1c81ccc,58477df46ad260a1e608bc1ee26aaa63dbfa49af6918d790fb3f9a525356fcfb,c09e4f0,pilot-stage1-disease,101,9003,,a94b904840df0142,0.02,0,none,0.1,0.2,0,2,,,completed,extinction on day 1,5,5,0,0.005,1,1,1,0,1,1,0
df11a94a28854219b30bf5c06f5d3030,9c3bd15d26c1ce3c5411e7b016f4ec220669e757fd9b8410fea619f001175d1f,c09e4f0,pilot-stage1-disease,101,9003,,a94b904840df0142,0.05,0,none,0.1,0.2,0,2,,,completed,extinction on day 1,9,9,0,0.005,1,1,1,0,1,1,0
f604b9ff85e642b2afe8f99fbfebcbd2,c7a521bb242505ffe0dab97e59b4d202248e650c623312d8897614eec021059d,c09e4f0,pilot-stage1-disease,101,9003,,a94b904840df0142,0.1,0,none,0.1,0.2,0,2,,,completed,extinction on day 1,16,16,0,0.005,1,1,1,0,1,1,0
f297eca385c24980991eb6e59817ba17,344c73dbdebba831759a394b009f4f491c998040d78cf910fe805d5dad1073bf,c09e4f0,pilot-stage1-disease,101,9004,,a94b904840df0142,0.0,0,none,0.1,0.2,0,2,,,completed,extinction on day 26,0,0,0,0.05,10,1,6,6,26,26,0
c907a15b94e448018b53a53ff3056ea4,0fc93d39b6c3138641d8b9d5ba47f7d77ca3cb13c80f55de354755c21e61bd95,c09e4f0,pilot-stage1-disease,101,9004,,a94b904840df0142,0.01,0,none,0.1,0.2,0,2,,,completed,extinction on day 26,58,58,0,0.06,12,1,7,6,26,26,0
3680a9f9f95842cda6184f49ac7bda72,62fdfd79982c5d4af7ca1a1572a39010703e42470e037be197bc5325c90744d3,c09e4f0,pilot-stage1-disease,101,9004,,a94b904840df0142,0.02,0,none,0.1,0.2,0,2,,,completed,extinction on day 46,182,175,7,0.18,36,4,15,19,46,46,0
dbd95e69a6284f6f9f47546036fffebb,d6eda7c855bf99c27f1246fc497594e8fc259c2e1488d612b2cea1fad1a8d927,c09e4f0,pilot-stage1-disease,101,9004,,a94b904840df0142,0.05,0,none,0.1,0.2,0,2,,,completed,extinction on day 81,829,770,59,0.565,113,13,19,26,81,81,0
4b786d060749450f93725db10bbe5ad3,79de02581a521a7ea092a5d9967ddadf9f97dfa4dbff4fb9bdc234d04f8ed4f9,c09e4f0,pilot-stage1-disease,101,9004,,a94b904840df0142,0.1,0,none,0.1,0.2,0,2,,,completed,extinction on day 53,1056,994,62,0.86,172,19,48,27,53,53,0
26167f1e23cc48ea8a0299ddc66fb09d,365f2d64a96fb4d4482994371a14949b1f3d9abef5366ae456f951ceff57b7e2,c09e4f0,pilot-stage1-disease,101,9005,,a94b904840df0142,0.0,0,none,0.1,0.2,0,2,,,completed,extinction on day 8,0,0,0,0.05,10,1,6,3,8,8,0
2f41ef52f16444519c59490925838b26,4e48f4aa7ad775f4fadc6460d7b257dc43a2f5d040b95166676959cc15447788,c09e4f0,pilot-stage1-disease,101,9005,,a94b904840df0142,0.01,0,none,0.1,0.2,0,2,,,completed,extinction on day 10,29,27,2,0.05,10,1,5,3,10,10,0
425eabb5c1174319b490d0ea0b5d6228,0a7717c0dddc6cd45d041b8f31de57d66b288d69f1e8535e3e9929f1907906f7,c09e4f0,pilot-stage1-disease,101,9005,,a94b904840df0142,0.02,0,none,0.1,0.2,0,2,,,completed,extinction on day 10,44,44,0,0.055,11,1,6,4,10,10,0
5ed6c95431b1446796e827576d47bc4a,be83edbb7d47cdcc47009cb00a9fc335460611a21a62ac3ab8bad34b5a9336c6,c09e4f0,pilot-stage1-disease,101,9005,,a94b904840df0142,0.05,0,none,0.1,0.2,0,2,,,completed,extinction on day 73,753,713,40,0.75,150,17,24,50,73,73,0
5b913f7ee3724f3387e9e9f147d2ec6c,0ebacaa33da40974dfd4b3a7186693a79d651dbf86bc38b2477bd3321132d426,c09e4f0,pilot-stage1-disease,101,9005,,a94b904840df0142,0.1,0,none,0.1,0.2,0,2,,,completed,extinction on day 59,1180,1112,68,0.92,184,19,33,21,59,59,0
a844b493b47d437789295aeab39c5d8e,c6678d5a05f69ab1fb4f205f2451a35e40496b28411d63001e3eb291e1adc9b9,c09e4f0,pilot-stage1-disease,101,9006,,a94b904840df0142,0.0,0,none,0.1,0.2,0,2,,,completed,extinction on day 1,0,0,0,0.005,1,1,1,0,1,1,0
b49d4f1102e348e6b2a57f0028f45125,53058acfe86a0295a04649fb008f5dc8e604687ea673d5f690f7f162f7aa3c4c,c09e4f0,pilot-stage1-disease,101,9006,,a94b904840df0142,0.01,0,none,0.1,0.2,0,2,,,completed,extinction on day 1,5,5,0,0.005,1,1,1,0,1,1,0
dbe093deef064905856d932ef0607d8b,f912456297a21251fb02b7fb290a1e1011748f8e8b7fc194c4e2470b6a4bd276,c09e4f0,pilot-stage1-disease,101,9006,,a94b904840df0142,0.02,0,none,0.1,0.2,0,2,,,completed,extinction on day 1,6,6,0,0.005,1,1,1,0,1,1,0
a020a93dec3b40f4b38aa085b7bcd263,74b8a64df9e2c29c615ef7a787010f3631b9e65dfa7ec0cc275fec069f8058a7,c09e4f0,pilot-stage1-disease,101,9006,,a94b904840df0142,0.05,0,none,0.1,0.2,0,2,,,completed,extinction on day 1,14,14,0,0.005,1,1,1,0,1,1,0
5f67894b8742421a8bce037be2095a00,019073c339070db525a1a16f689dc8c3de76afb9bab09aed13bdbe78d664e503,c09e4f0,pilot-stage1-disease,101,9006,,a94b904840df0142,0.1,0,none,0.1,0.2,0,2,,,completed,extinction on day 1,19,18,1,0.005,1,1,1,0,1,1,0
1cfd9c193fe944e987d66695cde0c300,2a78a56f55497345f499a0b364c8e94dc72285f5998538889d4efe16c1c95013,c09e4f0,pilot-stage1-disease,101,9007,,a94b904840df0142,0.0,0,none,0.1,0.2,0,2,,,completed,extinction on day 14,0,0,0,0.05,10,1,6,3,14,14,0
677a92d2e915402393675784f7fa43ef,e13f77334c486ac387c8c719ee3980d40a920873a53f485e5d80d0f258368b7c,c09e4f0,pilot-stage1-disease,101,9007,,a94b904840df0142,0.01,0,none,0.1,0.2,0,2,,,completed,extinction on day 30,57,54,3,0.11,22,2,6,3,30,30,0
742076632a61414bbeb27b4197a95a00,5cdc020eb69d9b01dbef1e4311aa26a6ab5761545a5c30ae88ab8cd03186e362,c09e4f0,pilot-stage1-disease,101,9007,,a94b904840df0142,0.02,0,none,0.1,0.2,0,2,,,completed,extinction on day 34,126,110,16,0.115,23,3,6,3,34,34,0
46b0fbe0b1f04f55954ad02c2fb9d3da,38bf54111676b3e92e9f3b6638e014d92e1d8ddabf467fd54faba76754615c33,c09e4f0,pilot-stage1-disease,101,9007,,a94b904840df0142,0.05,0,none,0.1,0.2,0,2,,,completed,extinction on day 23,236,226,10,0.185,37,4,17,13,23,23,0
abc4e189067746a6b1594c27b071e59b,6ebd71673cd8cd1a3b8c216499670c912ba7007a334bfc521b9a5641e0870377,c09e4f0,pilot-stage1-disease,101,9007,,a94b904840df0142,0.1,0,none,0.1,0.2,0,2,,,completed,extinction on day 68,1371,1302,69,0.91,182,19,37,26,68,68,0
7f78a0c9aa9e4ee48952f8d572961ac5,ba990b0fbc839da6e6f8e145c9ff787852771808dc42300717275029f9dc9a0d,c09e4f0,pilot-stage1-disease,101,9008,,a94b904840df0142,0.0,0,none,0.1,0.2,0,2,,,completed,extinction on day 21,0,0,0,0.045,9,1,4,5,21,21,0
1397bafe034e48489e972e9735ead944,77101cbb5ac2025e25b6ee854d9a16d2a67a2fdcb17290a9c18b716345eff4b0,c09e4f0,pilot-stage1-disease,101,9008,,a94b904840df0142,0.01,0,none,0.1,0.2,0,2,,,completed,extinction on day 21,40,38,2,0.055,11,1,4,5,21,21,0
8ebb6a63da2b4068bb5b07d08fe46814,c8560826fb43c21fed5eb43a05b79ce7329b9462b278b52db959e037376e45a0,c09e4f0,pilot-stage1-disease,101,9008,,a94b904840df0142,0.02,0,none,0.1,0.2,0,2,,,completed,extinction on day 16,73,67,6,0.055,11,1,5,10,16,16,0
8d6b8b8989d5426480bdf116b3ea03c6,280c47799b874ba62475034efaaab1930895e27f45d8ac0e2dd36ded051cd393,c09e4f0,pilot-stage1-disease,101,9008,,a94b904840df0142,0.05,0,none,0.1,0.2,0,2,,,completed,extinction on day 48,503,461,42,0.45,90,9,20,17,48,48,0
9ff12508bce647dd9e48401d3cc22fdd,e1ce4609f1b856318374937439027dd2d745b3ae76a87a57339b963483013525,c09e4f0,pilot-stage1-disease,101,9008,,a94b904840df0142,0.1,0,none,0.1,0.2,0,2,,,completed,extinction on day 72,1450,1359,91,0.9,180,18,30,36,72,72,0
e4d57a001716423e8ec5cf6d7f10a87c,76db7f67579cfb390662fe7c7b21a82c2cc9e40110b34eff0d9dab70957b5ea9,c09e4f0,pilot-stage1-disease,101,9009,,a94b904840df0142,0.0,0,none,0.1,0.2,0,2,,,completed,extinction on day 11,0,0,0,0.04,8,1,6,4,11,11,0
4465b1b5c0c948418c744ffa87b386c1,b76082401237d56a5646ded0f77bd8327df8d37726672330d904747a5b8105c8,c09e4f0,pilot-stage1-disease,101,9009,,a94b904840df0142,0.01,0,none,0.1,0.2,0,2,,,completed,extinction on day 11,13,13,0,0.04,8,1,6,4,11,11,0
c8a8b7d4b7bc4749a5149bbed1e05b19,8ac26de8deaffa14aa2c3488fcb857a3fa99b687673e47353932b1a89ae90efd,c09e4f0,pilot-stage1-disease,101,9009,,a94b904840df0142,0.02,0,none,0.1,0.2,0,2,,,completed,extinction on day 29,113,110,3,0.195,39,4,10,4,29,29,0
28c2ef3b6d9048f294132c9c3ba84687,61e5ff7f553c92e5c0aa60021fa6174ae47e2de52f05375d36ca30982369f3e5,c09e4f0,pilot-stage1-disease,101,9009,,a94b904840df0142,0.05,0,none,0.1,0.2,0,2,,,completed,extinction on day 11,103,98,5,0.035,7,1,5,3,11,11,0
e19bdd60fde94028915c2e12d6e5d9a8,e8b460d27dd2641cd989a5993468a93672d9d1f7199a1b523f7e056e6f062826,c09e4f0,pilot-stage1-disease,101,9009,,a94b904840df0142,0.1,0,none,0.1,0.2,0,2,,,completed,extinction on day 83,1700,1612,88,0.94,188,20,32,33,83,83,0
897106a6642040aba3e06ec8c1465835,a86b80a01b5064b8b4dbf3d77e70b2c8976be6419de27e00b7d03922825d395b,c09e4f0,pilot-stage1-disease,102,9000,,0a9f06b6dff3de72,0.0,0,none,0.1,0.2,0,2,,,completed,extinction on day 35,0,0,0,0.05,10,1,4,13,35,35,0
2f1105f0de9e4beda0a0418be1411f6c,3fdd1c2d34b09ef03adfe6633662023afb016f3fd62e6b32029d83c4b0241ea3,c09e4f0,pilot-stage1-disease,102,9000,,0a9f06b6dff3de72,0.01,0,none,0.1,0.2,0,2,,,completed,extinction on day 35,71,70,1,0.06,12,1,4,13,35,35,0
df538723167e4094bec7b479f99afebd,32674c1593e0b7ff6746d4721197fd9312012a4e689ad7fa1d383a533a2d1af6,c09e4f0,pilot-stage1-disease,102,9000,,0a9f06b6dff3de72,0.02,0,none,0.1,0.2,0,2,,,completed,extinction on day 37,145,134,11,0.075,15,1,6,11,37,37,0
c8ca3948073e4c08b3c5dfa28b142dbd,2c45615969b9cab4f8f64e67e18150dd8880171f9ad7ebdad07a95ad1f87cb4b,c09e4f0,pilot-stage1-disease,102,9000,,0a9f06b6dff3de72,0.05,0,none,0.1,0.2,0,2,,,completed,extinction on day 47,482,448,34,0.225,45,5,15,14,47,47,0
05447685d94f49c4a09a69d776da5b08,6420e07fd0e0c00f80f5b8bd3ff4062ecb99536a9bc205cccfa4dec79de13f06,c09e4f0,pilot-stage1-disease,102,9000,,0a9f06b6dff3de72,0.1,0,none,0.1,0.2,0,2,,,completed,extinction on day 67,1343,1257,86,0.935,187,19,47,40,67,67,0
869602c74b124a3994fc6d15e7224d60,2f9f1e909f19c3baa78230dc47b4aa8e90616c9630b09d0a4be1222b517fe142,c09e4f0,pilot-stage1-disease,102,9001,,0a9f06b6dff3de72,0.0,0,none,0.1,0.2,0,2,,,completed,extinction on day 24,0,0,0,0.05,10,1,9,5,24,24,0
8ff58aa0192248d4a93bb3cbe5d4182c,5d7bbe72e3e66a069bdafd1fea28900c301cb10eb372d5b589fa43a60c51cd35,c09e4f0,pilot-stage1-disease,102,9001,,0a9f06b6dff3de72,0.01,0,none,0.1,0.2,0,2,,,completed,extinction on day 32,61,57,4,0.085,17,2,9,5,32,32,0
c7ede9c0d8664832bc5cb9416f598ddb,3367de8896a94bc4679d15d0555d86c85c43dd3f512ab8555bc49afc5c281d67,c09e4f0,pilot-stage1-disease,102,9001,,0a9f06b6dff3de72,0.02,0,none,0.1,0.2,0,2,,,completed,extinction on day 32,116,112,4,0.095,19,2,9,5,32,32,0
c09e80e6b98e40c5aff3ff9dfc26436a,e7b68f7de422722c0e5d76abfa48547491cb8933cdb6366e1103a30a7b741e11,c09e4f0,pilot-stage1-disease,102,9001,,0a9f06b6dff3de72,0.05,0,none,0.1,0.2,0,2,,,completed,extinction on day 33,326,308,18,0.21,42,4,14,23,33,33,0
da9c18566ad248d29ff3eb53482c5191,5f46233c87adb5ec54f1a4c8620c317ff9714f06e01bc217c0cec50c527ad8a6,c09e4f0,pilot-stage1-disease,102,9001,,0a9f06b6dff3de72,0.1,0,none,0.1,0.2,0,2,,,completed,extinction on day 36,734,682,52,0.23,46,5,23,12,36,36,0
34217b732982418c8042c0a27b20cace,5d2684a81d6bc11313ca40e990e865de5829016d224b98129eb0fa6d70e9df2d,c09e4f0,pilot-stage1-disease,102,9002,,0a9f06b6dff3de72,0.0,0,none,0.1,0.2,0,2,,,completed,extinction on day 10,0,0,0,0.04,8,1,6,5,10,10,0
4f68064a0bb843f0b59c3baef9835480,5a554daeff605fa3fa129a0d0db89c36b5e1206ff6280337e38aa3b2e42342d0,c09e4f0,pilot-stage1-disease,102,9002,,0a9f06b6dff3de72,0.01,0,none,0.1,0.2,0,2,,,completed,extinction on day 10,12,12,0,0.04,8,1,6,5,10,10,0
cf41a55e565c474ea42f70566781ccb4,298313250d7d985ed7d5bd016857d9bb57d49e50dd178a7cf8bfd56a4b0c6c91,c09e4f0,pilot-stage1-disease,102,9002,,0a9f06b6dff3de72,0.02,0,none,0.1,0.2,0,2,,,completed,extinction on day 10,25,24,1,0.04,8,1,6,5,10,10,0
c080f8511e5d47d7a8ec8f4ec2948287,b53ea6c281f2ffa0daa896d1a5ffe9b75c21bd85e9fa730e7e45a0ef301925ed,c09e4f0,pilot-stage1-disease,102,9002,,0a9f06b6dff3de72,0.05,0,none,0.1,0.2,0,2,,,completed,extinction on day 63,622,581,41,0.33,66,7,20,30,63,63,0
8dfc677c86d64e19b862c3079f44bb7f,9b56939c5ff0b4340364f1191d7aa148b49d720f5ec0e662c6aea7162ee8d824,c09e4f0,pilot-stage1-disease,102,9002,,0a9f06b6dff3de72,0.1,0,none,0.1,0.2,0,2,,,completed,extinction on day 69,1337,1229,108,0.95,190,20,42,45,69,69,0
be9d54889a01415d86066869949474bf,78a368dfbe543e5eb299b0bb50e8cf40e124e9f16af6d2f5a1c08b37cb97440f,c09e4f0,pilot-stage1-disease,102,9003,,0a9f06b6dff3de72,0.0,0,none,0.1,0.2,0,2,,,completed,extinction on day 1,0,0,0,0.005,1,1,1,0,1,1,0
e158de8016dc4a7099c22f79e2f15782,d46533733b457842f6d89409d3ba4ff9679efac30006729e056095e1e5dc03a8,c09e4f0,pilot-stage1-disease,102,9003,,0a9f06b6dff3de72,0.01,0,none,0.1,0.2,0,2,,,completed,extinction on day 1,3,3,0,0.005,1,1,1,0,1,1,0
c059a2e7bbb142f1b38d33f765febf83,71f7bd9fa86ea341884509a275bd36fb34bb098aae9ff43c2154723949565a44,c09e4f0,pilot-stage1-disease,102,9003,,0a9f06b6dff3de72,0.02,0,none,0.1,0.2,0,2,,,completed,extinction on day 1,5,5,0,0.005,1,1,1,0,1,1,0
f760218687f64a4da95566a36bb78f25,78cead4e35ea2f25100c4b83fb2e793e07f4fbc27c153b5c107021bc3d9f83cb,c09e4f0,pilot-stage1-disease,102,9003,,0a9f06b6dff3de72,0.05,0,none,0.1,0.2,0,2,,,completed,extinction on day 1,9,9,0,0.005,1,1,1,0,1,1,0
ef2a328af5cb45d2a7c81448ed917989,3a7760eea8c7bd0d32bac99cf8d1ad2e15151b4b60d4092c32ec108188dd4145,c09e4f0,pilot-stage1-disease,102,9003,,0a9f06b6dff3de72,0.1,0,none,0.1,0.2,0,2,,,completed,extinction on day 1,16,16,0,0.005,1,1,1,0,1,1,0
b90da8f0138f4d9aa0dff7f794663f87,d59ec86f767fc688e7411df53fe49836dc5e22bef2a998bcc7a540db376c36b7,c09e4f0,pilot-stage1-disease,102,9004,,0a9f06b6dff3de72,0.0,0,none,0.1,0.2,0,2,,,completed,extinction on day 26,0,0,0,0.05,10,1,6,6,26,26,0
5542a022ad994c11a8b8c80cc301a438,0a1b1bbb2d09f82fce6b56ad5ab2619f97da809b89cd193cc36a2a6c5549de98,c09e4f0,pilot-stage1-disease,102,9004,,0a9f06b6dff3de72,0.01,0,none,0.1,0.2,0,2,,,completed,extinction on day 26,58,58,0,0.055,11,1,7,6,26,26,0
0d50288b847c4a668e825083fc544215,47623395e81460dedad678d0d6a61f022cc41776dfb3b070144cea90e2c3a080,c09e4f0,pilot-stage1-disease,102,9004,,0a9f06b6dff3de72,0.02,0,none,0.1,0.2,0,2,,,completed,extinction on day 35,134,122,12,0.115,23,2,7,6,35,35,0
db4953275e974bae8256b64b1c206e7e,b13c6156c212ccf72d63f50f16d0be418021e49660c443f49bcb5f5f98815227,c09e4f0,pilot-stage1-disease,102,9004,,0a9f06b6dff3de72,0.05,0,none,0.1,0.2,0,2,,,completed,extinction on day 22,214,202,12,0.08,16,2,7,6,22,22,0
871a0358051a472f99dee28f62e5420b,6cd1482684915adccb3a81b787725f0e555a4b46f0f9e984634a61fb4ae2c63d,c09e4f0,pilot-stage1-disease,102,9004,,0a9f06b6dff3de72,0.1,0,none,0.1,0.2,0,2,,,completed,extinction on day 92,1854,1704,150,0.695,139,16,22,17,92,92,0
00dc425709d9488e9f3059647e91d23d,4ad69a35e1cef338c1165b820eaed3c7a13e66bfb46ba72c1ff30bbfe4d6b30c,c09e4f0,pilot-stage1-disease,102,9005,,0a9f06b6dff3de72,0.0,0,none,0.1,0.2,0,2,,,completed,extinction on day 8,0,0,0,0.05,10,1,6,3,8,8,0
7f925082a7ed4f0f944fdd4a55a01fa3,71fb752803dbfeb69e65d1237d1b9b0492ad3f7079c0b875c2231cf149c80ce5,c09e4f0,pilot-stage1-disease,102,9005,,0a9f06b6dff3de72,0.01,0,none,0.1,0.2,0,2,,,completed,extinction on day 12,32,31,1,0.06,12,1,7,4,12,12,0
7c08deb0bb354a899dbc6a3ecd3b2be4,12e4a548942ae5452281063876c4356e73742317a344470416b590a39d631a6b,c09e4f0,pilot-stage1-disease,102,9005,,0a9f06b6dff3de72,0.02,0,none,0.1,0.2,0,2,,,completed,extinction on day 12,52,52,0,0.06,12,1,7,4,12,12,0
758669b420914c778a04ede5199c2779,4d4e742515c598b2588a92ccc0973557c846ec53a16b0adc69fa229a172f0f35,c09e4f0,pilot-stage1-disease,102,9005,,0a9f06b6dff3de72,0.05,0,none,0.1,0.2,0,2,,,completed,extinction on day 45,443,414,29,0.265,53,5,9,23,45,45,0
dc25358ca2854ac78ad56b9391b9bb6b,e481b56650fe8755728aec221ac9a05f56ab366e25d3b5d3c4e9834e2b3b9979,c09e4f0,pilot-stage1-disease,102,9005,,0a9f06b6dff3de72,0.1,0,none,0.1,0.2,0,2,,,completed,extinction on day 73,1485,1382,103,0.765,153,19,23,11,73,73,0
648c05eecd574edab0a49d3120c7eaa2,89b70d23b8f4a20f622bb11f9a7ecf81f8d05435d3a121a96bd6fff3724d4323,c09e4f0,pilot-stage1-disease,102,9006,,0a9f06b6dff3de72,0.0,0,none,0.1,0.2,0,2,,,completed,extinction on day 1,0,0,0,0.005,1,1,1,0,1,1,0
5cd4ec9c38254061b6e6adefa792204d,b863315ee4192cecf6fd8c1510d75145635d9e04ae5bf22e4482384d2935a529,c09e4f0,pilot-stage1-disease,102,9006,,0a9f06b6dff3de72,0.01,0,none,0.1,0.2,0,2,,,completed,extinction on day 1,5,5,0,0.005,1,1,1,0,1,1,0
7a66f82ed37240fe89e8a3fcddcd658d,c66e285320e2cd44fc5827cc76d2010b9590b8ee94dd8adc36e72edfaf3dbe05,c09e4f0,pilot-stage1-disease,102,9006,,0a9f06b6dff3de72,0.02,0,none,0.1,0.2,0,2,,,completed,extinction on day 1,6,6,0,0.005,1,1,1,0,1,1,0
8c4c1b32a6334a90954d3e2137eee322,d8e8a6c1e35a1a918a880343e5d89844b020dfee44bad6541a17d91758820abb,c09e4f0,pilot-stage1-disease,102,9006,,0a9f06b6dff3de72,0.05,0,none,0.1,0.2,0,2,,,completed,extinction on day 1,14,14,0,0.005,1,1,1,0,1,1,0
68c3b9f6d2834a8692eb5afc030d62e1,696f04108303fba9980e6381468658de8036dae0c9049732eec5107e984066d8,c09e4f0,pilot-stage1-disease,102,9006,,0a9f06b6dff3de72,0.1,0,none,0.1,0.2,0,2,,,completed,extinction on day 1,19,19,0,0.005,1,1,1,0,1,1,0
452452fc60f648cf9505d8f400788a3f,1634a6c0028aac82b85a8db9f1ef766b9bb0f7bd6a3082d34ba9ccce0f66d90a,c09e4f0,pilot-stage1-disease,102,9007,,0a9f06b6dff3de72,0.0,0,none,0.1,0.2,0,2,,,completed,extinction on day 14,0,0,0,0.05,10,1,6,3,14,14,0
02d9c7d8e7e4488abd67bbe7dadfb4ca,72dd309563d2dba7cd16bab2e77b290fd4cdcb1053bb68a16f91794dcc1d906f,c09e4f0,pilot-stage1-disease,102,9007,,0a9f06b6dff3de72,0.01,0,none,0.1,0.2,0,2,,,completed,extinction on day 36,66,63,3,0.105,21,3,8,13,36,36,0
b3517803381d44c6bc8b201578f0c625,46eb8189203c47418541260aa63215d84c88c47cd9fef343649c4ad7cbb80cbf,c09e4f0,pilot-stage1-disease,102,9007,,0a9f06b6dff3de72,0.02,0,none,0.1,0.2,0,2,,,completed,extinction on day 28,112,105,7,0.19,38,4,16,13,28,28,0
180e43a60b1645929f27bdbb069ae326,c581668c7c50132e4374734c1ac3f7ec0b69ec5f2feab483e399d5aa9ba90071,c09e4f0,pilot-stage1-disease,102,9007,,0a9f06b6dff3de72,0.05,0,none,0.1,0.2,0,2,,,completed,extinction on day 73,712,664,48,0.69,138,16,17,37,73,73,0
7b262d8a7fde42f3bdb171e32179faea,9a858468f8161ade3f3b1f4a82bbeab5b19e7bd7819fdaa37a278a07d2c939bf,c09e4f0,pilot-stage1-disease,102,9007,,0a9f06b6dff3de72,0.1,0,none,0.1,0.2,0,2,,,completed,extinction on day 75,1516,1424,92,0.95,190,20,34,42,75,75,0
feb3e26cd16f445b8c4dc632a905b3c5,7fd57f89baab27de0ba3f733eb0a427e8286a641f7c7658e64b0e08c165f67e9,c09e4f0,pilot-stage1-disease,102,9008,,0a9f06b6dff3de72,0.0,0,none,0.1,0.2,0,2,,,completed,extinction on day 21,0,0,0,0.045,9,1,4,5,21,21,0
44b401ab7efd4df69b5aea9acc90c4bc,2d9fdc121f86799d616a0c37913c720f9952b894f61070218875262bb51e7232,c09e4f0,pilot-stage1-disease,102,9008,,0a9f06b6dff3de72,0.01,0,none,0.1,0.2,0,2,,,completed,extinction on day 21,40,40,0,0.055,11,1,5,5,21,21,0
1a2963e94e654d1586d78b4e33e28f7b,7f87b506be48cad9b822fef3449d7cf2a059d88040210003e53c3f7533b63ad6,c09e4f0,pilot-stage1-disease,102,9008,,0a9f06b6dff3de72,0.02,0,none,0.1,0.2,0,2,,,completed,extinction on day 30,132,118,14,0.12,24,3,8,10,30,30,0
855d79e48fc4460891ea9b4e500e0e18,c392c50ff42b4a6dc8004fe50764fdc8308126cc21ca1ae4b67afe91ef7a186e,c09e4f0,pilot-stage1-disease,102,9008,,0a9f06b6dff3de72,0.05,0,none,0.1,0.2,0,2,,,completed,extinction on day 70,699,632,67,0.67,134,16,20,13,70,70,0
470f85baf4d8414488612542635a835b,40d555225bcbde170badc8f29ce79d70b7c1b1895f56391d0f160db3f9140468,c09e4f0,pilot-stage1-disease,102,9008,,0a9f06b6dff3de72,0.1,0,none,0.1,0.2,0,2,,,completed,extinction on day 52,1082,1008,74,0.65,130,14,34,29,52,52,0
05f31b3517f34747ae02f64b2f69b597,bde4261799df8f67f53e1d951f5ae67f91469edaae800881fe35c54d365b21a2,c09e4f0,pilot-stage1-disease,102,9009,,0a9f06b6dff3de72,0.0,0,none,0.1,0.2,0,2,,,completed,extinction on day 11,0,0,0,0.04,8,1,6,4,11,11,0
bde82e5e7c1640a4874be2a92dd1bee1,3f8be6544483bbc6976753d10ad1ff6bc9d02575335a7f64efdad0106ede7010,c09e4f0,pilot-stage1-disease,102,9009,,0a9f06b6dff3de72,0.01,0,none,0.1,0.2,0,2,,,completed,extinction on day 19,33,33,0,0.065,13,1,7,4,19,19,0
2b0df1d4dd284c6ca74f2212dde7bf12,84eaa28b8d32e2a55d98cbc4d014aef102047eea38853bd96d51c6cfb657e777,c09e4f0,pilot-stage1-disease,102,9009,,0a9f06b6dff3de72,0.02,0,none,0.1,0.2,0,2,,,completed,extinction on day 21,86,86,0,0.135,27,3,13,8,21,21,0
41be049fb14044619ec7a8964b4262f1,e4d982dffa35eb1a0eba20ffa50926f16984e9239aefd98041c82f9af6e61ce8,c09e4f0,pilot-stage1-disease,102,9009,,0a9f06b6dff3de72,0.05,0,none,0.1,0.2,0,2,,,completed,extinction on day 75,740,700,40,0.785,157,15,28,26,75,75,0
b2ba7e21e1e34ae0b7f0ae341ba2699a,29b4e3a3d7079812479447db5d87fc8511cf94db11500857f363c657e4cd3ff8,c09e4f0,pilot-stage1-disease,102,9009,,0a9f06b6dff3de72,0.1,0,none,0.1,0.2,0,2,,,completed,extinction on day 66,1346,1240,106,0.975,195,19,44,22,66,66,0
51d7feb9ee6c4089a964a015d6d49a07,63ede621d6f9d1daa48762d06b72406d084b9e39e5454d55cdd26192dde8221d,c09e4f0,pilot-stage1-disease,103,9000,,3eba5fa24d22e1a9,0.0,0,none,0.1,0.2,0,2,,,completed,extinction on day 35,0,0,0,0.05,10,1,4,13,35,35,0
c5f1ceb37e514b69b33752ba4327f7d7,c0e9958f6ae7058f3beb52245f31fb1e77335f0a2ecf4a3e95060ff9874907f7,c09e4f0,pilot-stage1-disease,103,9000,,3eba5fa24d22e1a9,0.01,0,none,0.1,0.2,0,2,,,completed,extinction on day 35,71,71,0,0.065,13,1,4,13,35,35,0
e0463180eee241869426111c462b53a7,f2f401584191dbb8ff524bf11cf3f6ca47fd6439df8dad93e592cd835b6ef669,c09e4f0,pilot-stage1-disease,103,9000,,3eba5fa24d22e1a9,0.02,0,none,0.1,0.2,0,2,,,completed,extinction on day 40,162,154,8,0.075,15,1,5,11,40,40,0
b5ca50f4f49b465aa4c3888a8aa4119c,7f8cde7caacf04bef3d1ceabdd1d7e8aab83c6ece9fc2aaecfd1d636d60d86af,c09e4f0,pilot-stage1-disease,103,9000,,3eba5fa24d22e1a9,0.05,0,none,0.1,0.2,0,2,,,completed,extinction on day 68,695,662,33,0.54,108,13,28,30,68,68,0
47df3eaf62ee43f2a40c82a833fa9e96,be006acd72c79ea5be96376cecf758ae0c3677be00cebcf8faae085fea4664d7,c09e4f0,pilot-stage1-disease,103,9000,,3eba5fa24d22e1a9,0.1,0,none,0.1,0.2,0,2,,,completed,extinction on day 65,1301,1232,69,0.775,155,15,26,12,65,65,0
89838fa76b18415d89d90dd60ba34865,ced0d93ac423efc1594358f1b6f217738be3a9ad877cdee31dccc3fb967d6463,c09e4f0,pilot-stage1-disease,103,9001,,3eba5fa24d22e1a9,0.0,0,none,0.1,0.2,0,2,,,completed,extinction on day 24,0,0,0,0.05,10,1,9,5,24,24,0
34bc56aa7b964b4da5e4cb1fd156e060,22defd9aa428b3279f6a3084928082eb2371242dcb706bcabc1bf96d4d6190e2,c09e4f0,pilot-stage1-disease,103,9001,,3eba5fa24d22e1a9,0.01,0,none,0.1,0.2,0,2,,,completed,extinction on day 32,61,58,3,0.085,17,2,9,5,32,32,0
2a3fc7b5f66a4f9eb70f6ab17d0e827e,dbb63a09b75ee9de194057f6467911bb6cbfa3ad092dc0bd5cb2def4481de021,c09e4f0,pilot-stage1-disease,103,9001,,3eba5fa24d22e1a9,0.02,0,none,0.1,0.2,0,2,,,completed,extinction on day 32,116,111,5,0.105,21,2,9,5,32,32,0
661d9fa14e6d46bf96111bd4da419134,96aa7cb4207d97985463b490d262a740ff645dde5c8f62dc558932bfa6a9eab3,c09e4f0,pilot-stage1-disease,103,9001,,3eba5fa24d22e1a9,0.05,0,none,0.1,0.2,0,2,,,completed,extinction on day 69,691,679,12,0.475,95,10,15,27,69,69,0
6d2f9f78762b48939d1e0fd0736d84df,5742e32f8ebbb0e3ba8639c8b3f76814f319c78dc0f0fdcafdf49686aa3c6fc8,c09e4f0,pilot-stage1-disease,103,9001,,3eba5fa24d22e1a9,0.1,0,none,0.1,0.2,0,2,,,completed,extinction on day 60,1218,1159,59,0.535,107,10,31,13,60,60,0
622f3d0d24ae452e8796ddf9d4d05206,fb19c97bddff3a7e11fbc72a21053e8dd375d9eaf1925ea1d40d0c2d3265678f,c09e4f0,pilot-stage1-disease,103,9002,,3eba5fa24d22e1a9,0.0,0,none,0.1,0.2,0,2,,,completed,extinction on day 10,0,0,0,0.04,8,1,6,5,10,10,0
4a35624042b6498f9eaef17475d903a9,8ccd5b7c271c3d9eaf427bd3cc6917e2765c666fe10b1f19a30d388610fe3d46,c09e4f0,pilot-stage1-disease,103,9002,,3eba5fa24d22e1a9,0.01,0,none,0.1,0.2,0,2,,,completed,extinction on day 10,12,12,0,0.04,8,1,6,5,10,10,0
1fe15cd0baf546edaa9a22fb9fa96702,75133888669774a5803aba8a3d366b4c4f8659b72920e53acb64ac115778b190,c09e4f0,pilot-stage1-disease,103,9002,,3eba5fa24d22e1a9,0.02,0,none,0.1,0.2,0,2,,,completed,extinction on day 10,25,25,0,0.04,8,1,6,5,10,10,0
faefa9d05e414aa2841afde360a23399,b6370edbbd3bb97be44037b28695c9218bbd40c0137345a05eeb2d97761556b0,c09e4f0,pilot-stage1-disease,103,9002,,3eba5fa24d22e1a9,0.05,0,none,0.1,0.2,0,2,,,completed,extinction on day 28,286,275,11,0.11,22,3,6,5,28,28,0
f8e50a29542f42c7be650f3545e84057,6a105b52180e8cb1f3b7e7ef1cec70a8912c55781874e950409e029e29277764,c09e4f0,pilot-stage1-disease,103,9002,,3eba5fa24d22e1a9,0.1,0,none,0.1,0.2,0,2,,,completed,extinction on day 33,644,611,33,0.235,47,5,23,8,33,33,0
c5ed5e467c82428b9d734da09479c4b0,5fb8c0a14ac015e5efd2558985761ac2e7301d102b5126d66d9bba7dfb381c31,c09e4f0,pilot-stage1-disease,103,9003,,3eba5fa24d22e1a9,0.0,0,none,0.1,0.2,0,2,,,completed,extinction on day 1,0,0,0,0.005,1,1,1,0,1,1,0
5c17a81f44434387a2c1a6753d669d76,92a6ab200fe9aebc8933ff78bcf91790b7648fe419b596ae9398102e07fdcb89,c09e4f0,pilot-stage1-disease,103,9003,,3eba5fa24d22e1a9,0.01,0,none,0.1,0.2,0,2,,,completed,extinction on day 1,3,3,0,0.005,1,1,1,0,1,1,0
7ff1df59a22248f18e95e0bcc0a8137b,a42f5e3db567760c22fcfc6df470a0c5abcc66186c0337b101d642110212967d,c09e4f0,pilot-stage1-disease,103,9003,,3eba5fa24d22e1a9,0.02,0,none,0.1,0.2,0,2,,,completed,extinction on day 1,5,5,0,0.005,1,1,1,0,1,1,0
8fcdae4631724c01a64ad40e9fd59154,7b220bb1823db9be5aad3bcdcfea4e7b38ab2b0862f1b637a0642ae32a697903,c09e4f0,pilot-stage1-disease,103,9003,,3eba5fa24d22e1a9,0.05,0,none,0.1,0.2,0,2,,,completed,extinction on day 1,9,9,0,0.005,1,1,1,0,1,1,0
8c397ee60c3a4dd286f12817ff038d2a,e00b2e65b312da680476f915aeb3e24dc845417cd4d95b0f512560fb28d26742,c09e4f0,pilot-stage1-disease,103,9003,,3eba5fa24d22e1a9,0.1,0,none,0.1,0.2,0,2,,,completed,extinction on day 1,16,16,0,0.005,1,1,1,0,1,1,0
2790cf0577cb45ebb144e3b4dee44b65,ac92fe408b76a8f3fc24fa9c5409a3dba2f354a140ecf98cccaabc7928590188,c09e4f0,pilot-stage1-disease,103,9004,,3eba5fa24d22e1a9,0.0,0,none,0.1,0.2,0,2,,,completed,extinction on day 26,0,0,0,0.05,10,1,6,6,26,26,0
c1e260016eae4db4be8dfbcd1ad19f7b,43d6371cc4b00e9bde49ccc58d312368e808264a0552d6b90f0f674a0c5a69a0,c09e4f0,pilot-stage1-disease,103,9004,,3eba5fa24d22e1a9,0.01,0,none,0.1,0.2,0,2,,,completed,extinction on day 26,58,56,2,0.06,12,1,8,6,26,26,0
d4dd973954d74842a30ab50549539b84,8b71964e42c592ac66d44888aa3c7a2692b92a4764b8f1f5805c9c33b0d683f8,c09e4f0,pilot-stage1-disease,103,9004,,3eba5fa24d22e1a9,0.02,0,none,0.1,0.2,0,2,,,completed,extinction on day 32,127,120,7,0.11,22,2,8,6,32,32,0
f0ea68ed66de4e8a9fa8963d3146ac14,efbbd68715b4f1482358c15b8f51e9276dc8afcd4b987827fc4cd1fdee81b022,c09e4f0,pilot-stage1-disease,103,9004,,3eba5fa24d22e1a9,0.05,0,none,0.1,0.2,0,2,,,completed,extinction on day 14,121,113,8,0.055,11,1,6,6,14,14,0
6729740b4a1d4071a62ce6363335f2b6,f61f19cf2f28b41de410f698325acc4036b332c42ee4103850e5f28502de5443,c09e4f0,pilot-stage1-disease,103,9004,,3eba5fa24d22e1a9,0.1,0,none,0.1,0.2,0,2,,,completed,extinction on day 63,1258,1188,70,0.92,184,20,36,36,63,63,0
2c76155f5ccf437c9e3c3c25dc50771f,bbaab3ab00b8fe5b00686876b0833ee33b13e496d32caaef86cb2ec3b6a289dd,c09e4f0,pilot-stage1-disease,103,9005,,3eba5fa24d22e1a9,0.0,0,none,0.1,0.2,0,2,,,completed,extinction on day 8,0,0,0,0.05,10,1,6,3,8,8,0
4cb7530a02834ce6bdb2430d677ba1fb,07294836051e3d7ba89429ff61d80909551b0280647e17e2b742b53c0477db95,c09e4f0,pilot-stage1-disease,103,9005,,3eba5fa24d22e1a9,0.01,0,none,0.1,0.2,0,2,,,completed,extinction on day 19,41,41,0,0.05,10,1,5,3,19,19,0
5bbdf06b18d248039f41bd5008fface3,0d2a748f57ea34435012b24c0f27db48aa590dcae8ac5482336f150576d7fa1c,c09e4f0,pilot-stage1-disease,103,9005,,3eba5fa24d22e1a9,0.02,0,none,0.1,0.2,0,2,,,completed,extinction on day 8,39,39,0,0.06,12,1,6,4,8,8,0
6bae556a1b924d56a942dfa01c89f638,5d16ce894474e9f59c4ccb0604696ddebf3fda702191f89bfab248d2851237d2,c09e4f0,pilot-stage1-disease,103,9005,,3eba5fa24d22e1a9,0.05,0,none,0.1,0.2,0,2,,,completed,extinction on day 9,83,82,1,0.06,12,1,7,5,9,9,0
25795719c60c49cb9ffc2d86d082cfeb,950f48c9198409dcb76e631bfdd40715aedaafdbadc9ebe93339789ca06e1d25,c09e4f0,pilot-stage1-disease,103,9005,,3eba5fa24d22e1a9,0.1,0,none,0.1,0.2,0,2,,,completed,extinction on day 51,1022,994,28,0.265,53,6,20,7,51,51,0
074c268e01bc4bb8b90bfa4acd011961,f6c44c274727584e6d9cf00e70add0af0fdcaf76860375d33654418ccdac9284,c09e4f0,pilot-stage1-disease,103,9006,,3eba5fa24d22e1a9,0.0,0,none,0.1,0.2,0,2,,,completed,extinction on day 1,0,0,0,0.005,1,1,1,0,1,1,0
b530ef04b10442ca82b6d133f869024a,c79382e80178bca058b6b5190962965915cc9bfbab15fe3027315f14daf440b4,c09e4f0,pilot-stage1-disease,103,9006,,3eba5fa24d22e1a9,0.01,0,none,0.1,0.2,0,2,,,completed,extinction on day 1,5,5,0,0.005,1,1,1,0,1,1,0
96555c7bede8487cb5aed24e5c30f1a8,a92dc7d545bc087831224206a93348daa748007fb676b528cee7ed1d951996d8,c09e4f0,pilot-stage1-disease,103,9006,,3eba5fa24d22e1a9,0.02,0,none,0.1,0.2,0,2,,,completed,extinction on day 1,6,6,0,0.005,1,1,1,0,1,1,0
9c31844e0a364c54bc860093262477c2,e3f1c70618e8913ba88658d4f40b005adee4498b4de0a6a0053782271e321f8f,c09e4f0,pilot-stage1-disease,103,9006,,3eba5fa24d22e1a9,0.05,0,none,0.1,0.2,0,2,,,completed,extinction on day 1,14,14,0,0.005,1,1,1,0,1,1,0
32b36ac23fdf4e228559f8033b387efd,db95be77b3db47f7abfbe8468016be5b2affc9d43dcf16218c5f87000901d7ae,c09e4f0,pilot-stage1-disease,103,9006,,3eba5fa24d22e1a9,0.1,0,none,0.1,0.2,0,2,,,completed,extinction on day 1,19,19,0,0.005,1,1,1,0,1,1,0
07f26f9306434fe0a53f05e213513453,98b6ef10e990a472be498b3ed0f95dca7ef1bd7fddc0116080395b19b89842ea,c09e4f0,pilot-stage1-disease,103,9007,,3eba5fa24d22e1a9,0.0,0,none,0.1,0.2,0,2,,,completed,extinction on day 14,0,0,0,0.05,10,1,6,3,14,14,0
de3a78363dc543679d64958a96d1d3cf,9fe40a89ea2be4af580c99ead068e01fb568dc1ebab24087b1663bf31a742edf,c09e4f0,pilot-stage1-disease,103,9007,,3eba5fa24d22e1a9,0.01,0,none,0.1,0.2,0,2,,,completed,extinction on day 30,57,55,2,0.105,21,2,7,5,30,30,0
06f75086adfe49a89893d05a5538adf9,8c112389e1057f74dc174f6839d195436349ddfd37c088af0e90ceb97cd4e1a6,c09e4f0,pilot-stage1-disease,103,9007,,3eba5fa24d22e1a9,0.02,0,none,0.1,0.2,0,2,,,completed,extinction on day 30,115,106,9,0.12,24,3,8,5,30,30,0
e39fbd7eb3634aacb5279a4fd0194475,03f98c92b206738f306450be7fcdabefc27732bd39bd6e8982e4eb9330c39263,c09e4f0,pilot-stage1-disease,103,9007,,3eba5fa24d22e1a9,0.05,0,none,0.1,0.2,0,2,,,completed,extinction on day 36,346,338,8,0.19,38,5,8,13,36,36,0
3f3b12023bcf48c1a441385a2968c768,c57e83d44911e48de2462931ebbc36c4737f8b5a50f5f56949c12fffa9ade897,c09e4f0,pilot-stage1-disease,103,9007,,3eba5fa24d22e1a9,0.1,0,none,0.1,0.2,0,2,,,completed,extinction on day 55,1122,1058,64,0.895,179,19,35,13,55,55,0
719fe7c815f84d7a82ca05fb37bc430e,c87c15d53c85ab2b9b2e788dee5ded410f2dd201da5a2d2e7dca4e68007d62c7,c09e4f0,pilot-stage1-disease,103,9008,,3eba5fa24d22e1a9,0.0,0,none,0.1,0.2,0,2,,,completed,extinction on day 21,0,0,0,0.045,9,1,4,5,21,21,0
275282aacc8a4f269754449a51a3fe7a,33b1f61d862cef6e3e6ff0b6133773c74f9ee9f61a11c1504b0a91146c308942,c09e4f0,pilot-stage1-disease,103,9008,,3eba5fa24d22e1a9,0.01,0,none,0.1,0.2,0,2,,,completed,extinction on day 30,53,52,1,0.06,12,1,4,5,30,30,0
59766a2988224c0faabd3100b89f3765,d815caf5d41fc003d516101e55e50d91218895ed4783deb1daf765cf95a33a09,c09e4f0,pilot-stage1-disease,103,9008,,3eba5fa24d22e1a9,0.02,0,none,0.1,0.2,0,2,,,completed,extinction on day 15,66,61,5,0.045,9,1,5,5,15,15,0
630cc9080a924ce2bb1bd0633b44e7ff,a7fb72a3f135602920ac0d7ebf141a2588d4cc8137e099964889b34bcfec45b8,c09e4f0,pilot-stage1-disease,103,9008,,3eba5fa24d22e1a9,0.05,0,none,0.1,0.2,0,2,,,completed,extinction on day 59,606,577,29,0.66,132,13,27,46,59,59,0
a6fa36b5c0094cda8a5856e721209d64,c7f910222f36b5bc597b7565b151c1be0ffdcaba8b193b34f5781bb7be79ad9c,c09e4f0,pilot-stage1-disease,103,9008,,3eba5fa24d22e1a9,0.1,0,none,0.1,0.2,0,2,,,completed,extinction on day 82,1636,1555,81,0.735,147,16,21,22,82,82,0
8d36e6823d814694b7e07aa536b42b7a,c6bb62cefceb6865704a1f4ddb3cc900168cd1340a1db902ee142b0e3e57d3a6,c09e4f0,pilot-stage1-disease,103,9009,,3eba5fa24d22e1a9,0.0,0,none,0.1,0.2,0,2,,,completed,extinction on day 11,0,0,0,0.04,8,1,6,4,11,11,0
5476f8bedbe84c1aa31b20a0734ec2f8,30161bb33bbab2d47c213e89afed07ed69e93104b2f84671cb698b40b6a18466,c09e4f0,pilot-stage1-disease,103,9009,,3eba5fa24d22e1a9,0.01,0,none,0.1,0.2,0,2,,,completed,extinction on day 19,33,33,0,0.065,13,1,7,4,19,19,0
3e14b28d0e784b748581aa479576fad6,c72cb5a2479be2d6f8033fd6f77f8c056b4bf019de57886fa1c428f76273fca3,c09e4f0,pilot-stage1-disease,103,9009,,3eba5fa24d22e1a9,0.02,0,none,0.1,0.2,0,2,,,completed,extinction on day 24,100,99,1,0.195,39,4,16,8,24,24,0
9e85863ae0294f468f578c9160d40614,1d929ac0da81000006f7bd247c8444699147b64f5f1f92faebdd75c969eaec1a,c09e4f0,pilot-stage1-disease,103,9009,,3eba5fa24d22e1a9,0.05,0,none,0.1,0.2,0,2,,,completed,extinction on day 83,830,801,29,0.665,133,14,14,8,83,83,0
78d30f1b00584c5db77fc8bd099e1b59,08b7a2c4ed0683195217f676d27b3c84cec049a0e28e2c95905f6038e3ff83b1,c09e4f0,pilot-stage1-disease,103,9009,,3eba5fa24d22e1a9,0.1,0,none,0.1,0.2,0,2,,,completed,extinction on day 71,1451,1360,91,0.72,144,14,39,17,71,71,0
bcc5b87a424545f988a4952e1278458e,6ed5db5ffe358d12e90362413d46660fd37f004d0b98de3a1cafaac1b46f8a46,c09e4f0,pilot-stage1-disease,104,9000,,bc0241eae73e5142,0.0,0,none,0.1,0.2,0,2,,,completed,extinction on day 35,0,0,0,0.05,10,1,4,13,35,35,0
9a7b2117ef0d498ab0b544e50c24ff78,2d16e9f79f38d6058ba6937d403be295e2b6423fa15c8569e781b747c7eef8be,c09e4f0,pilot-stage1-disease,104,9000,,bc0241eae73e5142,0.01,0,none,0.1,0.2,0,2,,,completed,extinction on day 35,71,67,4,0.065,13,1,5,13,35,35,0
d0b8c33dffc94fbc8c8080fb4540d05b,f8afc2d3a1380af509df77b9f9b6f5d0190b9d0cd609081384ba9de38c28b6a1,c09e4f0,pilot-stage1-disease,104,9000,,bc0241eae73e5142,0.02,0,none,0.1,0.2,0,2,,,completed,extinction on day 42,170,156,14,0.08,16,1,5,18,42,42,0
46a16072b959471d8ef58d94bc8ee2bc,a448b37f94890d4a09a6726b45e2564bed587851db1fb22218dfb951586e7dcc,c09e4f0,pilot-stage1-disease,104,9000,,bc0241eae73e5142,0.05,0,none,0.1,0.2,0,2,,,completed,extinction on day 35,370,334,36,0.175,35,5,13,11,35,35,0
31317b1a869b4922a1e7a2338cef76bf,9b84d8ad8f95d058218bb0df2953c5893ea0d7edae76e4c52308e4229292900b,c09e4f0,pilot-stage1-disease,104,9000,,bc0241eae73e5142,0.1,0,none,0.1,0.2,0,2,,,completed,extinction on day 40,818,763,55,0.345,69,9,26,9,40,40,0
a7052d859b894b32992c2a05d9c34135,c647cb2455ab297bb96c64a9c32c8bae4b9ecc4044235e207549c5ec7c5973c5,c09e4f0,pilot-stage1-disease,104,9001,,bc0241eae73e5142,0.0,0,none,0.1,0.2,0,2,,,completed,extinction on day 24,0,0,0,0.05,10,1,9,5,24,24,0
41c58a052b1c41a892aa614e5a1f89fb,b4d2a28f869a0928b8820424a42177e45c130ecfc3b87e1a5e48c57d230b119a,c09e4f0,pilot-stage1-disease,104,9001,,bc0241eae73e5142,0.01,0,none,0.1,0.2,0,2,,,completed,extinction on day 36,72,66,6,0.11,22,2,11,21,36,36,0
53f161b3142143df9b1949e5261f9aa9,1af565faefc199036477569445fcbf4c5d0ef119085907b455c908d38d865600,c09e4f0,pilot-stage1-disease,104,9001,,bc0241eae73e5142,0.02,0,none,0.1,0.2,0,2,,,completed,extinction on day 67,256,233,23,0.23,46,4,9,5,67,67,0
a4b364dc6c2a437ab394d2bbc6ff34f0,5a3832ed8efe4a2cd83e8b7419d9fedadca9fd07062674f54a81eb82d72e8440,c09e4f0,pilot-stage1-disease,104,9001,,bc0241eae73e5142,0.05,0,none,0.1,0.2,0,2,,,completed,extinction on day 48,482,434,48,0.275,55,5,12,12,48,48,0
7b785ea7c3714e518c005f324fc91070,c259964fbe7518dc47332dcac0ee4e68f88b75063c749bed72b415fe15abd772,c09e4f0,pilot-stage1-disease,104,9001,,bc0241eae73e5142,0.1,0,none,0.1,0.2,0,2,,,completed,extinction on day 63,1272,1163,109,0.8,160,18,37,12,63,63,0
15e77d7ce6a4437981d76ad80a76a175,49e99c9d01f56a5ebbae818ef9571626bde5df6c56eb4fede714420595b83243,c09e4f0,pilot-stage1-disease,104,9002,,bc0241eae73e5142,0.0,0,none,0.1,0.2,0,2,,,completed,extinction on day 10,0,0,0,0.04,8,1,6,5,10,10,0
fdd87581c57e4b9bb3dbfbc81df86dfd,532c38004172dc074817a493c5c4e30c36f25be1024642d7546b8e7bf8426a71,c09e4f0,pilot-stage1-disease,104,9002,,bc0241eae73e5142,0.01,0,none,0.1,0.2,0,2,,,completed,extinction on day 10,12,12,0,0.05,10,1,7,5,10,10,0
3bf6d37d0b5d48858a6b17c07185ff45,16f62a9d0262ae7802f2c812c8df37d5c83c8253222cecc77579d18692261699,c09e4f0,pilot-stage1-disease,104,9002,,bc0241eae73e5142,0.02,0,none,0.1,0.2,0,2,,,completed,extinction on day 10,25,25,0,0.05,10,1,7,5,10,10,0
f0fc09986f9e4196adf01ae68cd30188,55158203f426aa8bec32a34db431ce2cacd822a8be37b45cfb618200f5392c2d,c09e4f0,pilot-stage1-disease,104,9002,,bc0241eae73e5142,0.05,0,none,0.1,0.2,0,2,,,completed,extinction on day 63,622,579,43,0.93,186,20,42,22,63,63,0
e4411318622f491185f7a4f305f6d6e4,537cef67b56eb9f48ffddb64b90f06214ba44dabe36ae68ef8c75380f6929d5b,c09e4f0,pilot-stage1-disease,104,9002,,bc0241eae73e5142,0.1,0,none,0.1,0.2,0,2,,,completed,extinction on day 46,900,823,77,0.935,187,20,47,11,46,46,0
b97822c08e2b4f8ca473f6602a65b5a0,2763a2df2e0a0c3d1fb9337608c4be0e4fd1312513dc49086804d38b683b8395,c09e4f0,pilot-stage1-disease,104,9003,,bc0241eae73e5142,0.0,0,none,0.1,0.2,0,2,,,completed,extinction on day 1,0,0,0,0.005,1,1,1,0,1,1,0
c1ffe119af714f62888a423820cb9ba0,f05f5817a3a0bcee83a202e8d454ff6d1620787b09f04275925879ddcebc0b27,c09e4f0,pilot-stage1-disease,104,9003,,bc0241eae73e5142,0.01,0,none,0.1,0.2,0,2,,,completed,extinction on day 1,3,3,0,0.005,1,1,1,0,1,1,0
098bda74592b406497687b016807ceca,3be30b644603cef515a5652cc4b5ef73cd34c2eb8075b80de819900496fae5f2,c09e4f0,pilot-stage1-disease,104,9003,,bc0241eae73e5142,0.02,0,none,0.1,0.2,0,2,,,completed,extinction on day 1,5,5,0,0.005,1,1,1,0,1,1,0
37f1db7cb20d4436b205dcc183b85072,cc081443fb28cc98de431781b61d2adc04eac99eac03976a33d90055dbae661b,c09e4f0,pilot-stage1-disease,104,9003,,bc0241eae73e5142,0.05,0,none,0.1,0.2,0,2,,,completed,extinction on day 1,9,9,0,0.005,1,1,1,0,1,1,0
7f90ccda8d734132b8c0cadaa318f2c5,ddb885c6fec6e5b3056b217948954e7cc434109ddea6a76f27da654922a6d2fd,c09e4f0,pilot-stage1-disease,104,9003,,bc0241eae73e5142,0.1,0,none,0.1,0.2,0,2,,,completed,extinction on day 1,16,16,0,0.005,1,1,1,0,1,1,0
3d706f9615e246859ba0d37eae8f1ba1,c1214dd89c9b1df8366cf48c61344dcc3981c8705fbe9578e04f91636c617940,c09e4f0,pilot-stage1-disease,104,9004,,bc0241eae73e5142,0.0,0,none,0.1,0.2,0,2,,,completed,extinction on day 26,0,0,0,0.05,10,1,6,6,26,26,0
34fd8852ff2d4d87be9813e163b81508,5ea322529b3ed9be67ca9ae677652d31678f01e1c615f401fafdcfc26c8724ad,c09e4f0,pilot-stage1-disease,104,9004,,bc0241eae73e5142,0.01,0,none,0.1,0.2,0,2,,,completed,extinction on day 51,106,103,3,0.07,14,1,6,6,51,51,0
87edeac595d24d76aa20e437092f85ba,28129a26fb88c0be67a6e82b0175f69a810fba878837786dddd695436d4a59bf,c09e4f0,pilot-stage1-disease,104,9004,,bc0241eae73e5142,0.02,0,none,0.1,0.2,0,2,,,completed,extinction on day 48,193,187,6,0.165,33,3,10,27,48,48,0
5f1462965d2e43119b89b2fda4820f72,aadbab9943ce979a639166fb92368e3525763daf3252d86b01cc8f5f997cb7ed,c09e4f0,pilot-stage1-disease,104,9004,,bc0241eae73e5142,0.05,0,none,0.1,0.2,0,2,,,completed,extinction on day 31,300,285,15,0.175,35,3,11,22,31,31,0
ea44cc2771d2419cb111b8aa96cc52b5,f9b75c4562cb5777c0c23b0f08ea0e2dfc7184cce94f72525bf6c57705e41c56,c09e4f0,pilot-stage1-disease,104,9004,,bc0241eae73e5142,0.1,0,none,0.1,0.2,0,2,,,completed,extinction on day 58,1162,1063,99,0.97,194,20,41,38,58,58,0
44dac47525764301a9bf2118adbc495f,e5c3dde329cffebe4374b274bac2fcfe8dd7b674db0b35e4d7cbda07a78a9c7d,c09e4f0,pilot-stage1-disease,104,9005,,bc0241eae73e5142,0.0,0,none,0.1,0.2,0,2,,,completed,extinction on day 8,0,0,0,0.05,10,1,6,3,8,8,0
e92cc0b4fd6d4cd8a16f0c41fbbf7e6a,c216863ff3e65fc841b92725300f52b392597644f0f8aec4d657e9bb8bfe2035,c09e4f0,pilot-stage1-disease,104,9005,,bc0241eae73e5142,0.01,0,none,0.1,0.2,0,2,,,completed,extinction on day 12,32,32,0,0.055,11,1,6,4,12,12,0
8fec6f1fe3474fa6be9cb4e972cf9e18,f927f29ed479b6bf91ceb22167313ed1acaa41e300851cdcded27d622eb60df1,c09e4f0,pilot-stage1-disease,104,9005,,bc0241eae73e5142,0.02,0,none,0.1,0.2,0,2,,,completed,extinction on day 12,52,50,2,0.055,11,1,6,4,12,12,0
b76f294af73646aab698194017538c43,91d4ee6cdfa986a3e9aeaa322ea9ff6732904f882a3b1a19d20f46533138470b,c09e4f0,pilot-stage1-disease,104,9005,,bc0241eae73e5142,0.05,0,none,0.1,0.2,0,2,,,completed,extinction on day 19,170,160,10,0.11,22,2,8,6,19,19,0
0e7d192cf3d14aa5ae2f97d5f6197e72,7949f13a41e00439f6d675f4cf1715c7167b86ed19844b41bd0c65378b9d95f3,c09e4f0,pilot-stage1-disease,104,9005,,bc0241eae73e5142,0.1,0,none,0.1,0.2,0,2,,,completed,extinction on day 62,1230,1146,84,0.895,179,18,36,19,62,62,0
5bfaedb7b1b744d79e9ffd7d35b436a5,1fc5e0236a587d19b37a86a71e0eac2f39fbf9640f604f7091bc4fbdd8f07664,c09e4f0,pilot-stage1-disease,104,9006,,bc0241eae73e5142,0.0,0,none,0.1,0.2,0,2,,,completed,extinction on day 1,0,0,0,0.005,1,1,1,0,1,1,0
3bad0c9302834a07b9d7e45bc272452e,cab532241578c33b5d7c352378af4d009a6f3bb9f207e586973596fc75200ed4,c09e4f0,pilot-stage1-disease,104,9006,,bc0241eae73e5142,0.01,0,none,0.1,0.2,0,2,,,completed,extinction on day 1,5,5,0,0.005,1,1,1,0,1,1,0
b2e57a627dfc4bb7aaf126fe83a8c383,fb6510b190b524602d8ac77e1fd115c436485bda473eac66103946fcdf76fb89,c09e4f0,pilot-stage1-disease,104,9006,,bc0241eae73e5142,0.02,0,none,0.1,0.2,0,2,,,completed,extinction on day 1,6,6,0,0.005,1,1,1,0,1,1,0
6c8914e30c384af3a48ec2cc85dfba19,3eb960033c75f84deda4ad01bb669bda1a602e75753c0db522e05be199d1079d,c09e4f0,pilot-stage1-disease,104,9006,,bc0241eae73e5142,0.05,0,none,0.1,0.2,0,2,,,completed,extinction on day 1,14,14,0,0.005,1,1,1,0,1,1,0
5846dd5fdd424b278f5d590ef022e8b4,72753bacde3b37fe82602c3d38b7cfd4e92a71e8f6c74874b8c3f64d9dda5cb9,c09e4f0,pilot-stage1-disease,104,9006,,bc0241eae73e5142,0.1,0,none,0.1,0.2,0,2,,,completed,extinction on day 1,19,19,0,0.005,1,1,1,0,1,1,0
900689ef4ee94f508295f15dc5fc93e9,53304ebb5d21e19ef182568fb081432629ea0598e3944d294c3a8a23e1bb68ee,c09e4f0,pilot-stage1-disease,104,9007,,bc0241eae73e5142,0.0,0,none,0.1,0.2,0,2,,,completed,extinction on day 14,0,0,0,0.05,10,1,6,3,14,14,0
515cac0c06d143a189170a8cb784456c,291a12012c7dc7b25d15c1c771a54b248ad5db3d871abdf82352f342e8673da3,c09e4f0,pilot-stage1-disease,104,9007,,bc0241eae73e5142,0.01,0,none,0.1,0.2,0,2,,,completed,extinction on day 36,66,61,5,0.095,19,2,8,13,36,36,0
792574fc7fd948dbbdd3c3cce05eacd8,ba8ac7b2049f03481960df3c052a8523a8ca36fa171e18a0a75c6f58c1519fd1,c09e4f0,pilot-stage1-disease,104,9007,,bc0241eae73e5142,0.02,0,none,0.1,0.2,0,2,,,completed,extinction on day 23,89,86,3,0.145,29,3,13,7,23,23,0
fc0f8c7bf0994d448975de9f20325e97,056329197961cfbd27c1f0fe42f581178ed0daed263d08cf29a322a3fd3902a5,c09e4f0,pilot-stage1-disease,104,9007,,bc0241eae73e5142,0.05,0,none,0.1,0.2,0,2,,,completed,extinction on day 43,408,382,26,0.335,67,6,20,17,43,43,0
5e03070037e94ab39cea2505c9749fe8,3873d58b829b94036bf7c21ccd4e277906387f5e8b3614572d08f2c1362edd80,c09e4f0,pilot-stage1-disease,104,9007,,bc0241eae73e5142,0.1,0,none,0.1,0.2,0,2,,,completed,extinction on day 76,1537,1408,129,0.905,181,19,24,39,76,76,0
a8ed95b8168e46fdb0af982042f55f2a,da42f3c7390edf9abb4ad8f6cec7dbeda2fd10ff7e491a5587f9892fc3e2b704,c09e4f0,pilot-stage1-disease,104,9008,,bc0241eae73e5142,0.0,0,none,0.1,0.2,0,2,,,completed,extinction on day 21,0,0,0,0.045,9,1,4,5,21,21,0
27ed627a432a45b485c825e8924b4ce5,b20757eec70bfe4d012cbd1453006cac3f74797dd9ff0abef5e3be2d5b0cc446,c09e4f0,pilot-stage1-disease,104,9008,,bc0241eae73e5142,0.01,0,none,0.1,0.2,0,2,,,completed,extinction on day 30,53,53,0,0.065,13,1,5,5,30,30,0
94be39fa038c4515ab7ed4a07dc7d723,55f90fada07f0373f5c43bb8fda9cfa0c28c70adc75cc733e51c583c6c0f1092,c09e4f0,pilot-stage1-disease,104,9008,,bc0241eae73e5142,0.02,0,none,0.1,0.2,0,2,,,completed,extinction on day 15,66,63,3,0.04,8,1,4,5,15,15,0
75f61fd5e59c4c23bbd6912b0d56ae3a,da26226193a4876175e93cf69c22019fec31b44a72aaaea85b74d78a77975434,c09e4f0,pilot-stage1-disease,104,9008,,bc0241eae73e5142,0.05,0,none,0.1,0.2,0,2,,,completed,extinction on day 39,408,394,14,0.205,41,4,13,17,39,39,0
0902c7fa62be4491bd4fa880f7164bec,e6b4d77e9b5cd110569a5e0c1e5bf874368216df61080afa21209ba4c9b5da5d,c09e4f0,pilot-stage1-disease,104,9008,,bc0241eae73e5142,0.1,0,none,0.1,0.2,0,2,,,completed,extinction on day 14,301,283,18,0.015,3,2,2,10,14,14,0
e1d242d3455f4243a872e4ecd01533e7,c2425cd873f33ecaa9663b8108ec7695581c7d9b0315aec6c231cf2c1ab5f8bc,c09e4f0,pilot-stage1-disease,104,9009,,bc0241eae73e5142,0.0,0,none,0.1,0.2,0,2,,,completed,extinction on day 11,0,0,0,0.04,8,1,6,4,11,11,0
a04657c7657a4002b4421440b4327193,daa63aeddab92b22fca619d66dfde9034ccb8035b133e4f2c8d444f60cfcf049,c09e4f0,pilot-stage1-disease,104,9009,,bc0241eae73e5142,0.01,0,none,0.1,0.2,0,2,,,completed,extinction on day 19,33,33,0,0.065,13,1,7,4,19,19,0
183047058bd74dd19230e77462d4b5ca,e61bd2ab14ce0565bf74235dd018e8923004f732252cdd0e5c1bb42435d422fe,c09e4f0,pilot-stage1-disease,104,9009,,bc0241eae73e5142,0.02,0,none,0.1,0.2,0,2,,,completed,extinction on day 64,262,242,20,0.455,91,10,16,49,64,64,0
9e695402b7a84469bfd60fbbe90bf3f4,d986f917c0a28bd9001dd4b08676b75b31efeb816b0d9c56ae36fc39d1a9fc84,c09e4f0,pilot-stage1-disease,104,9009,,bc0241eae73e5142,0.05,0,none,0.1,0.2,0,2,,,completed,extinction on day 19,186,173,13,0.095,19,2,10,4,19,19,0
e8833f7e880d4aa3a9dca1e1b688c1f7,de31ecbc2b0a27f9ff997f5bd850822b0c246083cbd0a263eaf873fa11bc763f,c09e4f0,pilot-stage1-disease,104,9009,,bc0241eae73e5142,0.1,0,none,0.1,0.2,0,2,,,completed,extinction on day 77,1562,1413,149,0.875,175,18,28,34,77,77,0
4ac44b8278464b628650dfbcf7bd3b98,56f6f26fda5192b1351209e61e2a23d66b14057f9c76f2fda07cb52945c36926,c09e4f0,pilot-stage1-disease,100,9000,,ecc984f043b744b6,0.0,0,none,0.15,0.1,0,2,,,completed,extinction on day 35,0,0,0,0.05,10,1,9,5,35,35,0
6332983e82334583a40d61648671306b,34de39375720f19892b699752db322a7a492cb8e6a50f2e3a36d079e2304bfe7,c09e4f0,pilot-stage1-disease,100,9000,,ecc984f043b744b6,0.01,0,none,0.15,0.1,0,2,,,completed,extinction on day 56,110,98,12,0.095,19,2,9,5,56,56,0
88e5b67d132b42eeb3e265506c35adf2,bf45654f0079742944171c7be9adcc8416bb889a6195f75f6e2e96441ab4efd3,c09e4f0,pilot-stage1-disease,100,9000,,ecc984f043b744b6,0.02,0,none,0.15,0.1,0,2,,,completed,extinction on day 71,292,253,39,0.725,145,14,36,44,71,71,0
56af341569724221a19f0ca6e80f6f99,21271150421432852129de1679fd38947bac54b3ea93c90847e770d3eb20149e,c09e4f0,pilot-stage1-disease,100,9000,,ecc984f043b744b6,0.05,0,none,0.15,0.1,0,2,,,completed,extinction on day 96,967,847,120,0.775,155,15,37,51,96,96,0
b6f952059b2e45c9a499f6e7914bd9c9,1d590f987b96f0356b706c5803c73e2a2cae76f342c6e26486cf75ae76c800e5,c09e4f0,pilot-stage1-disease,100,9000,,ecc984f043b744b6,0.1,0,none,0.15,0.1,0,2,,,completed,extinction on day 77,1539,1357,182,1.0,200,20,55,19,77,77,0
d87555e8f7d64186823efe113a51385e,9d3fd2b75e0edfa7a36ac09669503a7171f996caae87a2c8f2ec756571fcf30b,c09e4f0,pilot-stage1-disease,100,9001,,ecc984f043b744b6,0.0,0,none,0.15,0.1,0,2,,,completed,extinction on day 29,0,0,0,0.05,10,1,9,5,29,29,0
cedba03b27b548e590a04804eba6e733,b323582eb997adbe17fe4ea46d0a1321c73e414611a4019e13808ac5cfc87b84,c09e4f0,pilot-stage1-disease,100,9001,,ecc984f043b744b6,0.01,0,none,0.15,0.1,0,2,,,completed,extinction on day 84,170,157,13,0.14,28,2,11,21,84,84,0
a6b12861346c45a8ab128b458d90e905,85073d64e76e1896fce91939288a03abd7ca896c0ef929d008345fceaf6323fb,c09e4f0,pilot-stage1-disease,100,9001,,ecc984f043b744b6,0.02,0,none,0.15,0.1,0,2,,,completed,extinction on day 84,336,297,39,0.495,99,10,32,39,84,84,0
84a78fed7cc14405b9ed090abbd8a049,6cb4bce425282ee505f418c787cae07fd28fca5c3231b27c8b3ad6b1641b613d,c09e4f0,pilot-stage1-disease,100,9001,,ecc984f043b744b6,0.05,0,none,0.15,0.1,0,2,,,completed,extinction on day 85,870,735,135,0.965,193,19,61,44,85,85,0
85ce88ed4e53467aa377fc7a27616753,e1afa989a400ed3df3bd73b0d7d93d0f24f7e07fca49fb65fbbe9dd960a1ecec,c09e4f0,pilot-stage1-disease,100,9001,,ecc984f043b744b6,0.1,0,none,0.15,0.1,0,2,,,completed,extinction on day 99,1994,1768,226,1.0,200,20,62,49,99,99,0
f7d40d45474741d497725fb5c83764be,79e5dcb9421d2af7a4d45e078f97d705d9368a3f5e50504acafc5a04403c7c4d,c09e4f0,pilot-stage1-disease,100,9002,,ecc984f043b744b6,0.0,0,none,0.15,0.1,0,2,,,completed,extinction on day 25,0,0,0,0.05,10,1,9,5,25,25,0
1a0954ec095f42e788df4b143ce049e9,1108494b1778f1ed02f84390ae292513e351d8750b9a1fa1c36b663b68df6f5a,c09e4f0,pilot-stage1-disease,100,9002,,ecc984f043b744b6,0.01,0,none,0.15,0.1,0,2,,,completed,extinction on day 50,89,82,7,0.07,14,1,11,5,50,50,0
76b1c2c687d442c5b3d1646825d869c9,b3e1ee243f452160dc94adbc6c43cbe3b2372ebcfafea6c63158dc1a3320b55a,c09e4f0,pilot-stage1-disease,100,9002,,ecc984f043b744b6,0.02,0,none,0.15,0.1,0,2,,,completed,extinction on day 49,177,162,15,0.08,16,1,11,5,49,49,0
07d40382c18b42e39fc8068073f6f0b8,70ba6187ef3ff368d3e7198d5c3756caaf0a9910665d9500635ad86a512c341a,c09e4f0,pilot-stage1-disease,100,9002,,ecc984f043b744b6,0.05,0,none,0.15,0.1,0,2,,,completed,extinction on day 121,1209,1089,120,0.985,197,20,40,16,121,121,0
b0c6a983e9e44c7fa023057d04a72946,c2b91373a94394942bf6249f5293ce0746dec3511c04e24109a0b18a6befddaf,c09e4f0,pilot-stage1-disease,100,9002,,ecc984f043b744b6,0.1,0,none,0.15,0.1,0,2,,,completed,extinction on day 59,1124,1009,115,1.0,200,20,69,19,59,59,0
279f7a08120c4da59828cde08579792c,bb5da0780b436d63a080554536a817728757a4e0a3e87f6f9261c068edfcd713,c09e4f0,pilot-stage1-disease,100,9003,,ecc984f043b744b6,0.0,0,none,0.15,0.1,0,2,,,completed,extinction on day 1,0,0,0,0.005,1,1,1,0,1,1,0
bb894d4f5f1349cd8628fa38fcdfe2f4,00b4f0fb4695f5f247de78bc22a2b12532cb07f90acccd058ef7adb6656bc30c,c09e4f0,pilot-stage1-disease,100,9003,,ecc984f043b744b6,0.01,0,none,0.15,0.1,0,2,,,completed,extinction on day 1,3,3,0,0.005,1,1,1,0,1,1,0
f7ffc68b2d354c7c9538d454b7f3af86,bf12cb0331a7dbf141ff1e741d6b31d4c319f5e87fdb677f6773e6c6a6a0cd66,c09e4f0,pilot-stage1-disease,100,9003,,ecc984f043b744b6,0.02,0,none,0.15,0.1,0,2,,,completed,extinction on day 1,5,5,0,0.005,1,1,1,0,1,1,0
e998b38487ec42e0a7a9329ad480a55a,6eae2a636d292acdaa81cba78afb5fc97ae2304f47b9b3a7736df230bd3cab17,c09e4f0,pilot-stage1-disease,100,9003,,ecc984f043b744b6,0.05,0,none,0.15,0.1,0,2,,,completed,extinction on day 1,9,9,0,0.005,1,1,1,0,1,1,0
5df6c0884e7d4b379075b6b3600b19ed,7a2d1d471151ed3ba74eb502f1c70177c41c6da9a4d4ef9ed2d1965aa81f4bd1,c09e4f0,pilot-stage1-disease,100,9003,,ecc984f043b744b6,0.1,0,none,0.15,0.1,0,2,,,completed,extinction on day 1,16,16,0,0.005,1,1,1,0,1,1,0
2810a918912d44a984a678edeb3c6ca2,a1aca52fed3767c5a13a6c66704cd1194b650b176c311dafd341684fd9bf0a81,c09e4f0,pilot-stage1-disease,100,9004,,ecc984f043b744b6,0.0,0,none,0.15,0.1,0,2,,,completed,extinction on day 40,0,0,0,0.05,10,1,6,5,40,40,0
73568feb46514b898ed27d78b0ee7fa4,c77c12c829c4efa59184ffcbe00fe1f68eaffe5e296bcc167be381b3f822e52a,c09e4f0,pilot-stage1-disease,100,9004,,ecc984f043b744b6,0.01,0,none,0.15,0.1,0,2,,,completed,extinction on day 44,88,84,4,0.105,21,2,11,17,44,44,0
45d7b73f9ed0464bada29ae751cf3d25,d18dbcdcdadc6100ce93c0a302b25a99327d29f30a0e14e04afe8f12562d88bc,c09e4f0,pilot-stage1-disease,100,9004,,ecc984f043b744b6,0.02,0,none,0.15,0.1,0,2,,,completed,extinction on day 44,174,159,15,0.16,32,3,19,18,44,44,0
a913f580e48644f0beaefbbc6b23fae5,0fa5122714df2a3f611354c792a4bcfb9b4075c39e68ce0d516c73e08cd46ee3,c09e4f0,pilot-stage1-disease,100,9004,,ecc984f043b744b6,0.05,0,none,0.15,0.1,0,2,,,completed,extinction on day 157,1577,1389,188,0.98,196,19,36,63,157,157,0
875a0444cb4244589550419890168c4c,84ac26c3e6327aaa57cab340ab29ae34422f4608dc3b8f625004ac06ad8c5819,c09e4f0,pilot-stage1-disease,100,9004,,ecc984f043b744b6,0.1,0,none,0.15,0.1,0,2,,,completed,extinction on day 85,1708,1519,189,1.0,200,20,67,32,85,85,0
256ff087014d49e98815aa25ef708255,a2e079a508a4e54a141de0890e02bb5651681e9b3a884d0caa358ea493548a4c,c09e4f0,pilot-stage1-disease,100,9005,,ecc984f043b744b6,0.0,0,none,0.15,0.1,0,2,,,completed,extinction on day 23,0,0,0,0.05,10,1,9,4,23,23,0
2dbbb3cb7f064926a89e7ac14e828209,7125e1cf0000976e17671e017d832dd52c6b35d86c049808f0dca65071e72e5a,c09e4f0,pilot-stage1-disease,100,9005,,ecc984f043b744b6,0.01,0,none,0.15,0.1,0,2,,,completed,extinction on day 32,64,58,6,0.1,20,2,10,5,32,32,0
d198ab6cbc7940f398d8cbb445209f7a,8a3a6cdaa9913efcc4b1611c2562cc3e9fb52a602a64a6a4bfd4625122317793,c09e4f0,pilot-stage1-disease,100,9005,,ecc984f043b744b6,0.02,0,none,0.15,0.1,0,2,,,completed,extinction on day 93,408,354,54,0.34,68,7,25,21,93,93,0
bb5c3d1a679748c2b9409acf25fd28a7,3b2ef38c60dfc1617af4c0023ec0c5859ba17460c1d69a1a77383ae98b251148,c09e4f0,pilot-stage1-disease,100,9005,,ecc984f043b744b6,0.05,0,none,0.15,0.1,0,2,,,completed,extinction on day 79,816,717,99,0.94,188,19,55,38,79,79,0
8bb1ad44838c427f8bd005b4d4c960bb,a584da36b6e3e66c72381312de057c680764f47b603b68b8261b41cf9b713d72,c09e4f0,pilot-stage1-disease,100,9005,,ecc984f043b744b6,0.1,0,none,0.15,0.1,0,2,,,completed,extinction on day 87,1778,1560,218,0.985,197,19,59,28,87,87,0
02096164cfd24dd9a3ed3959796595d9,d5c11c1069652c8f55ba2a280dc192f94c9e39f64d682f3cdbe2f04b06d537af,c09e4f0,pilot-stage1-disease,100,9006,,ecc984f043b744b6,0.0,0,none,0.15,0.1,0,2,,,completed,extinction on day 1,0,0,0,0.005,1,1,1,0,1,1,0
de2e49be81104a51886dfb6b5c083d43,3edb8958b0deb848af9a920e489e6f6c41948cb73f6abadc73023a652a75f4d1,c09e4f0,pilot-stage1-disease,100,9006,,ecc984f043b744b6,0.01,0,none,0.15,0.1,0,2,,,completed,extinction on day 1,5,5,0,0.005,1,1,1,0,1,1,0
b5c6594e4d964207930891c28fc585fb,6a6c3374480220331440ca2b55700c4600505600151a0375cac14fd0d1d703c4,c09e4f0,pilot-stage1-disease,100,9006,,ecc984f043b744b6,0.02,0,none,0.15,0.1,0,2,,,completed,extinction on day 1,6,6,0,0.005,1,1,1,0,1,1,0
26c61e02827646d09daa0adbfe2fd643,8f267ec61b9d12f6104bcec83dabfc481366afb257c5e8e367a173c517f5c170,c09e4f0,pilot-stage1-disease,100,9006,,ecc984f043b744b6,0.05,0,none,0.15,0.1,0,2,,,completed,extinction on day 1,14,12,2,0.005,1,1,1,0,1,1,0
753e6909a2714f8c8341789ce5b9e971,9704260b05ba92b70742b0822859a9eb66d06b5d4ea0a91e5bbb6b0960c5c26b,c09e4f0,pilot-stage1-disease,100,9006,,ecc984f043b744b6,0.1,0,none,0.15,0.1,0,2,,,completed,extinction on day 1,19,17,2,0.005,1,1,1,0,1,1,0
533f0cbad9ef4cfb850ef0adbfdc0a1f,a6368f2c10ddb27821bf0fd4e6e1344d9bb4d3b2da5ca4f5482097da19a10b71,c09e4f0,pilot-stage1-disease,100,9007,,ecc984f043b744b6,0.0,0,none,0.15,0.1,0,2,,,completed,extinction on day 29,0,0,0,0.05,10,1,7,4,29,29,0
27cd16a41a4844728a73a66d2ce10982,ee5508f2eb7bedb7a4735f8b2ed1a45c2ce935e5498e15b26fb614b944b918a5,c09e4f0,pilot-stage1-disease,100,9007,,ecc984f043b744b6,0.01,0,none,0.15,0.1,0,2,,,completed,extinction on day 41,76,73,3,0.095,19,2,9,13,41,41,0
0f0ebfe1309045ada4efa7fc9178aadf,ce0d4c63bd15fdd9938050a168211b6fd6967ef985291d53670d9ef405bdabc0,c09e4f0,pilot-stage1-disease,100,9007,,ecc984f043b744b6,0.02,0,none,0.15,0.1,0,2,,,completed,extinction on day 93,364,330,34,0.31,62,6,27,56,93,93,0
c51ce656eb934445be4029371e720829,de9033c0da6fe36821f52ba2e586eea42fb03c2b7c315cea9941437fe5efbd74,c09e4f0,pilot-stage1-disease,100,9007,,ecc984f043b744b6,0.05,0,none,0.15,0.1,0,2,,,completed,extinction on day 92,915,788,127,0.785,157,15,48,53,92,92,0
ec74692a716c448db131b8ba771dd0ca,a4ea624d53f49201439fac4274508eab4d470a1ea70a4e0bf4874054d8307a05,c09e4f0,pilot-stage1-disease,100,9007,,ecc984f043b744b6,0.1,0,none,0.15,0.1,0,2,,,completed,extinction on day 74,1488,1330,158,1.0,200,20,78,25,74,74,0
9393907b83964937bb60df3bf6967a95,cf7fcd36bbba1968c9cb9bda5ce899ff822da0d65a1a648bdd74393e0720a870,c09e4f0,pilot-stage1-disease,100,9008,,ecc984f043b744b6,0.0,0,none,0.15,0.1,0,2,,,completed,extinction on day 38,0,0,0,0.05,10,1,8,5,38,38,0
1b94abc883014909b8b0a51d135debd4,36d61463125fd5d06ba8823b678210a99ae34e0a6e29e429189204fa1b58b516,c09e4f0,pilot-stage1-disease,100,9008,,ecc984f043b744b6,0.01,0,none,0.15,0.1,0,2,,,completed,extinction on day 67,155,141,14,0.195,39,4,15,21,67,67,0
5044caa200f04187aa70efe0b3fd378c,54cb654da5570780df987ba5a027a5b45143476e2d96b0765c740ae6a065dab8,c09e4f0,pilot-stage1-disease,100,9008,,ecc984f043b744b6,0.02,0,none,0.15,0.1,0,2,,,completed,extinction on day 89,379,340,39,0.335,67,6,22,37,89,89,0
09f460c1cd134255ae33b075f5080a87,5dcd363e85fce1ece76ed1ec229e06c974760565bca575714a07eb4cf729cb60,c09e4f0,pilot-stage1-disease,100,9008,,ecc984f043b744b6,0.05,0,none,0.15,0.1,0,2,,,completed,extinction on day 76,753,687,66,0.53,106,10,32,39,76,76,0
6481780d80d44f8bba37e47d651b3b6a,0de1887662ca2e72dcf0404d8c77b864ea8629390911ff165d35e05f65f95422,c09e4f0,pilot-stage1-disease,100,9008,,ecc984f043b744b6,0.1,0,none,0.15,0.1,0,2,,,completed,extinction on day 79,1585,1432,153,0.99,198,20,65,25,79,79,0
52cf19bbf9df406d962cfc6e8be39057,8b47fb24cd894c79149aaf612cbb9dd3a9bc6faf8c2086ffe421c49ca8e846a2,c09e4f0,pilot-stage1-disease,100,9009,,ecc984f043b744b6,0.0,0,none,0.15,0.1,0,2,,,completed,extinction on day 29,0,0,0,0.05,10,1,7,3,29,29,0
9aa084c1a65b4381bd32948cf9a188aa,462f11dff7bdf9a0e78aefeea6474e2e81bc5b8e5d3d8e1a42cc14c13dbb11f7,c09e4f0,pilot-stage1-disease,100,9009,,ecc984f043b744b6,0.01,0,none,0.15,0.1,0,2,,,completed,extinction on day 29,53,50,3,0.06,12,1,7,3,29,29,0
e98844338e7c4dd2ab0a97546a45195e,5ec85479ad4c0f9ee13a4f6a902eda13931740d9094c6858b175a522f50084b4,c09e4f0,pilot-stage1-disease,100,9009,,ecc984f043b744b6,0.02,0,none,0.15,0.1,0,2,,,completed,extinction on day 151,611,542,69,0.49,98,10,26,8,151,151,0
3c2d0d4b85774eadb6de6932d5016a4f,20d6d24a2a36014e9da1469f501c0fa8cf54882ebca5e9d5ec162731be3d100c,c09e4f0,pilot-stage1-disease,100,9009,,ecc984f043b744b6,0.05,0,none,0.15,0.1,0,2,,,completed,extinction on day 90,909,850,59,0.52,104,10,49,17,90,90,0
4e093738538845bea4a7697e05f9b3d2,7d0ba7d7ed3d8dfd7f5e6f6abdfdf2f96883ae29bf1ea4b139be6bb92899deb6,c09e4f0,pilot-stage1-disease,100,9009,,ecc984f043b744b6,0.1,0,none,0.15,0.1,0,2,,,completed,extinction on day 95,1964,1748,216,1.0,200,20,97,30,95,95,0
28960255b809474a944588345718e65a,f63633182f91a468a5c93b12ede0e92cb910446cb03dcebf0e3d20b5f20c69f4,c09e4f0,pilot-stage1-disease,101,9000,,a94b904840df0142,0.0,0,none,0.15,0.1,0,2,,,completed,extinction on day 35,0,0,0,0.05,10,1,9,5,35,35,0
39f2675486644c46808c9b3c85b111ea,4e1bdb016043a715391c7bf62a1890f902fc09566564ab78b611bd5c08251b2f,c09e4f0,pilot-stage1-disease,101,9000,,a94b904840df0142,0.01,0,none,0.15,0.1,0,2,,,completed,extinction on day 102,206,192,14,0.175,35,4,14,36,102,102,0
55adca64c1d643879cee6b43288da48a,1031267e412200bb718b787327ed95a03bf4ed391289f41692c4dc15a4578bcb,c09e4f0,pilot-stage1-disease,101,9000,,a94b904840df0142,0.02,0,none,0.15,0.1,0,2,,,completed,extinction on day 141,559,529,30,0.785,157,14,39,63,141,141,0
93bf0140fc754b10bbba56ce3609745e,77acc19ab28ac7a4c571d8c40f2a6cc10bb66a01513c9c113c85715875830249,c09e4f0,pilot-stage1-disease,101,9000,,a94b904840df0142,0.05,0,none,0.15,0.1,0,2,,,completed,extinction on day 90,927,862,65,0.99,198,20,69,33,90,90,0
ee9d5359b05b446ead9aa241828cbcee,fcf7779d7055d0d5a7a439042dfe82f6facc565022faacd410fc2e34ecd19350,c09e4f0,pilot-stage1-disease,101,9000,,a94b904840df0142,0.1,0,none,0.15,0.1,0,2,,,completed,extinction on day 62,1248,1165,83,1.0,200,20,63,23,62,62,0
5a94e6b301194bb8aab4afde012246f6,36805550baf99b2f64d60ecb4774090da320853c7e7eebfd86f3084d17f9cba4,c09e4f0,pilot-stage1-disease,101,9001,,a94b904840df0142,0.0,0,none,0.15,0.1,0,2,,,completed,extinction on day 29,0,0,0,0.05,10,1,9,5,29,29,0
e6271d0972444ccfa7719d125a1246b1,2d89837721f98f2abc7e820d104f292fa27c9794f64eb9c338478557965b69bf,c09e4f0,pilot-stage1-disease,101,9001,,a94b904840df0142,0.01,0,none,0.15,0.1,0,2,,,completed,extinction on day 72,145,133,12,0.175,35,3,16,27,72,72,0
09e56247d826485d836671b056fc4d53,76f4ba7939aa564c0a2ea2ff7f329beca0bf2bc7bf7ec41ba2b263d7c5bb02b1,c09e4f0,pilot-stage1-disease,101,9001,,a94b904840df0142,0.02,0,none,0.15,0.1,0,2,,,completed,extinction on day 119,471,446,25,0.705,141,13,25,69,119,119,0
dd75df0bb53245dda91939703f7867db,db7073d84c00cc3c9bce3b2fa033175c28fb80563045c249189f54827f44e1d8,c09e4f0,pilot-stage1-disease,101,9001,,a94b904840df0142,0.05,0,none,0.15,0.1,0,2,,,completed,extinction on day 69,691,656,35,0.98,196,19,83,34,69,69,0
b46af7a0bfd942dbb45421b858577e86,91a893c8da59d8d1474adcf075f72a73b18bd802f84ad24935eeb8e3384c5f19,c09e4f0,pilot-stage1-disease,101,9001,,a94b904840df0142,0.1,0,none,0.15,0.1,0,2,,,completed,extinction on day 69,1399,1308,91,1.0,200,20,117,17,69,69,0
96b50ddea3fa4e1eb312d7fb27f2c701,380404b8f0a88b9e036abfa2c9ceadb88fbc9a6e5b028b80f0d14719dd10b082,c09e4f0,pilot-stage1-disease,101,9002,,a94b904840df0142,0.0,0,none,0.15,0.1,0,2,,,completed,extinction on day 25,0,0,0,0.05,10,1,9,5,25,25,0
6e725e06009a4aa59355e3aa0a55a5e1,9b78c5ab4f755981f6ef2d49cf45d250cdbe1be4207a07566880fc111018648e,c09e4f0,pilot-stage1-disease,101,9002,,a94b904840df0142,0.01,0,none,0.15,0.1,0,2,,,completed,extinction on day 48,89,84,5,0.075,15,1,11,5,48,48,0
35c858636e9541428acd37bf75992bf6,a5e0d06dfa9e691677c473e4ecffb458f9b1d14ac98893186b44fbf63d953fc1,c09e4f0,pilot-stage1-disease,101,9002,,a94b904840df0142,0.02,0,none,0.15,0.1,0,2,,,completed,extinction on day 25,94,89,5,0.07,14,1,12,5,25,25,0
3f691c4c0c8e44afa8ca3a5eb336198c,9de7717587b41bb94213228b4c5e6f911a7366fa83b2b3f3fcf930a8bae6d5a0,c09e4f0,pilot-stage1-disease,101,9002,,a94b904840df0142,0.05,0,none,0.15,0.1,0,2,,,completed,extinction on day 91,892,836,56,0.945,189,18,69,27,91,91,0
c0b31d2e01d24c41a832a2f3e6ca1077,110f11092997673913c3ef3723da21923e492f3ab9037feb23d98872ecd1c9e2,c09e4f0,pilot-stage1-disease,101,9002,,a94b904840df0142,0.1,0,none,0.15,0.1,0,2,,,completed,extinction on day 59,1124,1061,63,1.0,200,20,100,16,59,59,0
f6e04e8fae0d448988ae5087b5be5c1f,55388df431d4e8ef8aeba75fbbd04ebe597543c2487b19a39927007bc904b09b,c09e4f0,pilot-stage1-disease,101,9003,,a94b904840df0142,0.0,0,none,0.15,0.1,0,2,,,completed,extinction on day 1,0,0,0,0.005,1,1,1,0,1,1,0
607f7aaf4e1c436b861c529796412ba3,8a79d6182448810826bab9bdf4bd7ed280af51f2b589efd230a9e23bc4875893,c09e4f0,pilot-stage1-disease,101,9003,,a94b904840df0142,0.01,0,none,0.15,0.1,0,2,,,completed,extinction on day 1,3,3,0,0.005,1,1,1,0,1,1,0
28c98df593054fccb9a09452581b113f,a1fef1ccc1e269c108f28e9bf3d9d784567d1b8ea315a547cf788581616b6038,c09e4f0,pilot-stage1-disease,101,9003,,a94b904840df0142,0.02,0,none,0.15,0.1,0,2,,,completed,extinction on day 1,5,5,0,0.005,1,1,1,0,1,1,0
5cc338076702448fb75c73c5ca822c24,f8849df4b3a71e866ed21885be39e36f363d2b5d1acb1a521a2142a373c5cb29,c09e4f0,pilot-stage1-disease,101,9003,,a94b904840df0142,0.05,0,none,0.15,0.1,0,2,,,completed,extinction on day 1,9,9,0,0.005,1,1,1,0,1,1,0
b8c5980e18ec47b5a184f93bab3fb0e1,f79041fc8d015fd1b30ad01c400b2303063dc8fb7bb6c7ec4ca0f31846f70beb,c09e4f0,pilot-stage1-disease,101,9003,,a94b904840df0142,0.1,0,none,0.15,0.1,0,2,,,completed,extinction on day 1,16,16,0,0.005,1,1,1,0,1,1,0
a3ea4a81856748138d9d728c0b9f5434,1c45fa3bb716004c5d7cec53bd758969e2a20efccfe0200fe05851c5b8565efe,c09e4f0,pilot-stage1-disease,101,9004,,a94b904840df0142,0.0,0,none,0.15,0.1,0,2,,,completed,extinction on day 40,0,0,0,0.05,10,1,6,5,40,40,0
35724d2af3364eb2ae212424d91ca8e6,ec35f2c9adc3d4181915f3a4cd4ac6295ac87aa170b7cc0d0434a841df9942d5,c09e4f0,pilot-stage1-disease,101,9004,,a94b904840df0142,0.01,0,none,0.15,0.1,0,2,,,completed,extinction on day 44,88,84,4,0.115,23,2,11,17,44,44,0
8f6c2c64326446bdaa5aabc612c82598,17b80470f5ca470a6bcba0f29cef8f52682a821504eb3e2449f96a0ec0bba85e,c09e4f0,pilot-stage1-disease,101,9004,,a94b904840df0142,0.02,0,none,0.15,0.1,0,2,,,completed,extinction on day 131,567,540,27,0.625,125,11,40,19,131,131,0
014931be4a2540a68a52e01efc2a6021,804f7ae31ea80503a1b1911dc1358f20eaa7b51e584dbb2f4aa3c63a49502a93,c09e4f0,pilot-stage1-disease,101,9004,,a94b904840df0142,0.05,0,none,0.15,0.1,0,2,,,completed,extinction on day 85,871,809,62,0.955,191,19,52,41,85,85,0
1bc7f7e0af604f628aa20d38c56a40b6,03c1fa2fe9ab2fba8aa70a556e6d5a9fddba98d7bbde7c3f7ef848d7e07f15c7,c09e4f0,pilot-stage1-disease,101,9004,,a94b904840df0142,0.1,0,none,0.15,0.1,0,2,,,completed,extinction on day 85,1708,1604,104,1.0,200,20,71,24,85,85,0
7c58dda78f52473e9d36e4446c4620e9,5cae58e3976dcfeb101e9f732bf58c2d52d44d61beca17d474333df9a8326b97,c09e4f0,pilot-stage1-disease,101,9005,,a94b904840df0142,0.0,0,none,0.15,0.1,0,2,,,completed,extinction on day 23,0,0,0,0.05,10,1,9,4,23,23,0
67e00bb1da5e49399c117eb36c18fa64,5d8340802a55239ffda87a0a7dab7649d91d733d1f2ddf2aac2ca333022c7083,c09e4f0,pilot-stage1-disease,101,9005,,a94b904840df0142,0.01,0,none,0.15,0.1,0,2,,,completed,extinction on day 64,136,121,15,0.145,29,3,14,22,64,64,0
5019a4a51419453c9e648ac712a58645,c9204b1ddb84926b16e10e51ae40930fbeff59ec9f025270503c03b0606933bc,c09e4f0,pilot-stage1-disease,101,9005,,a94b904840df0142,0.02,0,none,0.15,0.1,0,2,,,completed,extinction on day 91,400,372,28,0.345,69,6,17,40,91,91,0
5464a073b59e49958110b2dc81cfca01,e9b82fa7c99d48d0543a580411ece3db1db678a1122d3835dcdfdfdd952f13dc,c09e4f0,pilot-stage1-disease,101,9005,,a94b904840df0142,0.05,0,none,0.15,0.1,0,2,,,completed,extinction on day 107,1113,1053,60,0.98,196,19,47,38,107,107,0
b5b41befbc884b69b62d200d9f415d7a,97ca00e544da60e79d7d3a54210857504c693ad0408f36b521ef8decdc841e02,c09e4f0,pilot-stage1-disease,101,9005,,a94b904840df0142,0.1,0,none,0.15,0.1,0,2,,,completed,extinction on day 73,1485,1393,92,0.985,197,19,77,19,73,73,0
05f4fb5e42254bfda06171c47e68aef7,ecddfc9cd96a074b6c65bc28f571f6635aa5266f0017b64d231dd0c84708a38c,c09e4f0,pilot-stage1-disease,101,9006,,a94b904840df0142,0.0,0,none,0.15,0.1,0,2,,,completed,extinction on day 1,0,0,0,0.005,1,1,1,0,1,1,0
51f670f960664d1d96ca9f2d4c67cceb,7b2d621c4496995304616e5d5982a2845a42785033dcf01b84e3074f753ed510,c09e4f0,pilot-stage1-disease,101,9006,,a94b904840df0142,0.01,0,none,0.15,0.1,0,2,,,completed,extinction on day 1,5,5,0,0.005,1,1,1,0,1,1,0
d7a144f8f5c94df6a2cdc4123bca5f96,d79c155db3b011c74cb714699536d876f79caa16178c3b05b1db7f4745adf52f,c09e4f0,pilot-stage1-disease,101,9006,,a94b904840df0142,0.02,0,none,0.15,0.1,0,2,,,completed,extinction on day 1,6,6,0,0.005,1,1,1,0,1,1,0
5028e31ca3b143729ca9b2593393061b,9d0e60cb66b785927dfd9c9c24eadbb61ea74ca0a4d217f82438e509a167e6f2,c09e4f0,pilot-stage1-disease,101,9006,,a94b904840df0142,0.05,0,none,0.15,0.1,0,2,,,completed,extinction on day 1,14,14,0,0.005,1,1,1,0,1,1,0
6d87accc92ae413bac55ea684654862a,e690b0171c24d5f83058599b29c5afafdfa3666fa7ac67345248717b52d71d4d,c09e4f0,pilot-stage1-disease,101,9006,,a94b904840df0142,0.1,0,none,0.15,0.1,0,2,,,completed,extinction on day 1,19,18,1,0.005,1,1,1,0,1,1,0
5631da3113904be6a39f3f42e28b50d2,738b8edb7e36a78a8c72dd2ee37d299ea8b677fae3118607fd6ac5976bd41a81,c09e4f0,pilot-stage1-disease,101,9007,,a94b904840df0142,0.0,0,none,0.15,0.1,0,2,,,completed,extinction on day 29,0,0,0,0.05,10,1,7,4,29,29,0
abfc85b8bad3474abfd1fd49d7607dcf,23595e29323fe041fc88f05cd0b4998046be2a7f4d06db0fd470b2219a9a295a,c09e4f0,pilot-stage1-disease,101,9007,,a94b904840df0142,0.01,0,none,0.15,0.1,0,2,,,completed,extinction on day 34,62,58,4,0.11,22,2,9,13,34,34,0
8f9d5be1e82f4780ab7bd07e68fb746c,e6c47010f9839e4a9f82180656c1b95b3e7d9e119662192fd53819247f700878,c09e4f0,pilot-stage1-disease,101,9007,,a94b904840df0142,0.02,0,none,0.15,0.1,0,2,,,completed,extinction on day 119,471,433,38,0.46,92,10,23,66,119,119,0
e875135b88c4478091772a9b3be401cb,d9a9b04ca4a96cad1a0a40a7abf86a8caf3161300f8b2fc77635ee85b826ae81,c09e4f0,pilot-stage1-disease,101,9007,,a94b904840df0142,0.05,0,none,0.15,0.1,0,2,,,completed,extinction on day 93,924,864,60,0.995,199,20,62,37,93,93,0
fa173c47668148e3b4153e0cfdca5599,afcda16fe87685173b715d51334549c7c50639143f3ecc03768e8f4a9119b2ce,c09e4f0,pilot-stage1-disease,101,9007,,a94b904840df0142,0.1,0,none,0.15,0.1,0,2,,,completed,extinction on day 85,1723,1644,79,1.0,200,20,75,26,85,85,0
c10426987cd74f0586459f1f08f84826,3b966eefd7e911a18bf6536249236563e2be108574271cfeda84507b02e9953a,c09e4f0,pilot-stage1-disease,101,9008,,a94b904840df0142,0.0,0,none,0.15,0.1,0,2,,,completed,extinction on day 38,0,0,0,0.05,10,1,8,5,38,38,0
894b0950cd7348d7a4ce7e1c7c554f0a,f55071469c448b2f52e66a1f9f49e5acea614e3658cc3c5634ceeff91ac9a377,c09e4f0,pilot-stage1-disease,101,9008,,a94b904840df0142,0.01,0,none,0.15,0.1,0,2,,,completed,extinction on day 67,155,146,9,0.12,24,2,10,36,67,67,0
5f28b91045a14a3e8ac83d1d0f91f078,b1a2fef256d689ec3bb299d0ad7576071a6aefa17259cfa4b6390740a2b16cb3,c09e4f0,pilot-stage1-disease,101,9008,,a94b904840df0142,0.02,0,none,0.15,0.1,0,2,,,completed,extinction on day 70,289,275,14,0.145,29,2,11,36,70,70,0
ccdd7dfa60d34a329776f2909837274c,59576a81811479da75692aead63384966e805969d738c060664f2728a465c8e2,c09e4f0,pilot-stage1-disease,101,9008,,a94b904840df0142,0.05,0,none,0.15,0.1,0,2,,,completed,extinction on day 77,763,712,51,0.945,189,19,78,25,77,77,0
a8e0b682f29d45fa88b39ae90ef05811,86283cb5751309e69f4dc27431527767b6092bd8e6f9b927b35ae479179552b2,c09e4f0,pilot-stage1-disease,101,9008,,a94b904840df0142,0.1,0,none,0.15,0.1,0,2,,,completed,extinction on day 76,1534,1436,98,0.995,199,20,71,30,76,76,0
ff559455e6934cda9a1a9d5a7f7a922c,0d11095c9cf4845952e53429a5ad49d9ed81639b9e1b0db713fed1ce74edfacb,c09e4f0,pilot-stage1-disease,101,9009,,a94b904840df0142,0.0,0,none,0.15,0.1,0,2,,,completed,extinction on day 29,0,0,0,0.05,10,1,7,3,29,29,0
4ccd853d3dc34de08d1b1f0b1a37906c,6cc5ea0f055a6c34f5e1588f133d033b522c23ac042d1c22a8959410465d5bf9,c09e4f0,pilot-stage1-disease,101,9009,,a94b904840df0142,0.01,0,none,0.15,0.1,0,2,,,completed,extinction on day 29,53,49,4,0.055,11,1,7,3,29,29,0
941947161b064a56b490935a320bca7d,8b7d6237219b92d02a96632aea38cb33d586984b91531fb86022b335f4f5041e,c09e4f0,pilot-stage1-disease,101,9009,,a94b904840df0142,0.02,0,none,0.15,0.1,0,2,,,completed,extinction on day 53,215,207,8,0.205,41,4,21,15,53,53,0
f917f3b5edbb4c7eaf42e1b06684f97b,00060f32bb0bbf4287c5960eae0b3f2505fd653a7f007339ccb6d8803e440b1b,c09e4f0,pilot-stage1-disease,101,9009,,a94b904840df0142,0.05,0,none,0.15,0.1,0,2,,,completed,extinction on day 91,922,870,52,0.965,193,19,60,29,91,91,0
febe0c88f8b24f308ff1b1c9dd507844,7f52d34d6862ee1e46c8f53d70d30a7221af86758a15f10b52669ba4df4e5c5f,c09e4f0,pilot-stage1-disease,101,9009,,a94b904840df0142,0.1,0,none,0.15,0.1,0,2,,,completed,extinction on day 78,1582,1506,76,1.0,200,20,125,16,78,78,0
2464e612904547c88326a4628c5552bd,31c2c6f08c51b62b310009d9d0b47b5edc97f2ee759f095034edb737e651f25a,c09e4f0,pilot-stage1-disease,102,9000,,0a9f06b6dff3de72,0.0,0,none,0.15,0.1,0,2,,,completed,extinction on day 35,0,0,0,0.05,10,1,9,5,35,35,0
7e1ff48ab87041d797a11f2e17bb6d41,9e6d870f584491f00ae31be2758f77802c600904257bd34104ffe35ead13eed3,c09e4f0,pilot-stage1-disease,102,9000,,0a9f06b6dff3de72,0.01,0,none,0.15,0.1,0,2,,,completed,extinction on day 58,115,114,1,0.18,36,3,16,36,58,58,0
50b822c8f21140f69238b83dad703497,31e79bd4fa15c5caac11d417b5bbf98cc7674d030c2226b26bd01a499038a058,c09e4f0,pilot-stage1-disease,102,9000,,0a9f06b6dff3de72,0.02,0,none,0.15,0.1,0,2,,,completed,extinction on day 117,455,411,44,0.685,137,13,44,51,117,117,0
3a67284af1684950b9b453900dbd48a5,ccdc11121798bc3d83ae83097b5e75fe40f8fec3defb40aba5910435bc9c6642,c09e4f0,pilot-stage1-disease,102,9000,,0a9f06b6dff3de72,0.05,0,none,0.15,0.1,0,2,,,completed,extinction on day 96,967,914,53,1.0,200,20,78,33,96,96,0
5e8275092eb34ba4b7ae2121dd5b02ad,6ca841934334366b2bfaf023bebd3c3d12cbba21ce694a82ffcdcab9fa05e43f,c09e4f0,pilot-stage1-disease,102,9000,,0a9f06b6dff3de72,0.1,0,none,0.15,0.1,0,2,,,completed,extinction on day 61,1224,1150,74,1.0,200,20,94,26,61,61,0
9069fdbf185d49c09899ada576d47177,2c65828e44eb2269e8f8aecae542e930ab209a350272c6a4b11c4da53b84dbce,c09e4f0,pilot-stage1-disease,102,9001,,0a9f06b6dff3de72,0.0,0,none,0.15,0.1,0,2,,,completed,extinction on day 29,0,0,0,0.05,10,1,9,5,29,29,0
7acb721023084329a0c89a12bcde2db9,5735b46af464109f5bed529658f68ac8684119025231346441f7db7a70745f2f,c09e4f0,pilot-stage1-disease,102,9001,,0a9f06b6dff3de72,0.01,0,none,0.15,0.1,0,2,,,completed,extinction on day 41,82,78,4,0.085,17,2,9,5,41,41,0
df3e5a68554a40e8b03dec42181391e2,f2830b57cb14ea81568a503a96f70f60fc18520ae126ee808bdbd707cff823a3,c09e4f0,pilot-stage1-disease,102,9001,,0a9f06b6dff3de72,0.02,0,none,0.15,0.1,0,2,,,completed,extinction on day 120,478,446,32,0.66,132,13,22,66,120,120,0
05a38284e831482e909743dd76bd7ed2,d05e7d098fd38677372f6e78a4545f1cf2a5e6e9d43cea09ddf07c4a409704c0,c09e4f0,pilot-stage1-disease,102,9001,,0a9f06b6dff3de72,0.05,0,none,0.15,0.1,0,2,,,completed,extinction on day 111,1122,1047,75,0.96,192,19,52,46,111,111,0
f7b9e590bdab440893a64e9acaf60144,8d7c75c5af93a92a461717f7a5ab33f4dd954ec44de479081008fa05a2fe9879,c09e4f0,pilot-stage1-disease,102,9001,,0a9f06b6dff3de72,0.1,0,none,0.15,0.1,0,2,,,completed,extinction on day 80,1634,1531,103,0.995,199,20,63,49,80,80,0
f303689da29b49df8ed478455a7aff62,623062fad715efb88fdf24845d7dd7005f88c2a3eed51016c5162d9f19f5f820,c09e4f0,pilot-stage1-disease,102,9002,,0a9f06b6dff3de72,0.0,0,none,0.15,0.1,0,2,,,completed,extinction on day 25,0,0,0,0.05,10,1,9,5,25,25,0
c8166780c00046b39431628aa2bd5fdf,8d5b4a2227693261fa8bdeebc702e4cae0977059050ea384bdfa3ec31da4ddf0,c09e4f0,pilot-stage1-disease,102,9002,,0a9f06b6dff3de72,0.01,0,none,0.15,0.1,0,2,,,completed,extinction on day 25,47,46,1,0.05,10,1,9,5,25,25,0
d26a6d8866614ab6832b2594af7156e3,6174b5e555cba15e959a5434f0d17ff23e9aa80f0bee2efcd049373b7ad4a43f,c09e4f0,pilot-stage1-disease,102,9002,,0a9f06b6dff3de72,0.02,0,none,0.15,0.1,0,2,,,completed,extinction on day 25,94,87,7,0.05,10,1,9,5,25,25,0
38fc31f150ea41fdb9eac6587fcf102b,32185258e6a2e1721e48596eb976aac6ff7288c16dbd273ef67da4bb1d3417ab,c09e4f0,pilot-stage1-disease,102,9002,,0a9f06b6dff3de72,0.05,0,none,0.15,0.1,0,2,,,completed,extinction on day 91,892,829,63,0.9,180,18,49,36,91,91,0
2473c2f67b704b4b98a6eea33f6ae34f,31b9e9f1da4835bf96004d3f01d6d1104bd3f9f1282a30de0349a55c1b426707,c09e4f0,pilot-stage1-disease,102,9002,,0a9f06b6dff3de72,0.1,0,none,0.15,0.1,0,2,,,completed,extinction on day 59,1124,1042,82,1.0,200,20,77,26,59,59,0
e87b2f7323ae4571a9a303f8d8f59753,7718cbc5ec7f34ffa3249a73bab24e01fe9f401d1850c3c3c240be36f7ee7b11,c09e4f0,pilot-stage1-disease,102,9003,,0a9f06b6dff3de72,0.0,0,none,0.15,0.1,0,2,,,completed,extinction on day 1,0,0,0,0.005,1,1,1,0,1,1,0
88e659b040c64ebdb24deba89ef65f91,bd61b3c6ac644684f654cbe53317b01c03892059e6e3886b9137c9d2d9200ac1,c09e4f0,pilot-stage1-disease,102,9003,,0a9f06b6dff3de72,0.01,0,none,0.15,0.1,0,2,,,completed,extinction on day 1,3,3,0,0.005,1,1,1,0,1,1,0
48045a17f3e44ed9a18ea4566fa2916a,a2b717166da7e106815d154960af2504632917e33cf825cbbd8809ec3cdd7f79,c09e4f0,pilot-stage1-disease,102,9003,,0a9f06b6dff3de72,0.02,0,none,0.15,0.1,0,2,,,completed,extinction on day 1,5,5,0,0.005,1,1,1,0,1,1,0
a50c4ec30ae74fc1b1a66cbb7daae000,ceafc8cbcd8b4c3f9388b337b0847410c7726e9409f4383344b9394dcf7f14fb,c09e4f0,pilot-stage1-disease,102,9003,,0a9f06b6dff3de72,0.05,0,none,0.15,0.1,0,2,,,completed,extinction on day 1,9,9,0,0.005,1,1,1,0,1,1,0
9f07e474f39043caaec5e600be003cc3,19ea0d2827629b8cf8e38742a6d3352a06673b0222778f9076de43d20d8b5bf9,c09e4f0,pilot-stage1-disease,102,9003,,0a9f06b6dff3de72,0.1,0,none,0.15,0.1,0,2,,,completed,extinction on day 1,16,16,0,0.005,1,1,1,0,1,1,0
312cf565fc8a41fe87a31a3a59441ca6,fe71dbd472bf2c7effc93934e780d66d1cd19ff96ea068eb16cbfae834243ee3,c09e4f0,pilot-stage1-disease,102,9004,,0a9f06b6dff3de72,0.0,0,none,0.15,0.1,0,2,,,completed,extinction on day 40,0,0,0,0.05,10,1,6,5,40,40,0
2677941f1c18457b95d02d1772a35096,f5e19c546af474ec04c65423c1a70202705f7371fadb6e80e4380a7e7a64c614,c09e4f0,pilot-stage1-disease,102,9004,,0a9f06b6dff3de72,0.01,0,none,0.15,0.1,0,2,,,completed,extinction on day 85,183,176,7,0.265,53,5,25,25,85,85,0
8b4ddef53bef4e0ebac59e3369cd6daf,0cd32fcdae47a3c78da8b8a91802da8343380fbd2af31fd425c1fb4919aebd80,c09e4f0,pilot-stage1-disease,102,9004,,0a9f06b6dff3de72,0.02,0,none,0.15,0.1,0,2,,,completed,extinction on day 115,497,463,34,0.57,114,13,29,27,115,115,0
9bc43937663c4aa4bab23d673e53c1ba,d61623f83c5a8f23ae89587fef8bf1732189c0f47433bf6a4adbf91c9357a306,c09e4f0,pilot-stage1-disease,102,9004,,0a9f06b6dff3de72,0.05,0,none,0.15,0.1,0,2,,,completed,extinction on day 100,1029,941,88,0.995,199,20,53,39,100,100,0
10e9fe068c3947fc8f9af0e6d68c21c6,44c5b30cfe778533a7be5cf87de546605b41bdb3dde766ee4b2d607e1e591645,c09e4f0,pilot-stage1-disease,102,9004,,0a9f06b6dff3de72,0.1,0,none,0.15,0.1,0,2,,,completed,extinction on day 85,1708,1570,138,1.0,200,20,91,21,85,85,0
940f42cb4edb4b1faee396ff44220e40,335baa8e228d452eca60df7b431946e32117539646a49260e79f094041916485,c09e4f0,pilot-stage1-disease,102,9005,,0a9f06b6dff3de72,0.0,0,none,0.15,0.1,0,2,,,completed,extinction on day 23,0,0,0,0.05,10,1,9,4,23,23,0
ba4f31cbd9db42739b678327bff57610,106877fc480bf50b24da64cbac6508ab8f46bee96f6c1fd6825f36bb57fe1cd0,c09e4f0,pilot-stage1-disease,102,9005,,0a9f06b6dff3de72,0.01,0,none,0.15,0.1,0,2,,,completed,extinction on day 42,85,81,4,0.115,23,2,10,4,42,42,0
9db0bae1ebfb4c4fb1ab4b2d1144e576,397070a636a451d12149cd269a126f851d7c989dae5da06a879407f4dbf6426a,c09e4f0,pilot-stage1-disease,102,9005,,0a9f06b6dff3de72,0.02,0,none,0.15,0.1,0,2,,,completed,extinction on day 25,98,96,2,0.105,21,2,10,4,25,25,0
39f46044755d48b987c13bdef212534f,82794686b22abb4e1ae77eb7e16680a83c68a5de13a530a4e3826fad48479eb8,c09e4f0,pilot-stage1-disease,102,9005,,0a9f06b6dff3de72,0.05,0,none,0.15,0.1,0,2,,,completed,extinction on day 79,816,761,55,0.995,199,20,56,30,79,79,0
d295d7176f1d4fbfada3fda3aa9779ce,0c6b212c3fed65497cb7e5333e2c8f00ce2562d3fdc7e92a840fd05442cb970a,c09e4f0,pilot-stage1-disease,102,9005,,0a9f06b6dff3de72,0.1,0,none,0.15,0.1,0,2,,,completed,extinction on day 65,1289,1198,91,1.0,200,20,91,23,65,65,0
148e0170647443f8a5534ec62c9f5c58,5be4b64168646d958c6c84cd0cff0f54772cc8e3bd409d2aaed97533a357ecb2,c09e4f0,pilot-stage1-disease,102,9006,,0a9f06b6dff3de72,0.0,0,none,0.15,0.1,0,2,,,completed,extinction on day 1,0,0,0,0.005,1,1,1,0,1,1,0
ce14e8e4e6524d02b0bf1dc153797257,f022362d2a802207d167ec63dc5934253e4030996de8bfe5c3274145f15632c7,c09e4f0,pilot-stage1-disease,102,9006,,0a9f06b6dff3de72,0.01,0,none,0.15,0.1,0,2,,,completed,extinction on day 1,5,5,0,0.005,1,1,1,0,1,1,0
eec713c420094b5fa49014b2a59c9970,b77a9ccfbc786cd7ebf7d1887330fc6fb68b9774d6c971e4ced37adc2bb97213,c09e4f0,pilot-stage1-disease,102,9006,,0a9f06b6dff3de72,0.02,0,none,0.15,0.1,0,2,,,completed,extinction on day 1,6,6,0,0.005,1,1,1,0,1,1,0
f12385513f9d4d80aeb3fdfcdaa474e7,2c334ee21696134aaef6b8f646929724e54ae8ab9bfbf0f745bf29696f1a71f2,c09e4f0,pilot-stage1-disease,102,9006,,0a9f06b6dff3de72,0.05,0,none,0.15,0.1,0,2,,,completed,extinction on day 1,14,14,0,0.005,1,1,1,0,1,1,0
a37aeb2d9b9e4d2a9614d478d75e65b7,54f93cb660304b07b67c3dc093221c7e5edee643a3dcd5590e951af00cc9bb0a,c09e4f0,pilot-stage1-disease,102,9006,,0a9f06b6dff3de72,0.1,0,none,0.15,0.1,0,2,,,completed,extinction on day 1,19,19,0,0.005,1,1,1,0,1,1,0
7f8283b579324a24bea1104dd0001986,901d91e691fcdbc533dd5d29be6befac195d49269279f9f395bcc26a5000565d,c09e4f0,pilot-stage1-disease,102,9007,,0a9f06b6dff3de72,0.0,0,none,0.15,0.1,0,2,,,completed,extinction on day 29,0,0,0,0.05,10,1,7,4,29,29,0
30d0131e88de422aa05ff1495f0c108c,1afd1d2ae23274950a61b6a47ba33ac698bf35843e3aef6d4c748941ddefc9f2,c09e4f0,pilot-stage1-disease,102,9007,,0a9f06b6dff3de72,0.01,0,none,0.15,0.1,0,2,,,completed,extinction on day 152,301,284,17,0.715,143,14,29,122,152,152,0
3a20280a1e714ea4beac5f3c61cee6b2,920ef2993dd257c5788758af549b443bc41a2ed4b9edc790f53d7a0269fb7873,c09e4f0,pilot-stage1-disease,102,9007,,0a9f06b6dff3de72,0.02,0,none,0.15,0.1,0,2,,,completed,extinction on day 135,544,505,39,0.765,153,14,32,84,135,135,0
fc7292be0a644fa3aef76e06cbf46df4,91b62022bb89e772cdf0295b7b35995628dfdaa6ef110d9cbba2c1b623d0c9c8,c09e4f0,pilot-stage1-disease,102,9007,,0a9f06b6dff3de72,0.05,0,none,0.15,0.1,0,2,,,completed,extinction on day 93,924,853,71,0.96,192,18,64,25,93,93,0
d8c534c800ad4b8c97a487282e20d718,35281472fc3f2b42fa13ff3784ed60284c2865d42faf5e20eb6b18cce680ea69,c09e4f0,pilot-stage1-disease,102,9007,,0a9f06b6dff3de72,0.1,0,none,0.15,0.1,0,2,,,completed,extinction on day 74,1488,1397,91,1.0,200,20,103,16,74,74,0
9b81d261990c4c7e935c2ec9225f38d1,a3a22b6104f777247fadded28b7142c69251a0063861f5a777c34bbb5bb6c33b,c09e4f0,pilot-stage1-disease,102,9008,,0a9f06b6dff3de72,0.0,0,none,0.15,0.1,0,2,,,completed,extinction on day 38,0,0,0,0.05,10,1,8,5,38,38,0
03ee12e165014b25ac94c8bb541a23d4,02358807bb5030508f23de675c88d730352f7b3c1af8536dd7e58e69d587bf4d,c09e4f0,pilot-stage1-disease,102,9008,,0a9f06b6dff3de72,0.01,0,none,0.15,0.1,0,2,,,completed,extinction on day 166,361,343,18,0.785,157,15,34,42,166,166,0
d9db9836880245ba995c61f14bd9e771,7016cd57a8316d632b29a97d0637dd9acbe211503d59d620b87a7f3297a9aa3f,c09e4f0,pilot-stage1-disease,102,9008,,0a9f06b6dff3de72,0.02,0,none,0.15,0.1,0,2,,,completed,extinction on day 134,560,532,28,0.665,133,11,27,48,134,134,0
a550f7b7cf3c41d6bde6ef847d32d7ea,f4296ca367aac3683dc406bbd537a9ff98bba11d0f7eb9b19fd34163b003ab48,c09e4f0,pilot-stage1-disease,102,9008,,0a9f06b6dff3de72,0.05,0,none,0.15,0.1,0,2,,,completed,extinction on day 111,1111,1017,94,0.98,196,20,52,39,111,111,0
8463e0b19d2748a39e4dcc9e286f9168,36781565f074ee8a6ef3e9cfe799794511056a650e28d65656f51eedd0d36a41,c09e4f0,pilot-stage1-disease,102,9008,,0a9f06b6dff3de72,0.1,0,none,0.15,0.1,0,2,,,completed,extinction on day 67,1372,1276,96,1.0,200,20,91,17,67,67,0
f33eacd4b57942a49cfe8c89e7fd4cc2,09ad5048d5378c3d576c2e2eef6f82d8025d7f9217d4ed4a1ec03c7449aa54fc,c09e4f0,pilot-stage1-disease,102,9009,,0a9f06b6dff3de72,0.0,0,none,0.15,0.1,0,2,,,completed,extinction on day 29,0,0,0,0.05,10,1,7,3,29,29,0
56319b14cf1b4e8598afc958c8cf5f4c,374e3e902d7242ae04127a9bac27dd725eafac8bb45cf7f79c39856da19a4d91,c09e4f0,pilot-stage1-disease,102,9009,,0a9f06b6dff3de72,0.01,0,none,0.15,0.1,0,2,,,completed,extinction on day 82,178,170,8,0.125,25,2,8,4,82,82,0
680ae9a910a942719b58a2612d78292f,300e5cf63b3a0daaa7ffd8005cdf6d558c8b16daacef4f04b0c311d3f07a0e3a,c09e4f0,pilot-stage1-disease,102,9009,,0a9f06b6dff3de72,0.02,0,none,0.15,0.1,0,2,,,completed,extinction on day 34,136,135,1,0.16,32,3,21,6,34,34,0
3ee6ac08d1054a31b0a01ee781474693,24b84a12322420fea52597b6d1e370d0793bd9901517ff5e161fbb0e364da84f,c09e4f0,pilot-stage1-disease,102,9009,,0a9f06b6dff3de72,0.05,0,none,0.15,0.1,0,2,,,completed,extinction on day 78,772,729,43,1.0,200,20,86,21,78,78,0
06459d76eae448dd83b37e77aee70688,6997007550e366196a666d0921aad2eb3a7a275192da5db6bd0fbd523f404758,c09e4f0,pilot-stage1-disease,102,9009,,0a9f06b6dff3de72,0.1,0,none,0.15,0.1,0,2,,,completed,extinction on day 78,1582,1463,119,1.0,200,20,95,17,78,78,0
3b1584a75a6745d59ecdc606fedb6a2e,85fa67453c9ff0909ed44a4eb104bb1c47207ac0a2d341eaa5ecaa8ce29f33f8,c09e4f0,pilot-stage1-disease,103,9000,,3eba5fa24d22e1a9,0.0,0,none,0.15,0.1,0,2,,,completed,extinction on day 35,0,0,0,0.05,10,1,9,5,35,35,0
b53058b76c7b40e494cb1b6fe0487cc3,1ef0cd8cb8d9f082672f4f9493073cba38e6ded7af78925e5003ca6dc8b73899,c09e4f0,pilot-stage1-disease,103,9000,,3eba5fa24d22e1a9,0.01,0,none,0.15,0.1,0,2,,,completed,extinction on day 102,206,202,4,0.21,42,4,16,38,102,102,0
d12203de8e1c4315991cebdcf96e235e,e3d18e0d5fa201ca442ca63a3ebdcfc84ed73c2cb2004b421cc5f1e2e6781bf1,c09e4f0,pilot-stage1-disease,103,9000,,3eba5fa24d22e1a9,0.02,0,none,0.15,0.1,0,2,,,completed,extinction on day 109,426,399,27,0.27,54,5,13,50,109,109,0
caff375a9946429c93cb1ebeb9cfe960,95659c518fe2e32eb616d5b420b3f53a5e7df83f37b4bc3ef6bb4f31bbc79d1b,c09e4f0,pilot-stage1-disease,103,9000,,3eba5fa24d22e1a9,0.05,0,none,0.15,0.1,0,2,,,completed,extinction on day 96,967,923,44,0.995,199,20,57,52,96,96,0
80be85b3cbfc4ab19205f4bbeb246e33,f1e623055e950368d3e3ad0b89f32626422f127eeea0b0fbd55535acdbc7d99a,c09e4f0,pilot-stage1-disease,103,9000,,3eba5fa24d22e1a9,0.1,0,none,0.15,0.1,0,2,,,completed,extinction on day 77,1539,1452,87,1.0,200,20,68,33,77,77,0
25ac88de1b8e41b0a4ac0b710793dfa5,376643023053f7dc332902fcea0d89781fee9e67fdf26fea15a9fa64ef749780,c09e4f0,pilot-stage1-disease,103,9001,,3eba5fa24d22e1a9,0.0,0,none,0.15,0.1,0,2,,,completed,extinction on day 29,0,0,0,0.05,10,1,9,5,29,29,0
ff95f4abbd5a43e7ab77655fefa62e36,9a5150042b1e370903e55b1b7ebd399b8d6590038881313ffbe339fc4a6f04ff,c09e4f0,pilot-stage1-disease,103,9001,,3eba5fa24d22e1a9,0.01,0,none,0.15,0.1,0,2,,,completed,extinction on day 56,111,108,3,0.09,18,2,10,5,56,56,0
a67cfe14c6754ababc310e9a2f76a809,8ff7a6dd6be6a1a7b7831d9554848724e15c1989111781ed6393c44926fa2d09,c09e4f0,pilot-stage1-disease,103,9001,,3eba5fa24d22e1a9,0.02,0,none,0.15,0.1,0,2,,,completed,extinction on day 121,484,463,21,0.47,94,11,18,81,121,121,0
e2bf2227c8a74db3b750c0de470b6211,18cf1c69b5cec510fbd03740e55009c84631d1d55f97a2cdb3d0b7b694bea333,c09e4f0,pilot-stage1-disease,103,9001,,3eba5fa24d22e1a9,0.05,0,none,0.15,0.1,0,2,,,completed,extinction on day 69,691,679,12,0.77,154,15,48,22,69,69,0
97eb05bd115744a492cb850ed48d793c,a18a75aab8bc28dd19368a7473639bfd656f596745c86087bcaf3d05749abbf8,c09e4f0,pilot-stage1-disease,103,9001,,3eba5fa24d22e1a9,0.1,0,none,0.15,0.1,0,2,,,completed,extinction on day 111,2201,2097,104,0.985,197,20,57,22,111,111,0
a2b1fc33b2b64bbeaa2aff8136682283,3b23674f676d4bc2343d360d2838e96d194760ba9d919534067a114d08346c56,c09e4f0,pilot-stage1-disease,103,9002,,3eba5fa24d22e1a9,0.0,0,none,0.15,0.1,0,2,,,completed,extinction on day 25,0,0,0,0.05,10,1,9,5,25,25,0
d44d17b4663d4d6296c2f01f79e096de,a43ea5c975d6b63a5a26af60d83fc8bf00ad67a2dfa8e162f89c18a86b1e469e,c09e4f0,pilot-stage1-disease,103,9002,,3eba5fa24d22e1a9,0.01,0,none,0.15,0.1,0,2,,,completed,extinction on day 35,66,63,3,0.055,11,1,9,5,35,35,0
a5615b61caac41729bfc5159f21401db,3c2447100b80a171ab358e3edf2b47df0096c8ae8c3e0b003cc999b54cd34f9b,c09e4f0,pilot-stage1-disease,103,9002,,3eba5fa24d22e1a9,0.02,0,none,0.15,0.1,0,2,,,completed,extinction on day 35,132,124,8,0.06,12,1,9,5,35,35,0
669010d6268d4a8988e252ba18013872,68a667055fe0da56c66f16769976ccf39ce77abca6822e707183148fe44b8249,c09e4f0,pilot-stage1-disease,103,9002,,3eba5fa24d22e1a9,0.05,0,none,0.15,0.1,0,2,,,completed,extinction on day 108,1084,1036,48,0.995,199,20,47,44,108,108,0
bc8f02d9321343a0a5a96ac59a11766a,f40a32154a0a1bba87129fc366ee4f6130b9e8ba6156f5833231e8d27221ffa9,c09e4f0,pilot-stage1-disease,103,9002,,3eba5fa24d22e1a9,0.1,0,none,0.15,0.1,0,2,,,completed,extinction on day 58,1103,1040,63,0.25,50,5,31,9,58,58,0
e15e33b6a5184f7f868dd0b36f3f1fc5,09f974a676c20fa0cd86018dd42074d3e17df24b508b54597bea6fad7747ecab,c09e4f0,pilot-stage1-disease,103,9003,,3eba5fa24d22e1a9,0.0,0,none,0.15,0.1,0,2,,,completed,extinction on day 1,0,0,0,0.005,1,1,1,0,1,1,0
d79a7d396a41413ba0d9eadab31e2713,cebaa7fd8b994f5d1c2a388503f4c57af774f8c3f9aeedcb08e0e828a72c5050,c09e4f0,pilot-stage1-disease,103,9003,,3eba5fa24d22e1a9,0.01,0,none,0.15,0.1,0,2,,,completed,extinction on day 1,3,3,0,0.005,1,1,1,0,1,1,0
b07137a8e42348d2848e8be6d621f4de,f9309f75812445235373262a30a617ef305e960a83371cc50e603076e2f6badb,c09e4f0,pilot-stage1-disease,103,9003,,3eba5fa24d22e1a9,0.02,0,none,0.15,0.1,0,2,,,completed,extinction on day 1,5,5,0,0.005,1,1,1,0,1,1,0
8a4eb388bc23432ab8d0b5b31d6c3261,9f3bbd4f8f1ad13f4a8ff41911106d1e0b311644cf5e49edbafead93b675c3e4,c09e4f0,pilot-stage1-disease,103,9003,,3eba5fa24d22e1a9,0.05,0,none,0.15,0.1,0,2,,,completed,extinction on day 1,9,9,0,0.005,1,1,1,0,1,1,0
dbf90351030c456e8d173a16e8c89ef7,23f139430e536c126f62be66693ce7c97afa2085fec39788861ee2046b9eea01,c09e4f0,pilot-stage1-disease,103,9003,,3eba5fa24d22e1a9,0.1,0,none,0.15,0.1,0,2,,,completed,extinction on day 1,16,16,0,0.005,1,1,1,0,1,1,0
7307ca78f9b14c9c9f043bb2378e8bc0,b25b65f4b2a37198624d7bbd033628880e118679306bc85e6811d936a6afb7ba,c09e4f0,pilot-stage1-disease,103,9004,,3eba5fa24d22e1a9,0.0,0,none,0.15,0.1,0,2,,,completed,extinction on day 40,0,0,0,0.05,10,1,6,5,40,40,0
11744da72ea54b64a3d1b50c6d618514,bbd43c00819176d29d4a83f3e795abcde48304a16bed4e13700a9008f6a40956,c09e4f0,pilot-stage1-disease,103,9004,,3eba5fa24d22e1a9,0.01,0,none,0.15,0.1,0,2,,,completed,extinction on day 43,84,82,2,0.115,23,2,11,18,43,43,0
d753d5a285214d4885d566fc3e3bef0d,ba5cf649c645561077c1deff1e10cd60076dd11a36abcace9ddce7852f64f709,c09e4f0,pilot-stage1-disease,103,9004,,3eba5fa24d22e1a9,0.02,0,none,0.15,0.1,0,2,,,completed,extinction on day 82,351,332,19,0.465,93,8,31,39,82,82,0
87bac47f9f08467f8d181794d6906ab7,9e4eeed1c1c809bcefa9dc4a041b4ec11cb788f7975cf951400fb09c1e767473,c09e4f0,pilot-stage1-disease,103,9004,,3eba5fa24d22e1a9,0.05,0,none,0.15,0.1,0,2,,,completed,extinction on day 131,1338,1270,68,0.99,198,20,46,33,131,131,0
d64da40944a447c1a5f69c1df417087b,bdb1ed97a5ab638edbd72b0be349d02c3efb15b35663d38fb49ca1638b0d9e7f,c09e4f0,pilot-stage1-disease,103,9004,,3eba5fa24d22e1a9,0.1,0,none,0.15,0.1,0,2,,,completed,extinction on day 85,1708,1613,95,1.0,200,20,78,31,85,85,0
5b31f295c31d46fca60f739f19ef06f6,82ebddd5099a80df1217cfce5b779036cbedaa0b1e334a8ddeb827e8d73f0134,c09e4f0,pilot-stage1-disease,103,9005,,3eba5fa24d22e1a9,0.0,0,none,0.15,0.1,0,2,,,completed,extinction on day 23,0,0,0,0.05,10,1,9,4,23,23,0
e99cc19fdf1d4a41a9b5722eb71b51da,09a6622e126ace800d7ce5859d6ed111a4b2d4e0fec0cec2d781cc5332f5e349,c09e4f0,pilot-stage1-disease,103,9005,,3eba5fa24d22e1a9,0.01,0,none,0.15,0.1,0,2,,,completed,extinction on day 76,169,159,10,0.245,49,5,22,48,76,76,0
fe463db9e56e408db619ed4bd940fb33,6caeece27657c52c85c4cbc77f320c0749eede5dccdc3b2b869be536242b9f98,c09e4f0,pilot-stage1-disease,103,9005,,3eba5fa24d22e1a9,0.02,0,none,0.15,0.1,0,2,,,completed,extinction on day 102,449,429,20,0.425,85,8,17,21,102,102,0
42e05914abd64457ac6a8d5efb971d93,3068916115a295b3e3ab4c863df886b06325265f55714d65e808fb28570a6d5d,c09e4f0,pilot-stage1-disease,103,9005,,3eba5fa24d22e1a9,0.05,0,none,0.15,0.1,0,2,,,completed,extinction on day 87,902,869,33,0.995,199,20,48,13,87,87,0
10bb5a4fa6004becbbb9c8e574824406,5ca89d06f42c11b9efe01d5ce662988630ba1a2c52ae46712ce9d25336510bc1,c09e4f0,pilot-stage1-disease,103,9005,,3eba5fa24d22e1a9,0.1,0,none,0.15,0.1,0,2,,,completed,extinction on day 65,1289,1243,46,0.745,149,15,55,31,65,65,0
831b091a1adf4004b7cba7c38085c260,e5caa9825bed1ef80c5f823fe0070ff87b4a313759f042627c3d49207d2ef370,c09e4f0,pilot-stage1-disease,103,9006,,3eba5fa24d22e1a9,0.0,0,none,0.15,0.1,0,2,,,completed,extinction on day 1,0,0,0,0.005,1,1,1,0,1,1,0
2c14d5bdc39b48d9aa32c6f7ecb5f642,dd662426240109fb83f1fb2de27fe588b75dc5660bcb1c6bd840a51ef7e7f4af,c09e4f0,pilot-stage1-disease,103,9006,,3eba5fa24d22e1a9,0.01,0,none,0.15,0.1,0,2,,,completed,extinction on day 1,5,5,0,0.005,1,1,1,0,1,1,0
f7c842a2950e4f639f441db01c867848,4d22591017658b1d55e597b683b597c096021a90a91e6fd65fb319d4487ea2a9,c09e4f0,pilot-stage1-disease,103,9006,,3eba5fa24d22e1a9,0.02,0,none,0.15,0.1,0,2,,,completed,extinction on day 1,6,6,0,0.005,1,1,1,0,1,1,0
3838cca47ea34198bfbdcdf2b69fc7f8,f4a9e017c27ef7e8032dbc891a3411470be1eefa52152aefe06c51076edad8d5,c09e4f0,pilot-stage1-disease,103,9006,,3eba5fa24d22e1a9,0.05,0,none,0.15,0.1,0,2,,,completed,extinction on day 1,14,14,0,0.005,1,1,1,0,1,1,0
234b44f5eb8645318c9add37ba995a1d,53db5db54c5bd2e00b15c6333ed7d1a0ddd739e1c1cfcb521ccd40c6706d4155,c09e4f0,pilot-stage1-disease,103,9006,,3eba5fa24d22e1a9,0.1,0,none,0.15,0.1,0,2,,,completed,extinction on day 1,19,19,0,0.005,1,1,1,0,1,1,0
3e179fd6a51144798307cfec98afaa6a,7c5aac6fddfcf3a4eb0a7fe734fc279149137f933b0549bf842b31212e042f29,c09e4f0,pilot-stage1-disease,103,9007,,3eba5fa24d22e1a9,0.0,0,none,0.15,0.1,0,2,,,completed,extinction on day 29,0,0,0,0.05,10,1,7,4,29,29,0
27e49203f8bf4268afb65ef996f4917d,3891fe6d326f8fc05279bbcf94a0d87b51fc59bf3c3d1a3edd158f55d14512b3,c09e4f0,pilot-stage1-disease,103,9007,,3eba5fa24d22e1a9,0.01,0,none,0.15,0.1,0,2,,,completed,extinction on day 84,172,167,5,0.21,42,4,11,60,84,84,0
9a26bc96aa2e4c5eb59887575e046566,a5480c2f0bdfd60c98736c68a8ae622720043afc241f13f5b92743af903e9c31,c09e4f0,pilot-stage1-disease,103,9007,,3eba5fa24d22e1a9,0.02,0,none,0.15,0.1,0,2,,,completed,extinction on day 66,258,244,14,0.28,56,5,21,22,66,66,0
5018d9e0208e4f59a7f1404cc63909a8,132f89fc9bb704d10e1589085cbdc43a59ff02a8635132f9b1bcb19a95306cfa,c09e4f0,pilot-stage1-disease,103,9007,,3eba5fa24d22e1a9,0.05,0,none,0.15,0.1,0,2,,,completed,extinction on day 123,1203,1176,27,1.0,200,20,39,73,123,123,0
6f9f56db117645adad4e296c0b9f2dc8,28509160c981dd06c56994bff2b16c888ae3db2f24569fb6be046b8306f9cc05,c09e4f0,pilot-stage1-disease,103,9007,,3eba5fa24d22e1a9,0.1,0,none,0.15,0.1,0,2,,,completed,extinction on day 85,1723,1631,92,0.995,199,20,79,18,85,85,0
ad7505739fe24c0ca41d9b99effd2f75,f1c5890e855e581faada0be63d902781ab83f5ebedc7ca24c6c1314ec5898c51,c09e4f0,pilot-stage1-disease,103,9008,,3eba5fa24d22e1a9,0.0,0,none,0.15,0.1,0,2,,,completed,extinction on day 38,0,0,0,0.05,10,1,8,5,38,38,0
f6d4988761324df780001f964dae6dba,f4f8372c9418d8ad4acf155375d412a8832062669b11da052ae37210222385ef,c09e4f0,pilot-stage1-disease,103,9008,,3eba5fa24d22e1a9,0.01,0,none,0.15,0.1,0,2,,,completed,extinction on day 87,190,183,7,0.27,54,5,17,39,87,87,0
3d99ad06399d448fbbe9684463a3fbad,0ec103a725425ec6862dca54ee269522c04525c43f6cc8134d8bfc71c7ffef09,c09e4f0,pilot-stage1-disease,103,9008,,3eba5fa24d22e1a9,0.02,0,none,0.15,0.1,0,2,,,completed,extinction on day 87,367,353,14,0.2,40,3,17,40,87,87,0
398a7286f9a549ae93812162165368eb,5aa3d7b1b9f67e5b5968220cea2dfe5e5e4c4fee37100ad5e3af9dc645002542,c09e4f0,pilot-stage1-disease,103,9008,,3eba5fa24d22e1a9,0.05,0,none,0.15,0.1,0,2,,,completed,extinction on day 89,886,846,40,0.99,198,20,54,29,89,89,0
118b6be79a6141bdabda9b09c9c171c8,896ee7568c90543e499be74eae68798ad5686083f9ecbcf5b6065094576934d6,c09e4f0,pilot-stage1-disease,103,9008,,3eba5fa24d22e1a9,0.1,0,none,0.15,0.1,0,2,,,completed,extinction on day 76,1534,1455,79,0.995,199,20,101,24,76,76,0
c308172c5314471c9af589197352919a,3d68804caac2f7fe43df46f544f9af724010aee3dd7c1b05a3f00376719eeec6,c09e4f0,pilot-stage1-disease,103,9009,,3eba5fa24d22e1a9,0.0,0,none,0.15,0.1,0,2,,,completed,extinction on day 29,0,0,0,0.05,10,1,7,3,29,29,0
431b7cdfd0884c3181c4cbf805f47547,1035878909ceea9209657be51fb020e5840854087386b3f5f33ee971a9ba0754,c09e4f0,pilot-stage1-disease,103,9009,,3eba5fa24d22e1a9,0.01,0,none,0.15,0.1,0,2,,,completed,extinction on day 38,75,75,0,0.075,15,1,8,4,38,38,0
8f351af5687947c8b84fa53180200348,2ae5cc6c974765f2885c1c3c9f1366aa2125a2eaae8d1efd20c89e8baf99a480,c09e4f0,pilot-stage1-disease,103,9009,,3eba5fa24d22e1a9,0.02,0,none,0.15,0.1,0,2,,,completed,extinction on day 95,391,370,21,0.255,51,5,26,8,95,95,0
5150eb8bbe5b4caca52db2e0eaa4c813,ff4587695abe15f7e144404126ab2ffc171e554ac50afefdd680e1e562a4e26e,c09e4f0,pilot-stage1-disease,103,9009,,3eba5fa24d22e1a9,0.05,0,none,0.15,0.1,0,2,,,completed,extinction on day 90,909,874,35,0.775,155,15,61,16,90,90,0
4b33bceecd2a490aba8d9fefe88397d4,356100a1e9dac841a37b8c0c63ff4436730f0db9e2c8bdecc66af2d4121523db,c09e4f0,pilot-stage1-disease,103,9009,,3eba5fa24d22e1a9,0.1,0,none,0.15,0.1,0,2,,,completed,extinction on day 78,1582,1481,101,0.99,198,20,57,16,78,78,0
37d20a56a16d45f08c821309190c103d,9fa6138b67ca4657919f7c6989f6f62b98efdfc8abb3c874c4b592ba89114867,c09e4f0,pilot-stage1-disease,104,9000,,bc0241eae73e5142,0.0,0,none,0.15,0.1,0,2,,,completed,extinction on day 35,0,0,0,0.05,10,1,9,5,35,35,0
4afd7f2c7fe1494daff0d4528939eafe,8a2d2187e948dc7214a682259977376535127a6bdae1689ab2f7403a047a2830,c09e4f0,pilot-stage1-disease,104,9000,,bc0241eae73e5142,0.01,0,none,0.15,0.1,0,2,,,completed,extinction on day 53,103,94,9,0.11,22,2,11,6,53,53,0
0442a8e2e65b41a39354351288bf69e9,ce6c04fd06a4541c3548dcd91cacf00f1ea9c9bcc6b0e6bc62c49a63f087c960,c09e4f0,pilot-stage1-disease,104,9000,,bc0241eae73e5142,0.02,0,none,0.15,0.1,0,2,,,completed,extinction on day 67,278,251,27,0.23,46,4,19,17,67,67,0
229f09c468ca4dfdbeedb03a483de6f3,f4287fb0d66ca0da37ae0304dc04aab5d4f1185ffc9ccfab585b18dc8e893603,c09e4f0,pilot-stage1-disease,104,9000,,bc0241eae73e5142,0.05,0,none,0.15,0.1,0,2,,,completed,extinction on day 81,841,761,80,0.99,198,19,65,40,81,81,0
b24cfff1c7f548f1a381b706d0d08aa3,f6083a05b30d0b0b70f723b694a00d69f901416a48b26acd4707c0fe8b8d4c59,c09e4f0,pilot-stage1-disease,104,9000,,bc0241eae73e5142,0.1,0,none,0.15,0.1,0,2,,,completed,extinction on day 62,1248,1150,98,1.0,200,20,70,26,62,62,0
7bffb4def1da4436b316f15b2c078e9b,0e8e3ced714444c524ccc79e20a3c205de71468933607d431004b991b1af9d33,c09e4f0,pilot-stage1-disease,104,9001,,bc0241eae73e5142,0.0,0,none,0.15,0.1,0,2,,,completed,extinction on day 29,0,0,0,0.05,10,1,9,5,29,29,0
a3c86ead405a4f5ea6402e184725bc86,3dd1cfd1f882aa32e53d3f9fd32342e2f3a6820e2bdddfd17f5e393e54fc5c83,c09e4f0,pilot-stage1-disease,104,9001,,bc0241eae73e5142,0.01,0,none,0.15,0.1,0,2,,,completed,extinction on day 68,134,118,16,0.15,30,3,11,20,68,68,0
c8fe9ec7a8074bf5a78efd4202f1ef83,f88ddafebea2cad2ee0b1fd73b9a58b060d3d8a744d93e9e11f2ae56407911bf,c09e4f0,pilot-stage1-disease,104,9001,,bc0241eae73e5142,0.02,0,none,0.15,0.1,0,2,,,completed,extinction on day 134,535,491,44,0.45,90,9,25,60,134,134,0
b6ccf7f94ba542bcb399650833b9524a,0b8bc5b27c2576e0b9f567c22c2b0325a0108e462b5a7adf391b0ca31fa34d09,c09e4f0,pilot-stage1-disease,104,9001,,bc0241eae73e5142,0.05,0,none,0.15,0.1,0,2,,,completed,extinction on day 83,846,771,75,1.0,200,20,56,33,83,83,0
4a5a67006a1140e1bc951984b665f0a6,cd8bdb60da517262bbd6ccfcf36e3e2d65d1f4b8405884e0710789efc87dc7d3,c09e4f0,pilot-stage1-disease,104,9001,,bc0241eae73e5142,0.1,0,none,0.15,0.1,0,2,,,completed,extinction on day 69,1399,1273,126,1.0,200,20,82,17,69,69,0
41b33172dc244894954acc1b90b8663c,6f4e3b6599ecea5292a2754a06f2c49a377c2e1b2a8574c454910b2f6d1e1235,c09e4f0,pilot-stage1-disease,104,9002,,bc0241eae73e5142,0.0,0,none,0.15,0.1,0,2,,,completed,extinction on day 25,0,0,0,0.05,10,1,9,5,25,25,0
42d5d096624645b88bbf37263d64df35,ae3259b04ef4d67897f4f27683078a678e920c150fa1d48d9f634ca00b623eef,c09e4f0,pilot-stage1-disease,104,9002,,bc0241eae73e5142,0.01,0,none,0.15,0.1,0,2,,,completed,extinction on day 25,47,45,2,0.06,12,1,11,5,25,25,0
cb2932fe9c8a4bb3b811107140a62547,a9ec230eeafa7ff753e7ded43112682a57d5ea6fca4c813f67107aaedfe1a8a5,c09e4f0,pilot-stage1-disease,104,9002,,bc0241eae73e5142,0.02,0,none,0.15,0.1,0,2,,,completed,extinction on day 50,179,171,8,0.075,15,2,11,5,50,50,0
bcb7c1238d8a4ed8899da5cf63edeae4,d66dad304b664f7355761899dae397eb693a228d27c78a553d6a365b14fcc1a1,c09e4f0,pilot-stage1-disease,104,9002,,bc0241eae73e5142,0.05,0,none,0.15,0.1,0,2,,,completed,extinction on day 73,720,672,48,1.0,200,20,86,19,73,73,0
1a77942a85ff44149bf82f039dea7811,8781aa805e9016eb001a19f295b007a0d823162e5d16203eac9139e983c288cd,c09e4f0,pilot-stage1-disease,104,9002,,bc0241eae73e5142,0.1,0,none,0.15,0.1,0,2,,,completed,extinction on day 60,1144,1049,95,1.0,200,20,82,13,60,60,0
47f4c79da595414fa45b4cce97fdcdd1,dfaba43c5ed9e922ccc1221a1d44479c891d37617a21f20fd43fe3099b606a50,c09e4f0,pilot-stage1-disease,104,9003,,bc0241eae73e5142,0.0,0,none,0.15,0.1,0,2,,,completed,extinction on day 1,0,0,0,0.005,1,1,1,0,1,1,0
3db8a57e3fcd4cb8a90a72448e819b8c,dbe0f66778d1a222b453d4c942a20bf81a0c8342b864119de1b6b1dff11d1754,c09e4f0,pilot-stage1-disease,104,9003,,bc0241eae73e5142,0.01,0,none,0.15,0.1,0,2,,,completed,extinction on day 1,3,3,0,0.005,1,1,1,0,1,1,0
d1853572dcfa4c31bc33e0b16059d6cc,ff773617d432b679b5ab418a8a43007186f00937e5c84676aba41cb4bde15caa,c09e4f0,pilot-stage1-disease,104,9003,,bc0241eae73e5142,0.02,0,none,0.15,0.1,0,2,,,completed,extinction on day 1,5,5,0,0.005,1,1,1,0,1,1,0
61826a85093b4012a06a8eb80d1a4cdf,af1e710c3be7ea56c761d6a91409cb3c8ee7db3b77cfcdb9e6e7f7069427bfae,c09e4f0,pilot-stage1-disease,104,9003,,bc0241eae73e5142,0.05,0,none,0.15,0.1,0,2,,,completed,extinction on day 1,9,9,0,0.005,1,1,1,0,1,1,0
451ef12541c24064a785b17415eb4316,f4a6f568c02dd098f82d182cd5c2f99132d2bda0f9e94abf334a75d14e52e3e2,c09e4f0,pilot-stage1-disease,104,9003,,bc0241eae73e5142,0.1,0,none,0.15,0.1,0,2,,,completed,extinction on day 1,16,16,0,0.005,1,1,1,0,1,1,0
c942506367864796826dd9380b746a0f,4157cc0f0119c9f7bfedd77db54dab1a14375599fff221e01a1116e53c9e4cf8,c09e4f0,pilot-stage1-disease,104,9004,,bc0241eae73e5142,0.0,0,none,0.15,0.1,0,2,,,completed,extinction on day 40,0,0,0,0.05,10,1,6,5,40,40,0
2d74e907759045dd8c43ffd11a364110,2ac68969b06d5736dc158d9f79b48a420d5fdf6313a5fcd38e79a367a694af95,c09e4f0,pilot-stage1-disease,104,9004,,bc0241eae73e5142,0.01,0,none,0.15,0.1,0,2,,,completed,extinction on day 51,106,103,3,0.125,25,2,12,17,51,51,0
2f4c116eb5d74ee2bcf978522d0608ff,6d3b42bbe1c2ccce4c053a2c0a9f8a66d80dadd523ef8391fc2b65ecfb19546a,c09e4f0,pilot-stage1-disease,104,9004,,bc0241eae73e5142,0.02,0,none,0.15,0.1,0,2,,,completed,extinction on day 85,363,343,20,0.3,60,6,24,24,85,85,0
19a9016c50d049ddbe5671c75e4c2082,a15d51d322a733a32b0234f27905356f80780ec13fd7eb1437462febae68612e,c09e4f0,pilot-stage1-disease,104,9004,,bc0241eae73e5142,0.05,0,none,0.15,0.1,0,2,,,completed,extinction on day 85,871,815,56,1.0,200,20,82,33,85,85,0
d4bd4ee6056948e385b8586b35ed6dfb,c3eab15bbe616d49b80bdb9a591cb39d3e4d7a3b10299600e5ce35dd7db4c2a7,c09e4f0,pilot-stage1-disease,104,9004,,bc0241eae73e5142,0.1,0,none,0.15,0.1,0,2,,,completed,extinction on day 85,1708,1565,143,0.995,199,20,75,24,85,85,0
c27b78d9cca74d34aa855dff8d7a726b,b454e79bf0083951534558ee32f471913f1ff3396f3bcdc6fb83dec530c668c8,c09e4f0,pilot-stage1-disease,104,9005,,bc0241eae73e5142,0.0,0,none,0.15,0.1,0,2,,,completed,extinction on day 23,0,0,0,0.05,10,1,9,4,23,23,0
a0cdf81029584a3a93ed6bc38e13014a,1082abd454c6de2b897d679e20505fc08246aee498e89bb917325525d8f4a3b3,c09e4f0,pilot-stage1-disease,104,9005,,bc0241eae73e5142,0.01,0,none,0.15,0.1,0,2,,,completed,extinction on day 64,136,131,5,0.165,33,3,13,22,64,64,0
d69c26919a0d41d584bf68a018fda8e8,a3049c007704f9caf9e0db7b59b004e58b760157861c5427d35e14a73f473f68,c09e4f0,pilot-stage1-disease,104,9005,,bc0241eae73e5142,0.02,0,none,0.15,0.1,0,2,,,completed,extinction on day 44,184,171,13,0.22,44,4,17,22,44,44,0
27461a6a6c49489eae6109311a084c9a,f666d5b7d0a28f5b0a017bc226a74f1a2202adfc783f079e1fe03aedd38b21e3,c09e4f0,pilot-stage1-disease,104,9005,,bc0241eae73e5142,0.05,0,none,0.15,0.1,0,2,,,completed,extinction on day 108,1123,1030,93,0.965,193,19,32,52,108,108,0
729142e5f0e749fcb44b5efd8bb0d17f,2fddbf632e8d451344ce69e2d40a9ec742ee32cd7afffdf7f91af9ef886c62cc,c09e4f0,pilot-stage1-disease,104,9005,,bc0241eae73e5142,0.1,0,none,0.15,0.1,0,2,,,completed,extinction on day 65,1289,1204,85,0.99,198,19,92,22,65,65,0
3cd3341b50774c25adf4fc0f49536f64,ceeeeb1afb0ea6b70c7c75f254edc31c9cf49a15403afbe3807659dd219efec6,c09e4f0,pilot-stage1-disease,104,9006,,bc0241eae73e5142,0.0,0,none,0.15,0.1,0,2,,,completed,extinction on day 1,0,0,0,0.005,1,1,1,0,1,1,0
d14fcb2030b143559402608945d2a002,f0a41b490dc2a72d5a17bc7d8ba9c4856771f2c4e9acf918eb514e9fdcba3970,c09e4f0,pilot-stage1-disease,104,9006,,bc0241eae73e5142,0.01,0,none,0.15,0.1,0,2,,,completed,extinction on day 1,5,5,0,0.005,1,1,1,0,1,1,0
632958ed4b774cc4bc66fdf7e6d40826,366693bd3752279377b8026ea497ab9a9fe2c9fc524251093ee1af486460f725,c09e4f0,pilot-stage1-disease,104,9006,,bc0241eae73e5142,0.02,0,none,0.15,0.1,0,2,,,completed,extinction on day 1,6,6,0,0.005,1,1,1,0,1,1,0
5fac57bb859d40229cce84ed56eded1c,685a6a86f03e2c943259e7f2bece6d828b1f50fea10aad21b2e25e5fffcc944f,c09e4f0,pilot-stage1-disease,104,9006,,bc0241eae73e5142,0.05,0,none,0.15,0.1,0,2,,,completed,extinction on day 1,14,14,0,0.005,1,1,1,0,1,1,0
2b2dd94528b149758e02056e247a2f06,6eb5968bbbb77d6389a5c357000e2e573ff9cda1024e81422178191bc35060d6,c09e4f0,pilot-stage1-disease,104,9006,,bc0241eae73e5142,0.1,0,none,0.15,0.1,0,2,,,completed,extinction on day 1,19,19,0,0.005,1,1,1,0,1,1,0
34d667c372b44ef6a4d6b9a58bc58dc7,2dd51db178ad09355d136d42c6caeed21222b61651b3c95865e0da2fabd645cb,c09e4f0,pilot-stage1-disease,104,9007,,bc0241eae73e5142,0.0,0,none,0.15,0.1,0,2,,,completed,extinction on day 29,0,0,0,0.05,10,1,7,4,29,29,0
a7eb043895a840c9a9fa1de6fd252aa0,a11373db0446c11f835a0fb615e06cde33a6ad51c5477eebb169c6552fb472ca,c09e4f0,pilot-stage1-disease,104,9007,,bc0241eae73e5142,0.01,0,none,0.15,0.1,0,2,,,completed,extinction on day 41,76,70,6,0.095,19,2,10,14,41,41,0
f3a2247d3b474846ba7234df4ca78f52,104ed10b3a62720b9b28256401277098bc043b1674ae91edac00f4a77e8cb9e9,c09e4f0,pilot-stage1-disease,104,9007,,bc0241eae73e5142,0.02,0,none,0.15,0.1,0,2,,,completed,extinction on day 74,283,272,11,0.165,33,3,17,8,74,74,0
e5760a4ae4d44f7a8a382b3d6bcfb93a,028acfe9822197e82766ef0e58ff7ca22de97f61e4a3c96d628f1218208ca13f,c09e4f0,pilot-stage1-disease,104,9007,,bc0241eae73e5142,0.05,0,none,0.15,0.1,0,2,,,completed,extinction on day 98,975,898,77,0.965,193,19,51,16,98,98,0
9c4cdad6df924744b0185eb6f3d47ab9,8f3b74b7650342db46d404cf9999edbc0456381732b6a8a701c70c6d4b571457,c09e4f0,pilot-stage1-disease,104,9007,,bc0241eae73e5142,0.1,0,none,0.15,0.1,0,2,,,completed,extinction on day 85,1723,1581,142,0.98,196,19,67,32,85,85,0
b1acefed35474b1d9df9510c34598884,41412481c347f518b27fb17acf28bf43e611a8d36ca33119a0d7ef443d63ee21,c09e4f0,pilot-stage1-disease,104,9008,,bc0241eae73e5142,0.0,0,none,0.15,0.1,0,2,,,completed,extinction on day 38,0,0,0,0.05,10,1,8,5,38,38,0
ac53812aee88485fb62f8bc1374eadf1,cd6687fac10ce35688a3dc2cf433dd61e62b7ff40d81e93cf6f4be574b7bc5ae,c09e4f0,pilot-stage1-disease,104,9008,,bc0241eae73e5142,0.01,0,none,0.15,0.1,0,2,,,completed,extinction on day 100,220,201,19,0.365,73,7,17,57,100,100,0
d206c59f744348659b1522a666c387fc,18ca4487eeed64144a0b35e2676e310e9742b9db457bba85d8359a8156925e24,c09e4f0,pilot-stage1-disease,104,9008,,bc0241eae73e5142,0.02,0,none,0.15,0.1,0,2,,,completed,extinction on day 166,685,629,56,0.735,147,16,47,126,166,166,0
bdda1625e4f24233b6afab1838845fee,f66e34f9eff76a68b0a7ac5ffd4ad2638af7e4fd79959752c03ecee302799023,c09e4f0,pilot-stage1-disease,104,9008,,bc0241eae73e5142,0.05,0,none,0.15,0.1,0,2,,,completed,extinction on day 80,789,744,45,0.995,199,20,51,36,80,80,0
6756bec1aed84ef4abfdb1161cb59f66,0c85316a8ee078849b47b3c795aa65246f6be2c116afd27186f2209c721e8612,c09e4f0,pilot-stage1-disease,104,9008,,bc0241eae73e5142,0.1,0,none,0.15,0.1,0,2,,,completed,extinction on day 77,1552,1451,101,1.0,200,20,59,36,77,77,0
9e4e74aba6544ae1b3b4d5048620c022,bfce6a7e5a386b872b70c952b041ed5077b0c0ff137ab369420849c6eb1e1f6f,c09e4f0,pilot-stage1-disease,104,9009,,bc0241eae73e5142,0.0,0,none,0.15,0.1,0,2,,,completed,extinction on day 29,0,0,0,0.05,10,1,7,3,29,29,0
8aeabe2c8d30417688b8fa11228f4d8a,2ac355c32eb6520ca3ca31de3e998e183bd73b0699a2f6d3dcdf20ad1b0af8c3,c09e4f0,pilot-stage1-disease,104,9009,,bc0241eae73e5142,0.01,0,none,0.15,0.1,0,2,,,completed,extinction on day 29,53,52,1,0.065,13,1,8,4,29,29,0
e5b4f032faf545ad90ab0234a65000f6,b846f9177633ac557773ce72b70ae9e30d2196703755c7bd2ebbbce6b6c07623,c09e4f0,pilot-stage1-disease,104,9009,,bc0241eae73e5142,0.02,0,none,0.15,0.1,0,2,,,completed,extinction on day 34,136,128,8,0.155,31,3,15,16,34,34,0
464ef8aa6dea495bbed5890c56fd3d7e,803edcd40151d1c9e9d42a09b07095d2624a65da76dc2c35ae8b40fcb5d7196e,c09e4f0,pilot-stage1-disease,104,9009,,bc0241eae73e5142,0.05,0,none,0.15,0.1,0,2,,,completed,extinction on day 91,922,850,72,1.0,200,20,74,29,91,91,0
6064d798c1ea446292588e01253e3ef5,2bb140a7546a118402a3a913f10629b155c6b05f8435f736f2535f926d6dd889,c09e4f0,pilot-stage1-disease,104,9009,,bc0241eae73e5142,0.1,0,none,0.15,0.1,0,2,,,completed,extinction on day 78,1582,1430,152,0.985,197,19,68,28,78,78,0
3d8309f4b41049b29fb0924db26efa8b,fc6c13fd718fafc69dbd4cb314452d01b0d464f24a92a6e922f67c42b7fc3ebc,c09e4f0,pilot-stage1-disease,100,9000,,ecc984f043b744b6,0.0,0,none,0.15,0.2,0,2,,,completed,extinction on day 19,0,0,0,0.05,10,1,7,3,19,19,0
58891508fcb64184890cbdc8b204524c,3af439244a542375eb8901f67fa6cfbb3b2d59f174ad68f1071c18ab4cf73cb4,c09e4f0,pilot-stage1-disease,100,9000,,ecc984f043b744b6,0.01,0,none,0.15,0.2,0,2,,,completed,extinction on day 19,43,41,2,0.05,10,1,7,3,19,19,0
bedb31be793c4bef9582ac8363750179,3d7d5b683d204f70eda713807b3631fce6893be24fe6b97ddb84d265b1b619cd,c09e4f0,pilot-stage1-disease,100,9000,,ecc984f043b744b6,0.02,0,none,0.15,0.2,0,2,,,completed,extinction on day 21,84,68,16,0.11,22,3,8,9,21,21,0
65459a69e767468e97132bbd60cec8c8,4c3a0fee40ba64549922b0f84801cfe6334578942c693c9ad9be7e016df414dd,c09e4f0,pilot-stage1-disease,100,9000,,ecc984f043b744b6,0.05,0,none,0.15,0.2,0,2,,,completed,extinction on day 68,695,607,88,0.57,114,12,15,28,68,68,0
fc194747ddfd4bc38bfd9ed5f3d41974,d68212816661aec62eb6f3a42cfd368658ac4fba8d3bb651dbba8e13146c9407,c09e4f0,pilot-stage1-disease,100,9000,,ecc984f043b744b6,0.1,0,none,0.15,0.2,0,2,,,completed,extinction on day 44,897,797,100,0.32,64,6,14,11,44,44,0
1aa941a784ff4799af9474b8b7eb3c8e,f70cf72d158f53b7fe0f74874b2a2c3a60297da1c94ac37fd0a7fcec73529522,c09e4f0,pilot-stage1-disease,100,9001,,ecc984f043b744b6,0.0,0,none,0.15,0.2,0,2,,,completed,extinction on day 24,0,0,0,0.05,10,1,9,5,24,24,0
40b9fd3445184598a9b228ca16cae291,5575597c616945bc43b73771747a53989901ce7ae8870bece9b3c6e3e5b07037,c09e4f0,pilot-stage1-disease,100,9001,,ecc984f043b744b6,0.01,0,none,0.15,0.2,0,2,,,completed,extinction on day 32,61,56,5,0.1,20,2,10,20,32,32,0
0f6bfe7010054048be3bf3164a9cac47,f918d3df1f308c35c336032c16857c7f3eb27b3902091f69e9b25e589b94a15a,c09e4f0,pilot-stage1-disease,100,9001,,ecc984f043b744b6,0.02,0,none,0.15,0.2,0,2,,,completed,extinction on day 32,116,101,15,0.11,22,2,11,20,32,32,0
8052097ff3204e51b8231333c941db75,581671d0ec381202761139c9e7a48e61014e63ef3e0fea50aae7b6103d9a32eb,c09e4f0,pilot-stage1-disease,100,9001,,ecc984f043b744b6,0.05,0,none,0.15,0.2,0,2,,,completed,extinction on day 48,482,410,72,0.205,41,4,12,7,48,48,0
bad5b6882cb74132ae85669a38a8cce6,fa270073b6a2e37712e4acaafeedc9ecb2835d6c9742d93fedf361902f508942,c09e4f0,pilot-stage1-disease,100,9001,,ecc984f043b744b6,0.1,0,none,0.15,0.2,0,2,,,completed,extinction on day 71,1439,1275,164,0.8,160,15,36,46,71,71,0
8122236a158c4d0fafb3d5ca197f8de7,10a4642f5dba3e976a15a1170b61fc22914a8f7c9ef5f00e029ca4432f7973f4,c09e4f0,pilot-stage1-disease,100,9002,,ecc984f043b744b6,0.0,0,none,0.15,0.2,0,2,,,completed,extinction on day 10,0,0,0,0.045,9,1,6,4,10,10,0
ef48725530bf449fbd6221e7ff557ebc,eafedacc155f806f79f65ee9dcd8919069edb74596e694c8677923c240865ae3,c09e4f0,pilot-stage1-disease,100,9002,,ecc984f043b744b6,0.01,0,none,0.15,0.2,0,2,,,completed,extinction on day 10,12,12,0,0.05,10,1,6,2,10,10,0
93f55589407e4785a22f268c2281dd11,1d3b93cf20f49a33336769ed3ecace0d8279dbbb541bd150a82aff7c0c32f786,c09e4f0,pilot-stage1-disease,100,9002,,ecc984f043b744b6,0.02,0,none,0.15,0.2,0,2,,,completed,extinction on day 10,25,23,2,0.05,10,1,6,2,10,10,0
bfabd30392bf465fb30b664c09c35b88,a4aa7b43f1ddef5fc4e75309fc552efbc0e1dfe73d1829284869da3cf48f58fe,c09e4f0,pilot-stage1-disease,100,9002,,ecc984f043b744b6,0.05,0,none,0.15,0.2,0,2,,,completed,extinction on day 45,449,407,42,0.35,70,7,23,16,45,45,0
908a6aa5d63b4cd289b05e2bb9c0d0a6,3c14b874b25a5630ab566aa3459559a4384ed6b16db4c5311f2267d991c442e9,c09e4f0,pilot-stage1-disease,100,9002,,ecc984f043b744b6,0.1,0,none,0.15,0.2,0,2,,,completed,extinction on day 42,824,740,84,0.66,132,13,38,16,42,42,0
4f3fb0897f2943f68de115556938287c,f1cd718c5b51e2edd74e961b24a7e8e60a440b9bea863de761361baf01d082d5,c09e4f0,pilot-stage1-disease,100,9003,,ecc984f043b744b6,0.0,0,none,0.15,0.2,0,2,,,completed,extinction on day 1,0,0,0,0.005,1,1,1,0,1,1,0
dfea389d10854aefb3d4250cdf363dd3,db81a3f26a49f08722b5f16f39138ba15041d84a1597f3b636b0760c8d726264,c09e4f0,pilot-stage1-disease,100,9003,,ecc984f043b744b6,0.01,0,none,0.15,0.2,0,2,,,completed,extinction on day 1,3,3,0,0.005,1,1,1,0,1,1,0
3c0d7b32d66d43ba9ca70d80ffc3bd2c,5d17079bfe1eb6fe6b7569ad210ceb5869e844449d7559976be78c7cf2c7dfa8,c09e4f0,pilot-stage1-disease,100,9003,,ecc984f043b744b6,0.02,0,none,0.15,0.2,0,2,,,completed,extinction on day 1,5,5,0,0.005,1,1,1,0,1,1,0
4bc3f1b0b84340d981fb2aa5589a9b65,f89d8e383cb5f5b659efeb583b5fd1ec48fad0bea6bd8df24362a173d57edb5a,c09e4f0,pilot-stage1-disease,100,9003,,ecc984f043b744b6,0.05,0,none,0.15,0.2,0,2,,,completed,extinction on day 1,9,9,0,0.005,1,1,1,0,1,1,0
c506c0db4a9140569cb4dc2e459b401d,efcf44e19ea110798f4b20f90390b30fbac96d8abeb1e4b648cf384be78c8ff1,c09e4f0,pilot-stage1-disease,100,9003,,ecc984f043b744b6,0.1,0,none,0.15,0.2,0,2,,,completed,extinction on day 1,16,16,0,0.005,1,1,1,0,1,1,0
db5d75a256dd4b59998fb9d53895e4c5,53e2dd227df9032ad53c1accc700ef9931b9be9a66948405d0ca9762725d776a,c09e4f0,pilot-stage1-disease,100,9004,,ecc984f043b744b6,0.0,0,none,0.15,0.2,0,2,,,completed,extinction on day 26,0,0,0,0.05,10,1,5,5,26,26,0
097a2394074f47caa01d1474fcc4975d,5198325815d8f26eb82718d8746db3310b1e3d42fd695c7a9da7254de6b6a8c0,c09e4f0,pilot-stage1-disease,100,9004,,ecc984f043b744b6,0.01,0,none,0.15,0.2,0,2,,,completed,extinction on day 26,58,55,3,0.055,11,1,7,5,26,26,0
72fcd3d2fdc84f2ab6dbc0020e56734e,2784a5b72e01a5214c6832403ba272df92594177ede21eabe96ef70b16aeeadb,c09e4f0,pilot-stage1-disease,100,9004,,ecc984f043b744b6,0.02,0,none,0.15,0.2,0,2,,,completed,extinction on day 32,127,119,8,0.105,21,2,7,5,32,32,0
0a4daadc650048aea3ab5cd3887da861,ce65d43d3ef85deebf79cf4d60af58f24305589721ccb71fd62ebdb4860441c1,c09e4f0,pilot-stage1-disease,100,9004,,ecc984f043b744b6,0.05,0,none,0.15,0.2,0,2,,,completed,extinction on day 79,814,710,104,0.31,62,7,10,12,79,79,0
f17c244a098e4dd7945a565668734734,478ca1f27a362843ae58da50fa04da08dabe89bb7dee56a561d3ef1ef14f298f,c09e4f0,pilot-stage1-disease,100,9004,,ecc984f043b744b6,0.1,0,none,0.15,0.2,0,2,,,completed,extinction on day 74,1493,1326,167,0.99,198,19,42,40,74,74,0
2007b8cef8c9476daf60abf9a615da97,44b345fe03a43798769a4048aa116f4736dfcf69e9c397ff1f05aaa4605cd665,c09e4f0,pilot-stage1-disease,100,9005,,ecc984f043b744b6,0.0,0,none,0.15,0.2,0,2,,,completed,extinction on day 8,0,0,0,0.05,10,1,7,3,8,8,0
f617661ee5374ba589db9b64be4d0e8c,f0f31af9ad73f9f15b711454cef73bc8cb32c2a9caf345df2466dc65237ab9d5,c09e4f0,pilot-stage1-disease,100,9005,,ecc984f043b744b6,0.01,0,none,0.15,0.2,0,2,,,completed,extinction on day 9,28,27,1,0.06,12,1,8,4,9,9,0
8279de4cfef84f2095d2629fde72e909,2066a0ba97aba81cf437ee677179a9b18cfe36eb7e5578c9f3bd68c25537c7df,c09e4f0,pilot-stage1-disease,100,9005,,ecc984f043b744b6,0.02,0,none,0.15,0.2,0,2,,,completed,extinction on day 8,39,35,4,0.06,12,1,9,4,8,8,0
40920cc74afd4b1aa2c07d58f8d0f0eb,9a4e9a0f64b6ff2c910bd719454cd0354fbab32a740559f159ea093c744cfe14,c09e4f0,pilot-stage1-disease,100,9005,,ecc984f043b744b6,0.05,0,none,0.15,0.2,0,2,,,completed,extinction on day 82,846,747,99,0.875,175,17,28,35,82,82,0
a05dd937f8b043ffa9202111e3652c55,829abad360f3e28b150e9f9dd20d399429001e73b62e3c887a9b610c05891490,c09e4f0,pilot-stage1-disease,100,9005,,ecc984f043b744b6,0.1,0,none,0.15,0.2,0,2,,,completed,extinction on day 36,713,609,104,0.36,72,7,30,10,36,36,0
ffb1bcbec5314655954345076defbe93,4653fca040a9d2cebf43b6452f0d8824b28879182cb69eb99b79fee76917e312,c09e4f0,pilot-stage1-disease,100,9006,,ecc984f043b744b6,0.0,0,none,0.15,0.2,0,2,,,completed,extinction on day 1,0,0,0,0.005,1,1,1,0,1,1,0
e8fedb89ffb44b3197b679e30d12a403,bbce268b06d16bf325cae8344bda004f89ad929e1078616d45071dd58e331e01,c09e4f0,pilot-stage1-disease,100,9006,,ecc984f043b744b6,0.01,0,none,0.15,0.2,0,2,,,completed,extinction on day 1,5,5,0,0.005,1,1,1,0,1,1,0
f631b495032741d798c9af400c3f3932,93efa6a0ab3228b8b970b1f8c17289adf6278bd332d25967ead86d00eaaf5aac,c09e4f0,pilot-stage1-disease,100,9006,,ecc984f043b744b6,0.02,0,none,0.15,0.2,0,2,,,completed,extinction on day 1,6,6,0,0.005,1,1,1,0,1,1,0
0340e43928b94f84bac534c20a0fc597,3649330b00841d3ebb314d08fe69e5352547eeb98bd40216aba306a5ec310863,c09e4f0,pilot-stage1-disease,100,9006,,ecc984f043b744b6,0.05,0,none,0.15,0.2,0,2,,,completed,extinction on day 1,14,12,2,0.005,1,1,1,0,1,1,0
8677c4e1ddfc45e2bb3b25f1fb57a622,4093c923e3fada758faf3755f3813be65fc76a7905292fc06109aabda57a82d6,c09e4f0,pilot-stage1-disease,100,9006,,ecc984f043b744b6,0.1,0,none,0.15,0.2,0,2,,,completed,extinction on day 1,19,17,2,0.005,1,1,1,0,1,1,0
0262cb91585b4397b6833ad106391246,d11fbeec303e0cd9af9ad7f790cea404b4109e1eb37c51a4b760f1f3c584e119,c09e4f0,pilot-stage1-disease,100,9007,,ecc984f043b744b6,0.0,0,none,0.15,0.2,0,2,,,completed,extinction on day 14,0,0,0,0.05,10,1,7,4,14,14,0
8ef826c3ec0c43e0b063f6f21f95db08,3ee29e8493ccc282a01c291c7fc28882041e5495bbac347a57fbf5d4b95073b3,c09e4f0,pilot-stage1-disease,100,9007,,ecc984f043b744b6,0.01,0,none,0.15,0.2,0,2,,,completed,extinction on day 36,66,63,3,0.095,19,2,9,13,36,36,0
49a35444dd694746a1979136472f0c02,d4f2e1214afd6ebd388885044ccdd2c7f0ba08f4badd3fe62740ad54f251a175,c09e4f0,pilot-stage1-disease,100,9007,,ecc984f043b744b6,0.02,0,none,0.15,0.2,0,2,,,completed,extinction on day 23,89,85,4,0.09,18,2,7,4,23,23,0
f73a499f3ff1400a885643c5c4ef2a84,f16141632e527f320cf4a02dae70bfbdd589ab23b0436db67cbab97839fa9b0c,c09e4f0,pilot-stage1-disease,100,9007,,ecc984f043b744b6,0.05,0,none,0.15,0.2,0,2,,,completed,extinction on day 29,297,268,29,0.215,43,5,19,13,29,29,0
da424a4d683449a9ba2ca5ec4d3f6905,a051f5aa78a7b8eb15c7cb04380e70b454f9b0271ab0b1c7460a35076500e764,c09e4f0,pilot-stage1-disease,100,9007,,ecc984f043b744b6,0.1,0,none,0.15,0.2,0,2,,,completed,extinction on day 77,1556,1391,165,0.955,191,19,31,16,77,77,0
d2bd84d635ce46e7918cc95876d0f9f6,9f7bfd0bf4733fc5ba7b41fa8551d7221509d7049cc1037efdd39d06d64fa0e4,c09e4f0,pilot-stage1-disease,100,9008,,ecc984f043b744b6,0.0,0,none,0.15,0.2,0,2,,,completed,extinction on day 21,0,0,0,0.05,10,1,7,5,21,21,0
bc71079eb17f4f12a7fc9bdffb4b9354,16fd832d02b34832416aa008b0be486c025570af82a2dd1d093b0e2cba78b662,c09e4f0,pilot-stage1-disease,100,9008,,ecc984f043b744b6,0.01,0,none,0.15,0.2,0,2,,,completed,extinction on day 18,34,33,1,0.06,12,1,9,5,18,18,0
56fb379d47f24172ac398e4481b01424,a18f300c054954cf6e998a0c8751f391fdbd1176db73c32aa683ec9ce7993b25,c09e4f0,pilot-stage1-disease,100,9008,,ecc984f043b744b6,0.02,0,none,0.15,0.2,0,2,,,completed,extinction on day 18,81,79,2,0.06,12,1,7,5,18,18,0
d05ddd8c95784fb4aaea425bd33d4112,f78aecabb0b82432bdb48b1e3c4735f895b2668261e76b9678b73948cd18ef87,c09e4f0,pilot-stage1-disease,100,9008,,ecc984f043b744b6,0.05,0,none,0.15,0.2,0,2,,,completed,extinction on day 37,383,347,36,0.19,38,4,10,17,37,37,0
8a39dc6e11d34ef7997f0fa20763e29e,e9aad47852347d5544f4d66f7018e0cd53ff063b00dbd77b0bedbe73c192ffe0,c09e4f0,pilot-stage1-disease,100,9008,,ecc984f043b744b6,0.1,0,none,0.15,0.2,0,2,,,completed,extinction on day 51,1065,967,98,0.745,149,15,32,22,51,51,0
b88da286df044069944dc97b6a2a485e,09bd45e6605247c66e7b5488f802a4256f31b2c62da7ebd9120b90436a130e28,c09e4f0,pilot-stage1-disease,100,9009,,ecc984f043b744b6,0.0,0,none,0.15,0.2,0,2,,,completed,extinction on day 16,0,0,0,0.05,10,1,7,3,16,16,0
e73c022284594573a2d3bdc95c322f17,6fe98a46279b3775874749e3a43479780579490e023837748a0d9eb1f1cbbf61,c09e4f0,pilot-stage1-disease,100,9009,,ecc984f043b744b6,0.01,0,none,0.15,0.2,0,2,,,completed,extinction on day 17,30,30,0,0.055,11,1,7,3,17,17,0
9d9db1276d1a4d2cbf299ccb7b936602,3ef7190fef75dcd0ab6901382f728ec8126a4304bb5f371551460ac3e2d2990a,c09e4f0,pilot-stage1-disease,100,9009,,ecc984f043b744b6,0.02,0,none,0.15,0.2,0,2,,,completed,extinction on day 29,113,101,12,0.245,49,5,17,5,29,29,0
7c01f48576de439081909240e133f11f,014ef54fd5908214d2fc7b751672c0357d47ea433ef73d37e9a816f6179037bc,c09e4f0,pilot-stage1-disease,100,9009,,ecc984f043b744b6,0.05,0,none,0.15,0.2,0,2,,,completed,extinction on day 23,227,212,15,0.255,51,6,28,5,23,23,0
a8bc25d58fc14efd85cacf608469423e,e0a2c42832db395c23128273ccaea2a7cba59aed22298476db9b21ceff56c029,c09e4f0,pilot-stage1-disease,100,9009,,ecc984f043b744b6,0.1,0,none,0.15,0.2,0,2,,,completed,extinction on day 47,928,812,116,0.605,121,12,32,27,47,47,0
a9ef8886b2bc4d0fa749139c822677fe,8edf7bcd064ccd4c42509eab02d884e72d1635ce77176490343989387483f9d5,c09e4f0,pilot-stage1-disease,101,9000,,a94b904840df0142,0.0,0,none,0.15,0.2,0,2,,,completed,extinction on day 19,0,0,0,0.05,10,1,7,3,19,19,0
ed586fd34202400487cd7dc6e26e8258,4050c51a04cd181e11e98f64c48b6b738b3c1a1949aabdd1527f23be91eb785a,c09e4f0,pilot-stage1-disease,101,9000,,a94b904840df0142,0.01,0,none,0.15,0.2,0,2,,,completed,extinction on day 19,43,41,2,0.05,10,1,7,3,19,19,0
b255bf1a2da74c029766c9894eb761e8,669aa1c2356b36def47dd540d7865acf8bac2cad6614a3f63ba9583ecd3aea27,c09e4f0,pilot-stage1-disease,101,9000,,a94b904840df0142,0.02,0,none,0.15,0.2,0,2,,,completed,extinction on day 19,75,74,1,0.055,11,1,7,3,19,19,0
a7c91de33b3d457c9bbe50d14b6fef46,f97a868fc9f0aad3784ef8464faa9916d401243ecfa95aa4a45de7da232a1a1b,c09e4f0,pilot-stage1-disease,101,9000,,a94b904840df0142,0.05,0,none,0.15,0.2,0,2,,,completed,extinction on day 78,809,760,49,0.85,170,15,32,37,78,78,0
1041adb2e07c483b8fb18ab7e1948979,bc4d459a8d9bcb0bdf1fcb2a2415bc46cad71307b4e74f027e5baf5c15b7f3e0,c09e4f0,pilot-stage1-disease,101,9000,,a94b904840df0142,0.1,0,none,0.15,0.2,0,2,,,completed,extinction on day 53,1073,1006,67,0.975,195,20,45,22,53,53,0
36395d46b1404f459e6274572e695685,7b3bba1e9f4e0a6d9396cf188692af7a91175b210c5dc46a3d06ae35f2b46e56,c09e4f0,pilot-stage1-disease,101,9001,,a94b904840df0142,0.0,0,none,0.15,0.2,0,2,,,completed,extinction on day 24,0,0,0,0.05,10,1,9,5,24,24,0
8967d46c88fe42409c6beafc5b60b818,e7436a6a1fed92e96484b0b3e2396e0c1f4d71ca53f46fea34414f9206a7a8c7,c09e4f0,pilot-stage1-disease,101,9001,,a94b904840df0142,0.01,0,none,0.15,0.2,0,2,,,completed,extinction on day 37,74,66,8,0.17,34,3,12,26,37,37,0
996efccae6fa4de88f37850e6ddf4fbc,c3cf9f80846467573c85444512e0aeb59ac5c46bb651f0457b6f8d32ab925093,c09e4f0,pilot-stage1-disease,101,9001,,a94b904840df0142,0.02,0,none,0.15,0.2,0,2,,,completed,extinction on day 32,116,107,9,0.105,21,2,9,5,32,32,0
916c01e8ee204898b62706da1580caf9,3f369827179e1cd73dff49d1a30e74445a2f86d406cb1719deca4c4863101dc6,c09e4f0,pilot-stage1-disease,101,9001,,a94b904840df0142,0.05,0,none,0.15,0.2,0,2,,,completed,extinction on day 87,887,840,47,0.48,96,9,15,72,87,87,0
0822e36a30a54076be56f7a3320d8d35,8547b2b076b23c374ee4e6f0ea8b839f1defbdfd523d3a7a431f79022425773d,c09e4f0,pilot-stage1-disease,101,9001,,a94b904840df0142,0.1,0,none,0.15,0.2,0,2,,,completed,extinction on day 39,798,743,55,0.985,197,20,69,18,39,39,0
46a5a7eec0e548f38442369480ff709c,b17b7bdbc8f0f8eb8a193fae37900a03a7886cd1a7ae0e56e65357023a6e0396,c09e4f0,pilot-stage1-disease,101,9002,,a94b904840df0142,0.0,0,none,0.15,0.2,0,2,,,completed,extinction on day 10,0,0,0,0.045,9,1,6,4,10,10,0
da2871617905449ca0e5658833aaf988,68423df4281e720f06e97182b620e678f5156260972ad147ba3b78cb0173b8ea,c09e4f0,pilot-stage1-disease,101,9002,,a94b904840df0142,0.01,0,none,0.15,0.2,0,2,,,completed,extinction on day 10,12,12,0,0.05,10,1,6,2,10,10,0
aa834a1c8d904a489326be824d918d6e,72812359ab8945815a5b6076dccd2f6b585e03569785b7b2d174413c8ef68ff1,c09e4f0,pilot-stage1-disease,101,9002,,a94b904840df0142,0.02,0,none,0.15,0.2,0,2,,,completed,extinction on day 10,25,24,1,0.055,11,1,7,4,10,10,0
88861ce123a74a90b611bc486f2b52cd,52bebfb538448c7ca7efd724faf088287b931e62dc00666dcf5fb4aaf02be569,c09e4f0,pilot-stage1-disease,101,9002,,a94b904840df0142,0.05,0,none,0.15,0.2,0,2,,,completed,extinction on day 61,595,562,33,0.38,76,7,12,25,61,61,0
4c2746215a9f4f60be26a6e601162a39,6c1fdf843053e62562dddf56406e615eca599df4f3ce7efdb9ae414337fe9913,c09e4f0,pilot-stage1-disease,101,9002,,a94b904840df0142,0.1,0,none,0.15,0.2,0,2,,,completed,extinction on day 42,824,775,49,0.955,191,19,59,14,42,42,0
82e0cb7bdddc4e9680891dec538af1d4,7444d60242d3305c16f0fd02998758363541429a40dd415bf84d99b254512506,c09e4f0,pilot-stage1-disease,101,9003,,a94b904840df0142,0.0,0,none,0.15,0.2,0,2,,,completed,extinction on day 1,0,0,0,0.005,1,1,1,0,1,1,0
6d102ca2555b4b488e9ef3655ae1ffd8,1c718d8b87d79b3fda12f8b0b52cbfdfb8d121213d3a15a6c68de7d37ff871a9,c09e4f0,pilot-stage1-disease,101,9003,,a94b904840df0142,0.01,0,none,0.15,0.2,0,2,,,completed,extinction on day 1,3,3,0,0.005,1,1,1,0,1,1,0
e2e95580c5b746909fbd2bcbf447615d,fc833fb725c5cb1e173cb503f9ad8d3af5fe19234dba5303e4280f021c32eb7c,c09e4f0,pilot-stage1-disease,101,9003,,a94b904840df0142,0.02,0,none,0.15,0.2,0,2,,,completed,extinction on day 1,5,5,0,0.005,1,1,1,0,1,1,0
59496b0dbe704ce089689c83d38bc413,f4dee03eeb6eec4f8f7a3063757566dadc2396e184f4b5fea9c72c048e56d155,c09e4f0,pilot-stage1-disease,101,9003,,a94b904840df0142,0.05,0,none,0.15,0.2,0,2,,,completed,extinction on day 1,9,9,0,0.005,1,1,1,0,1,1,0
4a929e264c844f69bb391c86f12b48af,97135036a67d7d1d423f68ba75063b0bba457d69734fc32fe8970b10efef5d68,c09e4f0,pilot-stage1-disease,101,9003,,a94b904840df0142,0.1,0,none,0.15,0.2,0,2,,,completed,extinction on day 1,16,16,0,0.005,1,1,1,0,1,1,0
f63007d87e15496d82c0b416e86b54aa,37b154261634a1b12a06a5439dca5132344cab762c609fc288d2b22ea45d8ff5,c09e4f0,pilot-stage1-disease,101,9004,,a94b904840df0142,0.0,0,none,0.15,0.2,0,2,,,completed,extinction on day 26,0,0,0,0.05,10,1,5,5,26,26,0
deefbc31f80e4b1a9c2e1eaa178ee1e4,688b9c90947f79a3cc57e2a4aa6871bbbe0f757aeb3eefa627a2762d7fea6813,c09e4f0,pilot-stage1-disease,101,9004,,a94b904840df0142,0.01,0,none,0.15,0.2,0,2,,,completed,extinction on day 26,58,58,0,0.06,12,1,7,4,26,26,0
65f900d48743452db62fbaf33f74985e,f49da39fbb902b83a5c7f5be938bb0a08993b1b92bbb5f9eb2aaf1822d8d74ba,c09e4f0,pilot-stage1-disease,101,9004,,a94b904840df0142,0.02,0,none,0.15,0.2,0,2,,,completed,extinction on day 35,134,132,2,0.2,40,4,14,18,35,35,0
55c0d438a21949f4982ecf5e6898ae11,f59fcf0f728e219062cb8148445fa56d31a42aaa91e966054693755afb0e8b19,c09e4f0,pilot-stage1-disease,101,9004,,a94b904840df0142,0.05,0,none,0.15,0.2,0,2,,,completed,extinction on day 73,748,692,56,0.445,89,7,13,23,73,73,0
b1f9154756b74a2d81069a8cf37a334b,5c60059df77aaa179d6fd68697b039475d5b3b6ecb9be4b52957e297f7d9f966,c09e4f0,pilot-stage1-disease,101,9004,,a94b904840df0142,0.1,0,none,0.15,0.2,0,2,,,completed,extinction on day 53,1056,994,62,0.97,194,20,48,19,53,53,0
8ed011b3a04b42afab355d2984d91941,e1f1bad88302c1eb2eadfa453f8b4569e7157dfc4f6541fb35e81649b76db05d,c09e4f0,pilot-stage1-disease,101,9005,,a94b904840df0142,0.0,0,none,0.15,0.2,0,2,,,completed,extinction on day 8,0,0,0,0.05,10,1,7,3,8,8,0
f1deceb244b0452f8b7cfd48ee77b294,ab8966b32a5bb8dbc142094ee6059f4323ec567c31b37bbf3fe4da8177bbd511,c09e4f0,pilot-stage1-disease,101,9005,,a94b904840df0142,0.01,0,none,0.15,0.2,0,2,,,completed,extinction on day 10,29,27,2,0.05,10,1,7,4,10,10,0
cece89a3560146b5ac0dff2ab03aa05b,4ab9f8996d4f910717f0032c8ff3121325f583feb05a36100920437e63166fba,c09e4f0,pilot-stage1-disease,101,9005,,a94b904840df0142,0.02,0,none,0.15,0.2,0,2,,,completed,extinction on day 10,44,44,0,0.055,11,1,8,4,10,10,0
84aeff730ed449e6bd4539f87da039e3,345eb453bd4ddb9163c5673c7ae84829af625c2299e6e272ec378c00dc1b5855,c09e4f0,pilot-stage1-disease,101,9005,,a94b904840df0142,0.05,0,none,0.15,0.2,0,2,,,completed,extinction on day 108,1123,1063,60,0.845,169,18,22,51,108,108,0
8fa48a06db324d20923b6cf03a207ce2,ad13ac37b193ff15928a064ef68757e78dc68ddda7d3ee520a95e38437a7e508,c09e4f0,pilot-stage1-disease,101,9005,,a94b904840df0142,0.1,0,none,0.15,0.2,0,2,,,completed,extinction on day 43,848,794,54,0.975,195,19,56,24,43,43,0
08c8205460f244fa9641cdd7f65145fc,a5e280cf9d03038ef5335a28c553740d878f557956a9e4cc3c15d4f09111fb53,c09e4f0,pilot-stage1-disease,101,9006,,a94b904840df0142,0.0,0,none,0.15,0.2,0,2,,,completed,extinction on day 1,0,0,0,0.005,1,1,1,0,1,1,0
9883af4ad5ea4adeba7529b9f59b928e,045b537c5530c22701baa684794ea1db83669bb398d52f37982dfd52072e41e9,c09e4f0,pilot-stage1-disease,101,9006,,a94b904840df0142,0.01,0,none,0.15,0.2,0,2,,,completed,extinction on day 1,5,5,0,0.005,1,1,1,0,1,1,0
905161e534f9410aa212210fbe8e0b65,f6259fc8c3870b8402b63428f6fe7244d2e1e9c87a7d5fe5cae600f67e923208,c09e4f0,pilot-stage1-disease,101,9006,,a94b904840df0142,0.02,0,none,0.15,0.2,0,2,,,completed,extinction on day 1,6,6,0,0.005,1,1,1,0,1,1,0
3574517fa5c142e5974b12de7e8aca86,b92f1c1b0fc76a72fde641c806814eca9219cb67ae230fe198c69f23d4baa68e,c09e4f0,pilot-stage1-disease,101,9006,,a94b904840df0142,0.05,0,none,0.15,0.2,0,2,,,completed,extinction on day 1,14,14,0,0.005,1,1,1,0,1,1,0
2ad3d061c23243dc8ff15ce257922640,ebca084bcac8b1f6c6baf566c11486e6344b365385d90eaadb6886a5c5344df5,c09e4f0,pilot-stage1-disease,101,9006,,a94b904840df0142,0.1,0,none,0.15,0.2,0,2,,,completed,extinction on day 1,19,18,1,0.005,1,1,1,0,1,1,0
41bdbb0f5f8641ec88338599c904b1d9,74f6b3b0a75c317e2d0908b394a18bea74c878440fdd00f94893b878979dffa3,c09e4f0,pilot-stage1-disease,101,9007,,a94b904840df0142,0.0,0,none,0.15,0.2,0,2,,,completed,extinction on day 14,0,0,0,0.05,10,1,7,4,14,14,0
aff557273e924ef6ba29d0c72d4f9b4a,6f4d3e9cfb6831fd16a9aaa61a2ef8bd78c41e9128329f2bde818bd7bf51e6b7,c09e4f0,pilot-stage1-disease,101,9007,,a94b904840df0142,0.01,0,none,0.15,0.2,0,2,,,completed,extinction on day 30,57,54,3,0.11,22,2,9,13,30,30,0
cac3fea486f0499e95353c3eaa185a48,2a1f407b67fc5d495f96a303ab0e40d333d7cc44275f7cfee6b901b5d4af31c2,c09e4f0,pilot-stage1-disease,101,9007,,a94b904840df0142,0.02,0,none,0.15,0.2,0,2,,,completed,extinction on day 34,126,110,16,0.115,23,3,8,13,34,34,0
a3f4db5b2b114e579dd1072103f7d2ac,9aa0bd3d496cc9076ca6edbc24168f7c1f93f6a85c3c5e102587c124d05e0cae,c09e4f0,pilot-stage1-disease,101,9007,,a94b904840df0142,0.05,0,none,0.15,0.2,0,2,,,completed,extinction on day 23,236,226,10,0.19,38,4,12,11,23,23,0
e63be22f57994e71afda044e981bf132,decd97cb796d66b245275eed8cee71d86447613ced0689a74ff57247639cbd82,c09e4f0,pilot-stage1-disease,101,9007,,a94b904840df0142,0.1,0,none,0.15,0.2,0,2,,,completed,extinction on day 68,1371,1302,69,0.97,194,20,40,26,68,68,0
7e393368639b49a985f42a51f7585e18,58eab598cb85bb0367a376ee3b757b96d9ea73f2519ecaa3f63ece96a58381dd,c09e4f0,pilot-stage1-disease,101,9008,,a94b904840df0142,0.0,0,none,0.15,0.2,0,2,,,completed,extinction on day 21,0,0,0,0.05,10,1,7,5,21,21,0
95a6143c6cd640dabb8260c68012c357,58426d7a3d11c34772af468b6b16be33de977ee5f25066a020c4da9f3e5c6e19,c09e4f0,pilot-stage1-disease,101,9008,,a94b904840df0142,0.01,0,none,0.15,0.2,0,2,,,completed,extinction on day 21,40,38,2,0.06,12,1,7,5,21,21,0
0b3ea11beda54034acd5904b4a1e47c1,66e80b9d45a0bccb4773ba9dda5152224a1b87ef8b157e85d5842f43323f1c3c,c09e4f0,pilot-stage1-disease,101,9008,,a94b904840df0142,0.02,0,none,0.15,0.2,0,2,,,completed,extinction on day 18,81,75,6,0.06,12,1,8,5,18,18,0
6fe803e864b2456594edaddad9adc501,7ba6ea53088ff88dbe1472d70d902acb2455d6fc2956cf408c84ecfe3b16437d,c09e4f0,pilot-stage1-disease,101,9008,,a94b904840df0142,0.05,0,none,0.15,0.2,0,2,,,completed,extinction on day 48,503,461,42,0.73,146,14,37,19,48,48,0
0b912ffe3a0b48638e213fc5bdef9801,c0981a5bf1b1c039e644a682a082f5211831d9618403b9e036a4bac7fe0fe195,c09e4f0,pilot-stage1-disease,101,9008,,a94b904840df0142,0.1,0,none,0.15,0.2,0,2,,,completed,extinction on day 70,1421,1330,91,0.95,190,19,35,23,70,70,0
ddf9aff41a194b3393e19856e11ad2b1,b53cd6852271b5e07a693bce41379dcb9ca59dfc0c2106c13b99ba8aab5e2a65,c09e4f0,pilot-stage1-disease,101,9009,,a94b904840df0142,0.0,0,none,0.15,0.2,0,2,,,completed,extinction on day 16,0,0,0,0.05,10,1,7,3,16,16,0
b5e8d4ad531448eab62b881cafa2de05,f63ed2960ce5dfb11571d5e97170f056ae905bbe96dbb5a2a93d1d693855b733,c09e4f0,pilot-stage1-disease,101,9009,,a94b904840df0142,0.01,0,none,0.15,0.2,0,2,,,completed,extinction on day 17,30,29,1,0.055,11,1,7,3,17,17,0
17703e2223d041ebbc67fb0b718f4b9e,3c90b6adea9c0991a707f1c5ba0c021db44687f9c80f786c63a3acd5e6f28b19,c09e4f0,pilot-stage1-disease,101,9009,,a94b904840df0142,0.02,0,none,0.15,0.2,0,2,,,completed,extinction on day 29,113,110,3,0.2,40,4,12,7,29,29,0
ba3b19024b6b4f4f9ddc66ca0d8e2635,e20ea17b6245a91f08932b28674a006071077db89531e34b5ae3d684e8c04af3,c09e4f0,pilot-stage1-disease,101,9009,,a94b904840df0142,0.05,0,none,0.15,0.2,0,2,,,completed,extinction on day 77,761,725,36,0.85,170,18,34,29,77,77,0
50f5851e64f8466ba2b216749dd5d5dc,5fefb449cf2538a022ea8ba9c5e968ddd74a953a2f771c0287694ab29f3a0992,c09e4f0,pilot-stage1-disease,101,9009,,a94b904840df0142,0.1,0,none,0.15,0.2,0,2,,,completed,extinction on day 39,765,726,39,0.99,198,20,70,14,39,39,0
557503db220a446a9e6e0b3af0b90b2f,84de0f6356df55a0d9c97e48f82b3b674f3e3a86492f9b4454621bf68097a02a,c09e4f0,pilot-stage1-disease,102,9000,,0a9f06b6dff3de72,0.0,0,none,0.15,0.2,0,2,,,completed,extinction on day 19,0,0,0,0.05,10,1,7,3,19,19,0
a339f78addc548438d484629653e0f60,a1e685abcca9a14b9ac38918d71f7e00da2f36a9924196d25a83783ccb9ca6fd,c09e4f0,pilot-stage1-disease,102,9000,,0a9f06b6dff3de72,0.01,0,none,0.15,0.2,0,2,,,completed,extinction on day 28,57,56,1,0.06,12,1,7,3,28,28,0
218a8f608388432d95e829f4e2206f9d,d4928a29f1f302902b93de7a50d2d8ee664dbc259490c82563626f8fd215c07f,c09e4f0,pilot-stage1-disease,102,9000,,0a9f06b6dff3de72,0.02,0,none,0.15,0.2,0,2,,,completed,extinction on day 19,75,71,4,0.065,13,1,7,3,19,19,0
270099cbfa6c483cb7c8b9956a1f43a7,b38667d9b02c36dbabfb888f1b0f1c6e4820d931ae96344343e3426465825da0,c09e4f0,pilot-stage1-disease,102,9000,,0a9f06b6dff3de72,0.05,0,none,0.15,0.2,0,2,,,completed,extinction on day 67,685,642,43,0.495,99,9,24,48,67,67,0
065a695cfdf647e484f6bfa619dc1dc3,4e554ad58b4ebf3fe8ba38f7c3fb253a0fd8cf4113f86914a25199d6b6e0ea61,c09e4f0,pilot-stage1-disease,102,9000,,0a9f06b6dff3de72,0.1,0,none,0.15,0.2,0,2,,,completed,extinction on day 59,1181,1108,73,1.0,200,20,52,26,59,59,0
57aedcba3f8c496a911d142f47747c22,f3ed1b28e737cba515003ec67c67d6a8a1d83f7a392dad6061c3507331b0f177,c09e4f0,pilot-stage1-disease,102,9001,,0a9f06b6dff3de72,0.0,0,none,0.15,0.2,0,2,,,completed,extinction on day 24,0,0,0,0.05,10,1,9,5,24,24,0
2ebe89f652e740988418d7ff30d62ca3,3c1da87dfe766ff38235a81b5fa8dc5afe242bd6e270c4f9066b02f8fc670431,c09e4f0,pilot-stage1-disease,102,9001,,0a9f06b6dff3de72,0.01,0,none,0.15,0.2,0,2,,,completed,extinction on day 32,61,57,4,0.085,17,2,9,5,32,32,0
8816dd9f3fc045389a2b927ab7921c82,2ec0f7f8965adf6084dd85d88e6b036a00aa75e82d1be9cc8a0e292b0296f4c0,c09e4f0,pilot-stage1-disease,102,9001,,0a9f06b6dff3de72,0.02,0,none,0.15,0.2,0,2,,,completed,extinction on day 32,116,112,4,0.1,20,2,10,20,32,32,0
4f9400cfd4cf462babd18c7be623a1ec,1699fffecafdc7067811f837def9b5429d3508e0aa65ad5b5864e6fa2dd8000a,c09e4f0,pilot-stage1-disease,102,9001,,0a9f06b6dff3de72,0.05,0,none,0.15,0.2,0,2,,,completed,extinction on day 33,326,308,18,0.215,43,4,16,23,33,33,0
d395ac7d83354a99bfd5c2f2f14a6631,176dfcfd0fd8f7b1d8b4c0bfa58992517f1965bd0897a60c494e48736e1b9e30,c09e4f0,pilot-stage1-disease,102,9001,,0a9f06b6dff3de72,0.1,0,none,0.15,0.2,0,2,,,completed,extinction on day 36,734,682,52,0.275,55,5,26,12,36,36,0
508b352166ce475db803adc5c0b94799,963fbed660199f345dba35fddbe30390d3383233ac7235e691fee1ba65d97290,c09e4f0,pilot-stage1-disease,102,9002,,0a9f06b6dff3de72,0.0,0,none,0.15,0.2,0,2,,,completed,extinction on day 10,0,0,0,0.045,9,1,6,4,10,10,0
0b1f200b268343808bb3f3a2906de402,833bcc767dffdc12803e692a81230ffc25f6f49cc2e162a933477389c91be2c9,c09e4f0,pilot-stage1-disease,102,9002,,0a9f06b6dff3de72,0.01,0,none,0.15,0.2,0,2,,,completed,extinction on day 10,12,12,0,0.045,9,1,6,4,10,10,0
e7c90cef44a749c4b8fc55b9e8cf3a6b,98e362a79ee02cc0ac757dc592baadea06683cc073c531167ce0a5614ce502aa,c09e4f0,pilot-stage1-disease,102,9002,,0a9f06b6dff3de72,0.02,0,none,0.15,0.2,0,2,,,completed,extinction on day 10,25,24,1,0.045,9,1,6,4,10,10,0
cc0bd77780f2470aa240e35d5d3bbeb6,ee5374b6d41077ba127bf773cf49629ee1ef9629e2dfbd4fdd772c5911daef4c,c09e4f0,pilot-stage1-disease,102,9002,,0a9f06b6dff3de72,0.05,0,none,0.15,0.2,0,2,,,completed,extinction on day 42,425,393,32,0.335,67,8,15,13,42,42,0
430f4f79dae94f5db3fecf3d23134753,5322fe91a890fad7bd91452ef9ceb81f29490a4b62bd4ee48ef542e2039f8487,c09e4f0,pilot-stage1-disease,102,9002,,0a9f06b6dff3de72,0.1,0,none,0.15,0.2,0,2,,,completed,extinction on day 49,949,878,71,0.985,197,20,34,34,49,49,0
bb4f586a4a8d44aa9bd93edc1cbef615,ffef69ab7304a71252f94cf1185e9c6c6dfd92d67554803236f7b1da6c1f2c26,c09e4f0,pilot-stage1-disease,102,9003,,0a9f06b6dff3de72,0.0,0,none,0.15,0.2,0,2,,,completed,extinction on day 1,0,0,0,0.005,1,1,1,0,1,1,0
30b0c190e1ee465a9b3bd1e69b098267,ddcf53b60b14efa93e166a104b9104193229a473199f6471dd4afe3f44ed5597,c09e4f0,pilot-stage1-disease,102,9003,,0a9f06b6dff3de72,0.01,0,none,0.15,0.2,0,2,,,completed,extinction on day 1,3,3,0,0.005,1,1,1,0,1,1,0
6497dadeb6154ea5b04b026e84168f22,a09b11fa07c8e39687513d22e93f73e76a2b3e305d828ec6d1bca0316c9c4e76,c09e4f0,pilot-stage1-disease,102,9003,,0a9f06b6dff3de72,0.02,0,none,0.15,0.2,0,2,,,completed,extinction on day 1,5,5,0,0.005,1,1,1,0,1,1,0
db52b55c20e94323905a20e422e2a1fa,2d69ca82f8059598c470e3f90a8ddd7310a9dee29999e5a279e85a1fe03dcdf5,c09e4f0,pilot-stage1-disease,102,9003,,0a9f06b6dff3de72,0.05,0,none,0.15,0.2,0,2,,,completed,extinction on day 1,9,9,0,0.005,1,1,1,0,1,1,0
c603717f13d24b27bf70c71c10b2d28a,90614a4137baf8fe9db93061f5b37f2483ec762c2a8e65a83b360eaf14fcf654,c09e4f0,pilot-stage1-disease,102,9003,,0a9f06b6dff3de72,0.1,0,none,0.15,0.2,0,2,,,completed,extinction on day 1,16,16,0,0.005,1,1,1,0,1,1,0
e5916c68b0634917b475a64ed435843e,85bca9aef9df1ed3c1d1b5c4ec83d118baae420e19a64fdd2e7f086669c920fd,c09e4f0,pilot-stage1-disease,102,9004,,0a9f06b6dff3de72,0.0,0,none,0.15,0.2,0,2,,,completed,extinction on day 26,0,0,0,0.05,10,1,5,5,26,26,0
453bccc745e344d99a87b1ef87b6cfd2,35291af403021bc3466712e96baa3e29718544a1c7283f6328f649e726a3182f,c09e4f0,pilot-stage1-disease,102,9004,,0a9f06b6dff3de72,0.01,0,none,0.15,0.2,0,2,,,completed,extinction on day 26,58,58,0,0.055,11,1,5,5,26,26,0
09b45b9091fe42a9a20e259f19b53542,78e3b03e52931b11442268544323ff77422fc5e6efe4c98cbd7367bc1b965b67,c09e4f0,pilot-stage1-disease,102,9004,,0a9f06b6dff3de72,0.02,0,none,0.15,0.2,0,2,,,completed,extinction on day 35,134,122,12,0.115,23,2,7,18,35,35,0
60108a2a65424db88ee420ed5746e03e,b6ee23719e447b7613d19ef3399e7e45f9a10cbc80ed41c83fd1960ebb8dfbf5,c09e4f0,pilot-stage1-disease,102,9004,,0a9f06b6dff3de72,0.05,0,none,0.15,0.2,0,2,,,completed,extinction on day 83,842,768,74,0.78,156,16,28,31,83,83,0
53e7af89ceae4d93a64b17e6daac92dd,357191a19f8ffcb0ee422047ab638de01e2f1483f211ae155613da48a2c6d031,c09e4f0,pilot-stage1-disease,102,9004,,0a9f06b6dff3de72,0.1,0,none,0.15,0.2,0,2,,,completed,extinction on day 74,1493,1389,104,0.95,190,19,40,22,74,74,0
af25f46b0fe044c0aa996b9d19bbcb15,2d14ef81cb4e088b4557d9462e5f7649ebddca23322c8c20e1d494054a0994d8,c09e4f0,pilot-stage1-disease,102,9005,,0a9f06b6dff3de72,0.0,0,none,0.15,0.2,0,2,,,completed,extinction on day 8,0,0,0,0.05,10,1,7,3,8,8,0
e737bc195bf043c38451693d3e170cab,8a3c21f5784020468de3caf8eab11ae216aeb06e8e61996556fd1660e398a7be,c09e4f0,pilot-stage1-disease,102,9005,,0a9f06b6dff3de72,0.01,0,none,0.15,0.2,0,2,,,completed,extinction on day 12,32,31,1,0.06,12,1,9,4,12,12,0
fcc04b0c578b4f3faf03c3d0a6931428,e761e854329f0c7571e1f9b6bed6098be0a0cf09760d45045b8b7b73c18c5acb,c09e4f0,pilot-stage1-disease,102,9005,,0a9f06b6dff3de72,0.02,0,none,0.15,0.2,0,2,,,completed,extinction on day 12,52,52,0,0.06,12,1,9,4,12,12,0
51aa2fb5967545dd96108b05b9d9486c,1f2c736b758c37e0445d2e8941bf641db036d3356e64ee6de79344c27ddd5912,c09e4f0,pilot-stage1-disease,102,9005,,0a9f06b6dff3de72,0.05,0,none,0.15,0.2,0,2,,,completed,extinction on day 52,526,492,34,0.32,64,6,13,6,52,52,0
fff53702cf714f22a13e37fd8d5f5acf,8ef30a2e3af85b736181a489d80c1e22eaf7f59da94681850d42aed34e727d5a,c09e4f0,pilot-stage1-disease,102,9005,,0a9f06b6dff3de72,0.1,0,none,0.15,0.2,0,2,,,completed,extinction on day 71,1432,1330,102,0.985,197,20,65,24,71,71,0
45d6b83dba3d4cabad8ded02facd23d9,db6f5676de10eaec670c3244b5b8b815dc3384554e445dda662421c4e89ae414,c09e4f0,pilot-stage1-disease,102,9006,,0a9f06b6dff3de72,0.0,0,none,0.15,0.2,0,2,,,completed,extinction on day 1,0,0,0,0.005,1,1,1,0,1,1,0
8f1675532f9d40218edc3ca405f476d0,1c9922f4934abf3771d4f2c9105bce5fd5a23918e0f8bf8e9d66994e90159366,c09e4f0,pilot-stage1-disease,102,9006,,0a9f06b6dff3de72,0.01,0,none,0.15,0.2,0,2,,,completed,extinction on day 1,5,5,0,0.005,1,1,1,0,1,1,0
b852c6d9b0884a608c8fd85a47578a29,2ffdc9e274a722948224144910297b3a28d70f05a3e8eb2a6cd5f8248ff021e3,c09e4f0,pilot-stage1-disease,102,9006,,0a9f06b6dff3de72,0.02,0,none,0.15,0.2,0,2,,,completed,extinction on day 1,6,6,0,0.005,1,1,1,0,1,1,0
16a583fd7efb42feab604e37a19f71ab,f822d5550620aee0ae1a7c6c2d63bdd1d4fc6edc58a709dd9a06e1fc307bf1d0,c09e4f0,pilot-stage1-disease,102,9006,,0a9f06b6dff3de72,0.05,0,none,0.15,0.2,0,2,,,completed,extinction on day 1,14,14,0,0.005,1,1,1,0,1,1,0
bf5011e5a569423a8eb4741da96d5c8a,70dcde5a2b0cc5d97a5c13b3d60000bf5bfdd519ec97dc1a8b3d24f6a95ef6ba,c09e4f0,pilot-stage1-disease,102,9006,,0a9f06b6dff3de72,0.1,0,none,0.15,0.2,0,2,,,completed,extinction on day 1,19,19,0,0.005,1,1,1,0,1,1,0
e43f1fa2a48049ee82a2e4dda3cb5b8c,2fe466eac546e083c44ae9beaf961efe0243cb017bfa42dfc2b99c9b0eb19c6a,c09e4f0,pilot-stage1-disease,102,9007,,0a9f06b6dff3de72,0.0,0,none,0.15,0.2,0,2,,,completed,extinction on day 14,0,0,0,0.05,10,1,7,4,14,14,0
36e6013eb218433b97c7e2fb7fda6cc6,c74e122afeeed1393904912878ace91c9f1547c458e4bc77467b5902e29a4234,c09e4f0,pilot-stage1-disease,102,9007,,0a9f06b6dff3de72,0.01,0,none,0.15,0.2,0,2,,,completed,extinction on day 36,66,63,3,0.105,21,3,11,13,36,36,0
20c05c733f27426daf3fae26e5a64653,6c1e7382149737dc91a1b903c455d718eec5952e5355f66d9cf76ae0c7885ce9,c09e4f0,pilot-stage1-disease,102,9007,,0a9f06b6dff3de72,0.02,0,none,0.15,0.2,0,2,,,completed,extinction on day 23,89,85,4,0.195,39,4,19,13,23,23,0
13bba42c3a054948b044603ff0c7a1d8,2b5e9e8dc0d3ed2b3cb72b0793952df3170236af7927bf86c85fd29ac38d2303,c09e4f0,pilot-stage1-disease,102,9007,,0a9f06b6dff3de72,0.05,0,none,0.15,0.2,0,2,,,completed,extinction on day 76,752,700,52,0.805,161,18,21,50,76,76,0
dacc56ca1e1b4b399b079306ddfd08b8,cdfd1e85ad4842d966aa865df6d5daa0c0302bc1349947d8b3e2258796b0f069,c09e4f0,pilot-stage1-disease,102,9007,,0a9f06b6dff3de72,0.1,0,none,0.15,0.2,0,2,,,completed,extinction on day 63,1284,1218,66,0.945,189,20,45,32,63,63,0
560c559734bd465f903c5d6202eb4c8d,c5219b722b855fd2bf0e3dc7173e5ed0f75df12e4d214c3fd9be250e3335e506,c09e4f0,pilot-stage1-disease,102,9008,,0a9f06b6dff3de72,0.0,0,none,0.15,0.2,0,2,,,completed,extinction on day 21,0,0,0,0.05,10,1,7,5,21,21,0
b3ef51c3f3c24b5aaaa02ebbe271aca2,10ef6984c29574cb749ec86fe602a896dbb0641625c4e944093dacd31f04b52e,c09e4f0,pilot-stage1-disease,102,9008,,0a9f06b6dff3de72,0.01,0,none,0.15,0.2,0,2,,,completed,extinction on day 21,40,40,0,0.06,12,1,8,5,21,21,0
5501da15d0974d278f0e1ad0c739f561,9ec7f959ad436aa695ed1a2a8dd234dd64f6cb3760225767752bfa07b17872e9,c09e4f0,pilot-stage1-disease,102,9008,,0a9f06b6dff3de72,0.02,0,none,0.15,0.2,0,2,,,completed,extinction on day 23,102,92,10,0.15,30,3,10,18,23,23,0
7226ff51c7544f788dbd8398a385f559,1ace3ea6e1632e1d9c00aa950ce334a37d0b5568bf4c35acf4ab7f098083c24f,c09e4f0,pilot-stage1-disease,102,9008,,0a9f06b6dff3de72,0.05,0,none,0.15,0.2,0,2,,,completed,extinction on day 73,724,655,69,0.83,166,16,24,17,73,73,0
a7d92315b34e4053b674377ef2446707,6c5a5a9e82cc07ab5a134e1a7ff37a503b40296d46c4b7073fb381af9408ca6d,c09e4f0,pilot-stage1-disease,102,9008,,0a9f06b6dff3de72,0.1,0,none,0.15,0.2,0,2,,,completed,extinction on day 49,1025,951,74,0.915,183,19,53,18,49,49,0
43b57602068444c68169b6808a27d064,59b0981c21c4015952cfa53ad489a8f56b5f75d0a18beb9cc2186e6a9319d0a2,c09e4f0,pilot-stage1-disease,102,9009,,0a9f06b6dff3de72,0.0,0,none,0.15,0.2,0,2,,,completed,extinction on day 16,0,0,0,0.05,10,1,7,3,16,16,0
f9940057907247f0bf979cdff5614594,8fbcd0af8d999a5a763cbdeb2cbd2f783bc61ac60fad6fbeb620c8dcc77e718c,c09e4f0,pilot-stage1-disease,102,9009,,0a9f06b6dff3de72,0.01,0,none,0.15,0.2,0,2,,,completed,extinction on day 19,33,33,0,0.065,13,1,8,4,19,19,0
43538eb0ba004c6c96015de31eaa9e9e,557d109004170576f9633cfa1c9498ebdc2225fe5490ede3014b35df136c7ea3,c09e4f0,pilot-stage1-disease,102,9009,,0a9f06b6dff3de72,0.02,0,none,0.15,0.2,0,2,,,completed,extinction on day 21,86,86,0,0.145,29,3,18,4,21,21,0
4a7e5bca31c946edb45b9678fc90c1a8,ec6116b351b82e8379d22e4be65d6969001aa3b7c27a3f46c5cdd754629750e3,c09e4f0,pilot-stage1-disease,102,9009,,0a9f06b6dff3de72,0.05,0,none,0.15,0.2,0,2,,,completed,extinction on day 66,653,614,39,0.77,154,14,32,19,66,66,0
18d3f5c479f24307988485e23d2ecf93,79205f5b0d5fe2718f720b230583d5f66ff43b3636bfe6208566895a1657e374,c09e4f0,pilot-stage1-disease,102,9009,,0a9f06b6dff3de72,0.1,0,none,0.15,0.2,0,2,,,completed,extinction on day 52,1040,952,88,0.965,193,19,35,25,52,52,0
402826cec0254039b0da69aefb4340ba,c2f8df0a4d21b40a4252219f41e9087d60909671e5adab4988898eb128ad350f,c09e4f0,pilot-stage1-disease,103,9000,,3eba5fa24d22e1a9,0.0,0,none,0.15,0.2,0,2,,,completed,extinction on day 19,0,0,0,0.05,10,1,7,3,19,19,0
3965c2a4c142447692e32c52264f39a7,efa7a28ca47c1238ca32fe689188b3266d34167f173aabf34cf17f27849ceedd,c09e4f0,pilot-stage1-disease,103,9000,,3eba5fa24d22e1a9,0.01,0,none,0.15,0.2,0,2,,,completed,extinction on day 28,57,57,0,0.065,13,1,7,3,28,28,0
5615e8ca28a3485dbe463ad16ee75586,46b19a79d96eba714d4a4ace0f580b650d30aa06cabaa028b85af633f761cc7a,c09e4f0,pilot-stage1-disease,103,9000,,3eba5fa24d22e1a9,0.02,0,none,0.15,0.2,0,2,,,completed,extinction on day 28,109,106,3,0.065,13,1,7,3,28,28,0
46ce6e24477d46c289b17595b607ce75,75fa707219c9556980218a5863db7d4b64b754f1c1f30895760a9038ef9fdd28,c09e4f0,pilot-stage1-disease,103,9000,,3eba5fa24d22e1a9,0.05,0,none,0.15,0.2,0,2,,,completed,extinction on day 57,582,554,28,0.37,74,7,13,14,57,57,0
e51698da03ce4f9fa367b455f452d682,67ca8f3804af0d913744cea51e8bd9692403728d879a5e74e98ef7e920448614,c09e4f0,pilot-stage1-disease,103,9000,,3eba5fa24d22e1a9,0.1,0,none,0.15,0.2,0,2,,,completed,extinction on day 59,1181,1122,59,0.98,196,19,57,33,59,59,0
43ae98a6f6724962a0d9601f96ae06c5,061ee9e9dc6e688a5f775d4ec1dc57567d867bd480efada87ff5dde9bd448837,c09e4f0,pilot-stage1-disease,103,9001,,3eba5fa24d22e1a9,0.0,0,none,0.15,0.2,0,2,,,completed,extinction on day 24,0,0,0,0.05,10,1,9,5,24,24,0
b35c068a8ffd4e009beff2558ec2c2bc,871563d25b2cda8af3e00333d43ce169bdf8347fcaffc49e57f3beb0e8f1899c,c09e4f0,pilot-stage1-disease,103,9001,,3eba5fa24d22e1a9,0.01,0,none,0.15,0.2,0,2,,,completed,extinction on day 32,61,58,3,0.085,17,2,10,5,32,32,0
49c869076c2f469fa731ccaf13da9e52,4b145baad9fe549f5b3d289cb44159d996c06ef08a74fb583087f5949bdb075e,c09e4f0,pilot-stage1-disease,103,9001,,3eba5fa24d22e1a9,0.02,0,none,0.15,0.2,0,2,,,completed,extinction on day 32,116,111,5,0.11,22,2,10,5,32,32,0
fe3240948c8c4cfdab218a447d47dcfd,430cff3c4429625202fc321967d9672201b03b4a6327e2ffe2f660b7b5febdb4,c09e4f0,pilot-stage1-disease,103,9001,,3eba5fa24d22e1a9,0.05,0,none,0.15,0.2,0,2,,,completed,extinction on day 48,482,472,10,0.655,131,13,25,24,48,48,0
09b1f31626b9452f8b84cb5135b4460d,a2732facd363becd54e31c59d2b48f6d6de8a4ada6a6e2b1d4b0255b70ea50b7,c09e4f0,pilot-stage1-disease,103,9001,,3eba5fa24d22e1a9,0.1,0,none,0.15,0.2,0,2,,,completed,extinction on day 41,843,803,40,0.7,140,15,36,13,41,41,0
d9ebaa1529454c83a3d23de57fca943e,c46fd985cef45104d9c7776bd5b56e404220a8329b5f2e2eaed3997648ac7ffc,c09e4f0,pilot-stage1-disease,103,9002,,3eba5fa24d22e1a9,0.0,0,none,0.15,0.2,0,2,,,completed,extinction on day 10,0,0,0,0.045,9,1,6,4,10,10,0
52bb80861889427fbcd1eca44da6116c,8fef836ffcce9af61d078bff650a3ff61d21d66e6567aae4c79a1a3eb0b9e555,c09e4f0,pilot-stage1-disease,103,9002,,3eba5fa24d22e1a9,0.01,0,none,0.15,0.2,0,2,,,completed,extinction on day 10,12,12,0,0.045,9,1,6,4,10,10,0
d36b88893fb9478bbf37838d892a8848,b2973a447952e6f908943eb95db178153325ae9d67a17b9a15af7afb9f208c6e,c09e4f0,pilot-stage1-disease,103,9002,,3eba5fa24d22e1a9,0.02,0,none,0.15,0.2,0,2,,,completed,extinction on day 10,25,25,0,0.045,9,1,6,4,10,10,0
bd01d117d8004307b3981d4dcc52d745,feada357899213f013cb662b319411a982a22c96fb57651349f007be7f5e4761,c09e4f0,pilot-stage1-disease,103,9002,,3eba5fa24d22e1a9,0.05,0,none,0.15,0.2,0,2,,,completed,extinction on day 23,223,214,9,0.115,23,2,9,8,23,23,0
2f7edbfce1804d78bf436ffba5e327e9,0cfd53c5ef59422b57120eb1d498797cd857f8838fe6c05eb5a3423c990ab590,c09e4f0,pilot-stage1-disease,103,9002,,3eba5fa24d22e1a9,0.1,0,none,0.15,0.2,0,2,,,completed,extinction on day 23,426,404,22,0.235,47,5,23,9,23,23,0
7bbb0b8332294d57b612bd4086eb80b2,992a8c98c8de81c3500c165162932c0dede0ebd75005f6cc7579ce904eac0278,c09e4f0,pilot-stage1-disease,103,9003,,3eba5fa24d22e1a9,0.0,0,none,0.15,0.2,0,2,,,completed,extinction on day 1,0,0,0,0.005,1,1,1,0,1,1,0
902bf0c6f57f42ac8973571b89f8fa2f,55f38754067b6ee1db21c5f8b64dc7baebdfb5a2465d86f68caecbc36093a5ba,c09e4f0,pilot-stage1-disease,103,9003,,3eba5fa24d22e1a9,0.01,0,none,0.15,0.2,0,2,,,completed,extinction on day 1,3,3,0,0.005,1,1,1,0,1,1,0
d7147a9768b44a228cba2e6a10196254,e46f340187dbc97f3949b1e749abf3dd1c865d02fd1d4adef01c0a86a20a1f6d,c09e4f0,pilot-stage1-disease,103,9003,,3eba5fa24d22e1a9,0.02,0,none,0.15,0.2,0,2,,,completed,extinction on day 1,5,5,0,0.005,1,1,1,0,1,1,0
49cf9fcfbd1b412ea0369e3e13ab8ced,23441bc5ea75c37a144e7d13d929b570e02eee53596a7b0cb9e3a139f76dc5ef,c09e4f0,pilot-stage1-disease,103,9003,,3eba5fa24d22e1a9,0.05,0,none,0.15,0.2,0,2,,,completed,extinction on day 1,9,9,0,0.005,1,1,1,0,1,1,0
531b390b0eec416b8dab07a36181f2a6,f9c796b72c57584254bd8bcc056fc6d73e913e9382af2e30ebb3bd1a4106f09a,c09e4f0,pilot-stage1-disease,103,9003,,3eba5fa24d22e1a9,0.1,0,none,0.15,0.2,0,2,,,completed,extinction on day 1,16,16,0,0.005,1,1,1,0,1,1,0
8140bb33985148559bb2f8ee1756f6dd,ba2e388319acf229ae8a99b1b3cfe65264d4da83da80f7963895253b08024bd5,c09e4f0,pilot-stage1-disease,103,9004,,3eba5fa24d22e1a9,0.0,0,none,0.15,0.2,0,2,,,completed,extinction on day 26,0,0,0,0.05,10,1,5,5,26,26,0
71a9226d03734a749f1691ecb7437691,864388e8f4d128e136eda3b84f3813cd1b2a4aaa194e1d2cc78f2afce2f1d580,c09e4f0,pilot-stage1-disease,103,9004,,3eba5fa24d22e1a9,0.01,0,none,0.15,0.2,0,2,,,completed,extinction on day 26,58,56,2,0.06,12,1,8,5,26,26,0
bf361d085dd24bcdbdd272c915d75d4f,140cb974b4466d2c6d03b6fdf80d4a1cf23a5b44daf8e3cc2cfbac8dacda3410,c09e4f0,pilot-stage1-disease,103,9004,,3eba5fa24d22e1a9,0.02,0,none,0.15,0.2,0,2,,,completed,extinction on day 32,127,120,7,0.11,22,2,8,5,32,32,0
8247810f34c14707b4b6800d1888e2ff,b2c6c068a62909463ddcb2d84e8625f4763a1cbd1509022145cd8630f1061ecb,c09e4f0,pilot-stage1-disease,103,9004,,3eba5fa24d22e1a9,0.05,0,none,0.15,0.2,0,2,,,completed,extinction on day 46,438,415,23,0.43,86,8,18,31,46,46,0
ec5ed962cb934bcb9dabb2b3909be4cd,13f3bf98f687d0963ff8ac25ba26167ac24275f630b5d1114b5261409832de63,c09e4f0,pilot-stage1-disease,103,9004,,3eba5fa24d22e1a9,0.1,0,none,0.15,0.2,0,2,,,completed,extinction on day 56,1111,1047,64,0.985,197,20,51,31,56,56,0
34b068aae1e04b5e9095066b3ab90d03,774241803ad197cf4fdc622fbb95c81c18f88813b0410d1154a4896e4d8c54a4,c09e4f0,pilot-stage1-disease,103,9005,,3eba5fa24d22e1a9,0.0,0,none,0.15,0.2,0,2,,,completed,extinction on day 8,0,0,0,0.05,10,1,7,3,8,8,0
6ae3e58b12394854854ccede2c859034,0c90d381d3d5fdfd8a3df9201f1a6d18228f9b3b226e8809a2dd0502f71da050,c09e4f0,pilot-stage1-disease,103,9005,,3eba5fa24d22e1a9,0.01,0,none,0.15,0.2,0,2,,,completed,extinction on day 19,41,41,0,0.05,10,1,7,4,19,19,0
a48c03b619e24e1caa2ca3c939f76ea4,7758713cc7f2e0423aff8ca9dee214c6e25d5a8279adb29bbc921ae99275f061,c09e4f0,pilot-stage1-disease,103,9005,,3eba5fa24d22e1a9,0.02,0,none,0.15,0.2,0,2,,,completed,extinction on day 8,39,39,0,0.06,12,1,8,4,8,8,0
6df70a0fd42d4a38a842f49317f343e2,9e9560d3dabb223e31c53b09abb4521a0d898bec63406002addedebeabc640b9,c09e4f0,pilot-stage1-disease,103,9005,,3eba5fa24d22e1a9,0.05,0,none,0.15,0.2,0,2,,,completed,extinction on day 51,516,501,15,0.575,115,11,28,15,51,51,0
3920bd528ed94192a59094e6678be780,e84b13afe44333bf32661545aa970f9a9b747973193c687451d175a064122aee,c09e4f0,pilot-stage1-disease,103,9005,,3eba5fa24d22e1a9,0.1,0,none,0.15,0.2,0,2,,,completed,extinction on day 36,713,698,15,0.275,55,6,22,7,36,36,0
6227b0d09936425bb4a027c4abaeca39,115cee4de9efcda47bedc9491e5cc96bce4ec19a550e126c3d8309b552362d66,c09e4f0,pilot-stage1-disease,103,9006,,3eba5fa24d22e1a9,0.0,0,none,0.15,0.2,0,2,,,completed,extinction on day 1,0,0,0,0.005,1,1,1,0,1,1,0
2744075c2bff4c19aa2289c9e2ff1706,221c7f04a339d6eb1aa1a97dac9e224c6f28f5b26af1ace4cbdfed88c70c90af,c09e4f0,pilot-stage1-disease,103,9006,,3eba5fa24d22e1a9,0.01,0,none,0.15,0.2,0,2,,,completed,extinction on day 1,5,5,0,0.005,1,1,1,0,1,1,0
da4ef233a62c4e77ab099805414af58d,3d72e72908d3cdce90ef84dd7ee64d9188631b0789308b81d692fdb77d34c3e0,c09e4f0,pilot-stage1-disease,103,9006,,3eba5fa24d22e1a9,0.02,0,none,0.15,0.2,0,2,,,completed,extinction on day 1,6,6,0,0.005,1,1,1,0,1,1,0
60d82ad3dbad457c8e90b38367a14b56,15c6243e062a1e3243d25131d2538810fa5f005de24b0d33d875524a0bd4d849,c09e4f0,pilot-stage1-disease,103,9006,,3eba5fa24d22e1a9,0.05,0,none,0.15,0.2,0,2,,,completed,extinction on day 1,14,14,0,0.005,1,1,1,0,1,1,0
cd1f209c72a84dde99cf0e196c0fe16d,89469c0d6541307eec4b6be1cb76d8f54258553d398a4aac924d068eaf9751fe,c09e4f0,pilot-stage1-disease,103,9006,,3eba5fa24d22e1a9,0.1,0,none,0.15,0.2,0,2,,,completed,extinction on day 1,19,19,0,0.005,1,1,1,0,1,1,0
6e6a428681bf4e4cbb867bd7000a0584,44abf294497742067aa452281ea939e6caafcc2635a81ce9d9b599451c289d9b,c09e4f0,pilot-stage1-disease,103,9007,,3eba5fa24d22e1a9,0.0,0,none,0.15,0.2,0,2,,,completed,extinction on day 14,0,0,0,0.05,10,1,7,4,14,14,0
77574291cbd04576bd19cb1c95d94634,68d2e2cd03411566a7f124407199bd8f46e30587ecfcc78ac28c147e8457b603,c09e4f0,pilot-stage1-disease,103,9007,,3eba5fa24d22e1a9,0.01,0,none,0.15,0.2,0,2,,,completed,extinction on day 30,57,55,2,0.105,21,2,9,13,30,30,0
5844aadd026344ac9c40d50684ccc6ac,653380df3e7598591d7f9cda60ae06d85d6127a0b27cf78835702e7772017ab1,c09e4f0,pilot-stage1-disease,103,9007,,3eba5fa24d22e1a9,0.02,0,none,0.15,0.2,0,2,,,completed,extinction on day 30,115,106,9,0.16,32,3,13,13,30,30,0
778e4b208f3645c7a73398a0ea81a4b8,3f719c34a27cca4d5a6d5da9c3a3f0f07c418810deacde345df93f6109a0a790,c09e4f0,pilot-stage1-disease,103,9007,,3eba5fa24d22e1a9,0.05,0,none,0.15,0.2,0,2,,,completed,extinction on day 26,269,263,6,0.2,40,4,10,5,26,26,0
964bcd69e84b41b99c77878abdcee4ad,489c28bf95b9471121af484e359db477bcfa81c2b7713de309b7975bbd3caa56,c09e4f0,pilot-stage1-disease,103,9007,,3eba5fa24d22e1a9,0.1,0,none,0.15,0.2,0,2,,,completed,extinction on day 38,780,741,39,0.76,152,14,57,13,38,38,0
026b0fe363f44b0881975d282df87d4b,6f18d5c21b02ed193a569cb7bb32e0741a9739386a6f6a7103644d5b32c35065,c09e4f0,pilot-stage1-disease,103,9008,,3eba5fa24d22e1a9,0.0,0,none,0.15,0.2,0,2,,,completed,extinction on day 21,0,0,0,0.05,10,1,7,5,21,21,0
f3792bf87fb24c4bbca744b33b8a5296,62ad3f41f7ec14615841bcc82f0645877a20cdd131c0fa49022f753ed7cf1ca8,c09e4f0,pilot-stage1-disease,103,9008,,3eba5fa24d22e1a9,0.01,0,none,0.15,0.2,0,2,,,completed,extinction on day 18,34,34,0,0.055,11,1,8,4,18,18,0
53fd693fa4df4887a04a958525359eae,d49932c6213e1f5dd8e94d73962fe36fe93e25fa7bd92227c378dc50ed7bc2d4,c09e4f0,pilot-stage1-disease,103,9008,,3eba5fa24d22e1a9,0.02,0,none,0.15,0.2,0,2,,,completed,extinction on day 18,81,76,5,0.05,10,1,8,5,18,18,0
9821aaa372f54009b2274e51218b8aab,719685a8605c4de6ccd0dcc23afe20a689f4106411c7c6c5b1c8142c05cda295,c09e4f0,pilot-stage1-disease,103,9008,,3eba5fa24d22e1a9,0.05,0,none,0.15,0.2,0,2,,,completed,extinction on day 58,597,568,29,0.615,123,12,24,21,58,58,0
68f42ba990544552a97f91586bc46284,88970ee5c0705cf652a9b42b8e42e9e9af74a84ab99592c4c2779dd3e327d2ac,c09e4f0,pilot-stage1-disease,103,9008,,3eba5fa24d22e1a9,0.1,0,none,0.15,0.2,0,2,,,completed,extinction on day 58,1203,1144,59,0.825,165,17,34,14,58,58,0
5f69812e81104734b9eb08edf7253a16,c9f319b454f8ba9c8e4f90c0cf56efb0256bb03ba11d3b8be492713f3979a310,c09e4f0,pilot-stage1-disease,103,9009,,3eba5fa24d22e1a9,0.0,0,none,0.15,0.2,0,2,,,completed,extinction on day 16,0,0,0,0.05,10,1,7,3,16,16,0
943bad37c2ad47a188fa0bfc861387f2,a0e767b3b8ade580c47fe30864b8edce16b915ea992b4c29d5e5b34761538679,c09e4f0,pilot-stage1-disease,103,9009,,3eba5fa24d22e1a9,0.01,0,none,0.15,0.2,0,2,,,completed,extinction on day 19,33,33,0,0.065,13,1,8,4,19,19,0
68f32c3b46e9466190b11fbba769d37a,3ece5b03460492c3e0f6b2d2b34c3c3a61e5b174cfe38dfd71b4a9979e461283,c09e4f0,pilot-stage1-disease,103,9009,,3eba5fa24d22e1a9,0.02,0,none,0.15,0.2,0,2,,,completed,extinction on day 22,89,88,1,0.2,40,4,18,6,22,22,0
f6c4b282e64444e0bbe94f648ed4fb51,a21ec5d1ad6527791e253aeb333b3fec183df97b0aee55fd137e4fe447bbb0c7,c09e4f0,pilot-stage1-disease,103,9009,,3eba5fa24d22e1a9,0.05,0,none,0.15,0.2,0,2,,,completed,extinction on day 46,441,432,9,0.74,148,15,37,11,46,46,0
e2cd67f9276446c2bd7bf8b1e87e1561,ec0f33a26bc57d74335b52792e3848623bfe430aed67c09b51b2d16b0f22b73b,c09e4f0,pilot-stage1-disease,103,9009,,3eba5fa24d22e1a9,0.1,0,none,0.15,0.2,0,2,,,completed,extinction on day 76,1542,1443,99,0.9,180,18,26,22,76,76,0
6755aaf80e8f4885beb86a7c41ecd26d,26d44047d32cc2034ce5d95559e97e89a223fbed5bf14ff943fe0400b4c5f761,c09e4f0,pilot-stage1-disease,104,9000,,bc0241eae73e5142,0.0,0,none,0.15,0.2,0,2,,,completed,extinction on day 19,0,0,0,0.05,10,1,7,3,19,19,0
7315553a18754cc6be3a377779fed693,41bf3f73d5a4c48617a0e8e1b34ce12f15482741a48ea85524d2562e9e45803b,c09e4f0,pilot-stage1-disease,104,9000,,bc0241eae73e5142,0.01,0,none,0.15,0.2,0,2,,,completed,extinction on day 19,43,40,3,0.065,13,1,7,3,19,19,0
46078bcb269046ffb3e5dec89efb631b,a4e962c68936cb0432bd28b00b37ce09091fb10bbe16627ba2dc7997c29976ae,c09e4f0,pilot-stage1-disease,104,9000,,bc0241eae73e5142,0.02,0,none,0.15,0.2,0,2,,,completed,extinction on day 32,130,119,11,0.17,34,3,13,10,32,32,0
5c42106235804a06a951fde41e1295e4,711cac301e38755522997f7bb23107af9d0c39ce8fd2031d7f242e347252a583,c09e4f0,pilot-stage1-disease,104,9000,,bc0241eae73e5142,0.05,0,none,0.15,0.2,0,2,,,completed,extinction on day 21,220,199,21,0.205,41,5,20,11,21,21,0
08efbc681d644f328caf8dcc37a26d7c,13ef3f1ada0079113f2a27171a422f36d94c88e76a0edc92049f3f6479018c04,c09e4f0,pilot-stage1-disease,104,9000,,bc0241eae73e5142,0.1,0,none,0.15,0.2,0,2,,,completed,extinction on day 51,1032,956,76,0.99,198,20,50,26,51,51,0
40eabea818694a47a339ee39d770a75c,31e373a5a200c3efada0f986f7c763d1109cad5482943fbc93c4cf4eb4db3e30,c09e4f0,pilot-stage1-disease,104,9001,,bc0241eae73e5142,0.0,0,none,0.15,0.2,0,2,,,completed,extinction on day 24,0,0,0,0.05,10,1,9,5,24,24,0
b74d5c6a865b42a28966e09154434d72,3a8e9ba0be892bbb657c3e85d2631f9b8493ee96b41eeb1a8f3d4cc1cfc1a432,c09e4f0,pilot-stage1-disease,104,9001,,bc0241eae73e5142,0.01,0,none,0.15,0.2,0,2,,,completed,extinction on day 36,72,66,6,0.11,22,2,11,20,36,36,0
3383f2dacfd84f2f841cccef02848e87,339dc224cc6f0b91b3a8683dc8f931e8083f7713f586ec479d03c15bb55cae4e,c09e4f0,pilot-stage1-disease,104,9001,,bc0241eae73e5142,0.02,0,none,0.15,0.2,0,2,,,completed,extinction on day 62,234,213,21,0.245,49,4,11,51,62,62,0
d538f9e3f26e4f88b71f5bc2eb632d13,dc5f1c9f8c32d36d8b978a92fa284bdf4eb1e6e2ae546e07b1fc86abc3e65d52,c09e4f0,pilot-stage1-disease,104,9001,,bc0241eae73e5142,0.05,0,none,0.15,0.2,0,2,,,completed,extinction on day 63,622,564,58,0.575,115,11,25,26,63,63,0
639d6ec76b7a400ea7e50a83fbf3bbd7,b4de3079b26583ad246e1bafcf856428f3fd193046c204796ae79925861fcf70,c09e4f0,pilot-stage1-disease,104,9001,,bc0241eae73e5142,0.1,0,none,0.15,0.2,0,2,,,completed,extinction on day 51,1047,958,89,0.99,198,20,48,18,51,51,0
bfc6b8ed8ee9480ea1419275af246852,160bd8c0daff54a0be3b20eadd8bcaaf19b9e7dc462371ecc4d44a5fc8233417,c09e4f0,pilot-stage1-disease,104,9002,,bc0241eae73e5142,0.0,0,none,0.15,0.2,0,2,,,completed,extinction on day 10,0,0,0,0.045,9,1,6,4,10,10,0
8ff78e6678d94e8a9a0429d20904c865,554e8955cf09750f90b40f7195b889f014c17a8a20da05036f400524f3a9539a,c09e4f0,pilot-stage1-disease,104,9002,,bc0241eae73e5142,0.01,0,none,0.15,0.2,0,2,,,completed,extinction on day 10,12,12,0,0.05,10,1,6,2,10,10,0
06eff2ddf6454bcea3ba3a5f641b4307,aa9d592ff475a80a2aa5d43ed854d760517e73482d00fd1374907128c2b89ebd,c09e4f0,pilot-stage1-disease,104,9002,,bc0241eae73e5142,0.02,0,none,0.15,0.2,0,2,,,completed,extinction on day 10,25,25,0,0.05,10,1,6,2,10,10,0
ba4acbf0755442c4989a8c20e79b97a6,a584797a7b68b51603f796d3c498d152379edd41c8946f09f15af64fc7fd428a,c09e4f0,pilot-stage1-disease,104,9002,,bc0241eae73e5142,0.05,0,none,0.15,0.2,0,2,,,completed,extinction on day 78,784,735,49,0.96,192,20,43,21,78,78,0
6d5e3a7efd3d4f32a1f2c5cfcac65792,3e95859994af275bfaae49ac725ad2f8bf68e5380725d7a3992a356dc64bceb0,c09e4f0,pilot-stage1-disease,104,9002,,bc0241eae73e5142,0.1,0,none,0.15,0.2,0,2,,,completed,extinction on day 46,900,823,77,0.97,194,20,52,11,46,46,0
a6ef619be78e42bb89a3f3e4bdadaa9b,934e059fcd122bb1b8f664ad2eaff9b73ca032fe840c6461ce8c058b7ebef7fb,c09e4f0,pilot-stage1-disease,104,9003,,bc0241eae73e5142,0.0,0,none,0.15,0.2,0,2,,,completed,extinction on day 1,0,0,0,0.005,1,1,1,0,1,1,0
3e03574c1c6c4525add29ecba2b92f4d,ce0c274c32e684b0c3f82129d94829c0a37be4a1f0cffb72d59aba4ef541192c,c09e4f0,pilot-stage1-disease,104,9003,,bc0241eae73e5142,0.01,0,none,0.15,0.2,0,2,,,completed,extinction on day 1,3,3,0,0.005,1,1,1,0,1,1,0
7622eb600fc243d68ae2ea40bbc7f00b,dbbf82df875a9508e307bae8e26cb12300606692c2584042f4c5996aa7867ebf,c09e4f0,pilot-stage1-disease,104,9003,,bc0241eae73e5142,0.02,0,none,0.15,0.2,0,2,,,completed,extinction on day 1,5,5,0,0.005,1,1,1,0,1,1,0
af4733b92b1749b99e55c07d73873c64,5a4dd138754a28b61ed01d77d6d5ab048cfc179e588f8bade0145202009e44af,c09e4f0,pilot-stage1-disease,104,9003,,bc0241eae73e5142,0.05,0,none,0.15,0.2,0,2,,,completed,extinction on day 1,9,9,0,0.005,1,1,1,0,1,1,0
56fe38cedb7e4627a3b42f096f9f1c0e,4077b5e21229b64f93c1146b45ff886262ff108caebd1e27b65ecaaec750b136,c09e4f0,pilot-stage1-disease,104,9003,,bc0241eae73e5142,0.1,0,none,0.15,0.2,0,2,,,completed,extinction on day 1,16,16,0,0.005,1,1,1,0,1,1,0
6ce81f35249149bf9a07ea9edfb8f5c6,3167748d7056141979763bb91c1e220cea26aaf83689b1997b11675cd5153988,c09e4f0,pilot-stage1-disease,104,9004,,bc0241eae73e5142,0.0,0,none,0.15,0.2,0,2,,,completed,extinction on day 26,0,0,0,0.05,10,1,5,5,26,26,0
5eca30930971434292ceffd86f6a9cb2,dd8ea82812539beeec6666ed0282dcca4e0e99d78001948147cfa27812295653,c09e4f0,pilot-stage1-disease,104,9004,,bc0241eae73e5142,0.01,0,none,0.15,0.2,0,2,,,completed,extinction on day 51,106,103,3,0.07,14,1,5,5,51,51,0
bb4d03fd8a57466f8fcef0cc11baf1d5,5bf358d3db42af74becb7908f943b99f0dd83857b90c3cc4bc584f5bf7920be0,c09e4f0,pilot-stage1-disease,104,9004,,bc0241eae73e5142,0.02,0,none,0.15,0.2,0,2,,,completed,extinction on day 48,193,187,6,0.165,33,3,9,20,48,48,0
f37afb1dd9f4448f9e775134491aff41,d487db63289aee221d038e8cfae541c9201502c66ff38b16f196eafc1165660f,c09e4f0,pilot-stage1-disease,104,9004,,bc0241eae73e5142,0.05,0,none,0.15,0.2,0,2,,,completed,extinction on day 95,976,910,66,0.705,141,13,28,32,95,95,0
450958fd30f24ee5b5dd173da5c12545,252665775e4213c4143d306e3b5a5ae4c9b8cc337b3907779405a3cfd3cef027,c09e4f0,pilot-stage1-disease,104,9004,,bc0241eae73e5142,0.1,0,none,0.15,0.2,0,2,,,completed,extinction on day 82,1642,1503,139,0.975,195,20,39,51,82,82,0
fcf08495002340b9b156ac54ef2a809f,5ac3495ac74647380533bbfea1405a0a0ae325a6479e02cfec7d3a1f5eadb7cb,c09e4f0,pilot-stage1-disease,104,9005,,bc0241eae73e5142,0.0,0,none,0.15,0.2,0,2,,,completed,extinction on day 8,0,0,0,0.05,10,1,7,3,8,8,0
1f0c68b0393b4eb19bebdde30dd8a80c,b76d709745ba00e663376f1c2d8fbe1b96481a1308ba993ef1c53d0d6dbce29a,c09e4f0,pilot-stage1-disease,104,9005,,bc0241eae73e5142,0.01,0,none,0.15,0.2,0,2,,,completed,extinction on day 12,32,32,0,0.055,11,1,8,4,12,12,0
cab649d3708548c9a9f4a2eacab8ac11,6a73c1fad1eb203c93bcbedc2a73fd8bb469c8212a36879fcc35c380c8657034,c09e4f0,pilot-stage1-disease,104,9005,,bc0241eae73e5142,0.02,0,none,0.15,0.2,0,2,,,completed,extinction on day 12,52,50,2,0.055,11,1,8,4,12,12,0
29405b62f0314333b5d28394dd0fe5cd,e50136350ae7125cc5dd842a4cb3695a4f79db2684fc01e52803551f13e02046,c09e4f0,pilot-stage1-disease,104,9005,,bc0241eae73e5142,0.05,0,none,0.15,0.2,0,2,,,completed,extinction on day 19,170,160,10,0.115,23,2,9,4,19,19,0
8a698d7c030641ad98d50e2e0c92456a,e59d3aae0d859a2aa1714656dffafb5b7c787a97c8d80c754e2ed7ae42146e91,c09e4f0,pilot-stage1-disease,104,9005,,bc0241eae73e5142,0.1,0,none,0.15,0.2,0,2,,,completed,extinction on day 62,1230,1146,84,0.945,189,18,43,15,62,62,0
b1bcf469d9e84fab90c56fdfb5f04037,2720cd165f2b7584603c535a3bde42c4efbcd022f46c8671fc2485be8975bf10,c09e4f0,pilot-stage1-disease,104,9006,,bc0241eae73e5142,0.0,0,none,0.15,0.2,0,2,,,completed,extinction on day 1,0,0,0,0.005,1,1,1,0,1,1,0
5e03f49a1d6d48f6bdf1a17bd94a8a5d,aa1e402920930b0923fbe570ae3cfb99bb9fdbabb03b9e83b61f23fbf38d5a9d,c09e4f0,pilot-stage1-disease,104,9006,,bc0241eae73e5142,0.01,0,none,0.15,0.2,0,2,,,completed,extinction on day 1,5,5,0,0.005,1,1,1,0,1,1,0
def1b5b825a14909b4b28249d0a39714,c77958165fa0ea628deec53e3b9349d9dee0afdc7f4ec027ee50a7f7a3317888,c09e4f0,pilot-stage1-disease,104,9006,,bc0241eae73e5142,0.02,0,none,0.15,0.2,0,2,,,completed,extinction on day 1,6,6,0,0.005,1,1,1,0,1,1,0
5934b9fd9dd64b2fb5a1418398e47d04,73edf29583c7c27d54f16c24cdccc5263e7fe84f04044766feb787a867b42988,c09e4f0,pilot-stage1-disease,104,9006,,bc0241eae73e5142,0.05,0,none,0.15,0.2,0,2,,,completed,extinction on day 1,14,14,0,0.005,1,1,1,0,1,1,0
23d216dea12041d786cd6d6b0b1394de,205caea5546e4b18172b64100fb59ad5d63daf1a592fdad3e4c2a9851e54d545,c09e4f0,pilot-stage1-disease,104,9006,,bc0241eae73e5142,0.1,0,none,0.15,0.2,0,2,,,completed,extinction on day 1,19,19,0,0.005,1,1,1,0,1,1,0
d0b0db035f464c9e8596bb88504190ca,9da09f66cb841bbdb3f2b2e691c3fcc6e9f1855e7a44c593a9a09c054051e0c3,c09e4f0,pilot-stage1-disease,104,9007,,bc0241eae73e5142,0.0,0,none,0.15,0.2,0,2,,,completed,extinction on day 14,0,0,0,0.05,10,1,7,4,14,14,0
9bf6345122134222aec3a523e6650c94,b7fcff62a400104b21554ef06bf5645d2f8724da36493fcb8754bf5275ed7718,c09e4f0,pilot-stage1-disease,104,9007,,bc0241eae73e5142,0.01,0,none,0.15,0.2,0,2,,,completed,extinction on day 36,66,61,5,0.095,19,2,9,13,36,36,0
e7862105a1294db5a45b88a0d9beddb2,0fa5d54010ffc5da08460f3ecfcb56c393e685378f6c1c44e9baafe701f13ee9,c09e4f0,pilot-stage1-disease,104,9007,,bc0241eae73e5142,0.02,0,none,0.15,0.2,0,2,,,completed,extinction on day 23,89,86,3,0.155,31,3,15,7,23,23,0
4140cc4e303a4e4c8df00e09ff4da086,4fe1d9f86e033179425523ac1b457da824d4ab282e4b5e4d7416e6afd49e3362,c09e4f0,pilot-stage1-disease,104,9007,,bc0241eae73e5142,0.05,0,none,0.15,0.2,0,2,,,completed,extinction on day 47,449,418,31,0.59,118,11,39,13,47,47,0
45302cf40afd4ff6b066f96ec809695d,1214f0fb93cbf59b101dadd20c7fd78d6d1a28113eb1bf01117831d774688046,c09e4f0,pilot-stage1-disease,104,9007,,bc0241eae73e5142,0.1,0,none,0.15,0.2,0,2,,,completed,extinction on day 75,1516,1389,127,0.955,191,19,36,39,75,75,0
23e89d67c22245b38de7455bd2aaf2fd,ea1b4d45b86a88ddff8852810c30151ee427d3eb3f128ddbd2edc74b25d6c277,c09e4f0,pilot-stage1-disease,104,9008,,bc0241eae73e5142,0.0,0,none,0.15,0.2,0,2,,,completed,extinction on day 21,0,0,0,0.05,10,1,7,5,21,21,0
554ab469167a4495901b571364b2b42f,5e1d6a0c5dff0d6665c8c4dbd3223f86f97d2fed5ac6abb500cf7b0269f2ea34,c09e4f0,pilot-stage1-disease,104,9008,,bc0241eae73e5142,0.01,0,none,0.15,0.2,0,2,,,completed,extinction on day 30,53,53,0,0.065,13,1,8,5,30,30,0
f05a6b15a4b446af9051f2425c118b37,f3301b38b48e83a155b7829fd69185853fc5daa0a7cc30da68e0598d7c35fd21,c09e4f0,pilot-stage1-disease,104,9008,,bc0241eae73e5142,0.02,0,none,0.15,0.2,0,2,,,completed,extinction on day 18,81,76,5,0.045,9,1,7,5,18,18,0
6252f6888156448796ae2e27115ffdd5,8259b7157ca71eb60f461395f85b8a04bd604eac3ea50c13a6c4e84de7bec5a7,c09e4f0,pilot-stage1-disease,104,9008,,bc0241eae73e5142,0.05,0,none,0.15,0.2,0,2,,,completed,extinction on day 41,428,412,16,0.33,66,7,15,24,41,41,0
31739ab61f504b3cb68419b396500c95,efbb3e34ce625821fc6e17a051b7cc5e725718ce80c47ca3ff744370fe79ab5a,c09e4f0,pilot-stage1-disease,104,9008,,bc0241eae73e5142,0.1,0,none,0.15,0.2,0,2,,,completed,extinction on day 79,1585,1480,105,0.905,181,18,30,45,79,79,0
fe343e179f544855be381787783b043b,3e9e2a9402a5dd38646faf794e222772355eb07e5bdd57164141620a7c9ea01a,c09e4f0,pilot-stage1-disease,104,9009,,bc0241eae73e5142,0.0,0,none,0.15,0.2,0,2,,,completed,extinction on day 16,0,0,0,0.05,10,1,7,3,16,16,0
c4293774cc77472d95d2f725e2cee316,6139cd429234ca2b466adfe059c2e38d6335c498cfc7cdb646da9a95fc733cdd,c09e4f0,pilot-stage1-disease,104,9009,,bc0241eae73e5142,0.01,0,none,0.15,0.2,0,2,,,completed,extinction on day 19,33,33,0,0.065,13,1,8,4,19,19,0
8e40e4e9719448748ce1961c3a9c507d,d2710a7fe0bff958bcb2a845f6633f2f8ad93e0c6bcda673986ac9c923e36b35,c09e4f0,pilot-stage1-disease,104,9009,,bc0241eae73e5142,0.02,0,none,0.15,0.2,0,2,,,completed,extinction on day 24,100,93,7,0.11,22,2,12,6,24,24,0
0edfc73883bf4f0a93881fada815f390,f63b54e70be6b20bdb90d2d0e361fd0b25d605edae8301a3ba9e51c640637199,c09e4f0,pilot-stage1-disease,104,9009,,bc0241eae73e5142,0.05,0,none,0.15,0.2,0,2,,,completed,extinction on day 53,519,481,38,0.92,184,17,44,30,53,53,0
3364ce3afaca49078aa228d1a49bc373,c345373906a662d3fd909daf55dd5e940a3091f5d1f02728c6b805961049569f,c09e4f0,pilot-stage1-disease,104,9009,,bc0241eae73e5142,0.1,0,none,0.15,0.2,0,2,,,completed,extinction on day 66,1346,1219,127,0.985,197,19,42,23,66,66,0
461cad8478c84eb5839fbf36657be048,3d0c43301c7a8f0092f8ec6c6a25afd661f1d8bad29a5b0356f5b514370f5106,c09e4f0,pilot-stage1-disease,100,9000,,ecc984f043b744b6,0.0,0,none,0.2,0.1,0,2,,,completed,extinction on day 35,0,0,0,0.05,10,1,9,5,35,35,0
037431b539c742739f323486059ca217,6fcb90b0f756d28b152198ab677a94721dab3db0a2a95722d8fc839333c0dab5,c09e4f0,pilot-stage1-disease,100,9000,,ecc984f043b744b6,0.01,0,none,0.2,0.1,0,2,,,completed,extinction on day 56,110,98,12,0.095,19,2,10,30,56,56,0
c7ec9da7fd7d4b27b97daefc31ece732,cb5cc7dde69d6cd2f1f3d65e6c342c1e114d7a4bc59d78dbbc5406128db2debf,c09e4f0,pilot-stage1-disease,100,9000,,ecc984f043b744b6,0.02,0,none,0.2,0.1,0,2,,,completed,extinction on day 71,292,253,39,0.73,146,14,34,26,71,71,0
b2c13cb827d84a47bab918ba6f460d1a,96bdedb6a7c39b3eca1e3f887ecf088d16fc390e046a2adeab8f94ca4887c8f7,c09e4f0,pilot-stage1-disease,100,9000,,ecc984f043b744b6,0.05,0,none,0.2,0.1,0,2,,,completed,extinction on day 145,1490,1288,202,0.96,192,19,44,102,145,145,0
e81f6f144ee94a239bb27d7a50e67251,8e00b05abe4eaa4bb4c20a77cd876ab2de7f04ca64209be235da2d38728be093,c09e4f0,pilot-stage1-disease,100,9000,,ecc984f043b744b6,0.1,0,none,0.2,0.1,0,2,,,completed,extinction on day 77,1539,1357,182,1.0,200,20,53,25,77,77,0
aa4d2dd5695a43c5bf5ba7ac1c208db2,647f068f50bae4908ee8a25635df02c3bd2f07cf9a590a05a8d583f402748d97,c09e4f0,pilot-stage1-disease,100,9001,,ecc984f043b744b6,0.0,0,none,0.2,0.1,0,2,,,completed,extinction on day 29,0,0,0,0.05,10,1,9,5,29,29,0
c4fd5035ac904b898e2b4e063b410eaf,5388ad0555694a57fefa084701841ba20960b21616a9686650a763b30363a1c7,c09e4f0,pilot-stage1-disease,100,9001,,ecc984f043b744b6,0.01,0,none,0.2,0.1,0,2,,,completed,extinction on day 84,170,157,13,0.14,28,2,11,21,84,84,0
02119330832b4b159687427b441866c8,55a8eb45dbaf5ff83fd0e415fd53bc4b29f84fd632ad164d6ac4711b65fcb60f,c09e4f0,pilot-stage1-disease,100,9001,,ecc984f043b744b6,0.02,0,none,0.2,0.1,0,2,,,completed,extinction on day 84,336,297,39,0.49,98,9,33,40,84,84,0
664add37d92c42629b479ce3ff32c84f,a9fd68ada132d781c7839e16f99e567dd5805e2a0bdabd2ed57c52914146905e,c09e4f0,pilot-stage1-disease,100,9001,,ecc984f043b744b6,0.05,0,none,0.2,0.1,0,2,,,completed,extinction on day 95,969,814,155,0.965,193,19,61,40,95,95,0
a049b75a30454430b5c63d432c49767e,b51e2e1dc8f522593ba954c287d0721ecc2ed8c37fc4153ec9d1f260db9b6c7c,c09e4f0,pilot-stage1-disease,100,9001,,ecc984f043b744b6,0.1,0,none,0.2,0.1,0,2,,,completed,extinction on day 69,1399,1241,158,1.0,200,20,73,18,69,69,0
1f14250e03c1437dad8aaaaf011899cc,51568f7bc73b15cc232b866ac59e21cb2cb649fd393a57f370ef7ee852e86fc9,c09e4f0,pilot-stage1-disease,100,9002,,ecc984f043b744b6,0.0,0,none,0.2,0.1,0,2,,,completed,extinction on day 25,0,0,0,0.05,10,1,10,2,25,25,0
eaacbc64ac804864a6efab148d162f1c,878d08fea9363dd4099ed3c1c2cf99840a07803cdc4ddae6635d24734411603b,c09e4f0,pilot-stage1-disease,100,9002,,ecc984f043b744b6,0.01,0,none,0.2,0.1,0,2,,,completed,extinction on day 50,89,82,7,0.07,14,1,11,2,50,50,0
a042d03664834f7b8c45f63d7dd1dabf,19076914185a39ee077492ae5886b7a85080d54f08929245dc38edb779a43678,c09e4f0,pilot-stage1-disease,100,9002,,ecc984f043b744b6,0.02,0,none,0.2,0.1,0,2,,,completed,extinction on day 49,177,162,15,0.08,16,1,11,2,49,49,0
64c787739c4d4a25b16e46305bec4265,812d37787a32d88702045b5e452f13c1afdebe2cba5ce94d2e2e267d166be156,c09e4f0,pilot-stage1-disease,100,9002,,ecc984f043b744b6,0.05,0,none,0.2,0.1,0,2,,,completed,extinction on day 121,1209,1089,120,0.985,197,20,43,16,121,121,0
683127bb934749a08338d9d1350836ac,80ab3a077d5d3975b9822435296846dd0eb5d4b1c40b1a81566594502347b503,c09e4f0,pilot-stage1-disease,100,9002,,ecc984f043b744b6,0.1,0,none,0.2,0.1,0,2,,,completed,extinction on day 59,1124,1009,115,1.0,200,20,90,13,59,59,0
1bdc6ba07ef345409ce86454954a9fff,742db3b1ed314d85db7315ec0241834b53f9675a0831be240d388e8318c2d0e1,c09e4f0,pilot-stage1-disease,100,9003,,ecc984f043b744b6,0.0,0,none,0.2,0.1,0,2,,,completed,extinction on day 1,0,0,0,0.005,1,1,1,0,1,1,0
8c86c53ecfcf43368a2816352595ddc2,fbfe8d60790f0fc82430da4c1616fa997686972422cbfc59f04df8aa67616e08,c09e4f0,pilot-stage1-disease,100,9003,,ecc984f043b744b6,0.01,0,none,0.2,0.1,0,2,,,completed,extinction on day 1,3,3,0,0.005,1,1,1,0,1,1,0
d54faa4a11284bf5a3a0c07954de3a19,3ed8aa29ce07ffe0016c35ebd71c07fcc53fc08a695d7b2fab0686e30179d005,c09e4f0,pilot-stage1-disease,100,9003,,ecc984f043b744b6,0.02,0,none,0.2,0.1,0,2,,,completed,extinction on day 1,5,5,0,0.005,1,1,1,0,1,1,0
d5475238073a43c6820537c1d4e37765,4cb89f4ad9ab18da288f5d421b1a9cd64f1cc4cde76130dcc7d0ac38b26df078,c09e4f0,pilot-stage1-disease,100,9003,,ecc984f043b744b6,0.05,0,none,0.2,0.1,0,2,,,completed,extinction on day 1,9,9,0,0.005,1,1,1,0,1,1,0
1a6f238220b4494f8d04198a6edcc13b,fc8e2fd3a2a3230701ab67f3c728373aed9eefb5f3344abe0096a4bea6761aeb,c09e4f0,pilot-stage1-disease,100,9003,,ecc984f043b744b6,0.1,0,none,0.2,0.1,0,2,,,completed,extinction on day 1,16,16,0,0.005,1,1,1,0,1,1,0
5fd2e6b3aa0b409a908484302d09bdb9,9aee6c28a31f16a97375b2f774dba4a10ba71b93cf8a106967ba8f6cd7779333,c09e4f0,pilot-stage1-disease,100,9004,,ecc984f043b744b6,0.0,0,none,0.2,0.1,0,2,,,completed,extinction on day 40,0,0,0,0.05,10,1,9,4,40,40,0
63a7781de8c94609b41de4fdf5039b24,b30fa4719964a52d139c9f74b954f66809a822c50f7b1df2df3a021129f39c7f,c09e4f0,pilot-stage1-disease,100,9004,,ecc984f043b744b6,0.01,0,none,0.2,0.1,0,2,,,completed,extinction on day 44,88,84,4,0.105,21,2,11,17,44,44,0
eef6388b1d694c7e926bb5cfb2184340,c19cb222d1af5a07efa0bdee4450ccb285dfc6fc8e924acccfb2e01323741e4c,c09e4f0,pilot-stage1-disease,100,9004,,ecc984f043b744b6,0.02,0,none,0.2,0.1,0,2,,,completed,extinction on day 44,174,159,15,0.16,32,3,18,18,44,44,0
6e0d7f43486042a089648550ed88610d,325d9d1b8eb7076324fe684d5f58f1763916a492999396115efba5fbdc0d1291,c09e4f0,pilot-stage1-disease,100,9004,,ecc984f043b744b6,0.05,0,none,0.2,0.1,0,2,,,completed,extinction on day 157,1577,1389,188,0.985,197,20,39,56,157,157,0
a19578aaec894b92abe7664e23825c20,e253334bf6ddf9ed5dd49a1576d3dc5d19c62c00b0364f0f6a9440d0aff544de,c09e4f0,pilot-stage1-disease,100,9004,,ecc984f043b744b6,0.1,0,none,0.2,0.1,0,2,,,completed,extinction on day 85,1708,1519,189,1.0,200,20,89,21,85,85,0
f746a8325dc44a0a8c67e8e8cc3fe683,450d173f6aa00abcab6a7d6b0983c36bfe3a37bb6a922a5d1b937ba76cd26fbb,c09e4f0,pilot-stage1-disease,100,9005,,ecc984f043b744b6,0.0,0,none,0.2,0.1,0,2,,,completed,extinction on day 23,0,0,0,0.05,10,1,9,3,23,23,0
25ff4f543b0f430398531cc57e762bb8,d62273b2b8e351051291fdd9900e5306afd928529ca258813ca09af218e9b84e,c09e4f0,pilot-stage1-disease,100,9005,,ecc984f043b744b6,0.01,0,none,0.2,0.1,0,2,,,completed,extinction on day 32,64,58,6,0.1,20,2,9,5,32,32,0
86bf3491966a4b47887d21c7d02aaf1c,8b327c4bf63df02b6675d8f2eb7d80a65be0613a168d4272df76e72213d88dcf,c09e4f0,pilot-stage1-disease,100,9005,,ecc984f043b744b6,0.02,0,none,0.2,0.1,0,2,,,completed,extinction on day 94,409,355,54,0.525,105,10,32,28,94,94,0
39ffbe6bc77541b4914beb91a8e18a25,bf5cef0ad54ac7ec34701ef9eec3311f436b7731aeb06bd0686282a8936dd003,c09e4f0,pilot-stage1-disease,100,9005,,ecc984f043b744b6,0.05,0,none,0.2,0.1,0,2,,,completed,extinction on day 101,1054,925,129,0.96,192,20,56,37,101,101,0
c080fb8d363749eab73869bc1e4d9ad7,63c05a674c7f85338ed59e11642d86554658273f0e3ee1f76e51b306a37b2444,c09e4f0,pilot-stage1-disease,100,9005,,ecc984f043b744b6,0.1,0,none,0.2,0.1,0,2,,,completed,extinction on day 65,1289,1126,163,1.0,200,20,85,20,65,65,0
5b99645a6611476c8569634f1a0b4671,2d56184ace2d24791235187d877c08b77738d7835e8b512553a4d6112d869ae8,c09e4f0,pilot-stage1-disease,100,9006,,ecc984f043b744b6,0.0,0,none,0.2,0.1,0,2,,,completed,extinction on day 1,0,0,0,0.005,1,1,1,0,1,1,0
eb821f824e03465cb57788856c3a1ce4,a711458a724896b012b76818d166d767dda608f1fc3920ba4a89bedfdc0086a9,c09e4f0,pilot-stage1-disease,100,9006,,ecc984f043b744b6,0.01,0,none,0.2,0.1,0,2,,,completed,extinction on day 1,5,5,0,0.005,1,1,1,0,1,1,0
4a3b28a530124bbcbade051e4a181dbc,d87792b9a1dac51e49e5aff33d9fb57cdafd9562014f48b1bddf7807f1729cb1,c09e4f0,pilot-stage1-disease,100,9006,,ecc984f043b744b6,0.02,0,none,0.2,0.1,0,2,,,completed,extinction on day 1,6,6,0,0.005,1,1,1,0,1,1,0
e6d6c13659804586920e04d9f0e667fe,0eeaeaba94bb94dfed593fad27f5eac8edf55ed7a719cc0d5b4c85f4cc3d903d,c09e4f0,pilot-stage1-disease,100,9006,,ecc984f043b744b6,0.05,0,none,0.2,0.1,0,2,,,completed,extinction on day 1,14,12,2,0.005,1,1,1,0,1,1,0
33e0c9c956eb4ee580e0fcf3f1d26c5d,38731c5ddb23fdfd2542e0a99905c586d03598c02ea7bab94c4d82d8bf8836b2,c09e4f0,pilot-stage1-disease,100,9006,,ecc984f043b744b6,0.1,0,none,0.2,0.1,0,2,,,completed,extinction on day 1,19,17,2,0.005,1,1,1,0,1,1,0
fc9b900d50f64a968068875499855935,6afb033bf446580e8173f7ff1fc9f93edbc2e65610ba3251cbc4def760432f0e,c09e4f0,pilot-stage1-disease,100,9007,,ecc984f043b744b6,0.0,0,none,0.2,0.1,0,2,,,completed,extinction on day 29,0,0,0,0.05,10,1,9,4,29,29,0
34dda372ac1a447f9c824b54822821b1,058be62ee97040fdbfcb4982c4bb06f3e1b22b6386ccb29f5d3368346fdd1174,c09e4f0,pilot-stage1-disease,100,9007,,ecc984f043b744b6,0.01,0,none,0.2,0.1,0,2,,,completed,extinction on day 41,76,73,3,0.095,19,2,10,12,41,41,0
512f910f93d74adfb97ac27b702929a6,5831c06cc604b09de9aa8d30b34e75e4ddfac90490d4cee3e771a469f369d980,c09e4f0,pilot-stage1-disease,100,9007,,ecc984f043b744b6,0.02,0,none,0.2,0.1,0,2,,,completed,extinction on day 43,162,152,10,0.1,20,2,9,4,43,43,0
67d0b6961ad6462b84d2113e5a348b87,aca7a25fbcbc51b23870da4bc0f5f5a6e6da0da1e4d5a2907c4e4ca85411d538,c09e4f0,pilot-stage1-disease,100,9007,,ecc984f043b744b6,0.05,0,none,0.2,0.1,0,2,,,completed,extinction on day 85,844,729,115,0.78,156,15,49,52,85,85,0
4f7682e01eb54cd9b47131e7a59ed88f,019f97ad8d54207a47d66a7ff4781f70d117a10a4aefc645b0920f5a33636cbb,c09e4f0,pilot-stage1-disease,100,9007,,ecc984f043b744b6,0.1,0,none,0.2,0.1,0,2,,,completed,extinction on day 74,1488,1330,158,1.0,200,20,72,19,74,74,0
67827aef14e44605adf62902a468a272,f7160a6b093e1369726e732e8963f2b22d2e3fdd33f5bc415675e489d37ff365,c09e4f0,pilot-stage1-disease,100,9008,,ecc984f043b744b6,0.0,0,none,0.2,0.1,0,2,,,completed,extinction on day 38,0,0,0,0.05,10,1,8,4,38,38,0
947aa8243e9046c0898fb72c86b1ab52,73bd9a351181574d77eb8298c572eac8081d3bfa9451e1b696ee8bd16e14812e,c09e4f0,pilot-stage1-disease,100,9008,,ecc984f043b744b6,0.01,0,none,0.2,0.1,0,2,,,completed,extinction on day 67,155,141,14,0.195,39,4,16,36,67,67,0
dfb06a8213c64ab0a6954970476bcea6,e46d445d78116507a55bbbdb69ed799f8ccc744b13a427ff9b8bf6adeacd3d79,c09e4f0,pilot-stage1-disease,100,9008,,ecc984f043b744b6,0.02,0,none,0.2,0.1,0,2,,,completed,extinction on day 111,466,418,48,0.58,116,11,31,36,111,111,0
aeeea1153480466c9df528db2143ee61,481fca39ed889009766f4683b39fb6174096f696ef6301455522b2d94f58b1dc,c09e4f0,pilot-stage1-disease,100,9008,,ecc984f043b744b6,0.05,0,none,0.2,0.1,0,2,,,completed,extinction on day 89,886,805,81,0.965,193,19,63,28,89,89,0
3443eb497010452b805bb8473dfdc6c9,e35a35dd76ae65c6b58333df8c91ac76773f569d095c3fbd83da53739f9a909b,c09e4f0,pilot-stage1-disease,100,9008,,ecc984f043b744b6,0.1,0,none,0.2,0.1,0,2,,,completed,extinction on day 67,1372,1244,128,1.0,200,20,98,25,67,67,0
74584bb69be34f56bbeac94679cf0bdb,742ce513da9845cc396e28a8e40070cc4100f751e1bb093b4c0acff9cc5f06fb,c09e4f0,pilot-stage1-disease,100,9009,,ecc984f043b744b6,0.0,0,none,0.2,0.1,0,2,,,completed,extinction on day 29,0,0,0,0.05,10,1,8,3,29,29,0
e6aaf3de1537445188f755f001f20964,3365e76659277433413e9677a8ef1ef0ab2bfb0414cfb72eb941fd0724700b10,c09e4f0,pilot-stage1-disease,100,9009,,ecc984f043b744b6,0.01,0,none,0.2,0.1,0,2,,,completed,extinction on day 29,53,50,3,0.06,12,1,8,3,29,29,0
bd54b05d8c52489c8e188a02d033adbe,18628551a2cfbf4cf73defde3bf85bfb3651792cbde4b0c0a6d5850bca1920aa,c09e4f0,pilot-stage1-disease,100,9009,,ecc984f043b744b6,0.02,0,none,0.2,0.1,0,2,,,completed,extinction on day 151,611,542,69,0.49,98,10,26,8,151,151,0
da460d7343364bdb960beafd858cda21,ea3f5be4ca665c17f9d13517409a91a7f656caa4535e7fbbfb96bb2bb1b6b88a,c09e4f0,pilot-stage1-disease,100,9009,,ecc984f043b744b6,0.05,0,none,0.2,0.1,0,2,,,completed,extinction on day 90,909,850,59,0.52,104,10,38,22,90,90,0
1a3613361c3d41b9b25a239251522a0b,142999c188d898b6370822b58477ac5c38d00ec3e047b17313cf52d2e6579d1f,c09e4f0,pilot-stage1-disease,100,9009,,ecc984f043b744b6,0.1,0,none,0.2,0.1,0,2,,,completed,extinction on day 95,1964,1748,216,1.0,200,20,92,30,95,95,0
7ab69e6fd34b4387a059d567a707f6cb,95ff51ec0d104127001b992b8fb623a71ec26e518f1e633717934e343d66be33,c09e4f0,pilot-stage1-disease,101,9000,,a94b904840df0142,0.0,0,none,0.2,0.1,0,2,,,completed,extinction on day 35,0,0,0,0.05,10,1,9,5,35,35,0
295994a196144456991ead0bf00fb6c1,0bf456925cdfcc2efd7e7b73cfe7e72acc6a196872524c06d8a38fea8b1edd09,c09e4f0,pilot-stage1-disease,101,9000,,a94b904840df0142,0.01,0,none,0.2,0.1,0,2,,,completed,extinction on day 102,206,192,14,0.175,35,4,16,36,102,102,0
8dc12d3f06704f9b8587e42c0116e80f,432b8f995e3212614e92cd8496004eb07e4f00f6dc97ae9beba3ab9146d06cee,c09e4f0,pilot-stage1-disease,101,9000,,a94b904840df0142,0.02,0,none,0.2,0.1,0,2,,,completed,extinction on day 145,583,553,30,0.565,113,11,31,32,145,145,0
80d7e517378945988f67b1a7bac090e9,f167748edd650e2915d106355ad843963f38844ff67a9f5c9ac88b096900e011,c09e4f0,pilot-stage1-disease,101,9000,,a94b904840df0142,0.05,0,none,0.2,0.1,0,2,,,completed,extinction on day 90,927,862,65,0.99,198,20,68,34,90,90,0
1a744abbbf8f473a908c60d6998c7d3c,4be74ab878d1f5b101a1c3e8e27d8ec59222544cc91e69ad454cf490b100d810,c09e4f0,pilot-stage1-disease,101,9000,,a94b904840df0142,0.1,0,none,0.2,0.1,0,2,,,completed,extinction on day 62,1248,1165,83,1.0,200,20,68,26,62,62,0
b1490c1dbb08423b8ee197d89f5d5350,d672bd44379e7d857e33b68ec6d02421cfaf8baa04d863f0a9b50eaad3028336,c09e4f0,pilot-stage1-disease,101,9001,,a94b904840df0142,0.0,0,none,0.2,0.1,0,2,,,completed,extinction on day 29,0,0,0,0.05,10,1,9,5,29,29,0
eb38fb194e884518b160d8da39c65e68,81516ea8bcbfeebc577b2946b352747c3e4547aa47fe78e257391c6e8097b19e,c09e4f0,pilot-stage1-disease,101,9001,,a94b904840df0142,0.01,0,none,0.2,0.1,0,2,,,completed,extinction on day 34,66,60,6,0.115,23,2,13,20,34,34,0
a119306f11824485ab154f94d8149154,b65d8934bcd72849e7fb46ed9b3ae57ff932fd7e695e283c20638c2767ad1a39,c09e4f0,pilot-stage1-disease,101,9001,,a94b904840df0142,0.02,0,none,0.2,0.1,0,2,,,completed,extinction on day 119,471,446,25,0.845,169,16,35,68,119,119,0
ef68a64046c64cb0ab96ab603865c4f1,a8d01782f45873d74182840c0c918961fca542faab1bb4bf4aeee408fea463da,c09e4f0,pilot-stage1-disease,101,9001,,a94b904840df0142,0.05,0,none,0.2,0.1,0,2,,,completed,extinction on day 69,691,656,35,0.98,196,19,70,33,69,69,0
30eeaddf9db0430cb572ffaaa9199b00,90b50c3f7f3ac48b58a25e811ec9cf8e23dafe472f3f8eb0b8a99f0039d0eebd,c09e4f0,pilot-stage1-disease,101,9001,,a94b904840df0142,0.1,0,none,0.2,0.1,0,2,,,completed,extinction on day 69,1399,1308,91,1.0,200,20,108,15,69,69,0
360e1191db744c2a8ac217675a4288d1,2af2164b562b87da75a5ffe7f1936aecdf82bfc4fe99ff8d71e0232dfbbaeedb,c09e4f0,pilot-stage1-disease,101,9002,,a94b904840df0142,0.0,0,none,0.2,0.1,0,2,,,completed,extinction on day 25,0,0,0,0.05,10,1,10,2,25,25,0
a4643beab6d841fd9dc3bf0cda8d27a9,b1e3757281addb46a35323632080d94987c2565953e043f599e6573f050290d3,c09e4f0,pilot-stage1-disease,101,9002,,a94b904840df0142,0.01,0,none,0.2,0.1,0,2,,,completed,extinction on day 48,89,84,5,0.075,15,1,11,2,48,48,0
daf86d9c1da34101ba12ef5d491d31ea,b46a2d7d87e04785d0d055a28054c9afb111816b52e7fdf5e0c2faf4b7880432,c09e4f0,pilot-stage1-disease,101,9002,,a94b904840df0142,0.02,0,none,0.2,0.1,0,2,,,completed,extinction on day 25,94,89,5,0.07,14,1,11,2,25,25,0
a02fb5db5eb54630bdb7ce63c50a608c,729f2e0191f1392f4133804298bb62a437f90abd7f98195c4cd080988722d9f8,c09e4f0,pilot-stage1-disease,101,9002,,a94b904840df0142,0.05,0,none,0.2,0.1,0,2,,,completed,extinction on day 91,892,836,56,0.985,197,19,69,38,91,91,0
7906f55da5fa4749994e463f6538cccd,8426cd4103e6d666c57f1983cd4c2234b42745a353e00de53fd6fbc39338fbfb,c09e4f0,pilot-stage1-disease,101,9002,,a94b904840df0142,0.1,0,none,0.2,0.1,0,2,,,completed,extinction on day 59,1124,1061,63,1.0,200,20,99,16,59,59,0
e4ae0943465a4eaeb35b97424d3934e7,2f35a717a8dddf9af0e2259484da8ef3bf6237207b36ecabd9feacb762c672f4,c09e4f0,pilot-stage1-disease,101,9003,,a94b904840df0142,0.0,0,none,0.2,0.1,0,2,,,completed,extinction on day 1,0,0,0,0.005,1,1,1,0,1,1,0
6c07a1ee8a6c48ecba2c25b333985a8f,1547f2255020ba9caa52cb1e69323fd5f8fd1b31ad782a2e76b555bec78ecb36,c09e4f0,pilot-stage1-disease,101,9003,,a94b904840df0142,0.01,0,none,0.2,0.1,0,2,,,completed,extinction on day 1,3,3,0,0.005,1,1,1,0,1,1,0
625f42579b4848889ee8f59d8f9a8581,d1b7e1add1a7151ffcb9ad0af875bcfa4259f163818e3d451e0bb15b6afff529,c09e4f0,pilot-stage1-disease,101,9003,,a94b904840df0142,0.02,0,none,0.2,0.1,0,2,,,completed,extinction on day 1,5,5,0,0.005,1,1,1,0,1,1,0
95c64afdfa714786ac84eea00e87f120,def9fc3fa66043eddc76708ef1ef2265c68d024ad8c4d9764ffc3c12129eb1b3,c09e4f0,pilot-stage1-disease,101,9003,,a94b904840df0142,0.05,0,none,0.2,0.1,0,2,,,completed,extinction on day 1,9,9,0,0.005,1,1,1,0,1,1,0
df1dd993c3034e7682d781232f02bd04,debc95ea4c0234e9da936345c5bb0a00270554053da98aab29b60374725b5662,c09e4f0,pilot-stage1-disease,101,9003,,a94b904840df0142,0.1,0,none,0.2,0.1,0,2,,,completed,extinction on day 1,16,16,0,0.005,1,1,1,0,1,1,0
98d001ee5131499aba9695da2b577278,92e9a37c4bd9d49c8f67beca3c0cc3806e2b061136fd2c3e11b2b4035cc484d5,c09e4f0,pilot-stage1-disease,101,9004,,a94b904840df0142,0.0,0,none,0.2,0.1,0,2,,,completed,extinction on day 40,0,0,0,0.05,10,1,9,4,40,40,0
c3057da8ef6e48dc8b3e7b9cc768804f,4b64bc37b69fda9c7b83ace08b04d6641e9bbd222af5219fbf943d122fe37aff,c09e4f0,pilot-stage1-disease,101,9004,,a94b904840df0142,0.01,0,none,0.2,0.1,0,2,,,completed,extinction on day 44,88,84,4,0.115,23,2,11,4,44,44,0
98baa89f72024beab218671e5f83801f,f120c1af49b11c6254e49feb4a44b5a32895c4ed01f01f265afc34d1bf2b3f91,c09e4f0,pilot-stage1-disease,101,9004,,a94b904840df0142,0.02,0,none,0.2,0.1,0,2,,,completed,extinction on day 131,567,540,27,0.77,154,14,36,19,131,131,0
f247644f96f844ce9ff82442942d2b9e,1213f90b66613448d5683a3caf04e5ef3d78ddea27a92ef05d83105f6a253725,c09e4f0,pilot-stage1-disease,101,9004,,a94b904840df0142,0.05,0,none,0.2,0.1,0,2,,,completed,extinction on day 85,871,809,62,0.895,179,17,73,17,85,85,0
2ae17cb327a8450eb9aa3ce631605783,dbb0cfb059d7a9b5241c521032084d506bd1ac4c6912bda7ab6c14aee1b6b1a9,c09e4f0,pilot-stage1-disease,101,9004,,a94b904840df0142,0.1,0,none,0.2,0.1,0,2,,,completed,extinction on day 85,1708,1604,104,1.0,200,20,81,17,85,85,0
8853b0d9d0224fb4b0c430330d5d4cc2,05a6eb5825c227b9b8f21cb9b6f57621e7b25d8b646ac5fcdbf4d801c3e6d389,c09e4f0,pilot-stage1-disease,101,9005,,a94b904840df0142,0.0,0,none,0.2,0.1,0,2,,,completed,extinction on day 23,0,0,0,0.05,10,1,9,3,23,23,0
d95777327fb74ccf981fd57fa475f273,31507e786f44fea9e54395d45c7c3aec6d1f1861f7dbc918ee781ff55c68e48c,c09e4f0,pilot-stage1-disease,101,9005,,a94b904840df0142,0.01,0,none,0.2,0.1,0,2,,,completed,extinction on day 64,136,121,15,0.145,29,3,14,22,64,64,0
01dc67ec796743f8be6021e9cef74fd6,e003e73f2b45944de1b9b90dee210fcffd5724288b8946e2080299556f33953e,c09e4f0,pilot-stage1-disease,101,9005,,a94b904840df0142,0.02,0,none,0.2,0.1,0,2,,,completed,extinction on day 91,400,372,28,0.345,69,6,17,40,91,91,0
c2a2566c85974dff8ba7e703cd3821e6,209edd8a17650fd50d161d22f03590738cb4c1fefe1ffc61721dd88e7d7e62cd,c09e4f0,pilot-stage1-disease,101,9005,,a94b904840df0142,0.05,0,none,0.2,0.1,0,2,,,completed,extinction on day 107,1113,1053,60,0.98,196,19,57,61,107,107,0
62494598cba04023a94766971cdc08fe,06bf2abf912a0eada0bc03037d66bf1c3ecbbc4f2f16e414c34c6e83f52481dc,c09e4f0,pilot-stage1-disease,101,9005,,a94b904840df0142,0.1,0,none,0.2,0.1,0,2,,,completed,extinction on day 73,1485,1393,92,1.0,200,20,64,28,73,73,0
0a165a618f6f4dc4954d8fc06136c1f3,cbc148bd224286bbeb3ca493aa0f4fcab947db72607ebdf243f9fd6fe43f6ff1,c09e4f0,pilot-stage1-disease,101,9006,,a94b904840df0142,0.0,0,none,0.2,0.1,0,2,,,completed,extinction on day 1,0,0,0,0.005,1,1,1,0,1,1,0
67e85eb0914444d89b2c5a14817aec85,e7812f4def1ce0e1ef2bc136075842404993b943bbb684bfb2f70088b2f3cf41,c09e4f0,pilot-stage1-disease,101,9006,,a94b904840df0142,0.01,0,none,0.2,0.1,0,2,,,completed,extinction on day 1,5,5,0,0.005,1,1,1,0,1,1,0
3c8997514d4945439c83c88fcd808c80,255fbfe7b3c03f1c6ee1948b7605d9b224e808465bb77a5a20b16f81c89eaaa6,c09e4f0,pilot-stage1-disease,101,9006,,a94b904840df0142,0.02,0,none,0.2,0.1,0,2,,,completed,extinction on day 1,6,6,0,0.005,1,1,1,0,1,1,0
09d1e3368a93483b80ecab97b88b0f84,358703d9872ea417c8b1b2afecf226ea9e153a263b4f5aaa367ee7a399b3488f,c09e4f0,pilot-stage1-disease,101,9006,,a94b904840df0142,0.05,0,none,0.2,0.1,0,2,,,completed,extinction on day 1,14,14,0,0.005,1,1,1,0,1,1,0
545fb422d3154890b08ceef53868c5c4,6bfca4a428f8d415e1c85b81c226fd7769d3948287c18d6b579a13c1684458fd,c09e4f0,pilot-stage1-disease,101,9006,,a94b904840df0142,0.1,0,none,0.2,0.1,0,2,,,completed,extinction on day 1,19,18,1,0.005,1,1,1,0,1,1,0
b5f63fec864c42ddb0e40ca1765a7f55,f7f0b7f22af66dcec34514382e6510e3a9fb030dce7c6b13bd9aafaf3ae25f04,c09e4f0,pilot-stage1-disease,101,9007,,a94b904840df0142,0.0,0,none,0.2,0.1,0,2,,,completed,extinction on day 29,0,0,0,0.05,10,1,9,4,29,29,0
6c02dd62d23c487c91f6c3f63cbe8b88,0753cb1a8c8c728a7293470e3115880ccac0ca315b59c1308db708405e856dc0,c09e4f0,pilot-stage1-disease,101,9007,,a94b904840df0142,0.01,0,none,0.2,0.1,0,2,,,completed,extinction on day 34,62,58,4,0.11,22,2,9,4,34,34,0
a2667571723142a1bd4e71ba5b70ad48,f5c6c54f501b3ccfc3324702da9cd37a81cb8685b4bb0815b64369a1dca55717,c09e4f0,pilot-stage1-disease,101,9007,,a94b904840df0142,0.02,0,none,0.2,0.1,0,2,,,completed,extinction on day 85,331,303,28,0.74,148,14,35,47,85,85,0
974e089fd3e740a28bb46bc04f4cc16a,02571bb220ef1f1f26d870e360f2bb9d8e90408180a19cbb88034925d65a3adf,c09e4f0,pilot-stage1-disease,101,9007,,a94b904840df0142,0.05,0,none,0.2,0.1,0,2,,,completed,extinction on day 85,844,786,58,0.995,199,20,62,36,85,85,0
24ba0c56d0674d1aa51c53b3798c2586,f832cc24bfd14dd5d03565e2806fdaa6f92c6384e177830ecd39229bc6091d32,c09e4f0,pilot-stage1-disease,101,9007,,a94b904840df0142,0.1,0,none,0.2,0.1,0,2,,,completed,extinction on day 74,1488,1417,71,1.0,200,20,83,22,74,74,0
e517a5bcd33c4d08a312cbd355aa83c0,e2db2f75c78a8d8f8eb33ae3848abe50d7c9ce398c5e6fd6db60d5840552b5f9,c09e4f0,pilot-stage1-disease,101,9008,,a94b904840df0142,0.0,0,none,0.2,0.1,0,2,,,completed,extinction on day 38,0,0,0,0.05,10,1,8,4,38,38,0
2b789810d4654f7a821e93f4de6d1463,bfec073d1caaad7c1decff33b42394009e91b49f7de9b342bde64e6fc108b8d2,c09e4f0,pilot-stage1-disease,101,9008,,a94b904840df0142,0.01,0,none,0.2,0.1,0,2,,,completed,extinction on day 67,155,146,9,0.125,25,2,11,36,67,67,0
c4caf2cec454421a93829bb8450d0a6b,bb081a84d438c28a7ca14e88452c3549ab549d5de190a7e7929b004224469d43,c09e4f0,pilot-stage1-disease,101,9008,,a94b904840df0142,0.02,0,none,0.2,0.1,0,2,,,completed,extinction on day 70,289,275,14,0.145,29,2,11,34,70,70,0
0fcee380e9b74b2aa15b8a7b769999d7,6e97e3c6e86412851a4660e9ff277ad6bb14fff97cd562bf928508fca03564cb,c09e4f0,pilot-stage1-disease,101,9008,,a94b904840df0142,0.05,0,none,0.2,0.1,0,2,,,completed,extinction on day 77,763,712,51,0.95,190,18,78,25,77,77,0
15d96c677b98488d8c64a1ea44ab1fb8,7aa7019d1d5594894f9cfa95d22f44929e313e23fbb0ba0721fdd66ca45b22e0,c09e4f0,pilot-stage1-disease,101,9008,,a94b904840df0142,0.1,0,none,0.2,0.1,0,2,,,completed,extinction on day 77,1552,1450,102,1.0,200,20,76,36,77,77,0
6a52eb938f2a4951bad720d1b7c12055,8039a866c998fa19884928c654ee6e21911e57995fdfe184b7d85b2f7cda2638,c09e4f0,pilot-stage1-disease,101,9009,,a94b904840df0142,0.0,0,none,0.2,0.1,0,2,,,completed,extinction on day 29,0,0,0,0.05,10,1,8,3,29,29,0
3ebaf725b3bb4cbc932e04441b4213de,ebc5ac3196c9b43d8df8b3ce481d7ff73c32196834073d991f0b6298f6dd3723,c09e4f0,pilot-stage1-disease,101,9009,,a94b904840df0142,0.01,0,none,0.2,0.1,0,2,,,completed,extinction on day 29,53,49,4,0.055,11,1,8,3,29,29,0
69236e1ca21c492a9ebed6ccc1a45c59,171ed3005bc205bab48418de4e70fe664c49531b7755b01243817752a8d969d1,c09e4f0,pilot-stage1-disease,101,9009,,a94b904840df0142,0.02,0,none,0.2,0.1,0,2,,,completed,extinction on day 53,215,207,8,0.21,42,4,20,14,53,53,0
e7a1bad9a01a477385f6dd84364ad8e4,6a821297a8ba8e8226e36095040178713b88aebd90399a94086000b7f4bf09ec,c09e4f0,pilot-stage1-disease,101,9009,,a94b904840df0142,0.05,0,none,0.2,0.1,0,2,,,completed,extinction on day 91,922,870,52,0.97,194,19,65,24,91,91,0
27ba2de2d050436f89fdae06cad027dd,9ad323c50d31d3630af6fd103af2005b419e63406b5c034320b68e10341a3d24,c09e4f0,pilot-stage1-disease,101,9009,,a94b904840df0142,0.1,0,none,0.2,0.1,0,2,,,completed,extinction on day 78,1582,1506,76,1.0,200,20,127,13,78,78,0
d924aca6b2ef4142a7a7234e31241451,2903a1008b09efa7dd8f4ae7d7eaba76ca06711ab22cefe38e9f88d645e106ed,c09e4f0,pilot-stage1-disease,102,9000,,0a9f06b6dff3de72,0.0,0,none,0.2,0.1,0,2,,,completed,extinction on day 35,0,0,0,0.05,10,1,9,5,35,35,0
3fda6602dede439d8609d1e4a46d65ef,9ae4545c21f63887e2529f30a4d835a25fd1d05121baa3b28584bba3ae7f2f72,c09e4f0,pilot-stage1-disease,102,9000,,0a9f06b6dff3de72,0.01,0,none,0.2,0.1,0,2,,,completed,extinction on day 58,115,114,1,0.18,36,3,16,36,58,58,0
bcb6e644a6ef4e9884ad818aee755f7e,331e7c1e9b8e4c9ac15d01f1d98e877e53569153f8b7de0b1a8df38e3c6beb4f,c09e4f0,pilot-stage1-disease,102,9000,,0a9f06b6dff3de72,0.02,0,none,0.2,0.1,0,2,,,completed,extinction on day 117,455,411,44,0.685,137,13,42,51,117,117,0
752467cb21e34951a69bacb470bc23f8,be1240c956f8f0d7e1fbe13c7b0d6848c0ce1ae3b99425542348bbf7cad4ad81,c09e4f0,pilot-stage1-disease,102,9000,,0a9f06b6dff3de72,0.05,0,none,0.2,0.1,0,2,,,completed,extinction on day 96,967,914,53,0.995,199,20,72,33,96,96,0
ae67bedda13d48a78a304e147b937f43,f91e483502119a5118a92306659e87f70f298114d28189ff027270a109b82931,c09e4f0,pilot-stage1-disease,102,9000,,0a9f06b6dff3de72,0.1,0,none,0.2,0.1,0,2,,,completed,extinction on day 61,1224,1150,74,1.0,200,20,92,24,61,61,0
ec1f5d00b32a4a55a618f737d748e4b5,8717ea48e152b6cc511b05372c2234a9498f619763bd3c4356c3f418c240f0b8,c09e4f0,pilot-stage1-disease,102,9001,,0a9f06b6dff3de72,0.0,0,none,0.2,0.1,0,2,,,completed,extinction on day 29,0,0,0,0.05,10,1,9,5,29,29,0
746cbb7f80cd4f69ad8955cdda0aa8cf,93fcde13ef7889d69fed83de135b75ce5d22ce0333009917d73c427d5bb10091,c09e4f0,pilot-stage1-disease,102,9001,,0a9f06b6dff3de72,0.01,0,none,0.2,0.1,0,2,,,completed,extinction on day 41,82,78,4,0.085,17,2,9,5,41,41,0
53d8d6fd3d344380a83cfe938d41bc71,ff6db5e2870892c6401d6069e0a1bd3c661a3214916270718d7ab7ce9307416b,c09e4f0,pilot-stage1-disease,102,9001,,0a9f06b6dff3de72,0.02,0,none,0.2,0.1,0,2,,,completed,extinction on day 181,706,663,43,0.935,187,19,24,67,181,181,0
c25259fff8fc4c72ba7ce056f67038eb,2e7c9f1f995bb428936133f19b694233b2dc635ef9eece5f0ded59f26ce5ac7b,c09e4f0,pilot-stage1-disease,102,9001,,0a9f06b6dff3de72,0.05,0,none,0.2,0.1,0,2,,,completed,extinction on day 85,870,813,57,0.905,181,17,59,46,85,85,0
3c449a691e3144f68cd2a0442a382675,1aa8f03b14649c699a1f82878516b1fd26e955309f2cde04a3fb573802748bbf,c09e4f0,pilot-stage1-disease,102,9001,,0a9f06b6dff3de72,0.1,0,none,0.2,0.1,0,2,,,completed,extinction on day 69,1399,1302,97,1.0,200,20,74,35,69,69,0
6efe10a44c3d49de8a5987e11e3f9452,33a60a477826a02c71a23fbfed8b1ca71db3d3591bf9d94011f4466e5d911a0f,c09e4f0,pilot-stage1-disease,102,9002,,0a9f06b6dff3de72,0.0,0,none,0.2,0.1,0,2,,,completed,extinction on day 25,0,0,0,0.05,10,1,10,2,25,25,0
94c1b3cc9be644be8d3aeb72f5d7e6ea,eec565e4dcaca6162a2ffd7d24c97cf297d39459e51426f028773b6276cdead0,c09e4f0,pilot-stage1-disease,102,9002,,0a9f06b6dff3de72,0.01,0,none,0.2,0.1,0,2,,,completed,extinction on day 25,47,46,1,0.05,10,1,10,2,25,25,0
2e55ae4a7f0c464786fc84b1ca6da7a9,b916a2dae8f3d3568d2aa501053cdc24db1eb09472f5fdf75825fc8aaf266285,c09e4f0,pilot-stage1-disease,102,9002,,0a9f06b6dff3de72,0.02,0,none,0.2,0.1,0,2,,,completed,extinction on day 25,94,87,7,0.05,10,1,10,2,25,25,0
0d3d58c715e94cc989582f6dbfad72f9,9909a6c34340386845613e5277d062306ffad9be69081245f955dd619c057cbb,c09e4f0,pilot-stage1-disease,102,9002,,0a9f06b6dff3de72,0.05,0,none,0.2,0.1,0,2,,,completed,extinction on day 91,892,829,63,0.905,181,18,63,38,91,91,0
f6332f29d9f14ec9a98fe30fd27e8637,0bf72b18f15bb68833db56ad8813da1a4313dc2d5089e83fc0bbfd81291b3d91,c09e4f0,pilot-stage1-disease,102,9002,,0a9f06b6dff3de72,0.1,0,none,0.2,0.1,0,2,,,completed,extinction on day 59,1124,1042,82,1.0,200,20,73,25,59,59,0
1d7716515fa0474cbe6c44d5b02753af,feb9682ed4aae6f3f260c7a8d6ddbb21751a4b5b2d30da5986604741b797dd4a,c09e4f0,pilot-stage1-disease,102,9003,,0a9f06b6dff3de72,0.0,0,none,0.2,0.1,0,2,,,completed,extinction on day 1,0,0,0,0.005,1,1,1,0,1,1,0
d7caea61ce1e4e01a6c132fdfb1ed4f2,886c18a239f8cd5722d6438c8b2babbebd89011017d8a59496e1f10ddabac001,c09e4f0,pilot-stage1-disease,102,9003,,0a9f06b6dff3de72,0.01,0,none,0.2,0.1,0,2,,,completed,extinction on day 1,3,3,0,0.005,1,1,1,0,1,1,0
a429deb99494491c9f55cdc315c7307c,aecebb7382e11398574eed6b4371749ed9343899dfb421ba0d32e4e0ebd8d1ef,c09e4f0,pilot-stage1-disease,102,9003,,0a9f06b6dff3de72,0.02,0,none,0.2,0.1,0,2,,,completed,extinction on day 1,5,5,0,0.005,1,1,1,0,1,1,0
32d7a65ac52444b994342c8268f23517,2bb2afa10ada9c351e00a124e24e55ff458ece7b667fda7d7e611cc317e9081d,c09e4f0,pilot-stage1-disease,102,9003,,0a9f06b6dff3de72,0.05,0,none,0.2,0.1,0,2,,,completed,extinction on day 1,9,9,0,0.005,1,1,1,0,1,1,0
28da061c5b9047c992a7e87ea3638ca7,0eba28f1e77a2d03690c9319d336257e044d5e47997f9209e94c0d8ea0640613,c09e4f0,pilot-stage1-disease,102,9003,,0a9f06b6dff3de72,0.1,0,none,0.2,0.1,0,2,,,completed,extinction on day 1,16,16,0,0.005,1,1,1,0,1,1,0
385d0f3b8b9347c893ff084297cfdaeb,32d54438be0da9cc0bfd112c1a0ca0de7182febf890d7d3c1b39bb6bb07a4f63,c09e4f0,pilot-stage1-disease,102,9004,,0a9f06b6dff3de72,0.0,0,none,0.2,0.1,0,2,,,completed,extinction on day 40,0,0,0,0.05,10,1,9,4,40,40,0
45bf68b30a8f4096b7a74553ecb73333,bac4e377703f76d5b3db4334aafc9d0a7777520ed33e8eb76b08d66cf50cb53c,c09e4f0,pilot-stage1-disease,102,9004,,0a9f06b6dff3de72,0.01,0,none,0.2,0.1,0,2,,,completed,extinction on day 85,183,176,7,0.265,53,5,26,25,85,85,0
69f06091aefa4320bbae8d31c2f68424,dfecaf2dcfe68e9c586b29dbc3a8808aa4b718f2a112e2ea34093f3a931ac202,c09e4f0,pilot-stage1-disease,102,9004,,0a9f06b6dff3de72,0.02,0,none,0.2,0.1,0,2,,,completed,extinction on day 162,677,632,45,0.78,156,16,30,21,162,162,0
4a4fc92ed6904732b2c01e2b73205c22,b8f8b9ff7f241dad8ae2a56792631674fc75a405386ea9f878809c42a0572914,c09e4f0,pilot-stage1-disease,102,9004,,0a9f06b6dff3de72,0.05,0,none,0.2,0.1,0,2,,,completed,extinction on day 100,1029,941,88,1.0,200,20,46,39,100,100,0
20afc9d4856a4c01ae91303507a4e25a,7874ee9c4e77f8a9ddcfad9e41c0a4842f9c56cc42ffac6a2ad2bdb7bf6e031f,c09e4f0,pilot-stage1-disease,102,9004,,0a9f06b6dff3de72,0.1,0,none,0.2,0.1,0,2,,,completed,extinction on day 85,1708,1570,138,1.0,200,20,95,23,85,85,0
eb2df2eaad844b2eb2aaf8a5f72ca69b,cace5cea84e7b7815ba48ee1c80769f23aab986868cb896667555971ceb2df33,c09e4f0,pilot-stage1-disease,102,9005,,0a9f06b6dff3de72,0.0,0,none,0.2,0.1,0,2,,,completed,extinction on day 23,0,0,0,0.05,10,1,9,3,23,23,0
468ffac28d0e4f3682d98b743facbe9a,156fe0c1bc78395065d195af2e43762a89ad29d201067292750b914f0bddc757,c09e4f0,pilot-stage1-disease,102,9005,,0a9f06b6dff3de72,0.01,0,none,0.2,0.1,0,2,,,completed,extinction on day 42,85,81,4,0.115,23,2,10,4,42,42,0
b85e74ba8cbd49b1bc3173fbc80285c5,3977f5a828b7fd2da15ed8de9fe51df1f8e6fe95162f7993d4eb258094890574,c09e4f0,pilot-stage1-disease,102,9005,,0a9f06b6dff3de72,0.02,0,none,0.2,0.1,0,2,,,completed,extinction on day 25,98,96,2,0.105,21,2,10,4,25,25,0
1d04835f9da347d092c3c77d788a9f9f,79568a9ce711ac6ba565753bb01f98216e2407dde5bf405abcd4b3431853f9f2,c09e4f0,pilot-stage1-disease,102,9005,,0a9f06b6dff3de72,0.05,0,none,0.2,0.1,0,2,,,completed,extinction on day 82,846,790,56,0.985,197,20,77,21,82,82,0
333f27e80f88460e84e584d0def03fd1,1772a26febccc1c48e240672c12c8e0d15306921f17f66f0ca5f330fc36a5c73,c09e4f0,pilot-stage1-disease,102,9005,,0a9f06b6dff3de72,0.1,0,none,0.2,0.1,0,2,,,completed,extinction on day 65,1289,1198,91,1.0,200,20,74,16,65,65,0
6379bb40cb7f45fe8db496d21dddcddb,90f79cd1c74c8b06272931096bdfcb6b15ef0e6aa3b81975af5c5bf48b856b32,c09e4f0,pilot-stage1-disease,102,9006,,0a9f06b6dff3de72,0.0,0,none,0.2,0.1,0,2,,,completed,extinction on day 1,0,0,0,0.005,1,1,1,0,1,1,0
ee9c79572ded45d4b3af33604281908c,c3d1ac60b5c917b30fc8000d8bbe5325d423dc1e232e0ca834d64f6360adebf6,c09e4f0,pilot-stage1-disease,102,9006,,0a9f06b6dff3de72,0.01,0,none,0.2,0.1,0,2,,,completed,extinction on day 1,5,5,0,0.005,1,1,1,0,1,1,0
fd94e62371664de197d4aa35e2299ab0,4d0b891209f24c7d3af7d00d28d3922d186eb6a647971ffaa95370135b9fdf15,c09e4f0,pilot-stage1-disease,102,9006,,0a9f06b6dff3de72,0.02,0,none,0.2,0.1,0,2,,,completed,extinction on day 1,6,6,0,0.005,1,1,1,0,1,1,0
279cfda608794de0a10edc9ef3bdbddf,f6a1599f246dff5fa8882f4cbb910cf7bc8e39826a9312d8d4523867041e5710,c09e4f0,pilot-stage1-disease,102,9006,,0a9f06b6dff3de72,0.05,0,none,0.2,0.1,0,2,,,completed,extinction on day 1,14,14,0,0.005,1,1,1,0,1,1,0
ac65d4674a2348c0ace91b94d8ca2057,99b56093700c4bd57c2db0361f488c7a73a2224b781269aa6ffc14930f867b2f,c09e4f0,pilot-stage1-disease,102,9006,,0a9f06b6dff3de72,0.1,0,none,0.2,0.1,0,2,,,completed,extinction on day 1,19,19,0,0.005,1,1,1,0,1,1,0
58fbbc3237c5483481824d9fc9be0168,fa9f4e724c5561a7a713b6eb58131aea39790e2955484ddff487200987921e9f,c09e4f0,pilot-stage1-disease,102,9007,,0a9f06b6dff3de72,0.0,0,none,0.2,0.1,0,2,,,completed,extinction on day 29,0,0,0,0.05,10,1,9,4,29,29,0
7184800f441c44429fd8297235284837,bfe7e6a15a8ea004b567a0246cc540209b4700bd74fb93b634ce79109f2859c8,c09e4f0,pilot-stage1-disease,102,9007,,0a9f06b6dff3de72,0.01,0,none,0.2,0.1,0,2,,,completed,extinction on day 52,97,93,4,0.135,27,3,11,12,52,52,0
d43fb7e292014f0dbecc237f83ab2fa7,409a331c17f6ae172f9b62925bfc531ed6c019b14cb3fd87f9c3f7e4ad2e004b,c09e4f0,pilot-stage1-disease,102,9007,,0a9f06b6dff3de72,0.02,0,none,0.2,0.1,0,2,,,completed,extinction on day 135,544,505,39,0.765,153,14,32,84,135,135,0
0ca71e8a9b514d1eb276bb309a50cfd8,2850459fb0ec5f6a8f119550a20970717af2feafaf27b260253cea7db605fa58,c09e4f0,pilot-stage1-disease,102,9007,,0a9f06b6dff3de72,0.05,0,none,0.2,0.1,0,2,,,completed,extinction on day 93,924,853,71,0.96,192,18,68,25,93,93,0
d040399b129348a48c48640654c58ffc,fc396147f97a632bcaf379248a7ffb6a595e20ba39dc24b1f39fa6a24c5624e3,c09e4f0,pilot-stage1-disease,102,9007,,0a9f06b6dff3de72,0.1,0,none,0.2,0.1,0,2,,,completed,extinction on day 69,1385,1301,84,1.0,200,20,103,15,69,69,0
60443041a0bf409eb3d86242732a6b4a,2af1c9e349a72eadc345e917d751fd0503b45f7f984afd3bfb75c0809f81154c,c09e4f0,pilot-stage1-disease,102,9008,,0a9f06b6dff3de72,0.0,0,none,0.2,0.1,0,2,,,completed,extinction on day 38,0,0,0,0.05,10,1,8,4,38,38,0
ae4c6cb7f52c4c7e8188860bbd9347a1,d67e203ab6e62fcd85d92a735cdf6b1b7c584c7fa3abbc205c874170f45d341a,c09e4f0,pilot-stage1-disease,102,9008,,0a9f06b6dff3de72,0.01,0,none,0.2,0.1,0,2,,,completed,extinction on day 166,361,343,18,0.785,157,15,31,42,166,166,0
76205c31c947417baae20763335bf9ad,752282a26686ed4af9a67d522e81b35d96b64aaa90e4d74419d20d77ed81d4fa,c09e4f0,pilot-stage1-disease,102,9008,,0a9f06b6dff3de72,0.02,0,none,0.2,0.1,0,2,,,completed,extinction on day 128,538,510,28,0.7,140,12,29,48,128,128,0
bbd4d8ce24a445d2893a38e29212cf7a,337e3fbb8c619542d187a716ed6bd59fa247eec2ee06cbf4baebb57ef7d28a8f,c09e4f0,pilot-stage1-disease,102,9008,,0a9f06b6dff3de72,0.05,0,none,0.2,0.1,0,2,,,completed,extinction on day 111,1111,1017,94,1.0,200,20,73,29,111,111,0
23ee9f505f9e490caf9dfa53debbc1dd,fea607b9aba3e00defb6ec9ab928a4337a786d443394f278ca2dcd15e3bcf389,c09e4f0,pilot-stage1-disease,102,9008,,0a9f06b6dff3de72,0.1,0,none,0.2,0.1,0,2,,,completed,extinction on day 67,1372,1276,96,1.0,200,20,99,19,67,67,0
b397738c9caa421b9752ec087da1ac68,472aef03ec366f911d62162f1e738f43a9a29ed514441e77130701a2e23c4b6b,c09e4f0,pilot-stage1-disease,102,9009,,0a9f06b6dff3de72,0.0,0,none,0.2,0.1,0,2,,,completed,extinction on day 29,0,0,0,0.05,10,1,8,3,29,29,0
94e76ceb909440de8362d903107fe781,946dbbc1585831cd43980e7ff35c826bbe7727d29df7956b3b3813538d0a4c79,c09e4f0,pilot-stage1-disease,102,9009,,0a9f06b6dff3de72,0.01,0,none,0.2,0.1,0,2,,,completed,extinction on day 82,178,170,8,0.13,26,2,9,4,82,82,0
cc980c4237c348cd98df0d8c528fc704,04b66115ce8a8275fc55fd40eb457974899ba1324585eea0dd48fe04cd69b20b,c09e4f0,pilot-stage1-disease,102,9009,,0a9f06b6dff3de72,0.02,0,none,0.2,0.1,0,2,,,completed,extinction on day 34,136,135,1,0.16,32,3,21,6,34,34,0
e3706a2142634053b1cbeb55524c44d2,d8681af8a6eacba95ae732461750c38ca32bad976c825a3033b4683b6d3dda4c,c09e4f0,pilot-stage1-disease,102,9009,,0a9f06b6dff3de72,0.05,0,none,0.2,0.1,0,2,,,completed,extinction on day 78,772,729,43,1.0,200,20,82,18,78,78,0
9593fe2779724ebc89167cff73c9893e,510e8828ffc1dda2872383df8fb18bc25511978406dc23f9f0644691b5a447af,c09e4f0,pilot-stage1-disease,102,9009,,0a9f06b6dff3de72,0.1,0,none,0.2,0.1,0,2,,,completed,extinction on day 78,1582,1463,119,1.0,200,20,91,17,78,78,0
24d39f771fe5486dbfb1bf58bf8286cb,b9a9e427d5bf9af1687aefcfa805c391a0aaeb081b79fa59c95ac1d845cb6bfd,c09e4f0,pilot-stage1-disease,103,9000,,3eba5fa24d22e1a9,0.0,0,none,0.2,0.1,0,2,,,completed,extinction on day 35,0,0,0,0.05,10,1,9,5,35,35,0
369c08e41f914a828ab308de4470b762,2dc2234f524efb9da8ceac695f9b3e28eb190489688b05e5416821a62c1631eb,c09e4f0,pilot-stage1-disease,103,9000,,3eba5fa24d22e1a9,0.01,0,none,0.2,0.1,0,2,,,completed,extinction on day 102,206,202,4,0.21,42,4,17,37,102,102,0
30835c48263a4694a90a4713279e3ec1,765a2182c3bc545e677cd9cae2d21d55a5f3c13f0af25392243eb6a40ad2bd15,c09e4f0,pilot-stage1-disease,103,9000,,3eba5fa24d22e1a9,0.02,0,none,0.2,0.1,0,2,,,completed,extinction on day 109,426,399,27,0.27,54,5,14,50,109,109,0
62dc52c040234fea9979d752992364b8,98292f4cf2a1024a1e7a8b3afb8979d8beb8d64b0c73de78e268bcab21c1b13f,c09e4f0,pilot-stage1-disease,103,9000,,3eba5fa24d22e1a9,0.05,0,none,0.2,0.1,0,2,,,completed,extinction on day 96,967,923,44,0.995,199,20,58,53,96,96,0
d9d3d2db2b8b473abf53436481568803,229b78f3ee2e6da0dab08391fe5c48ed4e21e80383187bc4ac4cc51ea632f8c6,c09e4f0,pilot-stage1-disease,103,9000,,3eba5fa24d22e1a9,0.1,0,none,0.2,0.1,0,2,,,completed,extinction on day 71,1415,1336,79,1.0,200,20,75,30,71,71,0
22b271394e764e13a83c903db5ea80a7,53b74c10f86c1862cdceeb926b07b830c6ff986f01a94a1278903a4888a33da1,c09e4f0,pilot-stage1-disease,103,9001,,3eba5fa24d22e1a9,0.0,0,none,0.2,0.1,0,2,,,completed,extinction on day 29,0,0,0,0.05,10,1,9,5,29,29,0
8a5b1b9e92c145f7ad0262de7b62b08d,7680aad48fddddfad51901b1c7b164b6e07fc9518d4fb939f006e8ba31178370,c09e4f0,pilot-stage1-disease,103,9001,,3eba5fa24d22e1a9,0.01,0,none,0.2,0.1,0,2,,,completed,extinction on day 56,111,108,3,0.09,18,2,10,5,56,56,0
03473136ccda482bb418a945244390f9,ffd3285ef5151a5d4c31a09dacd64453bdd39b75160728c6cc6f0d4121747653,c09e4f0,pilot-stage1-disease,103,9001,,3eba5fa24d22e1a9,0.02,0,none,0.2,0.1,0,2,,,completed,extinction on day 148,573,550,23,0.73,146,14,33,82,148,148,0
f99ecb8e22d443ee80c33907b9c7925e,ce29e6810f89c92d7dbf20879d6cc64047b5dbd0e48784f68d8201f8a73be15d,c09e4f0,pilot-stage1-disease,103,9001,,3eba5fa24d22e1a9,0.05,0,none,0.2,0.1,0,2,,,completed,extinction on day 69,691,679,12,0.76,152,15,63,21,69,69,0
f7d7fc6166a9499d98ba7c0db66b945f,aaf90715effe0a2a5e013acbb42288db6a6665d2ae04a435971bbb62d362b369,c09e4f0,pilot-stage1-disease,103,9001,,3eba5fa24d22e1a9,0.1,0,none,0.2,0.1,0,2,,,completed,extinction on day 111,2201,2097,104,0.99,198,20,73,21,111,111,0
683ca412b465421f8d62aaff4cb9ec45,1f8ecbbcac276e44c4bced6c9adf9d266fc8d6bd736a01b1baa6324df199d1e1,c09e4f0,pilot-stage1-disease,103,9002,,3eba5fa24d22e1a9,0.0,0,none,0.2,0.1,0,2,,,completed,extinction on day 25,0,0,0,0.05,10,1,10,2,25,25,0
43db55fb5fdb4dd2aa2ccb0c05370aac,89946bd3aff4dea21e13062095096efebd33bbd9b96a89d752e37ec02519fdea,c09e4f0,pilot-stage1-disease,103,9002,,3eba5fa24d22e1a9,0.01,0,none,0.2,0.1,0,2,,,completed,extinction on day 25,47,44,3,0.055,11,1,10,2,25,25,0
0e98556086ec415c89f909ce7fbc0db4,5d386984e02616f1accfa16306ac8d87643b70cbc5b7fb5c99d51fa2435b94b5,c09e4f0,pilot-stage1-disease,103,9002,,3eba5fa24d22e1a9,0.02,0,none,0.2,0.1,0,2,,,completed,extinction on day 27,102,98,4,0.06,12,1,10,2,27,27,0
cfa414dab5854609b2e7128c2c5b87a8,c4322153e7618c7088b3dc24e8aded21d96ead9e383f8d2a82a0bd4e89a4d471,c09e4f0,pilot-stage1-disease,103,9002,,3eba5fa24d22e1a9,0.05,0,none,0.2,0.1,0,2,,,completed,extinction on day 91,892,859,33,1.0,200,20,80,31,91,91,0
121bed6aa227486b9f7db5cd5ea11f72,ddaaf026c59125591d40d623eedb8b5f00b076eba6243aec31eabcb876520480,c09e4f0,pilot-stage1-disease,103,9002,,3eba5fa24d22e1a9,0.1,0,none,0.2,0.1,0,2,,,completed,extinction on day 58,1103,1040,63,0.25,50,5,32,9,58,58,0
97e0b8cc238842e1be9e912191a488a3,99291199c7cb2a0db09e4b8a13ddef8dbc37d79b8fe55562c6a34d0ec13d1246,c09e4f0,pilot-stage1-disease,103,9003,,3eba5fa24d22e1a9,0.0,0,none,0.2,0.1,0,2,,,completed,extinction on day 1,0,0,0,0.005,1,1,1,0,1,1,0
04f73d076ed6454cbd80ffcdc0c2d480,41aeae20fbd955c3972865ee34810391ed183c2843e9412ea83b4062a76f9e3c,c09e4f0,pilot-stage1-disease,103,9003,,3eba5fa24d22e1a9,0.01,0,none,0.2,0.1,0,2,,,completed,extinction on day 1,3,3,0,0.005,1,1,1,0,1,1,0
11f995cb53c843c09642d03058d700c1,8962256c6beb1802d948c8eaac01a68c3386813a0fc062ef58ab4d73160eefb6,c09e4f0,pilot-stage1-disease,103,9003,,3eba5fa24d22e1a9,0.02,0,none,0.2,0.1,0,2,,,completed,extinction on day 1,5,5,0,0.005,1,1,1,0,1,1,0
6c124cc9abba4ebc9161ebe8149d7261,288f6a7d3ed54b801fd064be981fffd9d902a9d3e50b1a6bf13e42e8970e4e5e,c09e4f0,pilot-stage1-disease,103,9003,,3eba5fa24d22e1a9,0.05,0,none,0.2,0.1,0,2,,,completed,extinction on day 1,9,9,0,0.005,1,1,1,0,1,1,0
9f90928de24a420da869952234a22868,4d7e315f1f176ad82a964375020fb987e84110aa36ff7f9eb8028a86fa58275a,c09e4f0,pilot-stage1-disease,103,9003,,3eba5fa24d22e1a9,0.1,0,none,0.2,0.1,0,2,,,completed,extinction on day 1,16,16,0,0.005,1,1,1,0,1,1,0
98071d6de78a46a9bfb9cb63e727e97b,e0bffedaddb348847764ccd5039c608d3bea92dda2d3305b295f9f6badd1a4ca,c09e4f0,pilot-stage1-disease,103,9004,,3eba5fa24d22e1a9,0.0,0,none,0.2,0.1,0,2,,,completed,extinction on day 40,0,0,0,0.05,10,1,9,4,40,40,0
66463976be1645ce8f1fe30ca9baab4a,966ccb67dfc167d117ef841a64bf1ac0baf76ffaebb23210c15b2849a16125cf,c09e4f0,pilot-stage1-disease,103,9004,,3eba5fa24d22e1a9,0.01,0,none,0.2,0.1,0,2,,,completed,extinction on day 43,84,82,2,0.115,23,2,11,4,43,43,0
85db158b0b374552aac2f4d9db032dc3,0b965fb9881085509e762dc3df386722b70ca8e939eba98a5da345d1bf14f76e,c09e4f0,pilot-stage1-disease,103,9004,,3eba5fa24d22e1a9,0.02,0,none,0.2,0.1,0,2,,,completed,extinction on day 82,351,332,19,0.56,112,10,37,39,82,82,0
826342be549b44a29f99d91badfafb3d,c2e49ac18c77a93a582261e5c4798324fdb1b2293c588cd9c6d4f0f429690858,c09e4f0,pilot-stage1-disease,103,9004,,3eba5fa24d22e1a9,0.05,0,none,0.2,0.1,0,2,,,completed,extinction on day 91,934,884,50,1.0,200,20,56,29,91,91,0
252be56848e548b8a95634027609303c,c3559f00372f61d730ed915209b604e5a70080043492661291f9c36c4969f5ca,c09e4f0,pilot-stage1-disease,103,9004,,3eba5fa24d22e1a9,0.1,0,none,0.2,0.1,0,2,,,completed,extinction on day 85,1708,1613,95,1.0,200,20,57,22,85,85,0
fc8dce15496247a6b453ab1cd6827b76,645b28bccf95d32dcf9cce44f4ed587e39c6a6a8146cdf5cbfa7bf33fe0077d6,c09e4f0,pilot-stage1-disease,103,9005,,3eba5fa24d22e1a9,0.0,0,none,0.2,0.1,0,2,,,completed,extinction on day 23,0,0,0,0.05,10,1,9,3,23,23,0
a9a789eed32243b7b066ab3627b18b63,21bad6d36bd103a4a39ab27b50d5d2ce8a31e21a3f9866f3e7050297ae250a84,c09e4f0,pilot-stage1-disease,103,9005,,3eba5fa24d22e1a9,0.01,0,none,0.2,0.1,0,2,,,completed,extinction on day 74,160,150,10,0.245,49,5,20,48,74,74,0
64adc13407c44dcfaf33960ae486d664,b402d88338efc2b63559f2410a50ad81e89c5df140fa31bfabf34ae87fad844f,c09e4f0,pilot-stage1-disease,103,9005,,3eba5fa24d22e1a9,0.02,0,none,0.2,0.1,0,2,,,completed,extinction on day 122,524,504,20,0.5,100,10,26,76,122,122,0
0f2f076b7f9e461d8d7b04fcde7f382b,b74b9668e4bf870d3af17b8895f1a57f59a25cc4e3f2e87ca94972b198042d2f,c09e4f0,pilot-stage1-disease,103,9005,,3eba5fa24d22e1a9,0.05,0,none,0.2,0.1,0,2,,,completed,extinction on day 102,1064,1018,46,0.99,198,20,49,16,102,102,0
fa48db75aeda4e96b98c93bf6a0b1022,04876099090fc595125edd2f369e8ccdbf996bda99262f9e55b75d1f3781adaa,c09e4f0,pilot-stage1-disease,103,9005,,3eba5fa24d22e1a9,0.1,0,none,0.2,0.1,0,2,,,completed,extinction on day 65,1289,1243,46,1.0,200,20,64,22,65,65,0
c2d0233c642942f08d3978ed8a156569,7e7d2c48baae17901d350fd81ab63e16ba086b0b8f912457b76393611f17218c,c09e4f0,pilot-stage1-disease,103,9006,,3eba5fa24d22e1a9,0.0,0,none,0.2,0.1,0,2,,,completed,extinction on day 1,0,0,0,0.005,1,1,1,0,1,1,0
04a20651626d4f1fb4bc77c2324001f1,3f5c5cc209b6b39a9634269191c52c9fed463db2441539a0caee160e4eb2219a,c09e4f0,pilot-stage1-disease,103,9006,,3eba5fa24d22e1a9,0.01,0,none,0.2,0.1,0,2,,,completed,extinction on day 1,5,5,0,0.005,1,1,1,0,1,1,0
8f068fbf6b144e2ba82622a077d47123,4e7b55b89ec2850da02c5ea1f94ddb2ad8c25acd45f51cf9f1177d75eb76a28f,c09e4f0,pilot-stage1-disease,103,9006,,3eba5fa24d22e1a9,0.02,0,none,0.2,0.1,0,2,,,completed,extinction on day 1,6,6,0,0.005,1,1,1,0,1,1,0
96bcb31fe6554d55a440d915997c62a9,eb0922e557f1cc649917b5a01b783529089e8d1a2e99f2a605a17b2df31bb91e,c09e4f0,pilot-stage1-disease,103,9006,,3eba5fa24d22e1a9,0.05,0,none,0.2,0.1,0,2,,,completed,extinction on day 1,14,14,0,0.005,1,1,1,0,1,1,0
86e690d218004e8e980f87b1dd4cba5b,a4d508e3dd49e6f9aa83eb1cb8e123a1594da3bd8abbdb9163e0b75c21fa70d9,c09e4f0,pilot-stage1-disease,103,9006,,3eba5fa24d22e1a9,0.1,0,none,0.2,0.1,0,2,,,completed,extinction on day 1,19,19,0,0.005,1,1,1,0,1,1,0
96aa5d84f45444309c5d734ca9c96aec,668ec75798e57c049064e4a73b2639bb1a61c5a2581d1c606bd9cccaa30f4072,c09e4f0,pilot-stage1-disease,103,9007,,3eba5fa24d22e1a9,0.0,0,none,0.2,0.1,0,2,,,completed,extinction on day 29,0,0,0,0.05,10,1,9,4,29,29,0
45278f6d9bbf4ae0a07fceabea83b5af,dd567ae503b006f53f5958622f0eefe7ef845f5ed3e0e32d612359407e387839,c09e4f0,pilot-stage1-disease,103,9007,,3eba5fa24d22e1a9,0.01,0,none,0.2,0.1,0,2,,,completed,extinction on day 84,172,167,5,0.21,42,4,12,59,84,84,0
1f2a62287495434c8146c087e1cc7dfc,fdaf4a30cf5a4806951c11fbcca100dda949222e5f495295998675752d5d2b0f,c09e4f0,pilot-stage1-disease,103,9007,,3eba5fa24d22e1a9,0.02,0,none,0.2,0.1,0,2,,,completed,extinction on day 74,283,268,15,0.29,58,5,20,21,74,74,0
3f63a4d1e22b423aab159f49dccf5c98,7f6eba3c4673f50dd23c715cf6d39884193ceea9be5344a0fc4f960106047d4e,c09e4f0,pilot-stage1-disease,103,9007,,3eba5fa24d22e1a9,0.05,0,none,0.2,0.1,0,2,,,completed,extinction on day 123,1203,1176,27,0.995,199,20,52,51,123,123,0
e4aa03d440024218927ced6d85edf819,06dc12fdbccc3884f98f1dab361a0c12cb70a954aefd2242996d42f31d130ceb,c09e4f0,pilot-stage1-disease,103,9007,,3eba5fa24d22e1a9,0.1,0,none,0.2,0.1,0,2,,,completed,extinction on day 85,1723,1631,92,0.995,199,20,68,13,85,85,0
a4538ffed1be46f0b8d305a111fe7d6d,6b6d5aad6211da72548d476cb9b461293788ac8bbef72a69ad9555f43e17ee2d,c09e4f0,pilot-stage1-disease,103,9008,,3eba5fa24d22e1a9,0.0,0,none,0.2,0.1,0,2,,,completed,extinction on day 38,0,0,0,0.05,10,1,8,4,38,38,0
f2cbebd5fc71449fab0f52172b976af7,a9463540438804620bd9a1bbc3a251e1f548aaf98ccb8d9f72bd720358c3e982,c09e4f0,pilot-stage1-disease,103,9008,,3eba5fa24d22e1a9,0.01,0,none,0.2,0.1,0,2,,,completed,extinction on day 91,199,191,8,0.415,83,8,24,68,91,91,0
c278578448da4657853a92a14f69947e,7fcbacab31677864519cab75d3dc28c4c3b1da551747e3659000600262fab6e0,c09e4f0,pilot-stage1-disease,103,9008,,3eba5fa24d22e1a9,0.02,0,none,0.2,0.1,0,2,,,completed,extinction on day 87,367,353,14,0.2,40,3,17,39,87,87,0
409ed47b73e74e74adf2239a39870533,ccfe0d731c20b0e9b72e71162915f6539eec46fb1b05892713c360677982c1ae,c09e4f0,pilot-stage1-disease,103,9008,,3eba5fa24d22e1a9,0.05,0,none,0.2,0.1,0,2,,,completed,extinction on day 76,753,717,36,0.79,158,15,63,29,76,76,0
c9eb7ac765f6475c9f56306abfb5b28b,317a7b659757b3b3bdbcc153d7d5b4315b8dd194133bcf638c731b25d4c7a663,c09e4f0,pilot-stage1-disease,103,9008,,3eba5fa24d22e1a9,0.1,0,none,0.2,0.1,0,2,,,completed,extinction on day 67,1372,1305,67,1.0,200,20,90,20,67,67,0
854b64f44d5a49689d890796e69e50ef,b515e11fcaf83cd86baf266f0dfaf53623010c6c253b5eef597833123794e3d6,c09e4f0,pilot-stage1-disease,103,9009,,3eba5fa24d22e1a9,0.0,0,none,0.2,0.1,0,2,,,completed,extinction on day 29,0,0,0,0.05,10,1,8,3,29,29,0
ca027672f91f473faac9d19b4c16c303,c163a81cf1fe674665029729ca61fdccda511dae72f9f0354528fac3e0418ff8,c09e4f0,pilot-stage1-disease,103,9009,,3eba5fa24d22e1a9,0.01,0,none,0.2,0.1,0,2,,,completed,extinction on day 38,75,75,0,0.075,15,1,9,4,38,38,0
3c37c0a16d424cefa267aa5d7d1f3356,87031e28455f3ed5bb84df63c51d5ace8235750f114de3ae99df6997ea187b99,c09e4f0,pilot-stage1-disease,103,9009,,3eba5fa24d22e1a9,0.02,0,none,0.2,0.1,0,2,,,completed,extinction on day 95,391,370,21,0.255,51,5,25,8,95,95,0
3da868207e0e436e9b42b72ac8255fb8,91fc6dc62278cb2371094e115c27f394b958f1d003a40804574cba5168e35b52,c09e4f0,pilot-stage1-disease,103,9009,,3eba5fa24d22e1a9,0.05,0,none,0.2,0.1,0,2,,,completed,extinction on day 78,772,747,25,1.0,200,20,67,16,78,78,0
15a4195babe44f54a02b72774cb94a93,b14df0ee38abe657d64f6430fd8cb2bbbecb59a64f4f342efdbab116dce81fa1,c09e4f0,pilot-stage1-disease,103,9009,,3eba5fa24d22e1a9,0.1,0,none,0.2,0.1,0,2,,,completed,extinction on day 78,1582,1481,101,1.0,200,20,75,30,78,78,0
4596727a2fe04af582f759d986dcb00d,7220d16d721ff01b2452a93b6ab9528ff05ec0e7daad8944464ed55b9bdc1459,c09e4f0,pilot-stage1-disease,104,9000,,bc0241eae73e5142,0.0,0,none,0.2,0.1,0,2,,,completed,extinction on day 35,0,0,0,0.05,10,1,9,5,35,35,0
a6356695c89a4a208fe0e45ffeec472c,ac7e4b3c89ad23dada823a7c569397867f5fc144e7a6c9de6769c5c5c581277e,c09e4f0,pilot-stage1-disease,104,9000,,bc0241eae73e5142,0.01,0,none,0.2,0.1,0,2,,,completed,extinction on day 53,103,94,9,0.11,22,2,11,6,53,53,0
52df1fff584c43ca911dcd1046e6ba90,086131f38d9c9a1ea5db66484a4ca89c54364bce29f82add58d69d068a0c2be1,c09e4f0,pilot-stage1-disease,104,9000,,bc0241eae73e5142,0.02,0,none,0.2,0.1,0,2,,,completed,extinction on day 67,278,251,27,0.235,47,4,19,17,67,67,0
7f45a8ec554b49bb9e8e8cf96b412525,a4a66fd879fc2d2964bf3d9452e1aa11b428f0f31524deffef3619136f4c7fbd,c09e4f0,pilot-stage1-disease,104,9000,,bc0241eae73e5142,0.05,0,none,0.2,0.1,0,2,,,completed,extinction on day 96,967,881,86,0.99,198,19,50,44,96,96,0
bf2a11565894414683f148b9c3dbe65e,7d13b4fafabee25922ad81277fb471ff8ca4df4e0b70fff5b1d40ee852a6ad45,c09e4f0,pilot-stage1-disease,104,9000,,bc0241eae73e5142,0.1,0,none,0.2,0.1,0,2,,,completed,extinction on day 62,1248,1150,98,1.0,200,20,74,25,62,62,0
dd4dd5e3bf834c6bb566d970c656f239,0df4c6d977ece9bdff8ef600dbef55d5e3232a69cac9e0728f1ce7473b89eeaf,c09e4f0,pilot-stage1-disease,104,9001,,bc0241eae73e5142,0.0,0,none,0.2,0.1,0,2,,,completed,extinction on day 29,0,0,0,0.05,10,1,9,5,29,29,0
a538e1e1ed774f37a4b26f33b0468587,0b3936c728232c4e4ccb64f483019c99389a857051a5a6ee6116efe33b071034,c09e4f0,pilot-stage1-disease,104,9001,,bc0241eae73e5142,0.01,0,none,0.2,0.1,0,2,,,completed,extinction on day 68,134,118,16,0.15,30,3,11,20,68,68,0
3ce7e225d0db4f1097895d3ebac94283,27cbdf8527feaaadd05cdee4433f14bc897d20ed02141cc126899226a30512f0,c09e4f0,pilot-stage1-disease,104,9001,,bc0241eae73e5142,0.02,0,none,0.2,0.1,0,2,,,completed,extinction on day 134,535,491,44,0.48,96,9,23,59,134,134,0
0de2fc7b034440a989bf948622904f12,30794531b8f4f1ed0f75d0fafa3137a04765e053dfca1a433ff77dea44523cba,c09e4f0,pilot-stage1-disease,104,9001,,bc0241eae73e5142,0.05,0,none,0.2,0.1,0,2,,,completed,extinction on day 80,815,748,67,0.97,194,19,53,37,80,80,0
b9e1d571d6d34cd7ad66636cd5fe98f8,cd468f171bb334be728e3df7308796d2a901d6abfa53048e58c021fbbf2494ff,c09e4f0,pilot-stage1-disease,104,9001,,bc0241eae73e5142,0.1,0,none,0.2,0.1,0,2,,,completed,extinction on day 69,1399,1273,126,1.0,200,20,106,18,69,69,0
b18cb2745398414a8d9ec82f43d6690a,58cb0f651a39ee7c3882d77590892ea9c3f3ed3af06d1c4f6ce006ea147f4034,c09e4f0,pilot-stage1-disease,104,9002,,bc0241eae73e5142,0.0,0,none,0.2,0.1,0,2,,,completed,extinction on day 25,0,0,0,0.05,10,1,10,2,25,25,0
4019edad7a0e4fa093a8ad36b12fee06,1b81cb4b6a5c5fa44f5360dad5eb32cf34bf1e5c85605e0fa0d6d48bfd7331fb,c09e4f0,pilot-stage1-disease,104,9002,,bc0241eae73e5142,0.01,0,none,0.2,0.1,0,2,,,completed,extinction on day 25,47,45,2,0.06,12,1,11,2,25,25,0
7b67677fab0d45aab507056d36f0b943,aa48b9ea74f0908bcb2244f9d5a3ad239693cb86ddcaae8fa95cffbd22ad1ec9,c09e4f0,pilot-stage1-disease,104,9002,,bc0241eae73e5142,0.02,0,none,0.2,0.1,0,2,,,completed,extinction on day 50,179,171,8,0.075,15,2,11,2,50,50,0
824cbf93c2c94af3a6a210b6b85b8b87,610887e53f8f1e3daca469b6d4fb8612c207f0c50d9e3ba26177d36c03922375,c09e4f0,pilot-stage1-disease,104,9002,,bc0241eae73e5142,0.05,0,none,0.2,0.1,0,2,,,completed,extinction on day 73,720,672,48,1.0,200,20,93,19,73,73,0
28ad0226a43c4d158639288f96f4cb41,d98c5c8d80ce34dfa6969eacf726b3267bbb5546fdc0d010a379f1809a79cedf,c09e4f0,pilot-stage1-disease,104,9002,,bc0241eae73e5142,0.1,0,none,0.2,0.1,0,2,,,completed,extinction on day 60,1144,1049,95,1.0,200,20,105,10,60,60,0
b6d12f86a7914735bbda99d662563fa3,5a34295412321593d17cdf016e118ba9c3fb5505242a29954032af681a032729,c09e4f0,pilot-stage1-disease,104,9003,,bc0241eae73e5142,0.0,0,none,0.2,0.1,0,2,,,completed,extinction on day 1,0,0,0,0.005,1,1,1,0,1,1,0
37e9654a191841e7b76a66bb0167355c,4efb501779193ba4fa21311172abbe40f3fe51116fc12416a07da559a27e684a,c09e4f0,pilot-stage1-disease,104,9003,,bc0241eae73e5142,0.01,0,none,0.2,0.1,0,2,,,completed,extinction on day 1,3,3,0,0.005,1,1,1,0,1,1,0
bf141287d8d34d6db2aff1be27fa62ea,d1f6a7f06fa327a05536b5b356af8417c28c1d4fdd0df1cf5a3ee78470f37139,c09e4f0,pilot-stage1-disease,104,9003,,bc0241eae73e5142,0.02,0,none,0.2,0.1,0,2,,,completed,extinction on day 1,5,5,0,0.005,1,1,1,0,1,1,0
735b650d70c842cca4ff481929a00bda,8eda1a55c8bfcffaae1523e860d4879a1f9f76fb0bb805d7a096f989aebcd7cf,c09e4f0,pilot-stage1-disease,104,9003,,bc0241eae73e5142,0.05,0,none,0.2,0.1,0,2,,,completed,extinction on day 1,9,9,0,0.005,1,1,1,0,1,1,0
24eb5d3f97614c14baed6dd08ede850c,01450e9ff8655d75b24b4865ca2f946e583cc7ce3eec985959253e1864597bd4,c09e4f0,pilot-stage1-disease,104,9003,,bc0241eae73e5142,0.1,0,none,0.2,0.1,0,2,,,completed,extinction on day 1,16,16,0,0.005,1,1,1,0,1,1,0
56b40ff2f8ef438898a0d0b9ed435c87,226028925795f3e61048eda00cb3f163ff35a7f7465464dbe1ac5fb1afd81168,c09e4f0,pilot-stage1-disease,104,9004,,bc0241eae73e5142,0.0,0,none,0.2,0.1,0,2,,,completed,extinction on day 40,0,0,0,0.05,10,1,9,4,40,40,0
4805b4c1e9a4434b8854f2eebe556aaa,d75016d624b37e122559548e8972e1240ed8f2ac7af91721d9568e332e26b96b,c09e4f0,pilot-stage1-disease,104,9004,,bc0241eae73e5142,0.01,0,none,0.2,0.1,0,2,,,completed,extinction on day 51,106,103,3,0.125,25,2,13,17,51,51,0
d2df49bbf87244bf838fa33733f68112,c788a25bc85c97646e535de543631ac3dd0cb8e9b59050f3b70afc77025b110b,c09e4f0,pilot-stage1-disease,104,9004,,bc0241eae73e5142,0.02,0,none,0.2,0.1,0,2,,,completed,extinction on day 85,363,343,20,0.395,79,7,25,21,85,85,0
bc106e1158214520afe8e59a7ee5862d,cf928b130fb3bfbf7edf6f0e0930e394fe55749cc08d6238fecac78e8aa3de40,c09e4f0,pilot-stage1-disease,104,9004,,bc0241eae73e5142,0.05,0,none,0.2,0.1,0,2,,,completed,extinction on day 85,871,815,56,0.995,199,20,55,33,85,85,0
361411624fb544f28a799ad040addf7d,e3e2da8499225f29caa3e98b52b2134addb3d0ac5b31017d4fa88fc088af9a78,c09e4f0,pilot-stage1-disease,104,9004,,bc0241eae73e5142,0.1,0,none,0.2,0.1,0,2,,,completed,extinction on day 85,1708,1565,143,1.0,200,20,110,13,85,85,0
4b9e896c291e4ac5b9e75412370a8bb9,e561f3e980f7fd86a5dce749294131360cce0b6b9819eb3574ef788f41691bdf,c09e4f0,pilot-stage1-disease,104,9005,,bc0241eae73e5142,0.0,0,none,0.2,0.1,0,2,,,completed,extinction on day 23,0,0,0,0.05,10,1,9,3,23,23,0
b95887f77ec64d579fc0eac12eee87cc,d570c6301e49d49c83416d6539c669c77d526e1188e78a4a99fd77ff4c072028,c09e4f0,pilot-stage1-disease,104,9005,,bc0241eae73e5142,0.01,0,none,0.2,0.1,0,2,,,completed,extinction on day 64,136,131,5,0.17,34,3,14,22,64,64,0
104ec3a4b5db4065bd68b56377ddf46c,e78039c2c2b036655fa5f3e31df8be418dee0753a14d626ab4de2db87ab0d023,c09e4f0,pilot-stage1-disease,104,9005,,bc0241eae73e5142,0.02,0,none,0.2,0.1,0,2,,,completed,extinction on day 44,184,171,13,0.22,44,4,17,22,44,44,0
8d774abfeef846b3b54b738a8abc814d,4f84bcfc7bfd59878ec8851d548a3bf6263ac4a253ac31c3dfa8fdbff8522089,c09e4f0,pilot-stage1-disease,104,9005,,bc0241eae73e5142,0.05,0,none,0.2,0.1,0,2,,,completed,extinction on day 107,1113,1021,92,0.96,192,19,34,65,107,107,0
64115301b6814cdb97e48e6f9d7e9bcc,21396ffc2cd16f35ade2fe8b7bdf911bd2cdcb26c81466e828638a847defc9e5,c09e4f0,pilot-stage1-disease,104,9005,,bc0241eae73e5142,0.1,0,none,0.2,0.1,0,2,,,completed,extinction on day 65,1289,1204,85,1.0,200,20,82,19,65,65,0
0f9260299e124c36aa5966a43746126b,cc1c7cd2af1d21e8bf1ce63f7065aad2dfbe68ab618d7f9516b4d11f846647d6,c09e4f0,pilot-stage1-disease,104,9006,,bc0241eae73e5142,0.0,0,none,0.2,0.1,0,2,,,completed,extinction on day 1,0,0,0,0.005,1,1,1,0,1,1,0
2cf581f4b24342dcbbbf1ae4cab74821,e79f3e3a6e8664149e36de9913f3ca087870e101c9e1afe88b7e338fabe4fc5b,c09e4f0,pilot-stage1-disease,104,9006,,bc0241eae73e5142,0.01,0,none,0.2,0.1,0,2,,,completed,extinction on day 1,5,5,0,0.005,1,1,1,0,1,1,0
f4e4b691eac2428584fdc8f403233635,5dadb06a851e6a612f46c8755b2d33d5d7760fb9351329cadd4b5c26911d352b,c09e4f0,pilot-stage1-disease,104,9006,,bc0241eae73e5142,0.02,0,none,0.2,0.1,0,2,,,completed,extinction on day 1,6,6,0,0.005,1,1,1,0,1,1,0
0e79e30721b5438aa7c3b3ceef0375c6,38516892c9582fae40a035c06ea48705219f4a3185c7eac4c8fe25dcbe5db3e6,c09e4f0,pilot-stage1-disease,104,9006,,bc0241eae73e5142,0.05,0,none,0.2,0.1,0,2,,,completed,extinction on day 1,14,14,0,0.005,1,1,1,0,1,1,0
c1339ff5d2794347b7d3d3bff42b1ec8,3d5152108c4f462ad75a26a759c9e9965c765e23d58123655382efcf5254f1b8,c09e4f0,pilot-stage1-disease,104,9006,,bc0241eae73e5142,0.1,0,none,0.2,0.1,0,2,,,completed,extinction on day 1,19,19,0,0.005,1,1,1,0,1,1,0
581ddde558e44aa2994bdcf62891748d,90d2bc977700ecc6ae50911e5a06c4a80051e4e0ba05e2a7999f5e0dff7c2e86,c09e4f0,pilot-stage1-disease,104,9007,,bc0241eae73e5142,0.0,0,none,0.2,0.1,0,2,,,completed,extinction on day 29,0,0,0,0.05,10,1,9,4,29,29,0
9dc2be788fe248dbbafa881c254f2409,c5afb0985c206fde825038c648760f3e039286bc28eafb637eaabaefa65177ac,c09e4f0,pilot-stage1-disease,104,9007,,bc0241eae73e5142,0.01,0,none,0.2,0.1,0,2,,,completed,extinction on day 41,76,70,6,0.095,19,2,11,12,41,41,0
24c339fa2c444919ad3ec9c0b4cb3a57,e78e3f28f194228e2f551782dbf916c3397f1c27f513225b4f421e373fed414e,c09e4f0,pilot-stage1-disease,104,9007,,bc0241eae73e5142,0.02,0,none,0.2,0.1,0,2,,,completed,extinction on day 74,283,272,11,0.165,33,3,18,7,74,74,0
21c80f45a8584437b0144f2d3e6d054c,03de12241881474db4e3a5c2e4fc2393da5745af34fb97adebe7aa11020080ac,c09e4f0,pilot-stage1-disease,104,9007,,bc0241eae73e5142,0.05,0,none,0.2,0.1,0,2,,,completed,extinction on day 120,1173,1075,98,1.0,200,20,72,24,120,120,0
96820d2258ae4ef08e21894bdee0d312,11f07710bfcb958250c7fa73b9dbd999753db47f5a9ade8fb2c01b5b73876e18,c09e4f0,pilot-stage1-disease,104,9007,,bc0241eae73e5142,0.1,0,none,0.2,0.1,0,2,,,completed,extinction on day 85,1723,1581,142,0.975,195,19,60,28,85,85,0
b7dcd04e30264d559dcc623ca0af6b08,d93100c2753c4673609bca574dbcb2f85c92c13f47708c62cecfcfb54f26d433,c09e4f0,pilot-stage1-disease,104,9008,,bc0241eae73e5142,0.0,0,none,0.2,0.1,0,2,,,completed,extinction on day 38,0,0,0,0.05,10,1,8,4,38,38,0
14c7eef88e0241f0941d76bfb623d81b,f426e6bda63bc66c24835fae8ed841b4a79110688978685fa35994a8f923d965,c09e4f0,pilot-stage1-disease,104,9008,,bc0241eae73e5142,0.01,0,none,0.2,0.1,0,2,,,completed,extinction on day 100,220,201,19,0.365,73,7,18,66,100,100,0
bf9ab63dc3d3498895b75c00036abf18,5db851543f9e110c1a9a498856f6d32ebe24238801ea8282dca683e0978a6a30,c09e4f0,pilot-stage1-disease,104,9008,,bc0241eae73e5142,0.02,0,none,0.2,0.1,0,2,,,completed,extinction on day 97,412,381,31,0.755,151,15,34,29,97,97,0
6f0296f4d1864381be46b27027ad9ea4,2df49a9f9f0cbb62f8645f8cfcd9a3eb646eef496bb9a12fcf8f69c87a316bea,c09e4f0,pilot-stage1-disease,104,9008,,bc0241eae73e5142,0.05,0,none,0.2,0.1,0,2,,,completed,extinction on day 77,763,719,44,1.0,200,20,73,23,77,77,0
d4c2e95bb6d14b72aa0c2446524cc6f1,6addcb52e0b7c4489d046738df7915ee4ce09fde48871930b0f3a6222662d6c9,c09e4f0,pilot-stage1-disease,104,9008,,bc0241eae73e5142,0.1,0,none,0.2,0.1,0,2,,,completed,extinction on day 76,1534,1433,101,1.0,200,20,102,23,76,76,0
16ab94b1644b444fa11248b213557ca7,1125ea0bd95036c900fba6c58a802d63a0201cc0fe0e39011c94e2edd6771d2b,c09e4f0,pilot-stage1-disease,104,9009,,bc0241eae73e5142,0.0,0,none,0.2,0.1,0,2,,,completed,extinction on day 29,0,0,0,0.05,10,1,8,3,29,29,0
a4e86b37793f459a8dc4b3444484f091,54b9730b0e80d03c0542d0de599035ef0c626713db220d2f8f83aeafaaa9ca86,c09e4f0,pilot-stage1-disease,104,9009,,bc0241eae73e5142,0.01,0,none,0.2,0.1,0,2,,,completed,extinction on day 29,53,52,1,0.065,13,1,9,4,29,29,0
e0edae9cd2844cdab612e8c7932f896c,43418d153a219bd853a1cce4b90f4652da6abfef80c18100243c4801e9212c6f,c09e4f0,pilot-stage1-disease,104,9009,,bc0241eae73e5142,0.02,0,none,0.2,0.1,0,2,,,completed,extinction on day 34,136,128,8,0.155,31,3,14,6,34,34,0
a49a18559e3247e1b1e328ca128dd61e,bc247c13b47251f7958e77e9726d74db42082c3d7a186bccb5b42fb7771968a8,c09e4f0,pilot-stage1-disease,104,9009,,bc0241eae73e5142,0.05,0,none,0.2,0.1,0,2,,,completed,extinction on day 91,922,850,72,1.0,200,20,78,28,91,91,0
b381d394143042659f7a22b24ef4cb97,e81b4f85e1d7bde4f8a9c93943f4d23496f405b0acc5eef9e48b3b147b4f460b,c09e4f0,pilot-stage1-disease,104,9009,,bc0241eae73e5142,0.1,0,none,0.2,0.1,0,2,,,completed,extinction on day 78,1582,1430,152,0.985,197,19,68,28,78,78,0
3378f86b50e64a2a9a241cf6805e3c6e,31ee2067acee0666f812cad2ef8f97e86946d81898d1723f71f07f4a54f1ee8a,c09e4f0,pilot-stage1-disease,100,9000,,ecc984f043b744b6,0.0,0,none,0.2,0.2,0,2,,,completed,extinction on day 19,0,0,0,0.05,10,1,7,3,19,19,0
f98996233559458fba58ea90218a8d3d,71884243840073fe987d466ed2196f10890296ff4ceb8ecd549710404e519135,c09e4f0,pilot-stage1-disease,100,9000,,ecc984f043b744b6,0.01,0,none,0.2,0.2,0,2,,,completed,extinction on day 19,43,41,2,0.05,10,1,7,3,19,19,0
df258c7713a5480fafbc7c0a71affec3,bf6dcaf0b46e6679d823119977ac4136f3dce368ef46a519703aaaed1ba569fa,c09e4f0,pilot-stage1-disease,100,9000,,ecc984f043b744b6,0.02,0,none,0.2,0.2,0,2,,,completed,extinction on day 27,104,84,20,0.165,33,3,16,11,27,27,0
402f075e77114b44a3fdd701f73b5805,2f01ced93ee9de76e7cc3714bb2d213cc669fdd94a848b26a8fb3a5506f86f47,c09e4f0,pilot-stage1-disease,100,9000,,ecc984f043b744b6,0.05,0,none,0.2,0.2,0,2,,,completed,extinction on day 40,416,351,65,0.205,41,4,14,9,40,40,0
39a84fb598574e098e26600f3d2111b6,8ffbd45d4c0c477bac5e4d6a7103c93c73497e666a986a30f86e28f15504b327,c09e4f0,pilot-stage1-disease,100,9000,,ecc984f043b744b6,0.1,0,none,0.2,0.2,0,2,,,completed,extinction on day 44,897,797,100,0.315,63,6,16,9,44,44,0
c85e028a8ab44b9f9645f8e7b4d46fe7,dcaa681e4faaf6c50106f4d0612b0e7f34cd06d769f23b881c91faeb6dd83e74,c09e4f0,pilot-stage1-disease,100,9001,,ecc984f043b744b6,0.0,0,none,0.2,0.2,0,2,,,completed,extinction on day 24,0,0,0,0.05,10,1,9,5,24,24,0
f481d7584e60438395e00ca64159e212,1b875e5e97be943136ea2cab2958494373c32a76c3156f329c67bc513ac105d7,c09e4f0,pilot-stage1-disease,100,9001,,ecc984f043b744b6,0.01,0,none,0.2,0.2,0,2,,,completed,extinction on day 32,61,56,5,0.105,21,2,9,5,32,32,0
6ddaaf5fb5c84c0491015e75e064852a,7c678af9fbd20bf857c66e0db46e4bd7cea0e9c936c9264a548b29dff85127da,c09e4f0,pilot-stage1-disease,100,9001,,ecc984f043b744b6,0.02,0,none,0.2,0.2,0,2,,,completed,extinction on day 48,185,162,23,0.135,27,2,10,20,48,48,0
8c0b257778b145fa8d52dc3be60a4abe,de39d6a66ccdca09952213fcc8028df9cebc359901b92752a0a36f579a516396,c09e4f0,pilot-stage1-disease,100,9001,,ecc984f043b744b6,0.05,0,none,0.2,0.2,0,2,,,completed,extinction on day 48,482,410,72,0.21,42,4,13,7,48,48,0
30e8e0cf6c314d319398810f93467d56,1427317f66a741e2d78383739c28cdd374494edf73be389cda1c4a3c2158b31d,c09e4f0,pilot-stage1-disease,100,9001,,ecc984f043b744b6,0.1,0,none,0.2,0.2,0,2,,,completed,extinction on day 59,1206,1071,135,0.99,198,20,54,18,59,59,0
f05d476199dc47788f8dac6136a7337b,762405569bc78f41211e3970a4e6850dddcf4680eb1dc7f8d2177bb8c1e2a3a9,c09e4f0,pilot-stage1-disease,100,9002,,ecc984f043b744b6,0.0,0,none,0.2,0.2,0,2,,,completed,extinction on day 15,0,0,0,0.05,10,1,10,2,15,15,0
fda58b6bc2734f28b7f95eabc6027be2,f98d5ad449bbfd9ac6105b1fb7128c86e5de7cfa5732a29d282208f3a28e1407,c09e4f0,pilot-stage1-disease,100,9002,,ecc984f043b744b6,0.01,0,none,0.2,0.2,0,2,,,completed,extinction on day 17,25,24,1,0.06,12,1,11,2,17,17,0
58aaf6c3c70941dd938a34532335eed4,48d2355a32091adf9f66ca27eaeb1d9ce4dcb4b63b403baa49b6640754b8125b,c09e4f0,pilot-stage1-disease,100,9002,,ecc984f043b744b6,0.02,0,none,0.2,0.2,0,2,,,completed,extinction on day 28,105,92,13,0.07,14,1,11,2,28,28,0
f6e1cbc53be5441aa348f62b687b6fdf,433da3c29f6a324c2e2792b0528f4650082fb9b624425b266eda5110e53772d8,c09e4f0,pilot-stage1-disease,100,9002,,ecc984f043b744b6,0.05,0,none,0.2,0.2,0,2,,,completed,extinction on day 45,449,407,42,0.35,70,7,21,8,45,45,0
7add560690014eb9bbbd27ae758dae99,6d0967179c3f370b42409d2b73b2e0425c9d9f6912941ce94feb59539ca5ddf9,c09e4f0,pilot-stage1-disease,100,9002,,ecc984f043b744b6,0.1,0,none,0.2,0.2,0,2,,,completed,extinction on day 48,934,836,98,1.0,200,20,65,13,48,48,0
264aab9655454b4bb49de7a8ce2a93df,9563c753c51c7b96fe1907631e01222aa78be945536f3fb8e31570c9e6073275,c09e4f0,pilot-stage1-disease,100,9003,,ecc984f043b744b6,0.0,0,none,0.2,0.2,0,2,,,completed,extinction on day 1,0,0,0,0.005,1,1,1,0,1,1,0
14820648be6e430fb128f78fafcf1764,44a9d00b4c0135cf3a356189060f1d14c0400c40620dd8e98d3e7651a3fb4e68,c09e4f0,pilot-stage1-disease,100,9003,,ecc984f043b744b6,0.01,0,none,0.2,0.2,0,2,,,completed,extinction on day 1,3,3,0,0.005,1,1,1,0,1,1,0
31955b4e0fcc41d2a621d9ea92505efd,718f66d7872e0ed3371f360657528c368bd67d172a44a0f5c3b2f73e4b41cc7e,c09e4f0,pilot-stage1-disease,100,9003,,ecc984f043b744b6,0.02,0,none,0.2,0.2,0,2,,,completed,extinction on day 1,5,5,0,0.005,1,1,1,0,1,1,0
25582ca79e3d4ed0abf4eb6ce17df105,33624878cd675b9d5385396ad86457f6bae398c628769d092f6fa71bd7fd495f,c09e4f0,pilot-stage1-disease,100,9003,,ecc984f043b744b6,0.05,0,none,0.2,0.2,0,2,,,completed,extinction on day 1,9,9,0,0.005,1,1,1,0,1,1,0
56c594ff7ddb4750bead6da5af61c20c,042c04d210490ae0a4456eab4fab891c3cc065f1d0cff18c596b7bd0f7eb694e,c09e4f0,pilot-stage1-disease,100,9003,,ecc984f043b744b6,0.1,0,none,0.2,0.2,0,2,,,completed,extinction on day 1,16,16,0,0.005,1,1,1,0,1,1,0
584b940532af47f38fbcc8920a2f88f1,39d9a3171175a129773441f8f71351e5f237a85df7bcfaa30818e241967201d7,c09e4f0,pilot-stage1-disease,100,9004,,ecc984f043b744b6,0.0,0,none,0.2,0.2,0,2,,,completed,extinction on day 26,0,0,0,0.05,10,1,8,4,26,26,0
3ec754ff4eae44ca91cbbaae6ba88b63,429934a3650f2acc8070e8f02e3a985a9a9e737770cf18a7d2eb99a4fe4d3db7,c09e4f0,pilot-stage1-disease,100,9004,,ecc984f043b744b6,0.01,0,none,0.2,0.2,0,2,,,completed,extinction on day 26,58,55,3,0.055,11,1,8,3,26,26,0
6950e12b606a4c63ba59bba7057c8f4c,5e2709f777882f41dfd71f3f0877c5312965da5f89446c336e98fdfc2624af43,c09e4f0,pilot-stage1-disease,100,9004,,ecc984f043b744b6,0.02,0,none,0.2,0.2,0,2,,,completed,extinction on day 27,110,103,7,0.105,21,2,8,3,27,27,0
3f4e8f458b224c6cb1fbf1604049708e,88f0fc8a29639b81581903f0113a0f5a32fe01103018ad80a8959ed4a2d6cc0d,c09e4f0,pilot-stage1-disease,100,9004,,ecc984f043b744b6,0.05,0,none,0.2,0.2,0,2,,,completed,extinction on day 33,314,274,40,0.165,33,3,10,7,33,33,0
7c931bd233d44ef098540a2dfdecc21d,4bde49568623d8623fde587592ef1d5dfe64ffa997c626624c6ce35a0de89ab0,c09e4f0,pilot-stage1-disease,100,9004,,ecc984f043b744b6,0.1,0,none,0.2,0.2,0,2,,,completed,extinction on day 47,935,829,106,0.955,191,19,46,11,47,47,0
847fb8a405de46f899f1aa592ff7a4dd,4461a153f47d48fadb495ad0a0f409acd9e005ff309ca4b8c87a46cc6bb48706,c09e4f0,pilot-stage1-disease,100,9005,,ecc984f043b744b6,0.0,0,none,0.2,0.2,0,2,,,completed,extinction on day 8,0,0,0,0.05,10,1,9,3,8,8,0
cc98159d280d49d49d9a3c72ce528275,ecf39df6053f73391ab1882e3cf8ecae8db0aa4f9d78895f7be9bf0672bf42b4,c09e4f0,pilot-stage1-disease,100,9005,,ecc984f043b744b6,0.01,0,none,0.2,0.2,0,2,,,completed,extinction on day 9,28,27,1,0.06,12,1,8,3,9,9,0
d15f848981cd400bb0a9db5467a37866,3c68d9114476751b9d29b1b49cd9b01901b7ce87cae578128af575223986d92b,c09e4f0,pilot-stage1-disease,100,9005,,ecc984f043b744b6,0.02,0,none,0.2,0.2,0,2,,,completed,extinction on day 8,39,35,4,0.06,12,1,8,3,8,8,0
200f04eebba64963ac144e3843068c28,0402186aacda398c5f875810b46e1de0b77f697223bd58004786dc9135d29847,c09e4f0,pilot-stage1-disease,100,9005,,ecc984f043b744b6,0.05,0,none,0.2,0.2,0,2,,,completed,extinction on day 82,846,747,99,0.925,185,19,31,38,82,82,0
8b99824079c94dc9b9f437833f8644d8,dfa0745d25e04459e53a6922415e0d112ef2b7cfc609b40a89bca65f1183ba5b,c09e4f0,pilot-stage1-disease,100,9005,,ecc984f043b744b6,0.1,0,none,0.2,0.2,0,2,,,completed,extinction on day 48,960,829,131,1.0,200,20,56,11,48,48,0
43853f0cf50140e4906ced0f47942f7a,1b8b4678ca9ba89bde35372a721af350c51f4b03b3e753a7f596d37a4c20b012,c09e4f0,pilot-stage1-disease,100,9006,,ecc984f043b744b6,0.0,0,none,0.2,0.2,0,2,,,completed,extinction on day 1,0,0,0,0.005,1,1,1,0,1,1,0
909dfa08de0f43feab0d2ec62598e936,5f8c87b417be59fbf6eacfa27d167389766eede339a3290e2be01356e0ae93f7,c09e4f0,pilot-stage1-disease,100,9006,,ecc984f043b744b6,0.01,0,none,0.2,0.2,0,2,,,completed,extinction on day 1,5,5,0,0.005,1,1,1,0,1,1,0
0083b80feae04017a9baf6ea8ab505cf,e9ced9d26319314a58414f6577154d090ff96617583bbb2bb8deb18d7521167a,c09e4f0,pilot-stage1-disease,100,9006,,ecc984f043b744b6,0.02,0,none,0.2,0.2,0,2,,,completed,extinction on day 1,6,6,0,0.005,1,1,1,0,1,1,0
2cfcecc0186a449bb792792b0a33538b,42376142b16a325cfd18db29b815b87aedb292e9813ea4aed4dd48577860d379,c09e4f0,pilot-stage1-disease,100,9006,,ecc984f043b744b6,0.05,0,none,0.2,0.2,0,2,,,completed,extinction on day 1,14,12,2,0.005,1,1,1,0,1,1,0
368d48f64708431d9069f331d679451e,9be30797b2feb104dea8ef56b2081ca413f55e6c3cc72e1dc8b192f0a66d3567,c09e4f0,pilot-stage1-disease,100,9006,,ecc984f043b744b6,0.1,0,none,0.2,0.2,0,2,,,completed,extinction on day 1,19,17,2,0.005,1,1,1,0,1,1,0
e9e4370c1c8841adab6e6987479eb53a,586d524fed3fab419a9e8973e8aa234080ac0b1dd1e95bb876aa49d4505a4580,c09e4f0,pilot-stage1-disease,100,9007,,ecc984f043b744b6,0.0,0,none,0.2,0.2,0,2,,,completed,extinction on day 14,0,0,0,0.05,10,1,8,3,14,14,0
7ba2ca19f9f94721ae2855ae0fcd3b38,c9641b67b93b6718570ed62505524d28d5e769001bcbad147855944aa7730a72,c09e4f0,pilot-stage1-disease,100,9007,,ecc984f043b744b6,0.01,0,none,0.2,0.2,0,2,,,completed,extinction on day 23,49,48,1,0.095,19,2,8,3,23,23,0
2b33a71c03fa4fc192eb81a314edd306,6a87de285286fbbbd2d9e84ae1f9bc3f36c1deafc24557c8b4ae7ff3438d3bfa,c09e4f0,pilot-stage1-disease,100,9007,,ecc984f043b744b6,0.02,0,none,0.2,0.2,0,2,,,completed,extinction on day 23,89,85,4,0.09,18,2,8,3,23,23,0
71009c74044242aaa35f57bd09b1b9eb,8a0d79035f89ff747dfa86d389005604363853738752eb339f8ed97d4d9e161d,c09e4f0,pilot-stage1-disease,100,9007,,ecc984f043b744b6,0.05,0,none,0.2,0.2,0,2,,,completed,extinction on day 29,297,268,29,0.215,43,5,19,13,29,29,0
df77c42547f143e18852e0dca72f2207,6e99967a1912dfd83df63a9440bba94cea5545443e3d8e7ea78cea2993841d75,c09e4f0,pilot-stage1-disease,100,9007,,ecc984f043b744b6,0.1,0,none,0.2,0.2,0,2,,,completed,extinction on day 45,926,821,105,0.77,154,15,56,16,45,45,0
0abba57fb793426cb07cd90bb8ca965e,be8f17222a8d2bdcfdb51ee24d47725de803fb628b4261f192770f77f8ebfdfd,c09e4f0,pilot-stage1-disease,100,9008,,ecc984f043b744b6,0.0,0,none,0.2,0.2,0,2,,,completed,extinction on day 18,0,0,0,0.05,10,1,8,4,18,18,0
818268d8125344b5940722e54b848d4d,93320c7d8a2c033f3feb07bb9ec206562d9dbec8141ab9d264110b51c8b82a6c,c09e4f0,pilot-stage1-disease,100,9008,,ecc984f043b744b6,0.01,0,none,0.2,0.2,0,2,,,completed,extinction on day 18,34,33,1,0.06,12,1,9,4,18,18,0
e80ad64b2b02444291d5ade01524760f,e9340e6caf32d0862004836d1dff95b61ef55dc8d193c0cf12f8b81d18c19bbe,c09e4f0,pilot-stage1-disease,100,9008,,ecc984f043b744b6,0.02,0,none,0.2,0.2,0,2,,,completed,extinction on day 18,81,79,2,0.065,13,1,7,4,18,18,0
b04b3abe34c9495095a1e23275648c45,cef5577196c5807baf6c999408c39d33164e13cb48901378699a731ce7cc10d8,c09e4f0,pilot-stage1-disease,100,9008,,ecc984f043b744b6,0.05,0,none,0.2,0.2,0,2,,,completed,extinction on day 37,383,347,36,0.21,42,4,14,17,37,37,0
801146f5b47a482581b384a147cd164c,71f65b375d5e7e9acc9d2fd384638440e5b27cdc28839b6bb76c953c663c13c6,c09e4f0,pilot-stage1-disease,100,9008,,ecc984f043b744b6,0.1,0,none,0.2,0.2,0,2,,,completed,extinction on day 37,768,696,72,0.285,57,6,21,14,37,37,0
6b195092b1ec4ca2b9681b5da365c954,81aef15bd849450bab6c5992e06108d1adacbccf19e75e78f20e8aea58960f16,c09e4f0,pilot-stage1-disease,100,9009,,ecc984f043b744b6,0.0,0,none,0.2,0.2,0,2,,,completed,extinction on day 16,0,0,0,0.05,10,1,8,3,16,16,0
a98bb69f8c284303b2c3c82831a9860c,d8cd8325952721d10f449742588744964614e302af9000a16676c86d3f52cafc,c09e4f0,pilot-stage1-disease,100,9009,,ecc984f043b744b6,0.01,0,none,0.2,0.2,0,2,,,completed,extinction on day 17,30,30,0,0.055,11,1,8,3,17,17,0
56415e3df63a44cc8029e75bc0b8e3e6,9c4afb3701b6ae1d09dcc5914d8301af649c399c39283615b316982f50a72651,c09e4f0,pilot-stage1-disease,100,9009,,ecc984f043b744b6,0.02,0,none,0.2,0.2,0,2,,,completed,extinction on day 29,113,101,12,0.245,49,5,20,4,29,29,0
59f45e36d11b4fc9952d577ef8b9dba5,c18e9cf385a6ef6f0db39b6c13aeed73d5dbf3d66044f75257dd240f37d60bba,c09e4f0,pilot-stage1-disease,100,9009,,ecc984f043b744b6,0.05,0,none,0.2,0.2,0,2,,,completed,extinction on day 23,227,212,15,0.255,51,6,27,4,23,23,0
293b26a43ab84691be995bed48c66510,a40eb659d83620a9c923aa5793c189135f41253a646c20f5c16c38fb248de64c,c09e4f0,pilot-stage1-disease,100,9009,,ecc984f043b744b6,0.1,0,none,0.2,0.2,0,2,,,completed,extinction on day 45,889,779,110,0.595,119,12,32,27,45,45,0
0716a8e5842d40c9a1e407e45fe03ee5,b73683d1c45284c23dea09d2bf1a7ea73e56db48177d584a8095553cf7b09891,c09e4f0,pilot-stage1-disease,101,9000,,a94b904840df0142,0.0,0,none,0.2,0.2,0,2,,,completed,extinction on day 19,0,0,0,0.05,10,1,7,3,19,19,0
0e150359fa054b4d9a004111fa42b445,dc7c6c00294423aa97792ec09830393b07214d8d3473fb9ed20ccf639a2e6c01,c09e4f0,pilot-stage1-disease,101,9000,,a94b904840df0142,0.01,0,none,0.2,0.2,0,2,,,completed,extinction on day 20,46,44,2,0.055,11,1,7,3,20,20,0
ccc09d1a5b5d4269be0e7fe6ae2480aa,7b75497782168bed0cd30b319b50bdc3062daeff1d9151534bf1e2a750db43fa,c09e4f0,pilot-stage1-disease,101,9000,,a94b904840df0142,0.02,0,none,0.2,0.2,0,2,,,completed,extinction on day 19,75,74,1,0.055,11,1,7,3,19,19,0
16e0516ed6cd4d6ba85ab5e0f9ea6478,77db86eb98fb20897c966650b76f018174a657cc13b15752a8d01c63d873944e,c09e4f0,pilot-stage1-disease,101,9000,,a94b904840df0142,0.05,0,none,0.2,0.2,0,2,,,completed,extinction on day 68,695,654,41,0.86,172,15,42,33,68,68,0
5a9dd937b6b744e082dae2ef04d4be74,b3ff68403643bf465f63e49cfb524104e03d22888415ad238af109d9af435038,c09e4f0,pilot-stage1-disease,101,9000,,a94b904840df0142,0.1,0,none,0.2,0.2,0,2,,,completed,extinction on day 54,1091,1022,69,0.995,199,20,44,15,54,54,0
b6e7060c838c43a9b302700bdadb7f95,726ebfdc05005e48221fbccb008a00d86e85661596d4636d74e87880f9ccfd07,c09e4f0,pilot-stage1-disease,101,9001,,a94b904840df0142,0.0,0,none,0.2,0.2,0,2,,,completed,extinction on day 24,0,0,0,0.05,10,1,9,5,24,24,0
2e0e27136cc64f2f86fbfe720e0486ac,c411f50b5558f48a5498ac17f170ba9527a08aa20d110d5262411ad121fb0661,c09e4f0,pilot-stage1-disease,101,9001,,a94b904840df0142,0.01,0,none,0.2,0.2,0,2,,,completed,extinction on day 33,63,57,6,0.115,23,2,12,20,33,33,0
c3e2e23ea395438d99424343136709c2,e31f406aa97b7c98baa78b38e229dd770cb92739897d459a99898ef762e11e2b,c09e4f0,pilot-stage1-disease,101,9001,,a94b904840df0142,0.02,0,none,0.2,0.2,0,2,,,completed,extinction on day 37,138,125,13,0.11,22,2,9,5,37,37,0
99010edc220448e78651e6fdda29d5dd,3881cc11a4183d3d0ce67ee2134d54b095260eba6c82b27cedb7172bb144e8d3,c09e4f0,pilot-stage1-disease,101,9001,,a94b904840df0142,0.05,0,none,0.2,0.2,0,2,,,completed,extinction on day 95,969,914,55,0.555,111,10,14,7,95,95,0
59f0523fbe3b48d2a835fc710ad01687,b0ebc0f8176354ce2edd5fb60ce3d008ed73c653294e97fc4aab50cf74bfc779,c09e4f0,pilot-stage1-disease,101,9001,,a94b904840df0142,0.1,0,none,0.2,0.2,0,2,,,completed,extinction on day 39,798,743,55,0.89,178,17,73,13,39,39,0
115d0caedcd2409994b3cdfeb35d9e6e,c7904dbb1b123922f31f2b2864231a8067f2cb411082041c232af147fddd618e,c09e4f0,pilot-stage1-disease,101,9002,,a94b904840df0142,0.0,0,none,0.2,0.2,0,2,,,completed,extinction on day 15,0,0,0,0.05,10,1,10,2,15,15,0
baf9ee4c19fa49518ea36c498df07ae2,6c1026fe7d541d7a90198557e6a945bf62e49eb4bb3f8278d8a5608a8ace8ffe,c09e4f0,pilot-stage1-disease,101,9002,,a94b904840df0142,0.01,0,none,0.2,0.2,0,2,,,completed,extinction on day 17,25,25,0,0.065,13,1,11,2,17,17,0
3f0daa9926ee4c438bca4432e3511f2f,19d8e407ffaa568c1537764f4774a30caf79e86241ab5a070b7048b9df4039fb,c09e4f0,pilot-stage1-disease,101,9002,,a94b904840df0142,0.02,0,none,0.2,0.2,0,2,,,completed,extinction on day 16,45,42,3,0.065,13,1,11,2,16,16,0
ff31aaafb505421799f249add520f740,92bfa6863c80d616e66da557eb0a7d3dba4aadb60443ce2d6ba2cc749fe4ec4a,c09e4f0,pilot-stage1-disease,101,9002,,a94b904840df0142,0.05,0,none,0.2,0.2,0,2,,,completed,extinction on day 52,508,482,26,0.45,90,8,17,19,52,52,0
9616c0e0992349e6a9606fcdb6ad6bb2,5a218b6b159ea2b4062f230f13d3108667efe58cdc90d6a9e2fef84cc8ca59d5,c09e4f0,pilot-stage1-disease,101,9002,,a94b904840df0142,0.1,0,none,0.2,0.2,0,2,,,completed,extinction on day 42,824,775,49,0.92,184,18,62,14,42,42,0
08af006228bb4b51b2f913670544b662,2f6431e166ed8fadf52a64d252c8a6e162adbccd5eeeeee085bb10077a42e5d8,c09e4f0,pilot-stage1-disease,101,9003,,a94b904840df0142,0.0,0,none,0.2,0.2,0,2,,,completed,extinction on day 1,0,0,0,0.005,1,1,1,0,1,1,0
c90e1bc8359d49df85309b10bc11653b,2e1c18e4e03a44b260620a7f1119153ea7ce4a41635c61680e64d2c27a7f13a0,c09e4f0,pilot-stage1-disease,101,9003,,a94b904840df0142,0.01,0,none,0.2,0.2,0,2,,,completed,extinction on day 1,3,3,0,0.005,1,1,1,0,1,1,0
08d233ca3b99455b94e0e13127bc4941,adf4beb3d47fd063e27975ee91eaa39aa2fd0bbc27d24fd3dd49ad59a973bf42,c09e4f0,pilot-stage1-disease,101,9003,,a94b904840df0142,0.02,0,none,0.2,0.2,0,2,,,completed,extinction on day 1,5,5,0,0.005,1,1,1,0,1,1,0
856e73c9a5a74c7ca7756a0b7a881ee8,35504b432b2648963dcf5a9285b85a1b152162356bcaa50c4fd08de24f22457a,c09e4f0,pilot-stage1-disease,101,9003,,a94b904840df0142,0.05,0,none,0.2,0.2,0,2,,,completed,extinction on day 1,9,9,0,0.005,1,1,1,0,1,1,0
60993d045aa24e72aa10e990ffe0e6b3,6359a78e227948cb16dc452cd7cd7e0789c57bb8c0b38731b02cd8425a21f5f1,c09e4f0,pilot-stage1-disease,101,9003,,a94b904840df0142,0.1,0,none,0.2,0.2,0,2,,,completed,extinction on day 1,16,16,0,0.005,1,1,1,0,1,1,0
2f6aebb6b87743b4a05ed528f8fffa64,dd5d888743209d67da79c6f02c00898c1f82bbe32a5d38c15c8bc62c88365c25,c09e4f0,pilot-stage1-disease,101,9004,,a94b904840df0142,0.0,0,none,0.2,0.2,0,2,,,completed,extinction on day 26,0,0,0,0.05,10,1,8,4,26,26,0
f2ed0f96ef3047a49970f00c70b70726,0b9250ec474d66d19bcf02ee9ac5e285e2f08d58738d5defa5c55ec5bdbd9626,c09e4f0,pilot-stage1-disease,101,9004,,a94b904840df0142,0.01,0,none,0.2,0.2,0,2,,,completed,extinction on day 26,58,58,0,0.06,12,1,9,3,26,26,0
043041c8c841435f83bc45c8d4a053ae,e975921e35eafd358a1265df61da11157a8e99cba8104f7ad6494975d91db123,c09e4f0,pilot-stage1-disease,101,9004,,a94b904840df0142,0.02,0,none,0.2,0.2,0,2,,,completed,extinction on day 40,155,152,3,0.215,43,4,16,17,40,40,0
34a1f441d32f4eb8947d2e637bd81194,87b328cad563a7739ab95225374ec1fab2965d5e1aa3e9263c2cfb09863b1efc,c09e4f0,pilot-stage1-disease,101,9004,,a94b904840df0142,0.05,0,none,0.2,0.2,0,2,,,completed,extinction on day 46,438,410,28,0.68,136,14,38,17,46,46,0
63e7c0ad50254a67861f621bf0981f4c,1de9c4d702d0ca89b58e705f30acbef191d01f3db2f2b5ba08fdea671a8abb63,c09e4f0,pilot-stage1-disease,101,9004,,a94b904840df0142,0.1,0,none,0.2,0.2,0,2,,,completed,extinction on day 53,1056,994,62,0.98,196,20,45,8,53,53,0
e167d6f1fc1542c68ceb86549be98a8f,b2a0ca7274755f8a6dbfe34e136bd2aa6c451260b3a65fab8ddf559f6bce2a38,c09e4f0,pilot-stage1-disease,101,9005,,a94b904840df0142,0.0,0,none,0.2,0.2,0,2,,,completed,extinction on day 8,0,0,0,0.05,10,1,9,3,8,8,0
c144f32360734c37b8aaae0a57714d35,bcdecb55af899c6d899276e6a6f3ac514c7e76e263979d2819f8536f882d6fab,c09e4f0,pilot-stage1-disease,101,9005,,a94b904840df0142,0.01,0,none,0.2,0.2,0,2,,,completed,extinction on day 10,29,27,2,0.05,10,1,8,3,10,10,0
3791672bd90e4943ba63acf908ee5197,fbafb431f25a12fd27d9c5a39eecf336f610c7462ba4261241692ace75c97aa3,c09e4f0,pilot-stage1-disease,101,9005,,a94b904840df0142,0.02,0,none,0.2,0.2,0,2,,,completed,extinction on day 10,44,44,0,0.055,11,1,8,3,10,10,0
2df3e459e63b4b5d88263e004320f839,3e85a8e286ac12e32b13379de7a978a150ad22b49e207fd528445b25906f5bf1,c09e4f0,pilot-stage1-disease,101,9005,,a94b904840df0142,0.05,0,none,0.2,0.2,0,2,,,completed,extinction on day 108,1123,1063,60,0.75,150,16,22,49,108,108,0
8af1f70f4c2145ad95c640dd53473c1f,c193dc04fbdcd5e626fb6c1501c35b9100c790f501120a526056519693c947ae,c09e4f0,pilot-stage1-disease,101,9005,,a94b904840df0142,0.1,0,none,0.2,0.2,0,2,,,completed,extinction on day 55,1110,1045,65,0.99,198,19,39,30,55,55,0
6034976a23a54b809aa1c6a2edbf5418,4653dcb25c66b8956541c9fbe653a7c843cad9ecdf60648e246658afa5e30f29,c09e4f0,pilot-stage1-disease,101,9006,,a94b904840df0142,0.0,0,none,0.2,0.2,0,2,,,completed,extinction on day 1,0,0,0,0.005,1,1,1,0,1,1,0
8b25b7bf6d804640b1a03efbac3cbe5e,b521d9a25c931df35d23db5452e34cc78fae2fa6f5ea26417d550b0fa0fc3842,c09e4f0,pilot-stage1-disease,101,9006,,a94b904840df0142,0.01,0,none,0.2,0.2,0,2,,,completed,extinction on day 1,5,5,0,0.005,1,1,1,0,1,1,0
a84fe48b1f6e4ab5bc93e3221fd7ff4e,5d6f1c1a2ccad6a1786f99092cf54f9e95197d99a551cbd78f6423236feb7c5b,c09e4f0,pilot-stage1-disease,101,9006,,a94b904840df0142,0.02,0,none,0.2,0.2,0,2,,,completed,extinction on day 1,6,6,0,0.005,1,1,1,0,1,1,0
57b1524e7d3b4e289411f56427530118,6adaa8773d8817fb4aa0eb8eb1f2d2519038af467aa14a80ce580ab47f870a67,c09e4f0,pilot-stage1-disease,101,9006,,a94b904840df0142,0.05,0,none,0.2,0.2,0,2,,,completed,extinction on day 1,14,14,0,0.005,1,1,1,0,1,1,0
e03615edb7384777ac1d3b26d852732d,a68e2e06d17958a4327975f3ccbe52d7a787509976a6dda55115629c03d464f7,c09e4f0,pilot-stage1-disease,101,9006,,a94b904840df0142,0.1,0,none,0.2,0.2,0,2,,,completed,extinction on day 1,19,18,1,0.005,1,1,1,0,1,1,0
87fc954bd2ae49648f700347ba74b09a,61f111abc0b46f43be17c5532589596ffb90fbc37594bbef7a104a44dc10bd3a,c09e4f0,pilot-stage1-disease,101,9007,,a94b904840df0142,0.0,0,none,0.2,0.2,0,2,,,completed,extinction on day 14,0,0,0,0.05,10,1,8,3,14,14,0
5eaff6283442436694cc9d62e8f5983e,278a2915171be62f0a7b443d117f61004de5767759b95de760f76982113d05bf,c09e4f0,pilot-stage1-disease,101,9007,,a94b904840df0142,0.01,0,none,0.2,0.2,0,2,,,completed,extinction on day 30,57,54,3,0.11,22,2,8,3,30,30,0
c7e30c7b40154fc3af1dd07d34cd8cae,a8f46180eca19a25d72a97257bbc90b2fd2ae2813873d4216af12f1667c609cc,c09e4f0,pilot-stage1-disease,101,9007,,a94b904840df0142,0.02,0,none,0.2,0.2,0,2,,,completed,extinction on day 36,133,116,17,0.33,66,6,20,13,36,36,0
07a34071892c451f857cc62a7515ad62,6142187e12d73e0ef6d8cd3366f03f07700dd2b1a8c2e66ef4188d43191805f2,c09e4f0,pilot-stage1-disease,101,9007,,a94b904840df0142,0.05,0,none,0.2,0.2,0,2,,,completed,extinction on day 66,651,614,37,0.855,171,15,32,50,66,66,0
a9b8886520384d05ad4d5a7d2cf99ed8,a8b776b59445649e2bdc5b197b8077c193f1267b9d0cbe7ffd72a3ba3a0b0e72,c09e4f0,pilot-stage1-disease,101,9007,,a94b904840df0142,0.1,0,none,0.2,0.2,0,2,,,completed,extinction on day 56,1147,1092,55,0.975,195,19,49,26,56,56,0
6f8770b3a62149f7901e6e3038b6d0e5,6f6245c9e53721dc0be332ed510bdd24cce8432c95602e00bb51fa84b747fc77,c09e4f0,pilot-stage1-disease,101,9008,,a94b904840df0142,0.0,0,none,0.2,0.2,0,2,,,completed,extinction on day 18,0,0,0,0.05,10,1,8,4,18,18,0
da6145f31f0b48f49a54fb3d03284361,da6ce945d516a81c8d3b3afd14669d6c54e1402f4f655880df89553edbc155ca,c09e4f0,pilot-stage1-disease,101,9008,,a94b904840df0142,0.01,0,none,0.2,0.2,0,2,,,completed,extinction on day 18,34,32,2,0.06,12,1,8,4,18,18,0
26226475753f412fadc2a07915a16cb0,469f6adc93b2bb7d043595578ec8cfa8b03817ada6b34cd9997e6077384db4cd,c09e4f0,pilot-stage1-disease,101,9008,,a94b904840df0142,0.02,0,none,0.2,0.2,0,2,,,completed,extinction on day 18,81,75,6,0.06,12,1,8,4,18,18,0
a29661ef4e774eaabd397e5bc18ba392,e1176235b8bd66099e71bffc9fc6207602c9b514a2d84bd34b54e4cf69fa6029,c09e4f0,pilot-stage1-disease,101,9008,,a94b904840df0142,0.05,0,none,0.2,0.2,0,2,,,completed,extinction on day 44,458,418,40,0.81,162,15,39,19,44,44,0
432614d0b509482ab3528bde86b64eb0,e48147bfdf8199cdd307c9ef05e8b4984278e94c6e0ea1c8a82464802956a1a1,c09e4f0,pilot-stage1-disease,101,9008,,a94b904840df0142,0.1,0,none,0.2,0.2,0,2,,,completed,extinction on day 70,1421,1330,91,0.99,198,20,42,39,70,70,0
e8b591f6fd5447de9f99b31d7ed4919a,a4d345f852a425928b71d8fbfa7126be6c28e90c77703f75360ac58fefb06563,c09e4f0,pilot-stage1-disease,101,9009,,a94b904840df0142,0.0,0,none,0.2,0.2,0,2,,,completed,extinction on day 16,0,0,0,0.05,10,1,8,3,16,16,0
96067f0f86744db6af8f8ca16d7ebed1,cf67eaa84fab9e1189e646374f9a28782ea03d76bf5d44f60c982d137a4dab38,c09e4f0,pilot-stage1-disease,101,9009,,a94b904840df0142,0.01,0,none,0.2,0.2,0,2,,,completed,extinction on day 17,30,29,1,0.055,11,1,8,3,17,17,0
3a7e858bc6684d2e92b691e20ae2e03c,f47c5eb113fe5f68e43de3b6289bec458ac5826e225fd0ecff6c1d935f8fcfc1,c09e4f0,pilot-stage1-disease,101,9009,,a94b904840df0142,0.02,0,none,0.2,0.2,0,2,,,completed,extinction on day 29,113,110,3,0.2,40,4,14,4,29,29,0
ff7ce57d219d44b98a7e2ce7f9fda6cd,2620bab15d81ced9ac1738f6590b7faf6212023b1b45431302f7fabc121e32cf,c09e4f0,pilot-stage1-disease,101,9009,,a94b904840df0142,0.05,0,none,0.2,0.2,0,2,,,completed,extinction on day 82,816,776,40,0.89,178,18,32,25,82,82,0
eb52bd2a98bc4398a4e682a9831c1b49,9de581ab291f1f8e33a702c9a9d254d26072de16784420b02bc49f0953283559,c09e4f0,pilot-stage1-disease,101,9009,,a94b904840df0142,0.1,0,none,0.2,0.2,0,2,,,completed,extinction on day 39,765,726,39,0.995,199,20,66,11,39,39,0
c0541975a0694c47acd8b3e36d57d0a2,50d0476bdece8873b64be92b9aed0bec95c4edc6754923cd44608e0d546ec0e9,c09e4f0,pilot-stage1-disease,102,9000,,0a9f06b6dff3de72,0.0,0,none,0.2,0.2,0,2,,,completed,extinction on day 19,0,0,0,0.05,10,1,7,3,19,19,0
28c3ca95dd1c4acea4d88af7e5b8cbe7,762ed77c28030b21ff107b2b29e196946f0979accd8c1cf3a1fad67ddb675a4f,c09e4f0,pilot-stage1-disease,102,9000,,0a9f06b6dff3de72,0.01,0,none,0.2,0.2,0,2,,,completed,extinction on day 28,57,56,1,0.06,12,1,7,3,28,28,0
384ee676cbee4ff4b6f153e287def3be,f9251902346633d5cdd9797f3f00b3e5bf9e9f0f456a3d06a1d3f20c65a3c292,c09e4f0,pilot-stage1-disease,102,9000,,0a9f06b6dff3de72,0.02,0,none,0.2,0.2,0,2,,,completed,extinction on day 19,75,71,4,0.065,13,1,7,3,19,19,0
94ea071485c34109935ebd33485a1157,8cfcfeecfa34eb3e39baf988d1174b8db1ebaa40067a50eb7e6de867e82f9ad5,c09e4f0,pilot-stage1-disease,102,9000,,0a9f06b6dff3de72,0.05,0,none,0.2,0.2,0,2,,,completed,extinction on day 52,530,496,34,0.295,59,5,19,27,52,52,0
42921e6052684246b8aed160e4218a8f,55080c35ec738ffa5d6effc4f034a6745b1c086479f94ce744a68b479c978429,c09e4f0,pilot-stage1-disease,102,9000,,0a9f06b6dff3de72,0.1,0,none,0.2,0.2,0,2,,,completed,extinction on day 59,1181,1108,73,1.0,200,20,52,24,59,59,0
bd09f0dad2bb401c9e5a971b963fa61c,992619fd34eb6b7ed9d62e60d15805ad9b2cff45f0884210b3033e8db1b48a82,c09e4f0,pilot-stage1-disease,102,9001,,0a9f06b6dff3de72,0.0,0,none,0.2,0.2,0,2,,,completed,extinction on day 24,0,0,0,0.05,10,1,9,5,24,24,0
52ddbd807e514ff094bea40f416d2466,98bf8838be404aa8c1eb6846aa515ad776ad06b52ddbca50b12c66321482e4e6,c09e4f0,pilot-stage1-disease,102,9001,,0a9f06b6dff3de72,0.01,0,none,0.2,0.2,0,2,,,completed,extinction on day 32,61,57,4,0.085,17,2,9,5,32,32,0
91d6326663c94507b7d64f0a28b6d00a,3bc8d650fe6c27b81482eae658a18a28aa091b93dcafbd993ed45c4c8536680d,c09e4f0,pilot-stage1-disease,102,9001,,0a9f06b6dff3de72,0.02,0,none,0.2,0.2,0,2,,,completed,extinction on day 37,138,133,5,0.105,21,2,9,5,37,37,0
f93c7251c0de42d991390e90fffe88a6,b050c9b141ba9efe21bc0d3b0c97c7c6345755bba86fa6b7323c1a48785b0aa2,c09e4f0,pilot-stage1-disease,102,9001,,0a9f06b6dff3de72,0.05,0,none,0.2,0.2,0,2,,,completed,extinction on day 33,326,308,18,0.215,43,4,14,22,33,33,0
890fe25d10b3480e98ebab2d75419725,ee1d7381731366db133da1f38903e78458a908753864d359eb67589de8b906f3,c09e4f0,pilot-stage1-disease,102,9001,,0a9f06b6dff3de72,0.1,0,none,0.2,0.2,0,2,,,completed,extinction on day 36,734,682,52,0.28,56,5,29,12,36,36,0
5a06bb4cc388406aa46127fc6985ec59,238216bffc4f38fb49dee09ebc040c7412f2dad017e8ff15a44edf2f483bfe79,c09e4f0,pilot-stage1-disease,102,9002,,0a9f06b6dff3de72,0.0,0,none,0.2,0.2,0,2,,,completed,extinction on day 15,0,0,0,0.05,10,1,10,2,15,15,0
525b874770644ead8ed75da80719eb59,d0f19607d085cc28c17990af949ea60cc34aa63161c2ead75ebc585d9c0982e3,c09e4f0,pilot-stage1-disease,102,9002,,0a9f06b6dff3de72,0.01,0,none,0.2,0.2,0,2,,,completed,extinction on day 15,19,19,0,0.05,10,1,10,2,15,15,0
3c0845ba09d7479eb9c4cc68392951b9,a238a8742075eca648a267d7638d46108ce4b15aa63884f15cdba00a0251edde,c09e4f0,pilot-stage1-disease,102,9002,,0a9f06b6dff3de72,0.02,0,none,0.2,0.2,0,2,,,completed,extinction on day 15,42,41,1,0.05,10,1,10,2,15,15,0
78072e7284e740f38f37ce42891d9f46,bb02e90f163c2b70cfd89728c952edbb4c9ca6061a160f33ca50400c081ac342,c09e4f0,pilot-stage1-disease,102,9002,,0a9f06b6dff3de72,0.05,0,none,0.2,0.2,0,2,,,completed,extinction on day 56,541,505,36,0.575,115,11,19,43,56,56,0
a934ae798bb84f27a87611054b124b00,675cea07861ac6687c628413a52898ed33aafe21f45bb924db065540fb2dcb56,c09e4f0,pilot-stage1-disease,102,9002,,0a9f06b6dff3de72,0.1,0,none,0.2,0.2,0,2,,,completed,extinction on day 49,949,878,71,0.985,197,20,35,34,49,49,0
fed21c68ae5148c4b6b2c2f01bfdbdee,67d1ba4edc54988c6386dbd93a3eb39ef711a4bd72be22df8590a2db4ea025e6,c09e4f0,pilot-stage1-disease,102,9003,,0a9f06b6dff3de72,0.0,0,none,0.2,0.2,0,2,,,completed,extinction on day 1,0,0,0,0.005,1,1,1,0,1,1,0
316a7c6585b24d939a286c16d7a97c06,7b774333f42d27b8c3757d78f6a41955ab6e86a66ed869f9e21bbcca0b1f9fc2,c09e4f0,pilot-stage1-disease,102,9003,,0a9f06b6dff3de72,0.01,0,none,0.2,0.2,0,2,,,completed,extinction on day 1,3,3,0,0.005,1,1,1,0,1,1,0
4532872aa2094ef187ed79817e88f22b,d1d21fa2c7dadb3b0ba1601fd942d968da1dfa5f40604f0f2c03829c13f8cfae,c09e4f0,pilot-stage1-disease,102,9003,,0a9f06b6dff3de72,0.02,0,none,0.2,0.2,0,2,,,completed,extinction on day 1,5,5,0,0.005,1,1,1,0,1,1,0
d0677ff64a534968a90337f6d7083368,dbc6554f800460a20f91a4809eccd9fad2a9e31795d6e20303599bd6b263debf,c09e4f0,pilot-stage1-disease,102,9003,,0a9f06b6dff3de72,0.05,0,none,0.2,0.2,0,2,,,completed,extinction on day 1,9,9,0,0.005,1,1,1,0,1,1,0
2f5946b2b9bf466db076f40df5e00199,b1f56b98afc6afaec7ba79e730657fe0cb93d1be394e837cf50e4f994aa1fd7c,c09e4f0,pilot-stage1-disease,102,9003,,0a9f06b6dff3de72,0.1,0,none,0.2,0.2,0,2,,,completed,extinction on day 1,16,16,0,0.005,1,1,1,0,1,1,0
94c5a72b34274b2b9da2576f04311079,f5b0f6408e335b9592d5960f3ad9f47f6bf6719c57761679fa12be077ba927df,c09e4f0,pilot-stage1-disease,102,9004,,0a9f06b6dff3de72,0.0,0,none,0.2,0.2,0,2,,,completed,extinction on day 26,0,0,0,0.05,10,1,8,4,26,26,0
54185d7697ed4f69a343503b352bb6d8,bf3d515bfd4c2698d5ce367f39829cbdc794049c6c9b09917749c6bcd0512809,c09e4f0,pilot-stage1-disease,102,9004,,0a9f06b6dff3de72,0.01,0,none,0.2,0.2,0,2,,,completed,extinction on day 26,58,58,0,0.055,11,1,8,4,26,26,0
a10a25ab5641482b8476ea2f76bada56,22cf866a5e0f7cfcc166225c65a7496ae5e872d63afe4808093ca0cfb57dc454,c09e4f0,pilot-stage1-disease,102,9004,,0a9f06b6dff3de72,0.02,0,none,0.2,0.2,0,2,,,completed,extinction on day 35,134,122,12,0.115,23,2,8,4,35,35,0
93fd3e50aa2d4017a8ae38128f2ff286,8babd0b33023e4923406e327fa6c044a108e309f65cfac838be05595271b967c,c09e4f0,pilot-stage1-disease,102,9004,,0a9f06b6dff3de72,0.05,0,none,0.2,0.2,0,2,,,completed,extinction on day 81,829,757,72,0.795,159,16,24,28,81,81,0
439adbf816fc42d9ba366d746d043721,544898b04c951c53134e246647bbe476c79e02d36c0f1214160837c068549b3e,c09e4f0,pilot-stage1-disease,102,9004,,0a9f06b6dff3de72,0.1,0,none,0.2,0.2,0,2,,,completed,extinction on day 42,823,772,51,0.845,169,16,47,22,42,42,0
e00d544bdefa46e681c84f6436d3f418,40aebb33cd6713dbebecf2a402d1b8a4d728f5edf0d313f0e68e96cf960f3b68,c09e4f0,pilot-stage1-disease,102,9005,,0a9f06b6dff3de72,0.0,0,none,0.2,0.2,0,2,,,completed,extinction on day 8,0,0,0,0.05,10,1,9,3,8,8,0
616cc54b8b9042828a24daeeaf8a99a1,2127dd9a6571e7288ad23f0e25b60a373c52023a7b54e263906c976925d8fbdc,c09e4f0,pilot-stage1-disease,102,9005,,0a9f06b6dff3de72,0.01,0,none,0.2,0.2,0,2,,,completed,extinction on day 12,32,31,1,0.06,12,1,9,4,12,12,0
bf29c92b00be4a6ebb0131d18701b517,71902ecafee510855ea1e4859801e825ed57719f6cf40fe38712511b9e049bc0,c09e4f0,pilot-stage1-disease,102,9005,,0a9f06b6dff3de72,0.02,0,none,0.2,0.2,0,2,,,completed,extinction on day 12,52,52,0,0.06,12,1,9,4,12,12,0
6056d0175b07449db6b5eb1252cf8a3e,c0fa81b2614cd2d0eef992a0a0d5c85025e80e7b67ae3875b1deed7315b88de7,c09e4f0,pilot-stage1-disease,102,9005,,0a9f06b6dff3de72,0.05,0,none,0.2,0.2,0,2,,,completed,extinction on day 44,431,404,27,0.355,71,6,14,17,44,44,0
92c662fd3da348f7aa13528a8c7ea6d7,5660ccb741b2dc7d7e931640cc12a41f8568d2d6ff0fa9fe1871f98271c32af3,c09e4f0,pilot-stage1-disease,102,9005,,0a9f06b6dff3de72,0.1,0,none,0.2,0.2,0,2,,,completed,extinction on day 44,865,803,62,0.99,198,20,46,11,44,44,0
1792d2954f6b4a459c7a4625afed1d0f,562cebd2e14feb6da1d4c8ff28affb4d3985d58539f4ef203c416673837d285b,c09e4f0,pilot-stage1-disease,102,9006,,0a9f06b6dff3de72,0.0,0,none,0.2,0.2,0,2,,,completed,extinction on day 1,0,0,0,0.005,1,1,1,0,1,1,0
2b57a6fb57f040c1ac8bfd0272e0e2cc,ef210319fa6bb0806d6a2f7581520e2f34b7e95bfeed8cf0031cb692b7758de6,c09e4f0,pilot-stage1-disease,102,9006,,0a9f06b6dff3de72,0.01,0,none,0.2,0.2,0,2,,,completed,extinction on day 1,5,5,0,0.005,1,1,1,0,1,1,0
c4357282993a4470887f34370faa41ef,43d75016d789b7c869e037cc5af6d677cc5277810fffec48c8f3fc401feb56ab,c09e4f0,pilot-stage1-disease,102,9006,,0a9f06b6dff3de72,0.02,0,none,0.2,0.2,0,2,,,completed,extinction on day 1,6,6,0,0.005,1,1,1,0,1,1,0
cb8fb6e507d2408bb8d0b4f731897ab0,4a0f74c8903bfe2de948da09b8a57c0cb3ebfbfbc87a0a5a213374e713a71709,c09e4f0,pilot-stage1-disease,102,9006,,0a9f06b6dff3de72,0.05,0,none,0.2,0.2,0,2,,,completed,extinction on day 1,14,14,0,0.005,1,1,1,0,1,1,0
44c4d0ea413249c1be34164d99bb783a,05ae19e20c9e91e4a05f6916e2f5d30050a92d2cd2131788aeb0ba8aebd5e1a9,c09e4f0,pilot-stage1-disease,102,9006,,0a9f06b6dff3de72,0.1,0,none,0.2,0.2,0,2,,,completed,extinction on day 1,19,19,0,0.005,1,1,1,0,1,1,0
3ce77a6ea97346eca4bd66522252bb98,8b1ef9eab31bfa08a17a9bc10934af7cc25f0371730128ef5085e99d58584f02,c09e4f0,pilot-stage1-disease,102,9007,,0a9f06b6dff3de72,0.0,0,none,0.2,0.2,0,2,,,completed,extinction on day 14,0,0,0,0.05,10,1,8,3,14,14,0
c746f970f4d446f8a9208993cef5c25b,14c06049b43ffc867367c2e4a1eea510ca5a750a9a1476c3260822c5658215ea,c09e4f0,pilot-stage1-disease,102,9007,,0a9f06b6dff3de72,0.01,0,none,0.2,0.2,0,2,,,completed,extinction on day 23,49,46,3,0.1,20,2,10,13,23,23,0
91ccfb4b30ec41bc8c7a8930158af3ab,433bae98814f440e10c4cf2368e07462d133a37025efd95e6c4beae59b73eb39,c09e4f0,pilot-stage1-disease,102,9007,,0a9f06b6dff3de72,0.02,0,none,0.2,0.2,0,2,,,completed,extinction on day 23,89,85,4,0.195,39,4,18,13,23,23,0
28780cec48ee4343b0e2e5c617dc9eb7,815400fe0793a70ddd437e1326ba7027c15ad91b5a22c579153b1b0fb42087ab,c09e4f0,pilot-stage1-disease,102,9007,,0a9f06b6dff3de72,0.05,0,none,0.2,0.2,0,2,,,completed,extinction on day 84,834,774,60,0.815,163,15,28,15,84,84,0
01bfab0a17554a15877739d639dbe49f,c416d9dea6528d8a837ef7c7dd0abf6d48d7697480d5d6260be576908b6ecabb,c09e4f0,pilot-stage1-disease,102,9007,,0a9f06b6dff3de72,0.1,0,none,0.2,0.2,0,2,,,completed,extinction on day 56,1147,1085,62,0.96,192,20,47,32,56,56,0
154084b32369403e870be848c677fade,f57a56b8695fa64e9dda50bf26684c2fa9c44b2d0d044bba9f4fe877d8f43317,c09e4f0,pilot-stage1-disease,102,9008,,0a9f06b6dff3de72,0.0,0,none,0.2,0.2,0,2,,,completed,extinction on day 18,0,0,0,0.05,10,1,8,4,18,18,0
c022f3423ecb4db1bb1aeec43e9b50f5,8adcbaecda913bc2c4b573cf4cbc3ef3e1a572664e7ab54e3db069c5a61df2b0,c09e4f0,pilot-stage1-disease,102,9008,,0a9f06b6dff3de72,0.01,0,none,0.2,0.2,0,2,,,completed,extinction on day 18,34,34,0,0.06,12,1,8,4,18,18,0
3613b92dd98e428790904f6c427b4fb8,3e7515308ab6f4594b6f4a92efb1d57b39e9c978e03a35629750e9726f368843,c09e4f0,pilot-stage1-disease,102,9008,,0a9f06b6dff3de72,0.02,0,none,0.2,0.2,0,2,,,completed,extinction on day 23,102,92,10,0.15,30,3,10,10,23,23,0
1433156b36b940e38573b15c084f83c2,600af10408e4948655561de317fd783d36b7a654006a4a0d8aab194801b18bba,c09e4f0,pilot-stage1-disease,102,9008,,0a9f06b6dff3de72,0.05,0,none,0.2,0.2,0,2,,,completed,extinction on day 70,699,632,67,0.92,184,18,36,36,70,70,0
400b64fd08024631a26ed93b18873032,265f37d1f4dd7cf24ae0d941451ec5d8243441f872a78f14731e6f4d6248c981,c09e4f0,pilot-stage1-disease,102,9008,,0a9f06b6dff3de72,0.1,0,none,0.2,0.2,0,2,,,completed,extinction on day 33,675,611,64,0.955,191,19,64,19,33,33,0
89cce1003f9a452491162ee54a6ecbc2,47ca55367b4b84629f696c20c76bf42c776c60f004bfcf584d97149b5af375d3,c09e4f0,pilot-stage1-disease,102,9009,,0a9f06b6dff3de72,0.0,0,none,0.2,0.2,0,2,,,completed,extinction on day 16,0,0,0,0.05,10,1,8,3,16,16,0
7001ebe5b3084c4c9b6412b3a845d18f,a091dce290026fd9c4c817c3e6f37b4a6b3d1667c569aad9b2fe839c336b2529,c09e4f0,pilot-stage1-disease,102,9009,,0a9f06b6dff3de72,0.01,0,none,0.2,0.2,0,2,,,completed,extinction on day 19,33,33,0,0.065,13,1,9,4,19,19,0
0c798348951c4a24a5962134aa351b06,1a4f22aa965bc74b60c5e9dc7feb5a04f7c8e18452380fc5ad18d3fd4c4c8539,c09e4f0,pilot-stage1-disease,102,9009,,0a9f06b6dff3de72,0.02,0,none,0.2,0.2,0,2,,,completed,extinction on day 21,86,86,0,0.145,29,3,19,4,21,21,0
fb35c6d07573452abc11055ca4454f25,485ba6baa0e39ec47eb82f1ce2b2595ac29abd59285008f38c95822304b96891,c09e4f0,pilot-stage1-disease,102,9009,,0a9f06b6dff3de72,0.05,0,none,0.2,0.2,0,2,,,completed,extinction on day 48,462,435,27,0.82,164,16,41,18,48,48,0
e2118a3983fc450dad322f48864b5f85,1ab6c734760c94701f5b676b8c2cfb2ec9b61ea8e11ad9ac3f8af47ef2a983cc,c09e4f0,pilot-stage1-disease,102,9009,,0a9f06b6dff3de72,0.1,0,none,0.2,0.2,0,2,,,completed,extinction on day 34,667,610,57,0.5,100,9,30,13,34,34,0
27031cb470024583b1f31daed6095734,1f6f304e6a9f0ca923bb85b591d75e86056b91ad6eb549c9e4dd82c20d3d380e,c09e4f0,pilot-stage1-disease,103,9000,,3eba5fa24d22e1a9,0.0,0,none,0.2,0.2,0,2,,,completed,extinction on day 19,0,0,0,0.05,10,1,7,3,19,19,0
da8e5b10167846059534f0ddf6770c64,fe1f351e0e3eb495639f95592f5fa16a0df56145cf3a59d988aa810cffe4c0c7,c09e4f0,pilot-stage1-disease,103,9000,,3eba5fa24d22e1a9,0.01,0,none,0.2,0.2,0,2,,,completed,extinction on day 28,57,57,0,0.065,13,1,7,3,28,28,0
f0c06dc9057d4ed694482d96135c815a,7d0f8cccab168891350ee72a43e444f710ee07e6cc053e1db22348d82e2ae374,c09e4f0,pilot-stage1-disease,103,9000,,3eba5fa24d22e1a9,0.02,0,none,0.2,0.2,0,2,,,completed,extinction on day 28,109,106,3,0.065,13,1,7,3,28,28,0
83480d9143954ac9b1ba9d782194f4d4,63f1da7ff5cda8c2f31694c77c963085b5754ac5fcff6f1d0c40d124efdee34d,c09e4f0,pilot-stage1-disease,103,9000,,3eba5fa24d22e1a9,0.05,0,none,0.2,0.2,0,2,,,completed,extinction on day 29,296,288,8,0.205,41,5,15,14,29,29,0
fa67fdb068c64f2e8e251f4e00e5f2f7,09e2e563ffb200a7e26509b7f40eada97a749ef6ce4390b4140ec75db9fe2e4d,c09e4f0,pilot-stage1-disease,103,9000,,3eba5fa24d22e1a9,0.1,0,none,0.2,0.2,0,2,,,completed,extinction on day 62,1248,1183,65,0.79,158,16,49,39,62,62,0
b5ae46848e414ac896de01acf3e21e6e,2589c1b84ae2476002c43dfbdceb86e45b139f080447de8f9d8cec543e25216f,c09e4f0,pilot-stage1-disease,103,9001,,3eba5fa24d22e1a9,0.0,0,none,0.2,0.2,0,2,,,completed,extinction on day 24,0,0,0,0.05,10,1,9,5,24,24,0
6dc869379713471d8021c36b7e8916bf,ea452f0bfda75d5dd679059c784e534013de390725c4779fa4ad9524ecca893f,c09e4f0,pilot-stage1-disease,103,9001,,3eba5fa24d22e1a9,0.01,0,none,0.2,0.2,0,2,,,completed,extinction on day 34,66,63,3,0.09,18,2,10,5,34,34,0
51af7272ab05431a95aed021672651ce,ddcbdb48849d43c888397599f03309be04d8d3e482217fa52333393e4d843500,c09e4f0,pilot-stage1-disease,103,9001,,3eba5fa24d22e1a9,0.02,0,none,0.2,0.2,0,2,,,completed,extinction on day 37,138,132,6,0.115,23,2,10,5,37,37,0
28bfa7d80cda49818293ec3a22a1450b,6cc408c29bd45fdc3ef685af923774d08caf8d2aa68dc78d25520269922d2915,c09e4f0,pilot-stage1-disease,103,9001,,3eba5fa24d22e1a9,0.05,0,none,0.2,0.2,0,2,,,completed,extinction on day 48,482,472,10,0.675,135,13,28,23,48,48,0
01bf11fa2af54940bfa092f2f009f611,3204e24ac3ded2717ec7d136ef4832eda61aa12b9b5cf65cadb74814f914573c,c09e4f0,pilot-stage1-disease,103,9001,,3eba5fa24d22e1a9,0.1,0,none,0.2,0.2,0,2,,,completed,extinction on day 62,1250,1188,62,0.73,146,15,43,11,62,62,0
b2a28c281c274ba8a232621d6d89c661,db1649bd49833174004a75b38e1aa616163f41c4d771686aaeaabadd9d870387,c09e4f0,pilot-stage1-disease,103,9002,,3eba5fa24d22e1a9,0.0,0,none,0.2,0.2,0,2,,,completed,extinction on day 15,0,0,0,0.05,10,1,10,2,15,15,0
58163a9b333c44dfa68facad65aeff88,61a7bf4510fc705dc1c58f3536e90bcc0a9de8d72751ad7e8b971583e44b4539,c09e4f0,pilot-stage1-disease,103,9002,,3eba5fa24d22e1a9,0.01,0,none,0.2,0.2,0,2,,,completed,extinction on day 15,19,18,1,0.05,10,1,10,2,15,15,0
c1d93853ee7e44ee9cd4435101be2add,b8f42f3ee92379007c4e7c4cc427fbe8e3dc9d759b492e6f2361f3d44af703a5,c09e4f0,pilot-stage1-disease,103,9002,,3eba5fa24d22e1a9,0.02,0,none,0.2,0.2,0,2,,,completed,extinction on day 15,42,39,3,0.05,10,1,10,2,15,15,0
b24e6f0ff07043d48e9aef70e96aba4b,9d6c9ebbdd5d6917d9ad62a1d13fada0ffc81f6b1cfa0c5ec76c92d092704fa4,c09e4f0,pilot-stage1-disease,103,9002,,3eba5fa24d22e1a9,0.05,0,none,0.2,0.2,0,2,,,completed,extinction on day 23,223,214,9,0.115,23,2,11,8,23,23,0
c95ebb8ae73248d8a60c3a4c9fcf2792,306ea0b49dab41c2b99397ddce419271b9bc09d072fa57972af3066693d386c2,c09e4f0,pilot-stage1-disease,103,9002,,3eba5fa24d22e1a9,0.1,0,none,0.2,0.2,0,2,,,completed,extinction on day 23,426,404,22,0.235,47,5,23,8,23,23,0
6e42e1c2cd19497abe62ec65c22f516b,596e4e1a614bdc82ceca63c3e7e37bc0d1f2d51f713550852d7ef7dcfccfb488,c09e4f0,pilot-stage1-disease,103,9003,,3eba5fa24d22e1a9,0.0,0,none,0.2,0.2,0,2,,,completed,extinction on day 1,0,0,0,0.005,1,1,1,0,1,1,0
571eb8d4b149459fbffac9658ecef529,4a2b8241e6e6f3ee55520c49fa970cdeb19fc469d7bd6586c2d31e7f60dee280,c09e4f0,pilot-stage1-disease,103,9003,,3eba5fa24d22e1a9,0.01,0,none,0.2,0.2,0,2,,,completed,extinction on day 1,3,3,0,0.005,1,1,1,0,1,1,0
96f5fe20d0b545c3855aed8cbebc7c6f,579e4f6a5448f31944eab658e026a47b15a92a09efb072106e210132611daa66,c09e4f0,pilot-stage1-disease,103,9003,,3eba5fa24d22e1a9,0.02,0,none,0.2,0.2,0,2,,,completed,extinction on day 1,5,5,0,0.005,1,1,1,0,1,1,0
7d3a5e36465d4e1792f1097158b25c8f,b4970630120930df658bb7750fac73a9f721b8deaadb68ce6fabb492d33fb479,c09e4f0,pilot-stage1-disease,103,9003,,3eba5fa24d22e1a9,0.05,0,none,0.2,0.2,0,2,,,completed,extinction on day 1,9,9,0,0.005,1,1,1,0,1,1,0
c6907fcf17644b0faf88241481550ee6,d35e399e73637c59c40abd4a1e7a528f3a18a120e71ad9e62d8253d7a459cafa,c09e4f0,pilot-stage1-disease,103,9003,,3eba5fa24d22e1a9,0.1,0,none,0.2,0.2,0,2,,,completed,extinction on day 1,16,16,0,0.005,1,1,1,0,1,1,0
81e870329c4240439112333a77f26ce0,82bd46c075d2804798ced61fdf671c8f1916736c12b7a2a534280846d0a32189,c09e4f0,pilot-stage1-disease,103,9004,,3eba5fa24d22e1a9,0.0,0,none,0.2,0.2,0,2,,,completed,extinction on day 26,0,0,0,0.05,10,1,8,4,26,26,0
2373bf2840d844c8873b9ffb93497c6a,7acf4d2db9a51e638f1bfe9a98c6d6c791b9a87524b430516b13781b564a90f6,c09e4f0,pilot-stage1-disease,103,9004,,3eba5fa24d22e1a9,0.01,0,none,0.2,0.2,0,2,,,completed,extinction on day 26,58,56,2,0.06,12,1,9,3,26,26,0
26bab2e3643c4019b6672e1869678e67,6bdcaebdf1329b742a0b7436d73602efdc9cdd2d43cdc6f989161c3fe543c036,c09e4f0,pilot-stage1-disease,103,9004,,3eba5fa24d22e1a9,0.02,0,none,0.2,0.2,0,2,,,completed,extinction on day 30,119,114,5,0.11,22,2,9,3,30,30,0
1de4e7747c454f32992c5e649ed0ebf7,5518eb7926f75e61a0497fbd52cc100694beb7cb7e82c901af86a5b3a060be4a,c09e4f0,pilot-stage1-disease,103,9004,,3eba5fa24d22e1a9,0.05,0,none,0.2,0.2,0,2,,,completed,extinction on day 114,1169,1110,59,0.955,191,20,24,73,114,114,0
a0c0ce25c4714ff6a4567f696ec07bc6,fb70cc2be49969090fd2774c4dd6427495926a91d553950f1a38191ee7745921,c09e4f0,pilot-stage1-disease,103,9004,,3eba5fa24d22e1a9,0.1,0,none,0.2,0.2,0,2,,,completed,extinction on day 56,1111,1047,64,0.97,194,20,35,29,56,56,0
6de41d506b344a288cfe6b3f569480b1,5fc571bb1f017e18b49079a63b2e027979b3acd8f6e9159df2b3ed7fa916406c,c09e4f0,pilot-stage1-disease,103,9005,,3eba5fa24d22e1a9,0.0,0,none,0.2,0.2,0,2,,,completed,extinction on day 8,0,0,0,0.05,10,1,9,3,8,8,0
1b86b9de398549769b0ac8341ef54b62,ec0397cb939fcec4c13399cdc3d0b91a2d433615848035a1f117c41a94736454,c09e4f0,pilot-stage1-disease,103,9005,,3eba5fa24d22e1a9,0.01,0,none,0.2,0.2,0,2,,,completed,extinction on day 19,41,41,0,0.05,10,1,8,3,19,19,0
526c40ea0da84db085db8e41d05a9e1e,4b8b06e10d36b8b6646cf60d30c32ddbc1a91ceeb9d696e43b06e5a63d460854,c09e4f0,pilot-stage1-disease,103,9005,,3eba5fa24d22e1a9,0.02,0,none,0.2,0.2,0,2,,,completed,extinction on day 8,39,39,0,0.06,12,1,8,3,8,8,0
30dbd2035d584205a376ca3e97cc1287,f6e53a46e6dbb3a90ab5e64f7404ad56b141556ac210605d554ea6735b5892b2,c09e4f0,pilot-stage1-disease,103,9005,,3eba5fa24d22e1a9,0.05,0,none,0.2,0.2,0,2,,,completed,extinction on day 51,516,501,15,0.59,118,11,30,12,51,51,0
fad9f6c2d0a84a23b7a2eb1e107572d4,cbc5ed45860204b5fff8c671b01691e558d47b4b1df5b2e3c84d765d65541735,c09e4f0,pilot-stage1-disease,103,9005,,3eba5fa24d22e1a9,0.1,0,none,0.2,0.2,0,2,,,completed,extinction on day 48,960,936,24,0.995,199,20,46,28,48,48,0
88f24260a7ab4047a0a830cb534356bd,f25fd9855ae098f5b158854b9137294048738618007137e24ede2de7efcd4dc3,c09e4f0,pilot-stage1-disease,103,9006,,3eba5fa24d22e1a9,0.0,0,none,0.2,0.2,0,2,,,completed,extinction on day 1,0,0,0,0.005,1,1,1,0,1,1,0
cd4a9f1dcd294b7fb7baf13d5dc23079,27f4391b8cf53d1b9d0bb1af8d6c5dc1ee8122b7f2c573b138fc8403db809543,c09e4f0,pilot-stage1-disease,103,9006,,3eba5fa24d22e1a9,0.01,0,none,0.2,0.2,0,2,,,completed,extinction on day 1,5,5,0,0.005,1,1,1,0,1,1,0
a2554b69f5014e18806c57d038d196b3,08eb9e3b27d0dcaec06c594eeb37c4c04837c2242436d5ec096d26873f4868e1,c09e4f0,pilot-stage1-disease,103,9006,,3eba5fa24d22e1a9,0.02,0,none,0.2,0.2,0,2,,,completed,extinction on day 1,6,6,0,0.005,1,1,1,0,1,1,0
c4442621ab9a44ed80dbb8af46e8de5c,82399d975a8c719ae2cb0d0b99eae2874e00cfa6dee3894093a1ba6e268a4c10,c09e4f0,pilot-stage1-disease,103,9006,,3eba5fa24d22e1a9,0.05,0,none,0.2,0.2,0,2,,,completed,extinction on day 1,14,14,0,0.005,1,1,1,0,1,1,0
f6dec8061c1f4163a0103abf8e7f7f17,cd8a35122b8b97f6f1d59b95e624d80ac668d8d1be0c67078e3aa1224b6bd341,c09e4f0,pilot-stage1-disease,103,9006,,3eba5fa24d22e1a9,0.1,0,none,0.2,0.2,0,2,,,completed,extinction on day 1,19,19,0,0.005,1,1,1,0,1,1,0
4ae726ff6cc84a7ea929bbde1b1f2c9a,56d0da401ab857575583e958cdb14b0b223fac8f87a13a1f867d550334059bc0,c09e4f0,pilot-stage1-disease,103,9007,,3eba5fa24d22e1a9,0.0,0,none,0.2,0.2,0,2,,,completed,extinction on day 14,0,0,0,0.05,10,1,8,3,14,14,0
c61eb1e6a46244ef9c844c5f14af30d0,5b7061c50761a609712ef9f808265d4024b7ac3dfee056b2333369c11e161b6e,c09e4f0,pilot-stage1-disease,103,9007,,3eba5fa24d22e1a9,0.01,0,none,0.2,0.2,0,2,,,completed,extinction on day 30,57,55,2,0.105,21,2,8,3,30,30,0
e01b6024e5c049fbb98fe6f9c7f8afd4,4b9023b826595467b451bd88670232b0ca98123e333bfdbdcc97c4ca2a231784,c09e4f0,pilot-stage1-disease,103,9007,,3eba5fa24d22e1a9,0.02,0,none,0.2,0.2,0,2,,,completed,extinction on day 30,115,106,9,0.16,32,3,13,13,30,30,0
5f0e316a051a4ffcaeebc60d4c8ece0c,7f4e338fcc768b302e7db6aed4dfcd6b93c8c46030c10eaf17f01709dc30db3e,c09e4f0,pilot-stage1-disease,103,9007,,3eba5fa24d22e1a9,0.05,0,none,0.2,0.2,0,2,,,completed,extinction on day 45,428,418,10,0.2,40,3,12,13,45,45,0
177530678f5b4c8f82df6a3b21ef418f,6d3e344049353743fe65d15260d7b89cc10bc109090559e3e692640fc1de7368,c09e4f0,pilot-stage1-disease,103,9007,,3eba5fa24d22e1a9,0.1,0,none,0.2,0.2,0,2,,,completed,extinction on day 49,1003,953,50,0.73,146,13,62,12,49,49,0
a397b415f6814bfaa9836bca1f77c2dc,3983a420e0c709891bece7ab2100124eca20fdb88e21acd82c032fa53b2cf793,c09e4f0,pilot-stage1-disease,103,9008,,3eba5fa24d22e1a9,0.0,0,none,0.2,0.2,0,2,,,completed,extinction on day 18,0,0,0,0.05,10,1,8,4,18,18,0
582a55b8497c42d8badd086934b16bc7,affd0708eaa369a9ca298960b70abb06eb5d9404bfdf1780fe41921aa0807358,c09e4f0,pilot-stage1-disease,103,9008,,3eba5fa24d22e1a9,0.01,0,none,0.2,0.2,0,2,,,completed,extinction on day 18,34,34,0,0.055,11,1,9,4,18,18,0
052b5cbebf1f4a7285e2c92b812166f4,0252508b2f7fdb0d54cc3b688d3d97a797371f533c045aebaecda963f786e1c5,c09e4f0,pilot-stage1-disease,103,9008,,3eba5fa24d22e1a9,0.02,0,none,0.2,0.2,0,2,,,completed,extinction on day 18,81,76,5,0.05,10,1,7,4,18,18,0
4ba169cead28448fb135af5b7deee9c0,daf8cbce2aa4a1595e17ab9cdbe3a046fe64f83519253266f14e5a6206d0f29f,c09e4f0,pilot-stage1-disease,103,9008,,3eba5fa24d22e1a9,0.05,0,none,0.2,0.2,0,2,,,completed,extinction on day 49,508,484,24,0.585,117,11,34,18,49,49,0
22c3ccefd9314c539c90eff4b716d9a6,eddb277c5bf6e486ab89a4901f886eaadc730aeed0b6aa2128ff16f75f3e9b3c,c09e4f0,pilot-stage1-disease,103,9008,,3eba5fa24d22e1a9,0.1,0,none,0.2,0.2,0,2,,,completed,extinction on day 38,800,760,40,0.975,195,19,56,22,38,38,0
6d6dbb974d99478c9a800d8bce1d7db9,b504fe30d05546dfdad449a3b087d1178d11439e7918b115a446c1370e3e3dd2,c09e4f0,pilot-stage1-disease,103,9009,,3eba5fa24d22e1a9,0.0,0,none,0.2,0.2,0,2,,,completed,extinction on day 16,0,0,0,0.05,10,1,8,3,16,16,0
bf970849be4a4d1cbfb13c2dafc68bce,8899751d29e54d3091f6c22e8551ceda8f0f7d8095109277303d3ba023aaf14f,c09e4f0,pilot-stage1-disease,103,9009,,3eba5fa24d22e1a9,0.01,0,none,0.2,0.2,0,2,,,completed,extinction on day 19,33,33,0,0.065,13,1,9,4,19,19,0
7a58a72ab715408b80b234daf7774cd1,3ef630a26f71a28bfb56f5fea90beb1fa4646e02234746572604c308ba13ce59,c09e4f0,pilot-stage1-disease,103,9009,,3eba5fa24d22e1a9,0.02,0,none,0.2,0.2,0,2,,,completed,extinction on day 22,89,88,1,0.2,40,4,19,6,22,22,0
c907eb983db7445bbe40c902be6e381c,df98a11b26a3347da425a945f004e7c21b05844484d11704df4bf94581fb122e,c09e4f0,pilot-stage1-disease,103,9009,,3eba5fa24d22e1a9,0.05,0,none,0.2,0.2,0,2,,,completed,extinction on day 66,653,637,16,0.925,185,18,47,10,66,66,0
fed4e611ce0a43e5b3c9d6d44d5413af,d1150ca4c16ce74885a5d695d85dd996ef0d86c0e6393378a14e61d0de4e8de7,c09e4f0,pilot-stage1-disease,103,9009,,3eba5fa24d22e1a9,0.1,0,none,0.2,0.2,0,2,,,completed,extinction on day 68,1388,1304,84,0.76,152,15,41,16,68,68,0
59a9a5e796af4d97a62ded36ef7f251d,ba1d109ac1f812b6d3778586220edee6c2cf946ce57a0c2acdaa5698c4fcf519,c09e4f0,pilot-stage1-disease,104,9000,,bc0241eae73e5142,0.0,0,none,0.2,0.2,0,2,,,completed,extinction on day 19,0,0,0,0.05,10,1,7,3,19,19,0
1eab1ac5b0d44210922b2323d5f4e908,de88e486d832169e6f9ce7672eba5da5fa3e6fd0ba0e5b82afb8abb03c483af8,c09e4f0,pilot-stage1-disease,104,9000,,bc0241eae73e5142,0.01,0,none,0.2,0.2,0,2,,,completed,extinction on day 19,43,40,3,0.065,13,1,7,3,19,19,0
faa924acb73643e096562813d45e0e30,ef8bd63f7a7f7756c50dfd1023046dc80b86b76d6f17e44d763f2f12b76b050f,c09e4f0,pilot-stage1-disease,104,9000,,bc0241eae73e5142,0.02,0,none,0.2,0.2,0,2,,,completed,extinction on day 21,84,74,10,0.135,27,2,13,10,21,21,0
b83553f6fd7445aeafff250766fd1fc7,a4107f2974e20bb24aad0a08ea8d4df51d3072e926907925b31e560d8f6caf3b,c09e4f0,pilot-stage1-disease,104,9000,,bc0241eae73e5142,0.05,0,none,0.2,0.2,0,2,,,completed,extinction on day 26,272,242,30,0.21,42,5,20,9,26,26,0
f06bbea2626c45a6b50f342628266217,18b26c498dcd2a0d15f6c7401056e8f7c6006ed7b670751bedcc1515c6384ea8,c09e4f0,pilot-stage1-disease,104,9000,,bc0241eae73e5142,0.1,0,none,0.2,0.2,0,2,,,completed,extinction on day 47,953,886,67,0.985,197,19,44,14,47,47,0
377c4e7987a14e60a6bd14aaac221244,b2dbb91442c401e0381ca31e175bce51ce125ebd705d707340f4e126c1a309f5,c09e4f0,pilot-stage1-disease,104,9001,,bc0241eae73e5142,0.0,0,none,0.2,0.2,0,2,,,completed,extinction on day 24,0,0,0,0.05,10,1,9,5,24,24,0
6635fcee27df4b98b61895cf31a2b374,f2acf012ec0b7e2a3ec55edee6bb05ae9a99a51c118d1cf39f073b28aba77560,c09e4f0,pilot-stage1-disease,104,9001,,bc0241eae73e5142,0.01,0,none,0.2,0.2,0,2,,,completed,extinction on day 36,72,66,6,0.11,22,2,11,20,36,36,0
27ad973effa242cb8883b42bdb3e619e,3aa31171c7f0b92e2dfcd664783b2026a2969ae90cfacdd7fdfe0f422ef5705a,c09e4f0,pilot-stage1-disease,104,9001,,bc0241eae73e5142,0.02,0,none,0.2,0.2,0,2,,,completed,extinction on day 62,234,213,21,0.245,49,4,10,51,62,62,0
d6763ffe15b54052a0d975fb28411f88,3560ade9c5ab7fa0d9eab275adc5e104e4868ca83fa79963d3e58cc7374c6ad9,c09e4f0,pilot-stage1-disease,104,9001,,bc0241eae73e5142,0.05,0,none,0.2,0.2,0,2,,,completed,extinction on day 71,708,647,61,0.675,135,13,29,24,71,71,0
d7686570a4be4eec8cce795a7d82b852,9bc12a4edd32bf4f2399fb6202bdd86899eda6983c7e44b3a92b856bb1945375,c09e4f0,pilot-stage1-disease,104,9001,,bc0241eae73e5142,0.1,0,none,0.2,0.2,0,2,,,completed,extinction on day 51,1047,958,89,1.0,200,20,72,18,51,51,0
fb0569502f6d440da3b4ebf4e9624900,950f41d081ad4c42b19a36209f89a3bf5054c0441c4f926f320e710efb68428c,c09e4f0,pilot-stage1-disease,104,9002,,bc0241eae73e5142,0.0,0,none,0.2,0.2,0,2,,,completed,extinction on day 15,0,0,0,0.05,10,1,10,2,15,15,0
640a74d283164989abf10ad9dab85b89,b9c290599ab24989ed54db0f932ebd51935c7740b2dac06543564c9558e97b74,c09e4f0,pilot-stage1-disease,104,9002,,bc0241eae73e5142,0.01,0,none,0.2,0.2,0,2,,,completed,extinction on day 16,21,20,1,0.06,12,1,11,2,16,16,0
89268a56a26c428e84b3ac9b872a07e9,332ad3064a5b09d631a42ed4215786d13d19ff51e87d7a0f10bc0fbfee7c59f9,c09e4f0,pilot-stage1-disease,104,9002,,bc0241eae73e5142,0.02,0,none,0.2,0.2,0,2,,,completed,extinction on day 16,45,45,0,0.06,12,1,11,2,16,16,0
e42150ede4ac47b3bb3048856aae6759,6b6f4bda243c7b838819bf804f1883679949ee486eea3d4c25bedd0a941770f3,c09e4f0,pilot-stage1-disease,104,9002,,bc0241eae73e5142,0.05,0,none,0.2,0.2,0,2,,,completed,extinction on day 63,622,579,43,0.98,196,20,44,19,63,63,0
d63862b3ff1a4ce4a4f0c02d92300f40,9503f78137aad8dd1be0c6b68a02388253622460a0b562f19fdd9d97605a85bc,c09e4f0,pilot-stage1-disease,104,9002,,bc0241eae73e5142,0.1,0,none,0.2,0.2,0,2,,,completed,extinction on day 37,724,658,66,0.99,198,20,69,10,37,37,0
db421a8884cf4ac8bdf48bc3343eaa2c,6bd3e64ab6517cbf259178215607625e0a67c019017907df195fac5d8f52352b,c09e4f0,pilot-stage1-disease,104,9003,,bc0241eae73e5142,0.0,0,none,0.2,0.2,0,2,,,completed,extinction on day 1,0,0,0,0.005,1,1,1,0,1,1,0
532f4c2af2db4150bb933834d6658fba,52bf0cc7186337480bbf22bef9bdf37e6228bfafa8bdf0ec87f3e8255376254c,c09e4f0,pilot-stage1-disease,104,9003,,bc0241eae73e5142,0.01,0,none,0.2,0.2,0,2,,,completed,extinction on day 1,3,3,0,0.005,1,1,1,0,1,1,0
d9e80c0b29ca4f9da6383b0b1f2a7e5f,a8848d4d4a52e98e947f14e53cc988adcde369af2ec4d1c4647e42ca540ba9da,c09e4f0,pilot-stage1-disease,104,9003,,bc0241eae73e5142,0.02,0,none,0.2,0.2,0,2,,,completed,extinction on day 1,5,5,0,0.005,1,1,1,0,1,1,0
4438ac075f0941d6a3bb76801cadfb50,91c05b7363bec1bbb6b8877b8d05de45a28a71a089312662dea3b707903a1670,c09e4f0,pilot-stage1-disease,104,9003,,bc0241eae73e5142,0.05,0,none,0.2,0.2,0,2,,,completed,extinction on day 1,9,9,0,0.005,1,1,1,0,1,1,0
00fd26e111b94c68a81afc704d1e2e28,1108f1305ebde414f1066b71bdcd04df5288a05417c36fd93314ea1ea49f4ca5,c09e4f0,pilot-stage1-disease,104,9003,,bc0241eae73e5142,0.1,0,none,0.2,0.2,0,2,,,completed,extinction on day 1,16,16,0,0.005,1,1,1,0,1,1,0
1e5543c2de7947948dee5da88a4b5790,66f30abeca57ee3e7a71fef7ecff1e8524f2f2ab68d8d789fdcc7d748ec7c179,c09e4f0,pilot-stage1-disease,104,9004,,bc0241eae73e5142,0.0,0,none,0.2,0.2,0,2,,,completed,extinction on day 26,0,0,0,0.05,10,1,8,4,26,26,0
988e0f2489b4407bbcfe26944b70bf7b,0c9125da28597b4a13c46d05d7cedb0ef477d5f7b43fec9fd0f77e1f74a2abef,c09e4f0,pilot-stage1-disease,104,9004,,bc0241eae73e5142,0.01,0,none,0.2,0.2,0,2,,,completed,extinction on day 51,106,103,3,0.07,14,1,8,4,51,51,0
e6610ec3505449db9069d7edfa544e8f,4947a1d9e43fdaf60bc524d744de7f36483e22c04123bdc4c377ed03a01e5aa4,c09e4f0,pilot-stage1-disease,104,9004,,bc0241eae73e5142,0.02,0,none,0.2,0.2,0,2,,,completed,extinction on day 48,193,187,6,0.175,35,3,10,20,48,48,0
01d0f2e9976d47fea886855141052ec9,5e32369b2e26b2ba41734a67b84685448e46add7c9c950440da6c646ecbe3247,c09e4f0,pilot-stage1-disease,104,9004,,bc0241eae73e5142,0.05,0,none,0.2,0.2,0,2,,,completed,extinction on day 26,250,236,14,0.225,45,4,16,6,26,26,0
f8045170ff5f4234a85fd2f9f4f98f91,4def294b927527762107142c1ae99544f997488fd7b2d3782c8892190454dad0,c09e4f0,pilot-stage1-disease,104,9004,,bc0241eae73e5142,0.1,0,none,0.2,0.2,0,2,,,completed,extinction on day 48,959,878,81,0.945,189,18,71,12,48,48,0
7b61e2a330b648d7b5d112e0786feeb4,57a9bd092d34106a4f6dbbcfb63ca039d84d71f82c825cdbc94b8a32abc8d8ff,c09e4f0,pilot-stage1-disease,104,9005,,bc0241eae73e5142,0.0,0,none,0.2,0.2,0,2,,,completed,extinction on day 8,0,0,0,0.05,10,1,9,3,8,8,0
8b099cfe9c594c729e94588f5cd10929,f3bb2742115c5e860bd5050b5d321668a25c865eed8244d19fbf3d72eddff3df,c09e4f0,pilot-stage1-disease,104,9005,,bc0241eae73e5142,0.01,0,none,0.2,0.2,0,2,,,completed,extinction on day 12,32,32,0,0.055,11,1,8,3,12,12,0
0c7f9b21ae9f49828e0834dd684a28a2,540eee94f73ef0c35e0b6f3f734f93a5ee87890efdcbc8b271fc73313ae02d48,c09e4f0,pilot-stage1-disease,104,9005,,bc0241eae73e5142,0.02,0,none,0.2,0.2,0,2,,,completed,extinction on day 12,52,50,2,0.055,11,1,8,3,12,12,0
146a30b52dec4de481b8bafd7397690e,9de3a41f4e1138b5bd8752d3f952ec5c9cdde613c726d86324966536f525878b,c09e4f0,pilot-stage1-disease,104,9005,,bc0241eae73e5142,0.05,0,none,0.2,0.2,0,2,,,completed,extinction on day 19,170,160,10,0.115,23,2,11,7,19,19,0
20aa4b27bfca4b4b86a57fd31582097e,a08386ba8e77888c4c9d3db07fa5a2a2cda87287e623e9e8fa212a33abf22052,c09e4f0,pilot-stage1-disease,104,9005,,bc0241eae73e5142,0.1,0,none,0.2,0.2,0,2,,,completed,extinction on day 62,1230,1146,84,0.955,191,19,42,21,62,62,0
5b29b13490494f38bb5800aa69daf714,46ac71eb58cdeb7037325accfe503d17aa63e57a1359948eac4110665d3a480c,c09e4f0,pilot-stage1-disease,104,9006,,bc0241eae73e5142,0.0,0,none,0.2,0.2,0,2,,,completed,extinction on day 1,0,0,0,0.005,1,1,1,0,1,1,0
290dc592b843426286c50e9a457f0c2c,4122ad125b4eade99e7ea7b328ae0529b8a6003b4da137f67fc2a03963e96842,c09e4f0,pilot-stage1-disease,104,9006,,bc0241eae73e5142,0.01,0,none,0.2,0.2,0,2,,,completed,extinction on day 1,5,5,0,0.005,1,1,1,0,1,1,0
da0dc626636b4ac1abe25ef5637d411b,9be538a4c50dea5466d337c18a8f5e0371ea9f72b12be678cf761b74f811b428,c09e4f0,pilot-stage1-disease,104,9006,,bc0241eae73e5142,0.02,0,none,0.2,0.2,0,2,,,completed,extinction on day 1,6,6,0,0.005,1,1,1,0,1,1,0
d0afa201754445098eaec966483a97d5,5fd13309fdb5dee836509a56278ea748de06c85afc45c135a826e3613f5abcb9,c09e4f0,pilot-stage1-disease,104,9006,,bc0241eae73e5142,0.05,0,none,0.2,0.2,0,2,,,completed,extinction on day 1,14,14,0,0.005,1,1,1,0,1,1,0
3e30b0a067e847dcb01255c339f8bf13,e9029985feb0e62185668fbe9c6e1b38b1d3b6c7b423d3b06af93b0a3509567a,c09e4f0,pilot-stage1-disease,104,9006,,bc0241eae73e5142,0.1,0,none,0.2,0.2,0,2,,,completed,extinction on day 1,19,19,0,0.005,1,1,1,0,1,1,0
aa7a4cb772284b62b18bff5c12fabb0b,dcd71d025f6bccb62549ad22814e15604a27d314b4fd4ebabb2da5edc3b2e218,c09e4f0,pilot-stage1-disease,104,9007,,bc0241eae73e5142,0.0,0,none,0.2,0.2,0,2,,,completed,extinction on day 14,0,0,0,0.05,10,1,8,3,14,14,0
5982aa65387142678baa093ac75caffb,8459d6a30c08dbf44f45765fad87500d33934908298501211565a001376d6bb1,c09e4f0,pilot-stage1-disease,104,9007,,bc0241eae73e5142,0.01,0,none,0.2,0.2,0,2,,,completed,extinction on day 23,49,46,3,0.095,19,2,10,12,23,23,0
d2261ed948694f0da14d2f3c359ecc25,fbf69570a477a35bcd44bd2c8cc4736681daadaef127fc6e279a4b716baebc3e,c09e4f0,pilot-stage1-disease,104,9007,,bc0241eae73e5142,0.02,0,none,0.2,0.2,0,2,,,completed,extinction on day 23,89,86,3,0.155,31,3,16,7,23,23,0
2bd2dae3abb74faf93c0037e6de2ec38,7298f6400db4d20bf172a6c2df774eae45319f56faf48b9fee84a907c2d25c5d,c09e4f0,pilot-stage1-disease,104,9007,,bc0241eae73e5142,0.05,0,none,0.2,0.2,0,2,,,completed,extinction on day 47,449,418,31,0.595,119,10,45,13,47,47,0
5b36fc65a08547d6bf255f27020cf3c1,91a0050734bd3e5d34dadbe0f1ef1b1c23c22ecb26ad4e475f4238c6caf2058b,c09e4f0,pilot-stage1-disease,104,9007,,bc0241eae73e5142,0.1,0,none,0.2,0.2,0,2,,,completed,extinction on day 57,1164,1058,106,0.95,190,19,40,26,57,57,0
65875cba31ee478a8b6301f44b7e8325,0c83adf19d058fc3fb2290b9a50401703400d8784bc21985612827f29660eb92,c09e4f0,pilot-stage1-disease,104,9008,,bc0241eae73e5142,0.0,0,none,0.2,0.2,0,2,,,completed,extinction on day 18,0,0,0,0.05,10,1,8,4,18,18,0
1fe6cc4e4eea47e086c964f1d0219540,c2750a353c59970e7d4c640c8ad7aeb6d4c58b3191bcc9ef63c8da3bc550c634,c09e4f0,pilot-stage1-disease,104,9008,,bc0241eae73e5142,0.01,0,none,0.2,0.2,0,2,,,completed,extinction on day 18,34,34,0,0.055,11,1,8,4,18,18,0
4062214220f5462892875922d95cc789,f610a2cbed950f24f21f2393c1806a49f0c8377bd8a9b305be3d996649967551,c09e4f0,pilot-stage1-disease,104,9008,,bc0241eae73e5142,0.02,0,none,0.2,0.2,0,2,,,completed,extinction on day 18,81,76,5,0.05,10,1,7,4,18,18,0
f4b6344d5bf74a02aab7e3952132259a,d7db566f9bc940d86f22e501ea6f6d5439d2bb914c618ef2a67e10d6d47bdc34,c09e4f0,pilot-stage1-disease,104,9008,,bc0241eae73e5142,0.05,0,none,0.2,0.2,0,2,,,completed,extinction on day 33,332,323,9,0.32,64,7,18,18,33,33,0
2618c5ab68bc45a28138f34f6ee593f7,5038c94815c084327ea3faca73b53d4414f266ce5a48d7855e90d526f486f7d8,c09e4f0,pilot-stage1-disease,104,9008,,bc0241eae73e5142,0.1,0,none,0.2,0.2,0,2,,,completed,extinction on day 70,1421,1328,93,0.985,197,20,54,36,70,70,0
a18f266b13e648ada19a1bad60176df3,7fc6bbcc2120c01b8ad88c548448bc901ed40ab305e55508ba0c8ee3a9688195,c09e4f0,pilot-stage1-disease,104,9009,,bc0241eae73e5142,0.0,0,none,0.2,0.2,0,2,,,completed,extinction on day 16,0,0,0,0.05,10,1,8,3,16,16,0
521a60ea83f64c9395f8c5c59b7ded76,d9a46bb112b2fb2ae0178cac60fd954b17dc8b8a278a53a4b43a717b57dd1626,c09e4f0,pilot-stage1-disease,104,9009,,bc0241eae73e5142,0.01,0,none,0.2,0.2,0,2,,,completed,extinction on day 19,33,33,0,0.065,13,1,9,4,19,19,0
3858896aee974c9a9a0e8e8068a7fc81,44e53eb6ab81aa1f4f3dac5fd95f9c06ace517598fae79db118b1c482e08e6d2,c09e4f0,pilot-stage1-disease,104,9009,,bc0241eae73e5142,0.02,0,none,0.2,0.2,0,2,,,completed,extinction on day 24,100,93,7,0.11,22,2,12,4,24,24,0
e8c4423eeb9c47bca2cf892d5c53ee83,254c1b3b172f6db3cb6ba6020da0f10cd674db1d2a73da31b48c2a606f53ec31,c09e4f0,pilot-stage1-disease,104,9009,,bc0241eae73e5142,0.05,0,none,0.2,0.2,0,2,,,completed,extinction on day 64,634,587,47,0.975,195,19,54,28,64,64,0
52f2f59ecd0b4561b98e3a2e7da599e4,44103301d0ff5ecc389a23f3bbf4fed64711b6d884285238e4073b68c0a4826d,c09e4f0,pilot-stage1-disease,104,9009,,bc0241eae73e5142,0.1,0,none,0.2,0.2,0,2,,,completed,extinction on day 66,1346,1219,127,0.985,197,19,41,20,66,66,0
