network_seed,epidemic_seed,transfer_rate,response_delay,quarantine_duration,final_attack_rate_targeted,affected_tanks_targeted,final_attack_rate_random,affected_tanks_random,quarantine_started,diff_final_attack_rate,rel_reduction_final_attack_rate,diff_affected_tanks,rel_reduction_affected_tanks
200,10000,0.0,1,14,0.05,1,0.05000000000000001,1.0,True,-6.938893903907228e-18,1.3877787807814454e-16,0.0,-0.0
200,10000,0.0,12,14,0.05,1,0.05000000000000001,1.0,True,-6.938893903907228e-18,1.3877787807814454e-16,0.0,-0.0
200,10000,0.0,33,14,0.05,1,0.05000000000000001,1.0,True,-6.938893903907228e-18,1.3877787807814454e-16,0.0,-0.0
200,10000,0.01,1,14,0.07,1,0.07,1.0,True,0.0,-0.0,0.0,-0.0
200,10000,0.01,12,14,0.07,1,0.07333333333333333,1.0,True,-0.003333333333333327,0.045454545454545366,0.0,-0.0
200,10000,0.01,33,14,0.07,1,0.07,1.0,True,0.0,-0.0,0.0,-0.0
200,10000,0.025,1,14,0.57,12,0.7883333333333334,15.333333333333334,True,-0.2183333333333335,0.276955602536998,-3.333333333333334,0.2173913043478261
200,10000,0.025,12,14,0.945,18,0.5966666666666667,11.333333333333334,True,0.3483333333333333,-0.5837988826815641,6.666666666666666,-0.588235294117647
200,10000,0.025,33,14,0.485,9,0.47500000000000003,9.333333333333334,True,0.009999999999999953,-0.021052631578947267,-0.3333333333333339,0.035714285714285775
200,10000,0.1,1,14,1.0,20,1.0,20.0,True,0.0,-0.0,0.0,-0.0
200,10000,0.1,12,14,1.0,20,1.0,20.0,True,0.0,-0.0,0.0,-0.0
200,10000,0.1,33,14,1.0,20,1.0,20.0,True,0.0,-0.0,0.0,-0.0
200,10001,0.0,1,14,0.05,1,0.05000000000000001,1.0,True,-6.938893903907228e-18,1.3877787807814454e-16,0.0,-0.0
200,10001,0.0,12,14,0.05,1,0.05000000000000001,1.0,True,-6.938893903907228e-18,1.3877787807814454e-16,0.0,-0.0
200,10001,0.0,33,14,0.05,1,0.05000000000000001,1.0,False,-6.938893903907228e-18,1.3877787807814454e-16,0.0,-0.0
200,10001,0.01,1,14,0.105,2,0.10333333333333333,2.0,True,0.0016666666666666635,-0.016129032258064484,0.0,-0.0
200,10001,0.01,12,14,0.105,2,0.10333333333333333,2.0,True,0.0016666666666666635,-0.016129032258064484,0.0,-0.0
200,10001,0.01,33,14,0.105,2,0.105,2.0,True,0.0,-0.0,0.0,-0.0
200,10001,0.025,1,14,0.91,17,0.48333333333333334,8.666666666666666,True,0.4266666666666667,-0.8827586206896553,8.333333333333334,-0.9615384615384617
200,10001,0.025,12,14,0.54,10,0.7116666666666668,13.333333333333334,True,-0.17166666666666675,0.24121779859484785,-3.333333333333334,0.25000000000000006
200,10001,0.025,33,14,0.595,12,0.8583333333333334,16.666666666666668,True,-0.2633333333333334,0.30679611650485444,-4.666666666666668,0.28
200,10001,0.1,1,14,1.0,20,1.0,20.0,True,0.0,-0.0,0.0,-0.0
200,10001,0.1,12,14,1.0,20,1.0,20.0,True,0.0,-0.0,0.0,-0.0
200,10001,0.1,33,14,1.0,20,1.0,20.0,True,0.0,-0.0,0.0,-0.0
200,10002,0.0,1,14,0.05,1,0.05000000000000001,1.0,True,-6.938893903907228e-18,1.3877787807814454e-16,0.0,-0.0
200,10002,0.0,12,14,0.05,1,0.05000000000000001,1.0,True,-6.938893903907228e-18,1.3877787807814454e-16,0.0,-0.0
200,10002,0.0,33,14,0.05,1,0.05000000000000001,1.0,False,-6.938893903907228e-18,1.3877787807814454e-16,0.0,-0.0
200,10002,0.01,1,14,0.3,5,0.26,5.0,True,0.03999999999999998,-0.15384615384615377,0.0,-0.0
200,10002,0.01,12,14,0.3,6,0.2966666666666667,6.0,True,0.0033333333333332993,-0.01123595505617966,0.0,-0.0
200,10002,0.01,33,14,0.295,6,0.29666666666666663,6.0,True,-0.0016666666666666496,0.005617977528089831,0.0,-0.0
200,10002,0.025,1,14,0.225,4,0.5016666666666666,9.333333333333334,True,-0.2766666666666666,0.5514950166112956,-5.333333333333334,0.5714285714285715
200,10002,0.025,12,14,0.425,8,0.48,9.0,True,-0.05499999999999999,0.11458333333333333,-1.0,0.1111111111111111
200,10002,0.025,33,14,0.7,14,0.44,8.333333333333334,True,0.25999999999999995,-0.5909090909090908,5.666666666666666,-0.6799999999999998
200,10002,0.1,1,14,1.0,20,1.0,20.0,True,0.0,-0.0,0.0,-0.0
200,10002,0.1,12,14,0.995,19,0.9983333333333334,19.666666666666668,True,-0.0033333333333334103,0.003338898163606087,-0.6666666666666679,0.03389830508474582
200,10002,0.1,33,14,1.0,20,0.9983333333333334,20.0,True,0.0016666666666665941,-0.0016694490818029322,0.0,-0.0
200,10003,0.0,1,14,0.05,1,0.05000000000000001,1.0,True,-6.938893903907228e-18,1.3877787807814454e-16,0.0,-0.0
200,10003,0.0,12,14,0.05,1,0.05000000000000001,1.0,True,-6.938893903907228e-18,1.3877787807814454e-16,0.0,-0.0
200,10003,0.0,33,14,0.05,1,0.05000000000000001,1.0,False,-6.938893903907228e-18,1.3877787807814454e-16,0.0,-0.0
200,10003,0.01,1,14,0.21,4,0.38166666666666665,7.333333333333333,True,-0.17166666666666666,0.4497816593886463,-3.333333333333333,0.45454545454545453
200,10003,0.01,12,14,0.285,5,0.35333333333333333,7.0,True,-0.06833333333333336,0.1933962264150944,-2.0,0.2857142857142857
200,10003,0.01,33,14,0.41,8,0.41,8.0,True,0.0,-0.0,0.0,-0.0
200,10003,0.025,1,14,0.565,11,0.8033333333333333,15.666666666666666,True,-0.2383333333333334,0.29668049792531126,-4.666666666666666,0.2978723404255319
200,10003,0.025,12,14,0.66,13,0.8333333333333334,16.333333333333332,True,-0.17333333333333334,0.208,-3.333333333333332,0.20408163265306117
200,10003,0.025,33,14,0.7,14,0.8566666666666666,17.0,True,-0.15666666666666662,0.18287937743190658,-3.0,0.17647058823529413
200,10003,0.1,1,14,0.99,20,0.9983333333333334,20.0,True,-0.008333333333333415,0.008347245409015106,0.0,-0.0
200,10003,0.1,12,14,0.995,20,1.0,20.0,True,-0.0050000000000000044,0.0050000000000000044,0.0,-0.0
200,10003,0.1,33,14,1.0,20,1.0,20.0,True,0.0,-0.0,0.0,-0.0
200,10004,0.0,1,14,0.05,1,0.05000000000000001,1.0,True,-6.938893903907228e-18,1.3877787807814454e-16,0.0,-0.0
200,10004,0.0,12,14,0.05,1,0.05000000000000001,1.0,True,-6.938893903907228e-18,1.3877787807814454e-16,0.0,-0.0
200,10004,0.0,33,14,0.05,1,0.05000000000000001,1.0,False,-6.938893903907228e-18,1.3877787807814454e-16,0.0,-0.0
200,10004,0.01,1,14,0.105,2,0.135,2.6666666666666665,True,-0.030000000000000013,0.2222222222222223,-0.6666666666666665,0.24999999999999994
200,10004,0.01,12,14,0.105,2,0.105,2.0,True,0.0,-0.0,0.0,-0.0
200,10004,0.01,33,14,0.105,2,0.105,2.0,False,0.0,-0.0,0.0,-0.0
200,10004,0.025,1,14,0.69,14,0.735,14.0,True,-0.04500000000000004,0.06122448979591842,0.0,-0.0
200,10004,0.025,12,14,0.585,11,0.7050000000000001,14.0,True,-0.1200000000000001,0.17021276595744694,-3.0,0.21428571428571427
200,10004,0.025,33,14,0.905,19,0.695,13.0,True,0.21000000000000008,-0.3021582733812951,6.0,-0.46153846153846156
200,10004,0.1,1,14,1.0,20,0.9983333333333334,20.0,True,0.0016666666666665941,-0.0016694490818029322,0.0,-0.0
200,10004,0.1,12,14,1.0,20,1.0,20.0,True,0.0,-0.0,0.0,-0.0
200,10004,0.1,33,14,1.0,20,1.0,20.0,True,0.0,-0.0,0.0,-0.0
201,10000,0.0,1,14,0.05,1,0.05000000000000001,1.0,True,-6.938893903907228e-18,1.3877787807814454e-16,0.0,-0.0
201,10000,0.0,12,14,0.05,1,0.05000000000000001,1.0,True,-6.938893903907228e-18,1.3877787807814454e-16,0.0,-0.0
201,10000,0.0,33,14,0.05,1,0.05000000000000001,1.0,True,-6.938893903907228e-18,1.3877787807814454e-16,0.0,-0.0
201,10000,0.01,1,14,0.225,4,0.18500000000000003,2.6666666666666665,True,0.03999999999999998,-0.2162162162162161,1.3333333333333335,-0.5000000000000001
201,10000,0.01,12,14,0.17,3,0.20166666666666666,3.3333333333333335,True,-0.03166666666666665,0.15702479338842967,-0.3333333333333335,0.10000000000000003
201,10000,0.01,33,14,0.135,2,0.13333333333333333,2.0,True,0.0016666666666666774,-0.01250000000000008,0.0,-0.0
201,10000,0.025,1,14,0.965,19,0.4783333333333333,9.333333333333334,True,0.4866666666666667,-1.0174216027874565,9.666666666666666,-1.0357142857142856
201,10000,0.025,12,14,0.68,12,0.3866666666666667,7.0,True,0.29333333333333333,-0.7586206896551724,5.0,-0.7142857142857143
201,10000,0.025,33,14,0.6,11,0.6216666666666667,11.666666666666666,True,-0.021666666666666723,0.034852546916890166,-0.6666666666666661,0.05714285714285709
201,10000,0.1,1,14,1.0,20,1.0,20.0,True,0.0,-0.0,0.0,-0.0
201,10000,0.1,12,14,0.775,16,0.9933333333333333,19.666666666666668,True,-0.21833333333333327,0.21979865771812074,-3.666666666666668,0.18644067796610175
201,10000,0.1,33,14,1.0,20,1.0,20.0,True,0.0,-0.0,0.0,-0.0
201,10001,0.0,1,14,0.05,1,0.05000000000000001,1.0,True,-6.938893903907228e-18,1.3877787807814454e-16,0.0,-0.0
201,10001,0.0,12,14,0.05,1,0.05000000000000001,1.0,True,-6.938893903907228e-18,1.3877787807814454e-16,0.0,-0.0
201,10001,0.0,33,14,0.05,1,0.05000000000000001,1.0,False,-6.938893903907228e-18,1.3877787807814454e-16,0.0,-0.0
201,10001,0.01,1,14,0.05,1,0.215,4.0,True,-0.16499999999999998,0.7674418604651162,-3.0,0.75
201,10001,0.01,12,14,0.17,3,0.21833333333333335,4.0,True,-0.04833333333333334,0.22137404580152673,-1.0,0.25
201,10001,0.01,33,14,0.35,6,0.325,5.666666666666667,True,0.024999999999999967,-0.07692307692307682,0.33333333333333304,-0.05882352941176465
201,10001,0.025,1,14,0.215,3,0.4483333333333333,8.333333333333334,True,-0.2333333333333333,0.5204460966542751,-5.333333333333334,0.64
201,10001,0.025,12,14,0.475,9,0.5133333333333333,9.666666666666666,True,-0.03833333333333333,0.07467532467532467,-0.6666666666666661,0.06896551724137925
201,10001,0.025,33,14,0.405,7,0.4383333333333333,8.0,True,-0.03333333333333327,0.07604562737642571,-1.0,0.125
201,10001,0.1,1,14,1.0,20,1.0,20.0,True,0.0,-0.0,0.0,-0.0
201,10001,0.1,12,14,0.995,20,0.9916666666666667,19.666666666666668,True,0.0033333333333332993,-0.0033613445378150916,0.33333333333333215,-0.01694915254237282
201,10001,0.1,33,14,1.0,20,0.9550000000000001,19.0,True,0.04499999999999993,-0.047120418848167464,1.0,-0.05263157894736842
201,10002,0.0,1,14,0.05,1,0.05000000000000001,1.0,True,-6.938893903907228e-18,1.3877787807814454e-16,0.0,-0.0
201,10002,0.0,12,14,0.05,1,0.05000000000000001,1.0,True,-6.938893903907228e-18,1.3877787807814454e-16,0.0,-0.0
201,10002,0.0,33,14,0.05,1,0.05000000000000001,1.0,False,-6.938893903907228e-18,1.3877787807814454e-16,0.0,-0.0
201,10002,0.01,1,14,0.155,3,0.15666666666666665,3.0,True,-0.0016666666666666496,0.010638297872340318,0.0,-0.0
201,10002,0.01,12,14,0.155,3,0.155,3.0,True,0.0,-0.0,0.0,-0.0
201,10002,0.01,33,14,0.155,3,0.155,3.0,True,0.0,-0.0,0.0,-0.0
201,10002,0.025,1,14,0.475,9,0.36999999999999994,7.0,True,0.10500000000000004,-0.28378378378378394,2.0,-0.2857142857142857
201,10002,0.025,12,14,0.25,5,0.445,8.333333333333334,True,-0.195,0.43820224719101125,-3.333333333333334,0.4
201,10002,0.025,33,14,0.56,10,0.5766666666666667,11.0,True,-0.016666666666666607,0.02890173410404614,-1.0,0.09090909090909091
201,10002,0.1,1,14,0.94,18,0.9283333333333333,18.333333333333332,True,0.011666666666666603,-0.012567324955116628,-0.33333333333333215,0.01818181818181812
201,10002,0.1,12,14,0.99,20,0.94,18.666666666666668,True,0.050000000000000044,-0.05319148936170218,1.3333333333333321,-0.07142857142857136
201,10002,0.1,33,14,1.0,20,0.9983333333333334,20.0,True,0.0016666666666665941,-0.0016694490818029322,0.0,-0.0
201,10003,0.0,1,14,0.05,1,0.05000000000000001,1.0,True,-6.938893903907228e-18,1.3877787807814454e-16,0.0,-0.0
201,10003,0.0,12,14,0.05,1,0.05000000000000001,1.0,True,-6.938893903907228e-18,1.3877787807814454e-16,0.0,-0.0
201,10003,0.0,33,14,0.05,1,0.05000000000000001,1.0,False,-6.938893903907228e-18,1.3877787807814454e-16,0.0,-0.0
201,10003,0.01,1,14,0.175,3,0.20000000000000004,4.0,True,-0.02500000000000005,0.12500000000000022,-1.0,0.25
201,10003,0.01,12,14,0.17,3,0.19833333333333333,3.6666666666666665,True,-0.02833333333333332,0.1428571428571428,-0.6666666666666665,0.1818181818181818
201,10003,0.01,33,14,0.17,3,0.17499999999999996,3.0,True,-0.004999999999999949,0.028571428571428286,0.0,-0.0
201,10003,0.025,1,14,0.21,4,0.26666666666666666,5.333333333333333,True,-0.05666666666666667,0.21250000000000002,-1.333333333333333,0.24999999999999994
201,10003,0.025,12,14,0.29,5,0.2966666666666667,5.666666666666667,True,-0.00666666666666671,0.022471910112359692,-0.666666666666667,0.11764705882352945
201,10003,0.025,33,14,0.65,12,0.2916666666666667,5.0,True,0.35833333333333334,-1.2285714285714284,7.0,-1.4
201,10003,0.1,1,14,1.0,20,0.9966666666666667,19.666666666666668,True,0.0033333333333332993,-0.0033444816053511362,0.33333333333333215,-0.01694915254237282
201,10003,0.1,12,14,0.98,19,0.9166666666666666,18.0,True,0.06333333333333335,-0.06909090909090912,1.0,-0.05555555555555555
201,10003,0.1,33,14,0.81,16,0.985,19.666666666666668,True,-0.17499999999999993,0.17766497461928926,-3.666666666666668,0.18644067796610175
201,10004,0.0,1,14,0.05,1,0.05000000000000001,1.0,True,-6.938893903907228e-18,1.3877787807814454e-16,0.0,-0.0
201,10004,0.0,12,14,0.05,1,0.05000000000000001,1.0,True,-6.938893903907228e-18,1.3877787807814454e-16,0.0,-0.0
201,10004,0.0,33,14,0.05,1,0.05000000000000001,1.0,False,-6.938893903907228e-18,1.3877787807814454e-16,0.0,-0.0
201,10004,0.01,1,14,0.06,1,0.26333333333333336,5.0,True,-0.20333333333333337,0.7721518987341772,-4.0,0.8
201,10004,0.01,12,14,0.37,7,0.27666666666666667,5.0,True,0.09333333333333332,-0.3373493975903614,2.0,-0.4
201,10004,0.01,33,14,0.415,8,0.38999999999999996,7.333333333333333,True,0.025000000000000022,-0.06410256410256417,0.666666666666667,-0.09090909090909095
201,10004,0.025,1,14,0.49,9,0.515,10.0,True,-0.025000000000000022,0.04854368932038839,-1.0,0.1
201,10004,0.025,12,14,0.76,15,0.715,13.666666666666666,True,0.04500000000000004,-0.062937062937063,1.333333333333334,-0.09756097560975614
201,10004,0.025,33,14,0.68,13,0.7433333333333333,14.333333333333334,True,-0.06333333333333324,0.08520179372197298,-1.333333333333334,0.09302325581395353
201,10004,0.1,1,14,1.0,20,1.0,20.0,True,0.0,-0.0,0.0,-0.0
201,10004,0.1,12,14,1.0,20,1.0,20.0,True,0.0,-0.0,0.0,-0.0
201,10004,0.1,33,14,0.82,16,1.0,20.0,True,-0.18000000000000005,0.18000000000000005,-4.0,0.2
202,10000,0.0,1,14,0.05,1,0.05000000000000001,1.0,True,-6.938893903907228e-18,1.3877787807814454e-16,0.0,-0.0
202,10000,0.0,12,14,0.05,1,0.05000000000000001,1.0,True,-6.938893903907228e-18,1.3877787807814454e-16,0.0,-0.0
202,10000,0.0,33,14,0.05,1,0.05000000000000001,1.0,True,-6.938893903907228e-18,1.3877787807814454e-16,0.0,-0.0
202,10000,0.01,1,14,0.06,1,0.06166666666666667,1.0,True,-0.0016666666666666705,0.027027027027027088,0.0,-0.0
202,10000,0.01,12,14,0.06,1,0.06,1.0,True,0.0,-0.0,0.0,-0.0
202,10000,0.01,33,14,0.06,1,0.06,1.0,True,0.0,-0.0,0.0,-0.0
202,10000,0.025,1,14,0.96,20,0.84,16.333333333333332,True,0.12,-0.14285714285714285,3.666666666666668,-0.22448979591836743
202,10000,0.025,12,14,0.995,20,0.66,13.0,True,0.33499999999999996,-0.5075757575757575,7.0,-0.5384615384615384
202,10000,0.025,33,14,0.805,16,0.9416666666666668,18.666666666666668,True,-0.13666666666666671,0.14513274336283188,-2.666666666666668,0.1428571428571429
202,10000,0.1,1,14,1.0,20,1.0,20.0,True,0.0,-0.0,0.0,-0.0
202,10000,0.1,12,14,1.0,20,1.0,20.0,True,0.0,-0.0,0.0,-0.0
202,10000,0.1,33,14,1.0,20,1.0,20.0,True,0.0,-0.0,0.0,-0.0
202,10001,0.0,1,14,0.05,1,0.05000000000000001,1.0,True,-6.938893903907228e-18,1.3877787807814454e-16,0.0,-0.0
202,10001,0.0,12,14,0.05,1,0.05000000000000001,1.0,True,-6.938893903907228e-18,1.3877787807814454e-16,0.0,-0.0
202,10001,0.0,33,14,0.05,1,0.05000000000000001,1.0,False,-6.938893903907228e-18,1.3877787807814454e-16,0.0,-0.0
202,10001,0.01,1,14,0.15,3,0.135,2.6666666666666665,True,0.014999999999999986,-0.111111111111111,0.3333333333333335,-0.12500000000000006
202,10001,0.01,12,14,0.155,3,0.145,3.0,True,0.010000000000000009,-0.06896551724137938,0.0,-0.0
202,10001,0.01,33,14,0.15,3,0.145,3.0,True,0.0050000000000000044,-0.03448275862068969,0.0,-0.0
202,10001,0.025,1,14,0.87,16,0.435,8.333333333333334,True,0.435,-1.0,7.666666666666666,-0.9199999999999998
202,10001,0.025,12,14,0.685,13,0.4666666666666666,8.666666666666666,True,0.21833333333333343,-0.46785714285714314,4.333333333333334,-0.5000000000000001
202,10001,0.025,33,14,0.39,6,0.365,6.0,True,0.025000000000000022,-0.06849315068493157,0.0,-0.0
202,10001,0.1,1,14,1.0,20,1.0,20.0,True,0.0,-0.0,0.0,-0.0
202,10001,0.1,12,14,0.995,20,1.0,20.0,True,-0.0050000000000000044,0.0050000000000000044,0.0,-0.0
202,10001,0.1,33,14,1.0,20,0.9916666666666667,19.333333333333332,True,0.008333333333333304,-0.008403361344537785,0.6666666666666679,-0.03448275862068972
202,10002,0.0,1,14,0.05,1,0.05000000000000001,1.0,True,-6.938893903907228e-18,1.3877787807814454e-16,0.0,-0.0
202,10002,0.0,12,14,0.05,1,0.05000000000000001,1.0,True,-6.938893903907228e-18,1.3877787807814454e-16,0.0,-0.0
202,10002,0.0,33,14,0.05,1,0.05000000000000001,1.0,False,-6.938893903907228e-18,1.3877787807814454e-16,0.0,-0.0
202,10002,0.01,1,14,0.155,3,0.15666666666666665,3.0,True,-0.0016666666666666496,0.010638297872340318,0.0,-0.0
202,10002,0.01,12,14,0.15,3,0.15166666666666664,3.0,True,-0.0016666666666666496,0.010989010989010879,0.0,-0.0
202,10002,0.01,33,14,0.15,3,0.15,3.0,True,0.0,-0.0,0.0,-0.0
202,10002,0.025,1,14,0.855,16,0.6633333333333332,12.666666666666666,True,0.19166666666666676,-0.28894472361809065,3.333333333333334,-0.26315789473684215
202,10002,0.025,12,14,0.555,10,0.6966666666666667,14.0,True,-0.1416666666666666,0.20334928229665064,-4.0,0.2857142857142857
202,10002,0.025,33,14,0.805,16,0.8133333333333334,16.333333333333332,True,-0.008333333333333304,0.010245901639344225,-0.33333333333333215,0.02040816326530605
202,10002,0.1,1,14,1.0,20,1.0,20.0,True,0.0,-0.0,0.0,-0.0
202,10002,0.1,12,14,1.0,20,0.9983333333333334,20.0,True,0.0016666666666665941,-0.0016694490818029322,0.0,-0.0
202,10002,0.1,33,14,1.0,20,1.0,20.0,True,0.0,-0.0,0.0,-0.0
202,10003,0.0,1,14,0.05,1,0.05000000000000001,1.0,True,-6.938893903907228e-18,1.3877787807814454e-16,0.0,-0.0
202,10003,0.0,12,14,0.05,1,0.05000000000000001,1.0,True,-6.938893903907228e-18,1.3877787807814454e-16,0.0,-0.0
202,10003,0.0,33,14,0.05,1,0.05000000000000001,1.0,False,-6.938893903907228e-18,1.3877787807814454e-16,0.0,-0.0
202,10003,0.01,1,14,0.27,5,0.27499999999999997,5.333333333333333,True,-0.004999999999999949,0.018181818181817997,-0.33333333333333304,0.062499999999999944
202,10003,0.01,12,14,0.265,5,0.2833333333333334,5.333333333333333,True,-0.018333333333333368,0.0647058823529413,-0.33333333333333304,0.062499999999999944
202,10003,0.01,33,14,0.265,5,0.265,5.0,False,0.0,-0.0,0.0,-0.0
202,10003,0.025,1,14,0.745,14,0.7200000000000001,14.0,True,0.02499999999999991,-0.03472222222222209,0.0,-0.0
202,10003,0.025,12,14,0.625,12,0.5750000000000001,10.666666666666666,True,0.04999999999999993,-0.08695652173913031,1.333333333333334,-0.12500000000000006
202,10003,0.025,33,14,0.665,13,0.7200000000000001,14.0,True,-0.05500000000000005,0.07638888888888895,-1.0,0.07142857142857142
202,10003,0.1,1,14,1.0,20,1.0,20.0,True,0.0,-0.0,0.0,-0.0
202,10003,0.1,12,14,1.0,20,0.9983333333333334,20.0,True,0.0016666666666665941,-0.0016694490818029322,0.0,-0.0
202,10003,0.1,33,14,1.0,20,1.0,20.0,True,0.0,-0.0,0.0,-0.0
202,10004,0.0,1,14,0.05,1,0.05000000000000001,1.0,True,-6.938893903907228e-18,1.3877787807814454e-16,0.0,-0.0
202,10004,0.0,12,14,0.05,1,0.05000000000000001,1.0,True,-6.938893903907228e-18,1.3877787807814454e-16,0.0,-0.0
202,10004,0.0,33,14,0.05,1,0.05000000000000001,1.0,False,-6.938893903907228e-18,1.3877787807814454e-16,0.0,-0.0
202,10004,0.01,1,14,0.155,3,0.09666666666666668,2.0,True,0.05833333333333332,-0.6034482758620687,1.0,-0.5
202,10004,0.01,12,14,0.155,3,0.09500000000000001,2.0,True,0.059999999999999984,-0.6315789473684208,1.0,-0.5
202,10004,0.01,33,14,0.095,2,0.09500000000000001,2.0,False,-1.3877787807814457e-17,1.460819769243627e-16,0.0,-0.0
202,10004,0.025,1,14,0.81,15,0.5816666666666667,11.0,True,0.2283333333333334,-0.39255014326647575,4.0,-0.36363636363636365
202,10004,0.025,12,14,0.565,11,0.5633333333333334,11.0,True,0.0016666666666665941,-0.002958579881656676,0.0,-0.0
202,10004,0.025,33,14,0.58,12,0.8450000000000001,17.333333333333332,True,-0.2650000000000001,0.3136094674556214,-5.333333333333332,0.30769230769230765
202,10004,0.1,1,14,0.995,20,0.9933333333333333,20.0,True,0.0016666666666667052,-0.0016778523489933274,0.0,-0.0
202,10004,0.1,12,14,1.0,20,0.995,20.0,True,0.0050000000000000044,-0.005025125628140708,0.0,-0.0
202,10004,0.1,33,14,0.995,20,0.9966666666666667,20.0,True,-0.0016666666666667052,0.0016722408026756239,0.0,-0.0
203,10000,0.0,1,14,0.05,1,0.05000000000000001,1.0,True,-6.938893903907228e-18,1.3877787807814454e-16,0.0,-0.0
203,10000,0.0,12,14,0.05,1,0.05000000000000001,1.0,True,-6.938893903907228e-18,1.3877787807814454e-16,0.0,-0.0
203,10000,0.0,33,14,0.05,1,0.05000000000000001,1.0,True,-6.938893903907228e-18,1.3877787807814454e-16,0.0,-0.0
203,10000,0.01,1,14,0.205,3,0.12333333333333334,1.6666666666666667,True,0.08166666666666665,-0.6621621621621621,1.3333333333333333,-0.7999999999999999
203,10000,0.01,12,14,0.08,1,0.08166666666666667,1.0,True,-0.0016666666666666635,0.020408163265306083,0.0,-0.0
203,10000,0.01,33,14,0.075,1,0.07833333333333334,1.0,True,-0.003333333333333341,0.0425531914893618,0.0,-0.0
203,10000,0.025,1,14,0.87,17,0.77,14.666666666666666,True,0.09999999999999998,-0.12987012987012983,2.333333333333334,-0.15909090909090914
203,10000,0.025,12,14,0.455,8,0.6933333333333334,13.0,True,-0.23833333333333334,0.34375,-5.0,0.38461538461538464
203,10000,0.025,33,14,0.695,13,0.7799999999999999,15.0,True,-0.08499999999999996,0.10897435897435893,-2.0,0.13333333333333333
203,10000,0.1,1,14,1.0,20,1.0,20.0,True,0.0,-0.0,0.0,-0.0
203,10000,0.1,12,14,1.0,20,1.0,20.0,True,0.0,-0.0,0.0,-0.0
203,10000,0.1,33,14,1.0,20,1.0,20.0,True,0.0,-0.0,0.0,-0.0
203,10001,0.0,1,14,0.05,1,0.05000000000000001,1.0,True,-6.938893903907228e-18,1.3877787807814454e-16,0.0,-0.0
203,10001,0.0,12,14,0.05,1,0.05000000000000001,1.0,True,-6.938893903907228e-18,1.3877787807814454e-16,0.0,-0.0
203,10001,0.0,33,14,0.05,1,0.05000000000000001,1.0,False,-6.938893903907228e-18,1.3877787807814454e-16,0.0,-0.0
203,10001,0.01,1,14,0.1,2,0.10166666666666667,2.0,True,-0.0016666666666666635,0.01639344262295079,0.0,-0.0
203,10001,0.01,12,14,0.105,2,0.10333333333333333,2.0,True,0.0016666666666666635,-0.016129032258064484,0.0,-0.0
203,10001,0.01,33,14,0.1,2,0.10000000000000002,2.0,True,-1.3877787807814457e-17,1.3877787807814454e-16,0.0,-0.0
203,10001,0.025,1,14,0.37,6,0.34833333333333333,6.333333333333333,True,0.021666666666666667,-0.06220095693779905,-0.33333333333333304,0.052631578947368376
203,10001,0.025,12,14,0.6,11,0.44333333333333336,7.666666666666667,True,0.15666666666666662,-0.3533834586466164,3.333333333333333,-0.4347826086956521
203,10001,0.025,33,14,0.555,10,0.6566666666666666,11.666666666666666,True,-0.10166666666666657,0.15482233502538056,-1.666666666666666,0.14285714285714282
203,10001,0.1,1,14,1.0,20,1.0,20.0,True,0.0,-0.0,0.0,-0.0
203,10001,0.1,12,14,1.0,20,0.9983333333333334,20.0,True,0.0016666666666665941,-0.0016694490818029322,0.0,-0.0
203,10001,0.1,33,14,1.0,20,1.0,20.0,True,0.0,-0.0,0.0,-0.0
203,10002,0.0,1,14,0.05,1,0.05000000000000001,1.0,True,-6.938893903907228e-18,1.3877787807814454e-16,0.0,-0.0
203,10002,0.0,12,14,0.05,1,0.05000000000000001,1.0,True,-6.938893903907228e-18,1.3877787807814454e-16,0.0,-0.0
203,10002,0.0,33,14,0.05,1,0.05000000000000001,1.0,False,-6.938893903907228e-18,1.3877787807814454e-16,0.0,-0.0
203,10002,0.01,1,14,0.09,2,0.09166666666666667,2.0,True,-0.0016666666666666774,0.0181818181818183,0.0,-0.0
203,10002,0.01,12,14,0.09,2,0.09000000000000001,2.0,True,-1.3877787807814457e-17,1.541976423090495e-16,0.0,-0.0
203,10002,0.01,33,14,0.09,2,0.09000000000000001,2.0,True,-1.3877787807814457e-17,1.541976423090495e-16,0.0,-0.0
203,10002,0.025,1,14,0.825,16,0.7949999999999999,15.0,True,0.030000000000000027,-0.037735849056603814,1.0,-0.06666666666666667
203,10002,0.025,12,14,0.645,13,0.6883333333333334,14.0,True,-0.043333333333333335,0.06295399515738499,-1.0,0.07142857142857142
203,10002,0.025,33,14,0.63,12,0.7716666666666666,15.333333333333334,True,-0.1416666666666666,0.18358531317494595,-3.333333333333334,0.2173913043478261
203,10002,0.1,1,14,1.0,20,0.9983333333333334,20.0,True,0.0016666666666665941,-0.0016694490818029322,0.0,-0.0
203,10002,0.1,12,14,1.0,20,1.0,20.0,True,0.0,-0.0,0.0,-0.0
203,10002,0.1,33,14,1.0,20,0.9983333333333334,20.0,True,0.0016666666666665941,-0.0016694490818029322,0.0,-0.0
203,10003,0.0,1,14,0.05,1,0.05000000000000001,1.0,True,-6.938893903907228e-18,1.3877787807814454e-16,0.0,-0.0
203,10003,0.0,12,14,0.05,1,0.05000000000000001,1.0,True,-6.938893903907228e-18,1.3877787807814454e-16,0.0,-0.0
203,10003,0.0,33,14,0.05,1,0.05000000000000001,1.0,False,-6.938893903907228e-18,1.3877787807814454e-16,0.0,-0.0
203,10003,0.01,1,14,0.21,4,0.21,4.0,True,0.0,-0.0,0.0,-0.0
203,10003,0.01,12,14,0.205,4,0.19333333333333333,3.6666666666666665,True,0.011666666666666659,-0.06034482758620686,0.3333333333333335,-0.09090909090909095
203,10003,0.01,33,14,0.21,4,0.21,4.0,True,0.0,-0.0,0.0,-0.0
203,10003,0.025,1,14,0.27,5,0.5416666666666666,11.0,True,-0.2716666666666666,0.5015384615384615,-6.0,0.5454545454545454
203,10003,0.025,12,14,0.425,8,0.48500000000000004,9.333333333333334,True,-0.06000000000000005,0.12371134020618567,-1.333333333333334,0.1428571428571429
203,10003,0.025,33,14,0.355,8,0.52,10.0,True,-0.16500000000000004,0.31730769230769235,-2.0,0.2
203,10003,0.1,1,14,1.0,20,1.0,20.0,True,0.0,-0.0,0.0,-0.0
203,10003,0.1,12,14,0.995,20,0.9816666666666666,19.333333333333332,True,0.01333333333333342,-0.01358234295415968,0.6666666666666679,-0.03448275862068972
203,10003,0.1,33,14,1.0,20,1.0,20.0,True,0.0,-0.0,0.0,-0.0
203,10004,0.0,1,14,0.05,1,0.05000000000000001,1.0,True,-6.938893903907228e-18,1.3877787807814454e-16,0.0,-0.0
203,10004,0.0,12,14,0.05,1,0.05000000000000001,1.0,True,-6.938893903907228e-18,1.3877787807814454e-16,0.0,-0.0
203,10004,0.0,33,14,0.05,1,0.05000000000000001,1.0,False,-6.938893903907228e-18,1.3877787807814454e-16,0.0,-0.0
203,10004,0.01,1,14,0.165,3,0.14166666666666666,2.6666666666666665,True,0.023333333333333345,-0.16470588235294126,0.3333333333333335,-0.12500000000000006
203,10004,0.01,12,14,0.165,3,0.16333333333333333,3.0,True,0.0016666666666666774,-0.010204081632653126,0.0,-0.0
203,10004,0.01,33,14,0.165,3,0.165,3.0,True,0.0,-0.0,0.0,-0.0
203,10004,0.025,1,14,0.785,15,0.55,11.0,True,0.235,-0.4272727272727272,4.0,-0.36363636363636365
203,10004,0.025,12,14,0.645,12,0.8116666666666666,15.666666666666666,True,-0.16666666666666663,0.20533880903490756,-3.666666666666666,0.23404255319148934
203,10004,0.025,33,14,0.725,14,0.7083333333333334,13.333333333333334,True,0.016666666666666607,-0.0235294117647058,0.6666666666666661,-0.049999999999999954
203,10004,0.1,1,14,1.0,20,1.0,20.0,True,0.0,-0.0,0.0,-0.0
203,10004,0.1,12,14,1.0,20,1.0,20.0,True,0.0,-0.0,0.0,-0.0
203,10004,0.1,33,14,1.0,20,1.0,20.0,True,0.0,-0.0,0.0,-0.0
204,10000,0.0,1,14,0.05,1,0.05000000000000001,1.0,True,-6.938893903907228e-18,1.3877787807814454e-16,0.0,-0.0
204,10000,0.0,12,14,0.05,1,0.05000000000000001,1.0,True,-6.938893903907228e-18,1.3877787807814454e-16,0.0,-0.0
204,10000,0.0,33,14,0.05,1,0.05000000000000001,1.0,True,-6.938893903907228e-18,1.3877787807814454e-16,0.0,-0.0
204,10000,0.01,1,14,0.06,1,0.05833333333333333,1.0,True,0.0016666666666666705,-0.02857142857142864,0.0,-0.0
204,10000,0.01,12,14,0.06,1,0.06,1.0,True,0.0,-0.0,0.0,-0.0
204,10000,0.01,33,14,0.06,1,0.06,1.0,True,0.0,-0.0,0.0,-0.0
204,10000,0.025,1,14,0.75,15,0.7166666666666667,14.0,True,0.033333333333333326,-0.04651162790697674,1.0,-0.07142857142857142
204,10000,0.025,12,14,0.7,14,0.7516666666666666,14.666666666666666,True,-0.05166666666666664,0.06873614190687358,-0.6666666666666661,0.045454545454545414
204,10000,0.025,33,14,0.64,13,0.68,13.666666666666666,True,-0.040000000000000036,0.058823529411764754,-0.6666666666666661,0.04878048780487801
204,10000,0.1,1,14,1.0,20,1.0,20.0,True,0.0,-0.0,0.0,-0.0
204,10000,0.1,12,14,0.995,20,0.9183333333333333,18.333333333333332,True,0.07666666666666666,-0.08348457350272231,1.6666666666666679,-0.09090909090909098
204,10000,0.1,33,14,1.0,20,1.0,20.0,True,0.0,-0.0,0.0,-0.0
204,10001,0.0,1,14,0.05,1,0.05000000000000001,1.0,True,-6.938893903907228e-18,1.3877787807814454e-16,0.0,-0.0
204,10001,0.0,12,14,0.05,1,0.05000000000000001,1.0,True,-6.938893903907228e-18,1.3877787807814454e-16,0.0,-0.0
204,10001,0.0,33,14,0.05,1,0.05000000000000001,1.0,False,-6.938893903907228e-18,1.3877787807814454e-16,0.0,-0.0
204,10001,0.01,1,14,0.27,5,0.26,5.0,True,0.010000000000000009,-0.03846153846153849,0.0,-0.0
204,10001,0.01,12,14,0.265,5,0.25333333333333335,5.0,True,0.011666666666666659,-0.04605263157894733,0.0,-0.0
204,10001,0.01,33,14,0.26,5,0.26,5.0,True,0.0,-0.0,0.0,-0.0
204,10001,0.025,1,14,0.62,11,0.7383333333333333,14.333333333333334,True,-0.11833333333333329,0.16027088036117376,-3.333333333333334,0.23255813953488375
204,10001,0.025,12,14,0.56,11,0.5933333333333334,11.0,True,-0.033333333333333326,0.05617977528089886,0.0,-0.0
204,10001,0.025,33,14,0.555,11,0.6699999999999999,13.0,True,-0.11499999999999988,0.17164179104477595,-2.0,0.15384615384615385
204,10001,0.1,1,14,1.0,20,1.0,20.0,True,0.0,-0.0,0.0,-0.0
204,10001,0.1,12,14,1.0,20,0.9933333333333333,19.666666666666668,True,0.00666666666666671,-0.006711409395973198,0.33333333333333215,-0.01694915254237282
204,10001,0.1,33,14,1.0,20,1.0,20.0,True,0.0,-0.0,0.0,-0.0
204,10002,0.0,1,14,0.05,1,0.05000000000000001,1.0,True,-6.938893903907228e-18,1.3877787807814454e-16,0.0,-0.0
204,10002,0.0,12,14,0.05,1,0.05000000000000001,1.0,True,-6.938893903907228e-18,1.3877787807814454e-16,0.0,-0.0
204,10002,0.0,33,14,0.05,1,0.05000000000000001,1.0,False,-6.938893903907228e-18,1.3877787807814454e-16,0.0,-0.0
204,10002,0.01,1,14,0.15,3,0.16833333333333333,3.3333333333333335,True,-0.01833333333333334,0.10891089108910895,-0.3333333333333335,0.10000000000000003
204,10002,0.01,12,14,0.155,3,0.18499999999999997,3.6666666666666665,True,-0.02999999999999997,0.16216216216216203,-0.6666666666666665,0.1818181818181818
204,10002,0.01,33,14,0.15,3,0.15,3.0,True,0.0,-0.0,0.0,-0.0
204,10002,0.025,1,14,0.965,19,0.24833333333333332,5.0,True,0.7166666666666667,-2.8859060402684564,14.0,-2.8
204,10002,0.025,12,14,0.21,4,0.23666666666666666,4.666666666666667,True,-0.026666666666666672,0.11267605633802819,-0.666666666666667,0.1428571428571429
204,10002,0.025,33,14,0.245,5,0.245,5.0,True,0.0,-0.0,0.0,-0.0
204,10002,0.1,1,14,1.0,20,0.755,15.0,True,0.245,-0.32450331125827814,5.0,-0.3333333333333333
204,10002,0.1,12,14,1.0,20,1.0,20.0,True,0.0,-0.0,0.0,-0.0
204,10002,0.1,33,14,1.0,20,1.0,20.0,True,0.0,-0.0,0.0,-0.0
204,10003,0.0,1,14,0.05,1,0.05000000000000001,1.0,True,-6.938893903907228e-18,1.3877787807814454e-16,0.0,-0.0
204,10003,0.0,12,14,0.05,1,0.05000000000000001,1.0,True,-6.938893903907228e-18,1.3877787807814454e-16,0.0,-0.0
204,10003,0.0,33,14,0.05,1,0.05000000000000001,1.0,False,-6.938893903907228e-18,1.3877787807814454e-16,0.0,-0.0
204,10003,0.01,1,14,0.465,10,0.3566666666666667,6.666666666666667,True,0.10833333333333334,-0.3037383177570093,3.333333333333333,-0.49999999999999994
204,10003,0.01,12,14,0.16,3,0.18166666666666667,3.3333333333333335,True,-0.021666666666666667,0.11926605504587157,-0.3333333333333335,0.10000000000000003
204,10003,0.01,33,14,0.475,9,0.4183333333333333,8.0,True,0.0566666666666667,-0.1354581673306774,1.0,-0.125
204,10003,0.025,1,14,0.56,11,0.5016666666666666,9.666666666666666,True,0.05833333333333346,-0.11627906976744212,1.333333333333334,-0.1379310344827587
204,10003,0.025,12,14,0.345,6,0.6,12.333333333333334,True,-0.255,0.42500000000000004,-6.333333333333334,0.5135135135135135
204,10003,0.025,33,14,0.735,15,0.5016666666666666,9.0,True,0.2333333333333334,-0.4651162790697676,6.0,-0.6666666666666666
204,10003,0.1,1,14,1.0,20,0.9166666666666666,18.333333333333332,True,0.08333333333333337,-0.09090909090909095,1.6666666666666679,-0.09090909090909098
204,10003,0.1,12,14,0.775,15,0.7733333333333334,15.0,True,0.0016666666666665941,-0.0021551724137930093,0.0,-0.0
204,10003,0.1,33,14,0.765,15,0.755,15.0,True,0.010000000000000009,-0.013245033112582794,0.0,-0.0
204,10004,0.0,1,14,0.05,1,0.05000000000000001,1.0,True,-6.938893903907228e-18,1.3877787807814454e-16,0.0,-0.0
204,10004,0.0,12,14,0.05,1,0.05000000000000001,1.0,True,-6.938893903907228e-18,1.3877787807814454e-16,0.0,-0.0
204,10004,0.0,33,14,0.05,1,0.05000000000000001,1.0,False,-6.938893903907228e-18,1.3877787807814454e-16,0.0,-0.0
204,10004,0.01,1,14,0.105,2,0.10666666666666667,2.0,True,-0.0016666666666666774,0.0156250000000001,0.0,-0.0
204,10004,0.01,12,14,0.105,2,0.105,2.0,True,0.0,-0.0,0.0,-0.0
204,10004,0.01,33,14,0.105,2,0.105,2.0,False,0.0,-0.0,0.0,-0.0
204,10004,0.025,1,14,0.765,15,0.555,11.0,True,0.20999999999999996,-0.3783783783783783,4.0,-0.36363636363636365
204,10004,0.025,12,14,0.73,15,0.755,15.0,True,-0.025000000000000022,0.033112582781456984,0.0,-0.0
204,10004,0.025,33,14,0.7,14,0.5983333333333333,12.333333333333334,True,0.10166666666666668,-0.16991643454039002,1.666666666666666,-0.1351351351351351
204,10004,0.1,1,14,1.0,20,0.84,16.666666666666668,True,0.16000000000000003,-0.19047619047619052,3.333333333333332,-0.19999999999999993
204,10004,0.1,12,14,0.77,15,0.8383333333333334,16.666666666666668,True,-0.06833333333333336,0.0815109343936382,-1.6666666666666679,0.10000000000000006
204,10004,0.1,33,14,0.755,15,0.765,15.0,True,-0.010000000000000009,0.013071895424836612,0.0,-0.0
205,10000,0.0,1,14,0.05,1,0.05000000000000001,1.0,True,-6.938893903907228e-18,1.3877787807814454e-16,0.0,-0.0
205,10000,0.0,12,14,0.05,1,0.05000000000000001,1.0,True,-6.938893903907228e-18,1.3877787807814454e-16,0.0,-0.0
205,10000,0.0,33,14,0.05,1,0.05000000000000001,1.0,True,-6.938893903907228e-18,1.3877787807814454e-16,0.0,-0.0
205,10000,0.01,1,14,0.745,14,0.4116666666666666,8.0,True,0.33333333333333337,-0.8097165991902836,6.0,-0.75
205,10000,0.01,12,14,0.38,7,0.18499999999999997,3.0,True,0.19500000000000003,-1.0540540540540544,4.0,-1.3333333333333333
205,10000,0.01,33,14,0.07,1,0.11166666666666668,1.3333333333333333,True,-0.04166666666666667,0.373134328358209,-0.33333333333333326,0.24999999999999994
205,10000,0.025,1,14,0.91,17,0.7266666666666667,14.0,True,0.18333333333333335,-0.2522935779816514,3.0,-0.21428571428571427
205,10000,0.025,12,14,0.945,19,0.9766666666666666,19.333333333333332,True,-0.03166666666666662,0.032423208191126235,-0.33333333333333215,0.01724137931034477
205,10000,0.025,33,14,0.96,18,0.9083333333333333,17.0,True,0.05166666666666664,-0.0568807339449541,1.0,-0.058823529411764705
205,10000,0.1,1,14,1.0,20,1.0,20.0,True,0.0,-0.0,0.0,-0.0
205,10000,0.1,12,14,1.0,20,1.0,20.0,True,0.0,-0.0,0.0,-0.0
205,10000,0.1,33,14,0.615,11,0.9983333333333334,20.0,True,-0.3833333333333334,0.3839732888146912,-9.0,0.45
205,10001,0.0,1,14,0.05,1,0.05000000000000001,1.0,True,-6.938893903907228e-18,1.3877787807814454e-16,0.0,-0.0
205,10001,0.0,12,14,0.05,1,0.05000000000000001,1.0,True,-6.938893903907228e-18,1.3877787807814454e-16,0.0,-0.0
205,10001,0.0,33,14,0.05,1,0.05000000000000001,1.0,False,-6.938893903907228e-18,1.3877787807814454e-16,0.0,-0.0
205,10001,0.01,1,14,0.11,2,0.325,6.333333333333333,True,-0.21500000000000002,0.6615384615384616,-4.333333333333333,0.6842105263157895
205,10001,0.01,12,14,0.255,5,0.3,5.666666666666667,True,-0.044999999999999984,0.14999999999999997,-0.666666666666667,0.11764705882352945
205,10001,0.01,33,14,0.3,6,0.26333333333333336,5.333333333333333,True,0.036666666666666625,-0.13924050632911375,0.666666666666667,-0.12500000000000006
205,10001,0.025,1,14,0.265,5,0.4716666666666667,9.0,True,-0.20666666666666667,0.4381625441696113,-4.0,0.4444444444444444
205,10001,0.025,12,14,0.45,9,0.7600000000000001,15.0,True,-0.3100000000000001,0.40789473684210537,-6.0,0.4
205,10001,0.025,33,14,0.93,18,0.7450000000000001,14.333333333333334,True,0.18499999999999994,-0.2483221476510066,3.666666666666666,-0.25581395348837205
205,10001,0.1,1,14,1.0,20,0.9933333333333333,20.0,True,0.00666666666666671,-0.006711409395973198,0.0,-0.0
205,10001,0.1,12,14,1.0,20,0.9966666666666667,20.0,True,0.0033333333333332993,-0.0033444816053511362,0.0,-0.0
205,10001,0.1,33,14,0.985,20,0.9966666666666667,20.0,True,-0.011666666666666714,0.011705685618729145,0.0,-0.0
205,10002,0.0,1,14,0.05,1,0.05000000000000001,1.0,True,-6.938893903907228e-18,1.3877787807814454e-16,0.0,-0.0
205,10002,0.0,12,14,0.05,1,0.05000000000000001,1.0,True,-6.938893903907228e-18,1.3877787807814454e-16,0.0,-0.0
205,10002,0.0,33,14,0.05,1,0.05000000000000001,1.0,False,-6.938893903907228e-18,1.3877787807814454e-16,0.0,-0.0
205,10002,0.01,1,14,0.215,4,0.25,4.666666666666667,True,-0.035,0.14,-0.666666666666667,0.1428571428571429
205,10002,0.01,12,14,0.215,4,0.19333333333333336,3.6666666666666665,True,0.02166666666666664,-0.11206896551724123,0.3333333333333335,-0.09090909090909095
205,10002,0.01,33,14,0.21,4,0.21,4.0,True,0.0,-0.0,0.0,-0.0
205,10002,0.025,1,14,0.28,5,0.28833333333333333,5.333333333333333,True,-0.008333333333333304,0.02890173410404614,-0.33333333333333304,0.062499999999999944
205,10002,0.025,12,14,0.26,5,0.26333333333333336,5.0,True,-0.003333333333333355,0.012658227848101345,0.0,-0.0
205,10002,0.025,33,14,0.25,5,0.25166666666666665,5.0,True,-0.0016666666666666496,0.006622516556291324,0.0,-0.0
205,10002,0.1,1,14,1.0,20,1.0,20.0,True,0.0,-0.0,0.0,-0.0
205,10002,0.1,12,14,0.99,20,0.9899999999999999,20.0,True,1.1102230246251565e-16,-1.1214373986112693e-16,0.0,-0.0
205,10002,0.1,33,14,1.0,20,1.0,20.0,True,0.0,-0.0,0.0,-0.0
205,10003,0.0,1,14,0.05,1,0.05000000000000001,1.0,True,-6.938893903907228e-18,1.3877787807814454e-16,0.0,-0.0
205,10003,0.0,12,14,0.05,1,0.05000000000000001,1.0,True,-6.938893903907228e-18,1.3877787807814454e-16,0.0,-0.0
205,10003,0.0,33,14,0.05,1,0.05000000000000001,1.0,False,-6.938893903907228e-18,1.3877787807814454e-16,0.0,-0.0
205,10003,0.01,1,14,0.28,5,0.25,4.666666666666667,True,0.030000000000000027,-0.1200000000000001,0.33333333333333304,-0.07142857142857136
205,10003,0.01,12,14,0.33,6,0.26666666666666666,4.666666666666667,True,0.06333333333333335,-0.23750000000000007,1.333333333333333,-0.28571428571428564
205,10003,0.01,33,14,0.32,6,0.32666666666666666,6.0,True,-0.006666666666666654,0.020408163265306083,0.0,-0.0
205,10003,0.025,1,14,0.27,4,0.36166666666666664,6.333333333333333,True,-0.09166666666666662,0.2534562211981566,-2.333333333333333,0.3684210526315789
205,10003,0.025,12,14,0.685,12,0.49499999999999994,8.333333333333334,True,0.1900000000000001,-0.3838383838383841,3.666666666666666,-0.4399999999999999
205,10003,0.025,33,14,0.4,6,0.4166666666666667,6.333333333333333,True,-0.016666666666666663,0.03999999999999999,-0.33333333333333304,0.052631578947368376
205,10003,0.1,1,14,1.0,20,1.0,20.0,True,0.0,-0.0,0.0,-0.0
205,10003,0.1,12,14,1.0,20,1.0,20.0,True,0.0,-0.0,0.0,-0.0
205,10003,0.1,33,14,1.0,20,1.0,20.0,True,0.0,-0.0,0.0,-0.0
205,10004,0.0,1,14,0.05,1,0.05000000000000001,1.0,True,-6.938893903907228e-18,1.3877787807814454e-16,0.0,-0.0
205,10004,0.0,12,14,0.05,1,0.05000000000000001,1.0,True,-6.938893903907228e-18,1.3877787807814454e-16,0.0,-0.0
205,10004,0.0,33,14,0.05,1,0.05000000000000001,1.0,False,-6.938893903907228e-18,1.3877787807814454e-16,0.0,-0.0
205,10004,0.01,1,14,0.105,2,0.10666666666666667,2.0,True,-0.0016666666666666774,0.0156250000000001,0.0,-0.0
205,10004,0.01,12,14,0.105,2,0.105,2.0,True,0.0,-0.0,0.0,-0.0
205,10004,0.01,33,14,0.105,2,0.105,2.0,False,0.0,-0.0,0.0,-0.0
205,10004,0.025,1,14,0.895,17,0.27166666666666667,5.333333333333333,True,0.6233333333333333,-2.2944785276073616,11.666666666666668,-2.1875000000000004
205,10004,0.025,12,14,0.29,5,0.3233333333333333,6.0,True,-0.033333333333333326,0.10309278350515462,-1.0,0.16666666666666666
205,10004,0.025,33,14,0.765,14,0.835,16.666666666666668,True,-0.06999999999999995,0.08383233532934126,-2.666666666666668,0.16000000000000006
205,10004,0.1,1,14,1.0,20,0.9933333333333333,20.0,True,0.00666666666666671,-0.006711409395973198,0.0,-0.0
205,10004,0.1,12,14,0.995,20,0.9966666666666667,20.0,True,-0.0016666666666667052,0.0016722408026756239,0.0,-0.0
205,10004,0.1,33,14,1.0,20,1.0,20.0,True,0.0,-0.0,0.0,-0.0
206,10000,0.0,1,14,0.05,1,0.05000000000000001,1.0,True,-6.938893903907228e-18,1.3877787807814454e-16,0.0,-0.0
206,10000,0.0,12,14,0.05,1,0.05000000000000001,1.0,True,-6.938893903907228e-18,1.3877787807814454e-16,0.0,-0.0
206,10000,0.0,33,14,0.05,1,0.05000000000000001,1.0,True,-6.938893903907228e-18,1.3877787807814454e-16,0.0,-0.0
206,10000,0.01,1,14,0.05,1,0.05000000000000001,1.0,True,-6.938893903907228e-18,1.3877787807814454e-16,0.0,-0.0
206,10000,0.01,12,14,0.05,1,0.05000000000000001,1.0,True,-6.938893903907228e-18,1.3877787807814454e-16,0.0,-0.0
206,10000,0.01,33,14,0.05,1,0.05000000000000001,1.0,True,-6.938893903907228e-18,1.3877787807814454e-16,0.0,-0.0
206,10000,0.025,1,14,0.21,4,0.8516666666666666,16.666666666666668,True,-0.6416666666666666,0.7534246575342466,-12.666666666666668,0.76
206,10000,0.025,12,14,0.155,3,0.6833333333333332,13.333333333333334,True,-0.5283333333333332,0.773170731707317,-10.333333333333334,0.775
206,10000,0.025,33,14,0.435,10,0.6483333333333333,12.666666666666666,True,-0.21333333333333332,0.32904884318766064,-2.666666666666666,0.21052631578947364
206,10000,0.1,1,14,0.265,5,0.5083333333333333,10.0,True,-0.2433333333333333,0.47868852459016387,-5.0,0.5
206,10000,0.1,12,14,0.28,5,0.7583333333333333,15.0,True,-0.4783333333333333,0.6307692307692307,-10.0,0.6666666666666666
206,10000,0.1,33,14,1.0,20,0.9983333333333334,20.0,True,0.0016666666666665941,-0.0016694490818029322,0.0,-0.0
206,10001,0.0,1,14,0.05,1,0.05000000000000001,1.0,True,-6.938893903907228e-18,1.3877787807814454e-16,0.0,-0.0
206,10001,0.0,12,14,0.05,1,0.05000000000000001,1.0,True,-6.938893903907228e-18,1.3877787807814454e-16,0.0,-0.0
206,10001,0.0,33,14,0.05,1,0.05000000000000001,1.0,False,-6.938893903907228e-18,1.3877787807814454e-16,0.0,-0.0
206,10001,0.01,1,14,0.1,2,0.11499999999999999,2.3333333333333335,True,-0.014999999999999986,0.13043478260869554,-0.3333333333333335,0.1428571428571429
206,10001,0.01,12,14,0.095,2,0.09500000000000001,2.0,True,-1.3877787807814457e-17,1.460819769243627e-16,0.0,-0.0
206,10001,0.01,33,14,0.095,2,0.09500000000000001,2.0,True,-1.3877787807814457e-17,1.460819769243627e-16,0.0,-0.0
206,10001,0.025,1,14,0.105,2,0.165,3.0,True,-0.06000000000000001,0.3636363636363637,-1.0,0.3333333333333333
206,10001,0.025,12,14,0.21,4,0.21333333333333335,4.0,True,-0.003333333333333355,0.0156250000000001,0.0,-0.0
206,10001,0.025,33,14,0.21,4,0.21,4.0,True,0.0,-0.0,0.0,-0.0
206,10001,0.1,1,14,0.27,5,0.9866666666666667,19.333333333333332,True,-0.7166666666666667,0.7263513513513513,-14.333333333333332,0.7413793103448276
206,10001,0.1,12,14,1.0,20,0.9983333333333334,20.0,True,0.0016666666666665941,-0.0016694490818029322,0.0,-0.0
206,10001,0.1,33,14,0.97,19,0.9866666666666667,19.666666666666668,True,-0.01666666666666672,0.016891891891891945,-0.6666666666666679,0.03389830508474582
206,10002,0.0,1,14,0.05,1,0.05000000000000001,1.0,True,-6.938893903907228e-18,1.3877787807814454e-16,0.0,-0.0
206,10002,0.0,12,14,0.05,1,0.05000000000000001,1.0,True,-6.938893903907228e-18,1.3877787807814454e-16,0.0,-0.0
206,10002,0.0,33,14,0.05,1,0.05000000000000001,1.0,False,-6.938893903907228e-18,1.3877787807814454e-16,0.0,-0.0
206,10002,0.01,1,14,0.155,3,0.18833333333333332,3.3333333333333335,True,-0.033333333333333326,0.17699115044247785,-0.3333333333333335,0.10000000000000003
206,10002,0.01,12,14,0.16,3,0.165,3.0,True,-0.0050000000000000044,0.030303030303030328,0.0,-0.0
206,10002,0.01,33,14,0.165,3,0.165,3.0,True,0.0,-0.0,0.0,-0.0
206,10002,0.025,1,14,0.235,5,0.4483333333333333,8.0,True,-0.21333333333333332,0.4758364312267658,-3.0,0.375
206,10002,0.025,12,14,0.645,12,0.51,9.0,True,0.135,-0.2647058823529412,3.0,-0.3333333333333333
206,10002,0.025,33,14,0.355,6,0.35333333333333333,6.0,True,0.0016666666666666496,-0.004716981132075424,0.0,-0.0
206,10002,0.1,1,14,1.0,20,0.9166666666666666,18.333333333333332,True,0.08333333333333337,-0.09090909090909095,1.6666666666666679,-0.09090909090909098
206,10002,0.1,12,14,0.75,15,0.9916666666666667,20.0,True,-0.2416666666666667,0.24369747899159666,-5.0,0.25
206,10002,0.1,33,14,0.995,20,0.995,20.0,True,0.0,-0.0,0.0,-0.0
206,10003,0.0,1,14,0.05,1,0.05000000000000001,1.0,True,-6.938893903907228e-18,1.3877787807814454e-16,0.0,-0.0
206,10003,0.0,12,14,0.05,1,0.05000000000000001,1.0,True,-6.938893903907228e-18,1.3877787807814454e-16,0.0,-0.0
206,10003,0.0,33,14,0.05,1,0.05000000000000001,1.0,False,-6.938893903907228e-18,1.3877787807814454e-16,0.0,-0.0
206,10003,0.01,1,14,0.47,9,0.385,7.333333333333333,True,0.08499999999999996,-0.2207792207792207,1.666666666666667,-0.22727272727272732
206,10003,0.01,12,14,0.47,9,0.3633333333333333,6.666666666666667,True,0.10666666666666669,-0.2935779816513762,2.333333333333333,-0.3499999999999999
206,10003,0.01,33,14,0.47,9,0.47,9.0,True,0.0,-0.0,0.0,-0.0
206,10003,0.025,1,14,0.515,10,0.6316666666666667,12.333333333333334,True,-0.1166666666666667,0.18469656992084435,-2.333333333333334,0.18918918918918923
206,10003,0.025,12,14,0.71,14,0.695,13.666666666666666,True,0.015000000000000013,-0.021582733812949662,0.3333333333333339,-0.02439024390243907
206,10003,0.025,33,14,0.755,15,0.755,15.0,True,0.0,-0.0,0.0,-0.0
206,10003,0.1,1,14,1.0,20,0.8466666666666667,16.666666666666668,True,0.15333333333333332,-0.1811023622047244,3.333333333333332,-0.19999999999999993
206,10003,0.1,12,14,0.995,20,1.0,20.0,True,-0.0050000000000000044,0.0050000000000000044,0.0,-0.0
206,10003,0.1,33,14,1.0,20,1.0,20.0,True,0.0,-0.0,0.0,-0.0
206,10004,0.0,1,14,0.05,1,0.05000000000000001,1.0,True,-6.938893903907228e-18,1.3877787807814454e-16,0.0,-0.0
206,10004,0.0,12,14,0.05,1,0.05000000000000001,1.0,True,-6.938893903907228e-18,1.3877787807814454e-16,0.0,-0.0
206,10004,0.0,33,14,0.05,1,0.05000000000000001,1.0,False,-6.938893903907228e-18,1.3877787807814454e-16,0.0,-0.0
206,10004,0.01,1,14,0.105,2,0.16833333333333333,3.3333333333333335,True,-0.06333333333333334,0.37623762376237624,-1.3333333333333335,0.4
206,10004,0.01,12,14,0.16,3,0.155,3.0,True,0.0050000000000000044,-0.03225806451612906,0.0,-0.0
206,10004,0.01,33,14,0.155,3,0.155,3.0,True,0.0,-0.0,0.0,-0.0
206,10004,0.025,1,14,0.1,2,0.15166666666666664,3.0,True,-0.05166666666666664,0.3406593406593405,-1.0,0.3333333333333333
206,10004,0.025,12,14,0.15,3,0.165,3.3333333333333335,True,-0.015000000000000013,0.09090909090909098,-0.3333333333333335,0.10000000000000003
206,10004,0.025,33,14,0.15,3,0.15,3.0,False,0.0,-0.0,0.0,-0.0
206,10004,0.1,1,14,0.115,2,0.7366666666666667,14.666666666666666,True,-0.6216666666666667,0.8438914027149321,-12.666666666666666,0.8636363636363636
206,10004,0.1,12,14,0.255,5,1.0,20.0,True,-0.745,0.745,-15.0,0.75
206,10004,0.1,33,14,1.0,20,0.9983333333333334,20.0,True,0.0016666666666665941,-0.0016694490818029322,0.0,-0.0
207,10000,0.0,1,14,0.05,1,0.05000000000000001,1.0,True,-6.938893903907228e-18,1.3877787807814454e-16,0.0,-0.0
207,10000,0.0,12,14,0.05,1,0.05000000000000001,1.0,True,-6.938893903907228e-18,1.3877787807814454e-16,0.0,-0.0
207,10000,0.0,33,14,0.05,1,0.05000000000000001,1.0,True,-6.938893903907228e-18,1.3877787807814454e-16,0.0,-0.0
207,10000,0.01,1,14,0.06,1,0.16333333333333333,3.0,True,-0.10333333333333333,0.6326530612244898,-2.0,0.6666666666666666
207,10000,0.01,12,14,0.055,1,0.19833333333333333,3.6666666666666665,True,-0.14333333333333334,0.7226890756302521,-2.6666666666666665,0.7272727272727273
207,10000,0.01,33,14,0.215,4,0.215,4.0,True,0.0,-0.0,0.0,-0.0
207,10000,0.025,1,14,0.855,16,0.9566666666666667,18.666666666666668,True,-0.10166666666666668,0.10627177700348434,-2.666666666666668,0.1428571428571429
207,10000,0.025,12,14,0.2,4,0.85,16.666666666666668,True,-0.6499999999999999,0.7647058823529411,-12.666666666666668,0.76
207,10000,0.025,33,14,0.74,14,0.7083333333333334,13.0,True,0.03166666666666662,-0.04470588235294111,1.0,-0.07692307692307693
207,10000,0.1,1,14,1.0,20,1.0,20.0,True,0.0,-0.0,0.0,-0.0
207,10000,0.1,12,14,1.0,20,1.0,20.0,True,0.0,-0.0,0.0,-0.0
207,10000,0.1,33,14,1.0,20,0.995,20.0,True,0.0050000000000000044,-0.005025125628140708,0.0,-0.0
207,10001,0.0,1,14,0.05,1,0.05000000000000001,1.0,True,-6.938893903907228e-18,1.3877787807814454e-16,0.0,-0.0
207,10001,0.0,12,14,0.05,1,0.05000000000000001,1.0,True,-6.938893903907228e-18,1.3877787807814454e-16,0.0,-0.0
207,10001,0.0,33,14,0.05,1,0.05000000000000001,1.0,False,-6.938893903907228e-18,1.3877787807814454e-16,0.0,-0.0
207,10001,0.01,1,14,0.11,2,0.16166666666666665,3.0,True,-0.05166666666666665,0.3195876288659793,-1.0,0.3333333333333333
207,10001,0.01,12,14,0.15,3,0.18000000000000002,3.3333333333333335,True,-0.030000000000000027,0.1666666666666668,-0.3333333333333335,0.10000000000000003
207,10001,0.01,33,14,0.155,3,0.16166666666666665,3.0,True,-0.006666666666666654,0.04123711340206178,0.0,-0.0
207,10001,0.025,1,14,0.22,4,0.91,17.666666666666668,True,-0.6900000000000001,0.7582417582417583,-13.666666666666668,0.7735849056603774
207,10001,0.025,12,14,0.895,18,0.7716666666666666,14.666666666666666,True,0.1233333333333334,-0.15982721382289428,3.333333333333334,-0.22727272727272732
207,10001,0.025,33,14,0.26,5,0.6733333333333333,12.666666666666666,True,-0.41333333333333333,0.6138613861386139,-7.666666666666666,0.6052631578947368
207,10001,0.1,1,14,1.0,20,1.0,20.0,True,0.0,-0.0,0.0,-0.0
207,10001,0.1,12,14,1.0,20,1.0,20.0,True,0.0,-0.0,0.0,-0.0
207,10001,0.1,33,14,1.0,20,0.9933333333333333,20.0,True,0.00666666666666671,-0.006711409395973198,0.0,-0.0
207,10002,0.0,1,14,0.05,1,0.05000000000000001,1.0,True,-6.938893903907228e-18,1.3877787807814454e-16,0.0,-0.0
207,10002,0.0,12,14,0.05,1,0.05000000000000001,1.0,True,-6.938893903907228e-18,1.3877787807814454e-16,0.0,-0.0
207,10002,0.0,33,14,0.05,1,0.05000000000000001,1.0,False,-6.938893903907228e-18,1.3877787807814454e-16,0.0,-0.0
207,10002,0.01,1,14,0.265,5,0.27,5.0,True,-0.0050000000000000044,0.018518518518518535,0.0,-0.0
207,10002,0.01,12,14,0.26,5,0.265,5.0,True,-0.0050000000000000044,0.018867924528301903,0.0,-0.0
207,10002,0.01,33,14,0.27,5,0.27,5.0,True,0.0,-0.0,0.0,-0.0
207,10002,0.025,1,14,0.9,18,0.8466666666666667,16.333333333333332,True,0.053333333333333344,-0.06299212598425198,1.6666666666666679,-0.1020408163265307
207,10002,0.025,12,14,0.73,14,0.9216666666666667,18.0,True,-0.19166666666666676,0.20795660036166375,-4.0,0.2222222222222222
207,10002,0.025,33,14,0.67,13,0.9316666666666666,18.333333333333332,True,-0.2616666666666666,0.28085867620751337,-5.333333333333332,0.29090909090909084
207,10002,0.1,1,14,1.0,20,1.0,20.0,True,0.0,-0.0,0.0,-0.0
207,10002,0.1,12,14,1.0,20,1.0,20.0,True,0.0,-0.0,0.0,-0.0
207,10002,0.1,33,14,1.0,20,1.0,20.0,True,0.0,-0.0,0.0,-0.0
207,10003,0.0,1,14,0.05,1,0.05000000000000001,1.0,True,-6.938893903907228e-18,1.3877787807814454e-16,0.0,-0.0
207,10003,0.0,12,14,0.05,1,0.05000000000000001,1.0,True,-6.938893903907228e-18,1.3877787807814454e-16,0.0,-0.0
207,10003,0.0,33,14,0.05,1,0.05000000000000001,1.0,False,-6.938893903907228e-18,1.3877787807814454e-16,0.0,-0.0
207,10003,0.01,1,14,0.05,1,0.26,4.666666666666667,True,-0.21000000000000002,0.8076923076923077,-3.666666666666667,0.7857142857142857
207,10003,0.01,12,14,0.39,7,0.3066666666666667,5.333333333333333,True,0.08333333333333331,-0.27173913043478254,1.666666666666667,-0.31250000000000006
207,10003,0.01,33,14,0.32,5,0.33499999999999996,5.0,True,-0.014999999999999958,0.044776119402984954,0.0,-0.0
207,10003,0.025,1,14,0.075,1,0.73,13.333333333333334,True,-0.655,0.8972602739726028,-12.333333333333334,0.925
207,10003,0.025,12,14,0.965,19,0.7816666666666666,14.666666666666666,True,0.18333333333333335,-0.23454157782515994,4.333333333333334,-0.2954545454545455
207,10003,0.025,33,14,0.875,17,0.8300000000000001,16.0,True,0.04499999999999993,-0.05421686746987943,1.0,-0.0625
207,10003,0.1,1,14,1.0,20,1.0,20.0,True,0.0,-0.0,0.0,-0.0
207,10003,0.1,12,14,1.0,20,1.0,20.0,True,0.0,-0.0,0.0,-0.0
207,10003,0.1,33,14,1.0,20,1.0,20.0,True,0.0,-0.0,0.0,-0.0
207,10004,0.0,1,14,0.05,1,0.05000000000000001,1.0,True,-6.938893903907228e-18,1.3877787807814454e-16,0.0,-0.0
207,10004,0.0,12,14,0.05,1,0.05000000000000001,1.0,True,-6.938893903907228e-18,1.3877787807814454e-16,0.0,-0.0
207,10004,0.0,33,14,0.05,1,0.05000000000000001,1.0,False,-6.938893903907228e-18,1.3877787807814454e-16,0.0,-0.0
207,10004,0.01,1,14,0.105,2,0.14333333333333334,2.6666666666666665,True,-0.038333333333333344,0.26744186046511637,-0.6666666666666665,0.24999999999999994
207,10004,0.01,12,14,0.21,4,0.21666666666666667,4.0,True,-0.006666666666666682,0.030769230769230837,0.0,-0.0
207,10004,0.01,33,14,0.22,4,0.22,4.0,True,0.0,-0.0,0.0,-0.0
207,10004,0.025,1,14,0.23,4,0.91,18.0,True,-0.68,0.7472527472527473,-14.0,0.7777777777777778
207,10004,0.025,12,14,0.205,4,0.6416666666666667,12.666666666666666,True,-0.43666666666666676,0.6805194805194806,-8.666666666666666,0.6842105263157895
207,10004,0.025,33,14,0.78,14,0.715,13.333333333333334,True,0.06500000000000006,-0.090909090909091,0.6666666666666661,-0.049999999999999954
207,10004,0.1,1,14,1.0,20,0.995,19.666666666666668,True,0.0050000000000000044,-0.005025125628140708,0.33333333333333215,-0.01694915254237282
207,10004,0.1,12,14,1.0,20,1.0,20.0,True,0.0,-0.0,0.0,-0.0
207,10004,0.1,33,14,1.0,20,1.0,20.0,True,0.0,-0.0,0.0,-0.0
208,10000,0.0,1,14,0.05,1,0.05000000000000001,1.0,True,-6.938893903907228e-18,1.3877787807814454e-16,0.0,-0.0
208,10000,0.0,12,14,0.05,1,0.05000000000000001,1.0,True,-6.938893903907228e-18,1.3877787807814454e-16,0.0,-0.0
208,10000,0.0,33,14,0.05,1,0.05000000000000001,1.0,True,-6.938893903907228e-18,1.3877787807814454e-16,0.0,-0.0
208,10000,0.01,1,14,0.105,2,0.10666666666666667,2.0,True,-0.0016666666666666774,0.0156250000000001,0.0,-0.0
208,10000,0.01,12,14,0.105,2,0.09166666666666667,1.6666666666666667,True,0.013333333333333322,-0.1454545454545453,0.33333333333333326,-0.19999999999999996
208,10000,0.01,33,14,0.115,2,0.09500000000000001,1.6666666666666667,True,0.01999999999999999,-0.21052631578947353,0.33333333333333326,-0.19999999999999996
208,10000,0.025,1,14,0.9,17,0.7399999999999999,14.333333333333334,True,0.16000000000000014,-0.21621621621621645,2.666666666666666,-0.18604651162790692
208,10000,0.025,12,14,0.97,20,0.5766666666666667,10.0,True,0.3933333333333333,-0.6820809248554913,10.0,-1.0
208,10000,0.025,33,14,0.875,17,0.6683333333333333,12.0,True,0.20666666666666667,-0.3092269326683292,5.0,-0.4166666666666667
208,10000,0.1,1,14,1.0,20,1.0,20.0,True,0.0,-0.0,0.0,-0.0
208,10000,0.1,12,14,1.0,20,1.0,20.0,True,0.0,-0.0,0.0,-0.0
208,10000,0.1,33,14,1.0,20,1.0,20.0,True,0.0,-0.0,0.0,-0.0
208,10001,0.0,1,14,0.05,1,0.05000000000000001,1.0,True,-6.938893903907228e-18,1.3877787807814454e-16,0.0,-0.0
208,10001,0.0,12,14,0.05,1,0.05000000000000001,1.0,True,-6.938893903907228e-18,1.3877787807814454e-16,0.0,-0.0
208,10001,0.0,33,14,0.05,1,0.05000000000000001,1.0,False,-6.938893903907228e-18,1.3877787807814454e-16,0.0,-0.0
208,10001,0.01,1,14,0.2,4,0.18166666666666667,3.6666666666666665,True,0.01833333333333334,-0.10091743119266058,0.3333333333333335,-0.09090909090909095
208,10001,0.01,12,14,0.2,4,0.18000000000000002,3.6666666666666665,True,0.01999999999999999,-0.11111111111111105,0.3333333333333335,-0.09090909090909095
208,10001,0.01,33,14,0.19,4,0.19166666666666665,4.0,True,-0.0016666666666666496,0.008695652173912955,0.0,-0.0
208,10001,0.025,1,14,0.51,10,0.7666666666666666,15.0,True,-0.2566666666666666,0.33478260869565213,-5.0,0.3333333333333333
208,10001,0.025,12,14,0.635,12,0.66,11.666666666666666,True,-0.025000000000000022,0.03787878787878791,0.3333333333333339,-0.028571428571428623
208,10001,0.025,33,14,0.565,10,0.5716666666666667,10.333333333333334,True,-0.00666666666666671,0.011661807580175003,-0.3333333333333339,0.03225806451612909
208,10001,0.1,1,14,1.0,20,1.0,20.0,True,0.0,-0.0,0.0,-0.0
208,10001,0.1,12,14,0.975,20,1.0,20.0,True,-0.025000000000000022,0.025000000000000022,0.0,-0.0
208,10001,0.1,33,14,1.0,20,1.0,20.0,True,0.0,-0.0,0.0,-0.0
208,10002,0.0,1,14,0.05,1,0.05000000000000001,1.0,True,-6.938893903907228e-18,1.3877787807814454e-16,0.0,-0.0
208,10002,0.0,12,14,0.05,1,0.05000000000000001,1.0,True,-6.938893903907228e-18,1.3877787807814454e-16,0.0,-0.0
208,10002,0.0,33,14,0.05,1,0.05000000000000001,1.0,False,-6.938893903907228e-18,1.3877787807814454e-16,0.0,-0.0
208,10002,0.01,1,14,0.13,2,0.16166666666666665,3.0,True,-0.03166666666666665,0.19587628865979373,-1.0,0.3333333333333333
208,10002,0.01,12,14,0.155,3,0.15666666666666665,3.0,True,-0.0016666666666666496,0.010638297872340318,0.0,-0.0
208,10002,0.01,33,14,0.155,3,0.165,3.0,True,-0.010000000000000009,0.060606060606060656,0.0,-0.0
208,10002,0.025,1,14,0.89,17,0.7233333333333333,13.666666666666666,True,0.16666666666666674,-0.23041474654377891,3.333333333333334,-0.2439024390243903
208,10002,0.025,12,14,0.505,10,0.7200000000000001,14.0,True,-0.21500000000000008,0.29861111111111116,-4.0,0.2857142857142857
208,10002,0.025,33,14,0.845,17,0.735,14.333333333333334,True,0.10999999999999999,-0.1496598639455782,2.666666666666666,-0.18604651162790692
208,10002,0.1,1,14,0.99,19,0.9983333333333334,19.666666666666668,True,-0.008333333333333415,0.008347245409015106,-0.6666666666666679,0.03389830508474582
208,10002,0.1,12,14,1.0,20,1.0,20.0,True,0.0,-0.0,0.0,-0.0
208,10002,0.1,33,14,1.0,20,1.0,20.0,True,0.0,-0.0,0.0,-0.0
208,10003,0.0,1,14,0.05,1,0.05000000000000001,1.0,True,-6.938893903907228e-18,1.3877787807814454e-16,0.0,-0.0
208,10003,0.0,12,14,0.05,1,0.05000000000000001,1.0,True,-6.938893903907228e-18,1.3877787807814454e-16,0.0,-0.0
208,10003,0.0,33,14,0.05,1,0.05000000000000001,1.0,False,-6.938893903907228e-18,1.3877787807814454e-16,0.0,-0.0
208,10003,0.01,1,14,0.44,8,0.365,6.666666666666667,True,0.07500000000000001,-0.20547945205479456,1.333333333333333,-0.19999999999999996
208,10003,0.01,12,14,0.38,7,0.235,4.333333333333333,True,0.14500000000000002,-0.6170212765957448,2.666666666666667,-0.6153846153846155
208,10003,0.01,33,14,0.275,5,0.2816666666666667,5.0,True,-0.006666666666666654,0.023668639053254392,0.0,-0.0
208,10003,0.025,1,14,0.485,9,0.77,14.666666666666666,True,-0.28500000000000003,0.37012987012987014,-5.666666666666666,0.38636363636363635
208,10003,0.025,12,14,0.75,15,0.8016666666666667,15.0,True,-0.05166666666666675,0.06444906444906455,0.0,-0.0
208,10003,0.025,33,14,0.895,17,0.8483333333333333,16.333333333333332,True,0.046666666666666745,-0.0550098231827113,0.6666666666666679,-0.04081632653061232
208,10003,0.1,1,14,1.0,20,1.0,20.0,True,0.0,-0.0,0.0,-0.0
208,10003,0.1,12,14,1.0,20,1.0,20.0,True,0.0,-0.0,0.0,-0.0
208,10003,0.1,33,14,1.0,20,0.9983333333333334,20.0,True,0.0016666666666665941,-0.0016694490818029322,0.0,-0.0
208,10004,0.0,1,14,0.05,1,0.05000000000000001,1.0,True,-6.938893903907228e-18,1.3877787807814454e-16,0.0,-0.0
208,10004,0.0,12,14,0.05,1,0.05000000000000001,1.0,True,-6.938893903907228e-18,1.3877787807814454e-16,0.0,-0.0
208,10004,0.0,33,14,0.05,1,0.05000000000000001,1.0,False,-6.938893903907228e-18,1.3877787807814454e-16,0.0,-0.0
208,10004,0.01,1,14,0.105,2,0.11333333333333333,2.0,True,-0.008333333333333331,0.07352941176470587,0.0,-0.0
208,10004,0.01,12,14,0.1,2,0.11166666666666668,2.0,True,-0.011666666666666672,0.10447761194029855,0.0,-0.0
208,10004,0.01,33,14,0.12,2,0.12,2.0,True,0.0,-0.0,0.0,-0.0
208,10004,0.025,1,14,0.18,3,0.6233333333333333,12.666666666666666,True,-0.4433333333333333,0.7112299465240641,-9.666666666666666,0.7631578947368421
208,10004,0.025,12,14,0.545,11,0.84,16.666666666666668,True,-0.29499999999999993,0.3511904761904761,-5.666666666666668,0.34
208,10004,0.025,33,14,0.65,13,0.6483333333333333,13.0,True,0.0016666666666667052,-0.002570694087403658,0.0,-0.0
208,10004,0.1,1,14,1.0,20,1.0,20.0,True,0.0,-0.0,0.0,-0.0
208,10004,0.1,12,14,1.0,20,0.9916666666666667,20.0,True,0.008333333333333304,-0.008403361344537785,0.0,-0.0
208,10004,0.1,33,14,0.99,20,0.9899999999999999,20.0,True,1.1102230246251565e-16,-1.1214373986112693e-16,0.0,-0.0
209,10000,0.0,1,14,0.05,1,0.05000000000000001,1.0,True,-6.938893903907228e-18,1.3877787807814454e-16,0.0,-0.0
209,10000,0.0,12,14,0.05,1,0.05000000000000001,1.0,True,-6.938893903907228e-18,1.3877787807814454e-16,0.0,-0.0
209,10000,0.0,33,14,0.05,1,0.05000000000000001,1.0,True,-6.938893903907228e-18,1.3877787807814454e-16,0.0,-0.0
209,10000,0.01,1,14,0.06,1,0.06,1.0,True,0.0,-0.0,0.0,-0.0
209,10000,0.01,12,14,0.075,1,0.18333333333333335,3.0,True,-0.10833333333333335,0.5909090909090909,-2.0,0.6666666666666666
209,10000,0.01,33,14,0.06,1,0.06,1.0,True,0.0,-0.0,0.0,-0.0
209,10000,0.025,1,14,0.94,18,0.7483333333333334,14.333333333333334,True,0.19166666666666654,-0.25612472160356325,3.666666666666666,-0.25581395348837205
209,10000,0.025,12,14,0.94,19,0.8150000000000001,15.333333333333334,True,0.12499999999999989,-0.15337423312883422,3.666666666666666,-0.23913043478260865
209,10000,0.025,33,14,0.92,19,0.8016666666666667,15.333333333333334,True,0.11833333333333329,-0.14760914760914753,3.666666666666666,-0.23913043478260865
209,10000,0.1,1,14,1.0,20,1.0,20.0,True,0.0,-0.0,0.0,-0.0
209,10000,0.1,12,14,1.0,20,1.0,20.0,True,0.0,-0.0,0.0,-0.0
209,10000,0.1,33,14,1.0,20,1.0,20.0,True,0.0,-0.0,0.0,-0.0
209,10001,0.0,1,14,0.05,1,0.05000000000000001,1.0,True,-6.938893903907228e-18,1.3877787807814454e-16,0.0,-0.0
209,10001,0.0,12,14,0.05,1,0.05000000000000001,1.0,True,-6.938893903907228e-18,1.3877787807814454e-16,0.0,-0.0
209,10001,0.0,33,14,0.05,1,0.05000000000000001,1.0,False,-6.938893903907228e-18,1.3877787807814454e-16,0.0,-0.0
209,10001,0.01,1,14,0.155,3,0.12166666666666666,2.3333333333333335,True,0.03333333333333334,-0.2739726027397261,0.6666666666666665,-0.28571428571428564
209,10001,0.01,12,14,0.155,3,0.12166666666666666,2.3333333333333335,True,0.03333333333333334,-0.2739726027397261,0.6666666666666665,-0.28571428571428564
209,10001,0.01,33,14,0.105,2,0.105,2.0,True,0.0,-0.0,0.0,-0.0
209,10001,0.025,1,14,0.26,5,0.47666666666666674,9.0,True,-0.21666666666666673,0.4545454545454546,-4.0,0.4444444444444444
209,10001,0.025,12,14,0.195,4,0.2866666666666667,5.666666666666667,True,-0.09166666666666667,0.31976744186046513,-1.666666666666667,0.29411764705882354
209,10001,0.025,33,14,0.25,5,0.25,5.0,True,0.0,-0.0,0.0,-0.0
209,10001,0.1,1,14,1.0,20,0.9983333333333334,20.0,True,0.0016666666666665941,-0.0016694490818029322,0.0,-0.0
209,10001,0.1,12,14,1.0,20,1.0,20.0,True,0.0,-0.0,0.0,-0.0
209,10001,0.1,33,14,1.0,20,1.0,20.0,True,0.0,-0.0,0.0,-0.0
209,10002,0.0,1,14,0.05,1,0.05000000000000001,1.0,True,-6.938893903907228e-18,1.3877787807814454e-16,0.0,-0.0
209,10002,0.0,12,14,0.05,1,0.05000000000000001,1.0,True,-6.938893903907228e-18,1.3877787807814454e-16,0.0,-0.0
209,10002,0.0,33,14,0.05,1,0.05000000000000001,1.0,False,-6.938893903907228e-18,1.3877787807814454e-16,0.0,-0.0
209,10002,0.01,1,14,0.155,3,0.16,3.0,True,-0.0050000000000000044,0.03125000000000003,0.0,-0.0
209,10002,0.01,12,14,0.155,3,0.16,3.0,True,-0.0050000000000000044,0.03125000000000003,0.0,-0.0
209,10002,0.01,33,14,0.165,3,0.16,3.0,True,0.0050000000000000044,-0.03125000000000003,0.0,-0.0
209,10002,0.025,1,14,0.86,17,0.7083333333333334,12.333333333333334,True,0.15166666666666662,-0.21411764705882344,4.666666666666666,-0.3783783783783783
209,10002,0.025,12,14,0.41,7,0.7066666666666667,12.666666666666666,True,-0.2966666666666667,0.419811320754717,-5.666666666666666,0.4473684210526315
209,10002,0.025,33,14,0.625,11,0.5116666666666667,9.0,True,0.11333333333333329,-0.22149837133550476,2.0,-0.2222222222222222
209,10002,0.1,1,14,1.0,20,1.0,20.0,True,0.0,-0.0,0.0,-0.0
209,10002,0.1,12,14,1.0,20,1.0,20.0,True,0.0,-0.0,0.0,-0.0
209,10002,0.1,33,14,1.0,20,1.0,20.0,True,0.0,-0.0,0.0,-0.0
209,10003,0.0,1,14,0.05,1,0.05000000000000001,1.0,True,-6.938893903907228e-18,1.3877787807814454e-16,0.0,-0.0
209,10003,0.0,12,14,0.05,1,0.05000000000000001,1.0,True,-6.938893903907228e-18,1.3877787807814454e-16,0.0,-0.0
209,10003,0.0,33,14,0.05,1,0.05000000000000001,1.0,False,-6.938893903907228e-18,1.3877787807814454e-16,0.0,-0.0
209,10003,0.01,1,14,0.385,7,0.26666666666666666,5.0,True,0.11833333333333335,-0.44375000000000003,2.0,-0.4
209,10003,0.01,12,14,0.46,9,0.38999999999999996,7.666666666666667,True,0.07000000000000006,-0.17948717948717965,1.333333333333333,-0.17391304347826084
209,10003,0.01,33,14,0.365,7,0.365,7.0,True,0.0,-0.0,0.0,-0.0
209,10003,0.025,1,14,0.765,15,0.7916666666666666,16.0,True,-0.026666666666666616,0.033684210526315726,-1.0,0.0625
209,10003,0.025,12,14,0.905,18,0.9183333333333333,18.0,True,-0.013333333333333308,0.014519056261342986,0.0,-0.0
209,10003,0.025,33,14,0.89,18,0.8883333333333333,18.0,True,0.0016666666666667052,-0.0018761726078799683,0.0,-0.0
209,10003,0.1,1,14,1.0,20,1.0,20.0,True,0.0,-0.0,0.0,-0.0
209,10003,0.1,12,14,1.0,20,1.0,20.0,True,0.0,-0.0,0.0,-0.0
209,10003,0.1,33,14,1.0,20,1.0,20.0,True,0.0,-0.0,0.0,-0.0
209,10004,0.0,1,14,0.05,1,0.05000000000000001,1.0,True,-6.938893903907228e-18,1.3877787807814454e-16,0.0,-0.0
209,10004,0.0,12,14,0.05,1,0.05000000000000001,1.0,True,-6.938893903907228e-18,1.3877787807814454e-16,0.0,-0.0
209,10004,0.0,33,14,0.05,1,0.05000000000000001,1.0,False,-6.938893903907228e-18,1.3877787807814454e-16,0.0,-0.0
209,10004,0.01,1,14,0.39,8,0.26499999999999996,5.333333333333333,True,0.12500000000000006,-0.47169811320754745,2.666666666666667,-0.5000000000000001
209,10004,0.01,12,14,0.35,7,0.30666666666666664,6.333333333333333,True,0.043333333333333335,-0.14130434782608697,0.666666666666667,-0.10526315789473689
209,10004,0.01,33,14,0.3,6,0.2933333333333333,6.0,True,0.00666666666666671,-0.022727272727272877,0.0,-0.0
209,10004,0.025,1,14,0.165,3,0.22999999999999998,4.0,True,-0.06499999999999997,0.28260869565217384,-1.0,0.25
209,10004,0.025,12,14,0.23,4,0.3833333333333333,6.666666666666667,True,-0.1533333333333333,0.3999999999999999,-2.666666666666667,0.4
209,10004,0.025,33,14,0.695,12,0.44333333333333336,7.666666666666667,True,0.2516666666666666,-0.5676691729323307,4.333333333333333,-0.5652173913043478
209,10004,0.1,1,14,0.995,20,1.0,20.0,True,-0.0050000000000000044,0.0050000000000000044,0.0,-0.0
209,10004,0.1,12,14,1.0,20,0.9983333333333334,20.0,True,0.0016666666666665941,-0.0016694490818029322,0.0,-0.0
209,10004,0.1,33,14,1.0,20,1.0,20.0,True,0.0,-0.0,0.0,-0.0
210,10000,0.0,1,14,0.05,1,0.05000000000000001,1.0,True,-6.938893903907228e-18,1.3877787807814454e-16,0.0,-0.0
210,10000,0.0,12,14,0.05,1,0.05000000000000001,1.0,True,-6.938893903907228e-18,1.3877787807814454e-16,0.0,-0.0
210,10000,0.0,33,14,0.05,1,0.05000000000000001,1.0,True,-6.938893903907228e-18,1.3877787807814454e-16,0.0,-0.0
210,10000,0.01,1,14,0.055,1,0.051666666666666666,1.0,True,0.003333333333333334,-0.06451612903225808,0.0,-0.0
210,10000,0.01,12,14,0.1,2,0.05000000000000001,1.0,True,0.049999999999999996,-0.9999999999999998,1.0,-1.0
210,10000,0.01,33,14,0.05,1,0.05000000000000001,1.0,True,-6.938893903907228e-18,1.3877787807814454e-16,0.0,-0.0
210,10000,0.025,1,14,0.975,20,0.775,14.666666666666666,True,0.19999999999999996,-0.2580645161290322,5.333333333333334,-0.3636363636363637
210,10000,0.025,12,14,0.755,14,0.81,15.666666666666666,True,-0.05500000000000005,0.06790123456790129,-1.666666666666666,0.10638297872340423
210,10000,0.025,33,14,0.73,14,0.7733333333333333,15.0,True,-0.043333333333333335,0.05603448275862069,-1.0,0.06666666666666667
210,10000,0.1,1,14,1.0,20,1.0,20.0,True,0.0,-0.0,0.0,-0.0
210,10000,0.1,12,14,1.0,20,1.0,20.0,True,0.0,-0.0,0.0,-0.0
210,10000,0.1,33,14,1.0,20,1.0,20.0,True,0.0,-0.0,0.0,-0.0
210,10001,0.0,1,14,0.05,1,0.05000000000000001,1.0,True,-6.938893903907228e-18,1.3877787807814454e-16,0.0,-0.0
210,10001,0.0,12,14,0.05,1,0.05000000000000001,1.0,True,-6.938893903907228e-18,1.3877787807814454e-16,0.0,-0.0
210,10001,0.0,33,14,0.05,1,0.05000000000000001,1.0,False,-6.938893903907228e-18,1.3877787807814454e-16,0.0,-0.0
210,10001,0.01,1,14,0.205,4,0.2333333333333333,4.333333333333333,True,-0.02833333333333332,0.12142857142857139,-0.33333333333333304,0.07692307692307686
210,10001,0.01,12,14,0.27,5,0.27166666666666667,5.0,True,-0.0016666666666666496,0.006134969325153312,0.0,-0.0
210,10001,0.01,33,14,0.315,6,0.3216666666666667,6.0,True,-0.00666666666666671,0.0207253886010364,0.0,-0.0
210,10001,0.025,1,14,0.6,11,0.41500000000000004,8.0,True,0.18499999999999994,-0.4457831325301203,3.0,-0.375
210,10001,0.025,12,14,0.27,5,0.5083333333333333,10.0,True,-0.23833333333333329,0.4688524590163934,-5.0,0.5
210,10001,0.025,33,14,0.555,11,0.5666666666666667,11.333333333333334,True,-0.011666666666666603,0.020588235294117536,-0.3333333333333339,0.029411764705882405
210,10001,0.1,1,14,1.0,20,0.9966666666666667,20.0,True,0.0033333333333332993,-0.0033444816053511362,0.0,-0.0
210,10001,0.1,12,14,1.0,20,0.9983333333333334,20.0,True,0.0016666666666665941,-0.0016694490818029322,0.0,-0.0
210,10001,0.1,33,14,1.0,20,1.0,20.0,True,0.0,-0.0,0.0,-0.0
210,10002,0.0,1,14,0.05,1,0.05000000000000001,1.0,True,-6.938893903907228e-18,1.3877787807814454e-16,0.0,-0.0
210,10002,0.0,12,14,0.05,1,0.05000000000000001,1.0,True,-6.938893903907228e-18,1.3877787807814454e-16,0.0,-0.0
210,10002,0.0,33,14,0.05,1,0.05000000000000001,1.0,False,-6.938893903907228e-18,1.3877787807814454e-16,0.0,-0.0
210,10002,0.01,1,14,0.2,4,0.20000000000000004,4.0,True,-2.7755575615628914e-17,1.3877787807814454e-16,0.0,-0.0
210,10002,0.01,12,14,0.2,4,0.20000000000000004,4.0,True,-2.7755575615628914e-17,1.3877787807814454e-16,0.0,-0.0
210,10002,0.01,33,14,0.2,4,0.20000000000000004,4.0,True,-2.7755575615628914e-17,1.3877787807814454e-16,0.0,-0.0
210,10002,0.025,1,14,0.515,10,0.33666666666666667,6.333333333333333,True,0.17833333333333334,-0.5297029702970297,3.666666666666667,-0.5789473684210527
210,10002,0.025,12,14,0.28,5,0.275,5.0,True,0.0050000000000000044,-0.018181818181818195,0.0,-0.0
210,10002,0.025,33,14,0.265,5,0.27,5.0,True,-0.0050000000000000044,0.018518518518518535,0.0,-0.0
210,10002,0.1,1,14,1.0,20,1.0,20.0,True,0.0,-0.0,0.0,-0.0
210,10002,0.1,12,14,0.995,20,1.0,20.0,True,-0.0050000000000000044,0.0050000000000000044,0.0,-0.0
210,10002,0.1,33,14,1.0,20,1.0,20.0,True,0.0,-0.0,0.0,-0.0
210,10003,0.0,1,14,0.05,1,0.05000000000000001,1.0,True,-6.938893903907228e-18,1.3877787807814454e-16,0.0,-0.0
210,10003,0.0,12,14,0.05,1,0.05000000000000001,1.0,True,-6.938893903907228e-18,1.3877787807814454e-16,0.0,-0.0
210,10003,0.0,33,14,0.05,1,0.05000000000000001,1.0,False,-6.938893903907228e-18,1.3877787807814454e-16,0.0,-0.0
210,10003,0.01,1,14,0.225,4,0.385,7.333333333333333,True,-0.16,0.41558441558441556,-3.333333333333333,0.45454545454545453
210,10003,0.01,12,14,0.43,8,0.40499999999999997,7.666666666666667,True,0.025000000000000022,-0.061728395061728454,0.33333333333333304,-0.043478260869565175
210,10003,0.01,33,14,0.37,7,0.37166666666666665,7.0,True,-0.0016666666666666496,0.004484304932735381,0.0,-0.0
210,10003,0.025,1,14,0.91,17,0.7883333333333334,14.666666666666666,True,0.12166666666666659,-0.15433403805496818,2.333333333333334,-0.15909090909090914
210,10003,0.025,12,14,0.945,18,0.9266666666666667,18.0,True,0.0183333333333332,-0.01978417266187036,0.0,-0.0
210,10003,0.025,33,14,0.91,17,0.9583333333333334,19.0,True,-0.04833333333333334,0.050434782608695654,-2.0,0.10526315789473684
210,10003,0.1,1,14,0.995,20,1.0,20.0,True,-0.0050000000000000044,0.0050000000000000044,0.0,-0.0
210,10003,0.1,12,14,1.0,20,1.0,20.0,True,0.0,-0.0,0.0,-0.0
210,10003,0.1,33,14,1.0,20,1.0,20.0,True,0.0,-0.0,0.0,-0.0
210,10004,0.0,1,14,0.05,1,0.05000000000000001,1.0,True,-6.938893903907228e-18,1.3877787807814454e-16,0.0,-0.0
210,10004,0.0,12,14,0.05,1,0.05000000000000001,1.0,True,-6.938893903907228e-18,1.3877787807814454e-16,0.0,-0.0
210,10004,0.0,33,14,0.05,1,0.05000000000000001,1.0,False,-6.938893903907228e-18,1.3877787807814454e-16,0.0,-0.0
210,10004,0.01,1,14,0.125,2,0.15833333333333333,2.6666666666666665,True,-0.033333333333333326,0.21052631578947364,-0.6666666666666665,0.24999999999999994
210,10004,0.01,12,14,0.175,3,0.17499999999999996,3.0,True,2.7755575615628914e-17,-1.5860328923216525e-16,0.0,-0.0
210,10004,0.01,33,14,0.175,3,0.17499999999999996,3.0,True,2.7755575615628914e-17,-1.5860328923216525e-16,0.0,-0.0
210,10004,0.025,1,14,0.57,10,0.6699999999999999,12.666666666666666,True,-0.09999999999999998,0.14925373134328357,-2.666666666666666,0.21052631578947364
210,10004,0.025,12,14,0.74,14,0.5533333333333333,10.666666666666666,True,0.18666666666666665,-0.3373493975903614,3.333333333333334,-0.31250000000000006
210,10004,0.025,33,14,0.6,11,0.6666666666666666,13.0,True,-0.06666666666666665,0.09999999999999998,-2.0,0.15384615384615385
210,10004,0.1,1,14,1.0,20,0.9966666666666667,20.0,True,0.0033333333333332993,-0.0033444816053511362,0.0,-0.0
210,10004,0.1,12,14,0.995,20,0.9983333333333334,20.0,True,-0.0033333333333334103,0.003338898163606087,0.0,-0.0
210,10004,0.1,33,14,1.0,20,1.0,20.0,True,0.0,-0.0,0.0,-0.0
211,10000,0.0,1,14,0.05,1,0.05000000000000001,1.0,True,-6.938893903907228e-18,1.3877787807814454e-16,0.0,-0.0
211,10000,0.0,12,14,0.05,1,0.05000000000000001,1.0,True,-6.938893903907228e-18,1.3877787807814454e-16,0.0,-0.0
211,10000,0.0,33,14,0.05,1,0.05000000000000001,1.0,True,-6.938893903907228e-18,1.3877787807814454e-16,0.0,-0.0
211,10000,0.01,1,14,0.165,3,0.145,2.6666666666666665,True,0.020000000000000018,-0.13793103448275876,0.3333333333333335,-0.12500000000000006
211,10000,0.01,12,14,0.175,3,0.09833333333333334,1.6666666666666667,True,0.07666666666666665,-0.7796610169491522,1.3333333333333333,-0.7999999999999999
211,10000,0.01,33,14,0.165,3,0.17166666666666666,3.0,True,-0.006666666666666654,0.03883495145631061,0.0,-0.0
211,10000,0.025,1,14,0.595,12,0.91,18.0,True,-0.31500000000000006,0.3461538461538462,-6.0,0.3333333333333333
211,10000,0.025,12,14,0.805,16,0.8916666666666666,17.333333333333332,True,-0.08666666666666656,0.09719626168224288,-1.3333333333333321,0.07692307692307686
211,10000,0.025,33,14,0.795,16,0.9233333333333333,18.333333333333332,True,-0.1283333333333333,0.1389891696750902,-2.333333333333332,0.1272727272727272
211,10000,0.1,1,14,1.0,20,0.9966666666666667,19.666666666666668,True,0.0033333333333332993,-0.0033444816053511362,0.33333333333333215,-0.01694915254237282
211,10000,0.1,12,14,1.0,20,1.0,20.0,True,0.0,-0.0,0.0,-0.0
211,10000,0.1,33,14,1.0,20,1.0,20.0,True,0.0,-0.0,0.0,-0.0
211,10001,0.0,1,14,0.05,1,0.05000000000000001,1.0,True,-6.938893903907228e-18,1.3877787807814454e-16,0.0,-0.0
211,10001,0.0,12,14,0.05,1,0.05000000000000001,1.0,True,-6.938893903907228e-18,1.3877787807814454e-16,0.0,-0.0
211,10001,0.0,33,14,0.05,1,0.05000000000000001,1.0,False,-6.938893903907228e-18,1.3877787807814454e-16,0.0,-0.0
211,10001,0.01,1,14,0.1,2,0.18166666666666667,3.6666666666666665,True,-0.08166666666666667,0.4495412844036697,-1.6666666666666665,0.45454545454545453
211,10001,0.01,12,14,0.135,3,0.14333333333333334,3.0,True,-0.008333333333333331,0.058139534883720916,0.0,-0.0
211,10001,0.01,33,14,0.145,3,0.145,3.0,True,0.0,-0.0,0.0,-0.0
211,10001,0.025,1,14,0.28,5,0.48666666666666664,9.0,True,-0.2066666666666666,0.42465753424657526,-4.0,0.4444444444444444
211,10001,0.025,12,14,0.495,9,0.45166666666666666,8.666666666666666,True,0.043333333333333335,-0.0959409594095941,0.3333333333333339,-0.03846153846153853
211,10001,0.025,33,14,0.315,6,0.3066666666666667,5.666666666666667,True,0.008333333333333304,-0.027173913043478163,0.33333333333333304,-0.05882352941176465
211,10001,0.1,1,14,1.0,20,1.0,20.0,True,0.0,-0.0,0.0,-0.0
211,10001,0.1,12,14,0.98,19,1.0,20.0,True,-0.020000000000000018,0.020000000000000018,-1.0,0.05
211,10001,0.1,33,14,1.0,20,1.0,20.0,True,0.0,-0.0,0.0,-0.0
211,10002,0.0,1,14,0.05,1,0.05000000000000001,1.0,True,-6.938893903907228e-18,1.3877787807814454e-16,0.0,-0.0
211,10002,0.0,12,14,0.05,1,0.05000000000000001,1.0,True,-6.938893903907228e-18,1.3877787807814454e-16,0.0,-0.0
211,10002,0.0,33,14,0.05,1,0.05000000000000001,1.0,False,-6.938893903907228e-18,1.3877787807814454e-16,0.0,-0.0
211,10002,0.01,1,14,0.155,3,0.15166666666666664,3.0,True,0.003333333333333355,-0.021978021978022122,0.0,-0.0
211,10002,0.01,12,14,0.155,3,0.15666666666666665,3.0,True,-0.0016666666666666496,0.010638297872340318,0.0,-0.0
211,10002,0.01,33,14,0.155,3,0.155,3.0,False,0.0,-0.0,0.0,-0.0
211,10002,0.025,1,14,0.705,14,0.5433333333333333,10.0,True,0.16166666666666663,-0.2975460122699386,4.0,-0.4
211,10002,0.025,12,14,0.27,5,0.4183333333333334,8.0,True,-0.14833333333333337,0.3545816733067729,-3.0,0.375
211,10002,0.025,33,14,0.525,10,0.5183333333333334,9.666666666666666,True,0.006666666666666599,-0.012861736334405011,0.3333333333333339,-0.03448275862068972
211,10002,0.1,1,14,1.0,20,0.9733333333333333,19.333333333333332,True,0.026666666666666727,-0.027397260273972667,0.6666666666666679,-0.03448275862068972
211,10002,0.1,12,14,0.995,20,0.9966666666666667,20.0,True,-0.0016666666666667052,0.0016722408026756239,0.0,-0.0
211,10002,0.1,33,14,1.0,20,1.0,20.0,True,0.0,-0.0,0.0,-0.0
211,10003,0.0,1,14,0.05,1,0.05000000000000001,1.0,True,-6.938893903907228e-18,1.3877787807814454e-16,0.0,-0.0
211,10003,0.0,12,14,0.05,1,0.05000000000000001,1.0,True,-6.938893903907228e-18,1.3877787807814454e-16,0.0,-0.0
211,10003,0.0,33,14,0.05,1,0.05000000000000001,1.0,False,-6.938893903907228e-18,1.3877787807814454e-16,0.0,-0.0
211,10003,0.01,1,14,0.255,5,0.21,4.0,True,0.04500000000000001,-0.21428571428571436,1.0,-0.25
211,10003,0.01,12,14,0.25,5,0.2233333333333333,4.333333333333333,True,0.0266666666666667,-0.11940298507462703,0.666666666666667,-0.15384615384615394
211,10003,0.01,33,14,0.255,5,0.255,5.0,True,0.0,-0.0,0.0,-0.0
211,10003,0.025,1,14,0.355,7,0.515,10.0,True,-0.16000000000000003,0.31067961165048547,-3.0,0.3
211,10003,0.025,12,14,0.26,5,0.5766666666666667,11.333333333333334,True,-0.31666666666666665,0.5491329479768786,-6.333333333333334,0.5588235294117647
211,10003,0.025,33,14,0.665,13,0.725,14.0,True,-0.05999999999999994,0.0827586206896551,-1.0,0.07142857142857142
211,10003,0.1,1,14,1.0,20,1.0,20.0,True,0.0,-0.0,0.0,-0.0
211,10003,0.1,12,14,0.995,20,0.7716666666666666,15.333333333333334,True,0.22333333333333338,-0.2894168466522679,4.666666666666666,-0.3043478260869565
211,10003,0.1,33,14,0.925,18,0.9916666666666667,19.666666666666668,True,-0.06666666666666665,0.0672268907563025,-1.6666666666666679,0.08474576271186446
211,10004,0.0,1,14,0.05,1,0.05000000000000001,1.0,True,-6.938893903907228e-18,1.3877787807814454e-16,0.0,-0.0
211,10004,0.0,12,14,0.05,1,0.05000000000000001,1.0,True,-6.938893903907228e-18,1.3877787807814454e-16,0.0,-0.0
211,10004,0.0,33,14,0.05,1,0.05000000000000001,1.0,False,-6.938893903907228e-18,1.3877787807814454e-16,0.0,-0.0
211,10004,0.01,1,14,0.115,2,0.16,2.6666666666666665,True,-0.045,0.28125,-0.6666666666666665,0.24999999999999994
211,10004,0.01,12,14,0.115,2,0.115,2.0,True,0.0,-0.0,0.0,-0.0
211,10004,0.01,33,14,0.115,2,0.115,2.0,False,0.0,-0.0,0.0,-0.0
211,10004,0.025,1,14,0.285,5,0.7433333333333333,14.333333333333334,True,-0.4583333333333333,0.6165919282511211,-9.333333333333334,0.6511627906976745
211,10004,0.025,12,14,0.875,17,0.7733333333333333,14.666666666666666,True,0.10166666666666668,-0.13146551724137934,2.333333333333334,-0.15909090909090914
211,10004,0.025,33,14,0.73,14,0.7383333333333333,14.0,True,-0.008333333333333304,0.011286681715575581,0.0,-0.0
211,10004,0.1,1,14,1.0,20,0.9983333333333334,20.0,True,0.0016666666666665941,-0.0016694490818029322,0.0,-0.0
211,10004,0.1,12,14,0.985,19,0.9983333333333334,20.0,True,-0.01333333333333342,0.013355592654424125,-1.0,0.05
211,10004,0.1,33,14,1.0,20,1.0,20.0,True,0.0,-0.0,0.0,-0.0
212,10000,0.0,1,14,0.05,1,0.05000000000000001,1.0,True,-6.938893903907228e-18,1.3877787807814454e-16,0.0,-0.0
212,10000,0.0,12,14,0.05,1,0.05000000000000001,1.0,True,-6.938893903907228e-18,1.3877787807814454e-16,0.0,-0.0
212,10000,0.0,33,14,0.05,1,0.05000000000000001,1.0,True,-6.938893903907228e-18,1.3877787807814454e-16,0.0,-0.0
212,10000,0.01,1,14,0.06,1,0.06,1.0,True,0.0,-0.0,0.0,-0.0
212,10000,0.01,12,14,0.06,1,0.17,3.0,True,-0.11000000000000001,0.6470588235294118,-2.0,0.6666666666666666
212,10000,0.01,33,14,0.06,1,0.06,1.0,True,0.0,-0.0,0.0,-0.0
212,10000,0.025,1,14,0.565,11,0.7316666666666668,14.333333333333334,True,-0.16666666666666685,0.22779043280182254,-3.333333333333334,0.23255813953488375
212,10000,0.025,12,14,0.87,16,0.6616666666666666,12.666666666666666,True,0.20833333333333337,-0.31486146095717893,3.333333333333334,-0.26315789473684215
212,10000,0.025,33,14,1.0,20,0.8883333333333333,17.666666666666668,True,0.11166666666666669,-0.125703564727955,2.333333333333332,-0.13207547169811312
212,10000,0.1,1,14,1.0,20,0.9233333333333333,18.333333333333332,True,0.07666666666666666,-0.08303249097472923,1.6666666666666679,-0.09090909090909098
212,10000,0.1,12,14,1.0,20,0.9916666666666667,20.0,True,0.008333333333333304,-0.008403361344537785,0.0,-0.0
212,10000,0.1,33,14,1.0,20,0.985,20.0,True,0.015000000000000013,-0.0152284263959391,0.0,-0.0
212,10001,0.0,1,14,0.05,1,0.05000000000000001,1.0,True,-6.938893903907228e-18,1.3877787807814454e-16,0.0,-0.0
212,10001,0.0,12,14,0.05,1,0.05000000000000001,1.0,True,-6.938893903907228e-18,1.3877787807814454e-16,0.0,-0.0
212,10001,0.0,33,14,0.05,1,0.05000000000000001,1.0,False,-6.938893903907228e-18,1.3877787807814454e-16,0.0,-0.0
212,10001,0.01,1,14,0.22,4,0.21333333333333335,4.0,True,0.006666666666666654,-0.031249999999999938,0.0,-0.0
212,10001,0.01,12,14,0.215,4,0.21333333333333335,4.0,True,0.0016666666666666496,-0.007812499999999919,0.0,-0.0
212,10001,0.01,33,14,0.21,4,0.21,4.0,True,0.0,-0.0,0.0,-0.0
212,10001,0.025,1,14,0.265,5,0.6216666666666667,11.666666666666666,True,-0.3566666666666667,0.5737265415549598,-6.666666666666666,0.5714285714285714
212,10001,0.025,12,14,0.74,14,0.6183333333333333,11.666666666666666,True,0.1216666666666667,-0.19676549865229118,2.333333333333334,-0.20000000000000007
212,10001,0.025,33,14,0.55,10,0.6749999999999999,12.666666666666666,True,-0.12499999999999989,0.18518518518518504,-2.666666666666666,0.21052631578947364
212,10001,0.1,1,14,1.0,20,0.915,18.333333333333332,True,0.08499999999999996,-0.09289617486338794,1.6666666666666679,-0.09090909090909098
212,10001,0.1,12,14,1.0,20,0.8483333333333333,16.666666666666668,True,0.15166666666666673,-0.1787819253438115,3.333333333333332,-0.19999999999999993
212,10001,0.1,33,14,0.545,10,0.7016666666666667,13.333333333333334,True,-0.15666666666666662,0.22327790973871728,-3.333333333333334,0.25000000000000006
212,10002,0.0,1,14,0.05,1,0.05000000000000001,1.0,True,-6.938893903907228e-18,1.3877787807814454e-16,0.0,-0.0
212,10002,0.0,12,14,0.05,1,0.05000000000000001,1.0,True,-6.938893903907228e-18,1.3877787807814454e-16,0.0,-0.0
212,10002,0.0,33,14,0.05,1,0.05000000000000001,1.0,False,-6.938893903907228e-18,1.3877787807814454e-16,0.0,-0.0
212,10002,0.01,1,14,0.205,4,0.21,4.0,True,-0.0050000000000000044,0.023809523809523832,0.0,-0.0
212,10002,0.01,12,14,0.16,3,0.19333333333333333,3.6666666666666665,True,-0.033333333333333326,0.17241379310344823,-0.6666666666666665,0.1818181818181818
212,10002,0.01,33,14,0.21,4,0.21,4.0,True,0.0,-0.0,0.0,-0.0
212,10002,0.025,1,14,0.26,5,0.33,6.333333333333333,True,-0.07,0.21212121212121213,-1.333333333333333,0.21052631578947364
212,10002,0.025,12,14,0.215,4,0.2383333333333333,4.666666666666667,True,-0.023333333333333317,0.09790209790209785,-0.666666666666667,0.1428571428571429
212,10002,0.025,33,14,0.255,5,0.255,5.0,True,0.0,-0.0,0.0,-0.0
212,10002,0.1,1,14,1.0,20,0.9983333333333334,20.0,True,0.0016666666666665941,-0.0016694490818029322,0.0,-0.0
212,10002,0.1,12,14,0.25,5,0.9966666666666667,19.666666666666668,True,-0.7466666666666667,0.7491638795986623,-14.666666666666668,0.7457627118644068
212,10002,0.1,33,14,1.0,20,0.9983333333333334,20.0,True,0.0016666666666665941,-0.0016694490818029322,0.0,-0.0
212,10003,0.0,1,14,0.05,1,0.05000000000000001,1.0,True,-6.938893903907228e-18,1.3877787807814454e-16,0.0,-0.0
212,10003,0.0,12,14,0.05,1,0.05000000000000001,1.0,True,-6.938893903907228e-18,1.3877787807814454e-16,0.0,-0.0
212,10003,0.0,33,14,0.05,1,0.05000000000000001,1.0,False,-6.938893903907228e-18,1.3877787807814454e-16,0.0,-0.0
212,10003,0.01,1,14,0.17,3,0.21833333333333335,4.0,True,-0.04833333333333334,0.22137404580152673,-1.0,0.25
212,10003,0.01,12,14,0.255,5,0.18499999999999997,3.3333333333333335,True,0.07000000000000003,-0.3783783783783786,1.6666666666666665,-0.49999999999999994
212,10003,0.01,33,14,0.26,5,0.26,5.0,True,0.0,-0.0,0.0,-0.0
212,10003,0.025,1,14,0.465,9,0.3133333333333333,6.0,True,0.15166666666666673,-0.4840425531914896,3.0,-0.5
212,10003,0.025,12,14,0.505,10,0.5666666666666667,10.666666666666666,True,-0.06166666666666665,0.10882352941176468,-0.6666666666666661,0.062499999999999944
212,10003,0.025,33,14,0.595,11,0.6283333333333333,11.666666666666666,True,-0.033333333333333326,0.05305039787798407,-0.6666666666666661,0.05714285714285709
212,10003,0.1,1,14,1.0,20,1.0,20.0,True,0.0,-0.0,0.0,-0.0
212,10003,0.1,12,14,0.77,15,1.0,20.0,True,-0.22999999999999998,0.22999999999999998,-5.0,0.25
212,10003,0.1,33,14,1.0,20,1.0,20.0,True,0.0,-0.0,0.0,-0.0
212,10004,0.0,1,14,0.05,1,0.05000000000000001,1.0,True,-6.938893903907228e-18,1.3877787807814454e-16,0.0,-0.0
212,10004,0.0,12,14,0.05,1,0.05000000000000001,1.0,True,-6.938893903907228e-18,1.3877787807814454e-16,0.0,-0.0
212,10004,0.0,33,14,0.05,1,0.05000000000000001,1.0,False,-6.938893903907228e-18,1.3877787807814454e-16,0.0,-0.0
212,10004,0.01,1,14,0.225,4,0.2316666666666667,4.333333333333333,True,-0.006666666666666682,0.02877697841726625,-0.33333333333333304,0.07692307692307686
212,10004,0.01,12,14,0.23,4,0.23,4.0,True,0.0,-0.0,0.0,-0.0
212,10004,0.01,33,14,0.23,4,0.23,4.0,True,0.0,-0.0,0.0,-0.0
212,10004,0.025,1,14,0.315,6,0.25333333333333335,4.666666666666667,True,0.06166666666666665,-0.24342105263157884,1.333333333333333,-0.28571428571428564
212,10004,0.025,12,14,0.46,8,0.645,12.666666666666666,True,-0.185,0.2868217054263566,-4.666666666666666,0.3684210526315789
212,10004,0.025,33,14,0.375,7,0.48666666666666664,9.0,True,-0.11166666666666664,0.2294520547945205,-2.0,0.2222222222222222
212,10004,0.1,1,14,1.0,20,0.995,20.0,True,0.0050000000000000044,-0.005025125628140708,0.0,-0.0
212,10004,0.1,12,14,0.565,10,1.0,20.0,True,-0.43500000000000005,0.43500000000000005,-10.0,0.5
212,10004,0.1,33,14,0.565,10,0.5716666666666667,10.0,True,-0.00666666666666671,0.011661807580175003,0.0,-0.0
213,10000,0.0,1,14,0.05,1,0.05000000000000001,1.0,True,-6.938893903907228e-18,1.3877787807814454e-16,0.0,-0.0
213,10000,0.0,12,14,0.05,1,0.05000000000000001,1.0,True,-6.938893903907228e-18,1.3877787807814454e-16,0.0,-0.0
213,10000,0.0,33,14,0.05,1,0.05000000000000001,1.0,True,-6.938893903907228e-18,1.3877787807814454e-16,0.0,-0.0
213,10000,0.01,1,14,0.08,1,0.07833333333333332,1.0,True,0.0016666666666666774,-0.02127659574468099,0.0,-0.0
213,10000,0.01,12,14,0.07,1,0.07833333333333332,1.0,True,-0.008333333333333318,0.10638297872340406,0.0,-0.0
213,10000,0.01,33,14,0.07,1,0.08166666666666667,1.0,True,-0.011666666666666659,0.14285714285714277,0.0,-0.0
213,10000,0.025,1,14,0.56,10,0.8416666666666667,16.333333333333332,True,-0.2816666666666666,0.3346534653465346,-6.333333333333332,0.38775510204081626
213,10000,0.025,12,14,0.715,14,0.7883333333333334,15.0,True,-0.07333333333333347,0.09302325581395365,-1.0,0.06666666666666667
213,10000,0.025,33,14,0.765,15,0.7366666666666667,14.0,True,0.02833333333333332,-0.03846153846153844,1.0,-0.07142857142857142
213,10000,0.1,1,14,1.0,20,1.0,20.0,True,0.0,-0.0,0.0,-0.0
213,10000,0.1,12,14,1.0,20,1.0,20.0,True,0.0,-0.0,0.0,-0.0
213,10000,0.1,33,14,1.0,20,1.0,20.0,True,0.0,-0.0,0.0,-0.0
213,10001,0.0,1,14,0.05,1,0.05000000000000001,1.0,True,-6.938893903907228e-18,1.3877787807814454e-16,0.0,-0.0
213,10001,0.0,12,14,0.05,1,0.05000000000000001,1.0,True,-6.938893903907228e-18,1.3877787807814454e-16,0.0,-0.0
213,10001,0.0,33,14,0.05,1,0.05000000000000001,1.0,False,-6.938893903907228e-18,1.3877787807814454e-16,0.0,-0.0
213,10001,0.01,1,14,0.155,3,0.30833333333333335,6.0,True,-0.15333333333333335,0.4972972972972973,-3.0,0.5
213,10001,0.01,12,14,0.54,11,0.29333333333333333,5.666666666666667,True,0.2466666666666667,-0.840909090909091,5.333333333333333,-0.9411764705882352
213,10001,0.01,33,14,0.3,6,0.27666666666666667,5.333333333333333,True,0.023333333333333317,-0.0843373493975903,0.666666666666667,-0.12500000000000006
213,10001,0.025,1,14,0.195,3,0.6583333333333333,12.333333333333334,True,-0.4633333333333333,0.7037974683544304,-9.333333333333334,0.7567567567567568
213,10001,0.025,12,14,0.27,5,0.6716666666666667,11.666666666666666,True,-0.4016666666666667,0.598014888337469,-6.666666666666666,0.5714285714285714
213,10001,0.025,33,14,0.69,12,0.6866666666666666,12.666666666666666,True,0.0033333333333332993,-0.004854368932038785,-0.6666666666666661,0.052631578947368376
213,10001,0.1,1,14,1.0,20,1.0,20.0,True,0.0,-0.0,0.0,-0.0
213,10001,0.1,12,14,1.0,20,1.0,20.0,True,0.0,-0.0,0.0,-0.0
213,10001,0.1,33,14,1.0,20,1.0,20.0,True,0.0,-0.0,0.0,-0.0
213,10002,0.0,1,14,0.05,1,0.05000000000000001,1.0,True,-6.938893903907228e-18,1.3877787807814454e-16,0.0,-0.0
213,10002,0.0,12,14,0.05,1,0.05000000000000001,1.0,True,-6.938893903907228e-18,1.3877787807814454e-16,0.0,-0.0
213,10002,0.0,33,14,0.05,1,0.05000000000000001,1.0,False,-6.938893903907228e-18,1.3877787807814454e-16,0.0,-0.0
213,10002,0.01,1,14,0.21,4,0.18833333333333332,3.6666666666666665,True,0.021666666666666667,-0.11504424778761063,0.3333333333333335,-0.09090909090909095
213,10002,0.01,12,14,0.205,4,0.205,4.0,True,0.0,-0.0,0.0,-0.0
213,10002,0.01,33,14,0.205,4,0.205,4.0,True,0.0,-0.0,0.0,-0.0
213,10002,0.025,1,14,0.31,6,0.5066666666666667,9.666666666666666,True,-0.1966666666666667,0.38815789473684215,-3.666666666666666,0.3793103448275862
213,10002,0.025,12,14,0.29,6,0.47333333333333333,9.0,True,-0.18333333333333335,0.38732394366197187,-3.0,0.3333333333333333
213,10002,0.025,33,14,0.985,20,0.8000000000000002,16.0,True,0.18499999999999983,-0.23124999999999973,4.0,-0.25
213,10002,0.1,1,14,1.0,20,1.0,20.0,True,0.0,-0.0,0.0,-0.0
213,10002,0.1,12,14,0.255,5,1.0,20.0,True,-0.745,0.745,-15.0,0.75
213,10002,0.1,33,14,1.0,20,1.0,20.0,True,0.0,-0.0,0.0,-0.0
213,10003,0.0,1,14,0.05,1,0.05000000000000001,1.0,True,-6.938893903907228e-18,1.3877787807814454e-16,0.0,-0.0
213,10003,0.0,12,14,0.05,1,0.05000000000000001,1.0,True,-6.938893903907228e-18,1.3877787807814454e-16,0.0,-0.0
213,10003,0.0,33,14,0.05,1,0.05000000000000001,1.0,False,-6.938893903907228e-18,1.3877787807814454e-16,0.0,-0.0
213,10003,0.01,1,14,0.24,4,0.18833333333333332,3.3333333333333335,True,0.051666666666666666,-0.27433628318584075,0.6666666666666665,-0.19999999999999996
213,10003,0.01,12,14,0.185,3,0.18666666666666668,3.3333333333333335,True,-0.0016666666666666774,0.008928571428571485,-0.3333333333333335,0.10000000000000003
213,10003,0.01,33,14,0.185,3,0.18499999999999997,3.0,True,2.7755575615628914e-17,-1.5003013846285901e-16,0.0,-0.0
213,10003,0.025,1,14,0.845,16,0.5683333333333334,10.666666666666666,True,0.2766666666666666,-0.4868035190615835,5.333333333333334,-0.5000000000000001
213,10003,0.025,12,14,0.465,8,0.6183333333333333,12.0,True,-0.15333333333333327,0.24797843665768185,-4.0,0.3333333333333333
213,10003,0.025,33,14,0.455,8,0.4466666666666667,8.0,True,0.008333333333333304,-0.01865671641791038,0.0,-0.0
213,10003,0.1,1,14,1.0,20,1.0,20.0,True,0.0,-0.0,0.0,-0.0
213,10003,0.1,12,14,1.0,20,1.0,20.0,True,0.0,-0.0,0.0,-0.0
213,10003,0.1,33,14,1.0,20,1.0,20.0,True,0.0,-0.0,0.0,-0.0
213,10004,0.0,1,14,0.05,1,0.05000000000000001,1.0,True,-6.938893903907228e-18,1.3877787807814454e-16,0.0,-0.0
213,10004,0.0,12,14,0.05,1,0.05000000000000001,1.0,True,-6.938893903907228e-18,1.3877787807814454e-16,0.0,-0.0
213,10004,0.0,33,14,0.05,1,0.05000000000000001,1.0,False,-6.938893903907228e-18,1.3877787807814454e-16,0.0,-0.0
213,10004,0.01,1,14,0.115,2,0.10333333333333333,2.0,True,0.011666666666666672,-0.11290322580645167,0.0,-0.0
213,10004,0.01,12,14,0.105,2,0.105,2.0,True,0.0,-0.0,0.0,-0.0
213,10004,0.01,33,14,0.105,2,0.105,2.0,False,0.0,-0.0,0.0,-0.0
213,10004,0.025,1,14,0.17,3,0.4133333333333334,7.333333333333333,True,-0.24333333333333337,0.5887096774193549,-4.333333333333333,0.5909090909090909
213,10004,0.025,12,14,0.22,4,0.38833333333333336,6.333333333333333,True,-0.16833333333333336,0.43347639484978545,-2.333333333333333,0.3684210526315789
213,10004,0.025,33,14,0.485,8,0.7316666666666666,13.0,True,-0.2466666666666666,0.337129840546697,-5.0,0.38461538461538464
213,10004,0.1,1,14,1.0,20,1.0,20.0,True,0.0,-0.0,0.0,-0.0
213,10004,0.1,12,14,0.76,15,0.9983333333333334,20.0,True,-0.2383333333333334,0.23873121869782976,-5.0,0.25
213,10004,0.1,33,14,1.0,20,1.0,20.0,True,0.0,-0.0,0.0,-0.0
214,10000,0.0,1,14,0.05,1,0.05000000000000001,1.0,True,-6.938893903907228e-18,1.3877787807814454e-16,0.0,-0.0
214,10000,0.0,12,14,0.05,1,0.05000000000000001,1.0,True,-6.938893903907228e-18,1.3877787807814454e-16,0.0,-0.0
214,10000,0.0,33,14,0.05,1,0.05000000000000001,1.0,True,-6.938893903907228e-18,1.3877787807814454e-16,0.0,-0.0
214,10000,0.01,1,14,0.055,1,0.056666666666666664,1.0,True,-0.0016666666666666635,0.0294117647058823,0.0,-0.0
214,10000,0.01,12,14,0.055,1,0.055,1.0,True,0.0,-0.0,0.0,-0.0
214,10000,0.01,33,14,0.055,1,0.055,1.0,True,0.0,-0.0,0.0,-0.0
214,10000,0.025,1,14,0.885,16,0.9199999999999999,17.666666666666668,True,-0.03499999999999992,0.038043478260869484,-1.6666666666666679,0.0943396226415095
214,10000,0.025,12,14,0.79,16,0.9183333333333333,17.666666666666668,True,-0.1283333333333333,0.13974591651542645,-1.6666666666666679,0.0943396226415095
214,10000,0.025,33,14,0.765,15,0.8850000000000001,17.333333333333332,True,-0.1200000000000001,0.13559322033898316,-2.333333333333332,0.13461538461538455
214,10000,0.1,1,14,1.0,20,1.0,20.0,True,0.0,-0.0,0.0,-0.0
214,10000,0.1,12,14,1.0,20,1.0,20.0,True,0.0,-0.0,0.0,-0.0
214,10000,0.1,33,14,1.0,20,1.0,20.0,True,0.0,-0.0,0.0,-0.0
214,10001,0.0,1,14,0.05,1,0.05000000000000001,1.0,True,-6.938893903907228e-18,1.3877787807814454e-16,0.0,-0.0
214,10001,0.0,12,14,0.05,1,0.05000000000000001,1.0,True,-6.938893903907228e-18,1.3877787807814454e-16,0.0,-0.0
214,10001,0.0,33,14,0.05,1,0.05000000000000001,1.0,False,-6.938893903907228e-18,1.3877787807814454e-16,0.0,-0.0
214,10001,0.01,1,14,0.165,3,0.16666666666666666,3.0,True,-0.0016666666666666496,0.009999999999999898,0.0,-0.0
214,10001,0.01,12,14,0.165,3,0.165,3.0,True,0.0,-0.0,0.0,-0.0
214,10001,0.01,33,14,0.165,3,0.165,3.0,True,0.0,-0.0,0.0,-0.0
214,10001,0.025,1,14,0.715,13,0.6516666666666667,12.333333333333334,True,0.06333333333333324,-0.09718670076726328,0.6666666666666661,-0.054054054054054
214,10001,0.025,12,14,0.325,6,0.5733333333333334,11.0,True,-0.24833333333333335,0.4331395348837209,-5.0,0.45454545454545453
214,10001,0.025,33,14,0.955,20,0.7483333333333334,14.333333333333334,True,0.20666666666666655,-0.2761692650334074,5.666666666666666,-0.39534883720930225
214,10001,0.1,1,14,1.0,20,0.9983333333333334,20.0,True,0.0016666666666665941,-0.0016694490818029322,0.0,-0.0
214,10001,0.1,12,14,1.0,20,1.0,19.666666666666668,True,0.0,-0.0,0.33333333333333215,-0.01694915254237282
214,10001,0.1,33,14,1.0,20,1.0,20.0,True,0.0,-0.0,0.0,-0.0
214,10002,0.0,1,14,0.05,1,0.05000000000000001,1.0,True,-6.938893903907228e-18,1.3877787807814454e-16,0.0,-0.0
214,10002,0.0,12,14,0.05,1,0.05000000000000001,1.0,True,-6.938893903907228e-18,1.3877787807814454e-16,0.0,-0.0
214,10002,0.0,33,14,0.05,1,0.05000000000000001,1.0,False,-6.938893903907228e-18,1.3877787807814454e-16,0.0,-0.0
214,10002,0.01,1,14,0.155,3,0.15833333333333333,3.0,True,-0.003333333333333327,0.02105263157894733,0.0,-0.0
214,10002,0.01,12,14,0.155,3,0.16333333333333333,3.0,True,-0.008333333333333331,0.05102040816326529,0.0,-0.0
214,10002,0.01,33,14,0.16,3,0.16,3.0,True,0.0,-0.0,0.0,-0.0
214,10002,0.025,1,14,0.41,7,0.5216666666666666,10.0,True,-0.11166666666666664,0.21405750798722042,-3.0,0.3
214,10002,0.025,12,14,0.455,9,0.43,7.666666666666667,True,0.025000000000000022,-0.058139534883720985,1.333333333333333,-0.17391304347826084
214,10002,0.025,33,14,0.405,7,0.445,7.666666666666667,True,-0.03999999999999998,0.08988764044943816,-0.666666666666667,0.08695652173913047
214,10002,0.1,1,14,1.0,20,1.0,20.0,True,0.0,-0.0,0.0,-0.0
214,10002,0.1,12,14,1.0,20,0.9966666666666667,19.666666666666668,True,0.0033333333333332993,-0.0033444816053511362,0.33333333333333215,-0.01694915254237282
214,10002,0.1,33,14,1.0,20,1.0,20.0,True,0.0,-0.0,0.0,-0.0
214,10003,0.0,1,14,0.05,1,0.05000000000000001,1.0,True,-6.938893903907228e-18,1.3877787807814454e-16,0.0,-0.0
214,10003,0.0,12,14,0.05,1,0.05000000000000001,1.0,True,-6.938893903907228e-18,1.3877787807814454e-16,0.0,-0.0
214,10003,0.0,33,14,0.05,1,0.05000000000000001,1.0,False,-6.938893903907228e-18,1.3877787807814454e-16,0.0,-0.0
214,10003,0.01,1,14,0.4,7,0.42333333333333334,8.0,True,-0.023333333333333317,0.05511811023622043,-1.0,0.125
214,10003,0.01,12,14,0.395,7,0.3933333333333333,7.333333333333333,True,0.0016666666666667052,-0.004237288135593318,-0.33333333333333304,0.045454545454545414
214,10003,0.01,33,14,0.395,7,0.38999999999999996,7.0,True,0.00500000000000006,-0.012820512820512976,0.0,-0.0
214,10003,0.025,1,14,0.63,12,0.7766666666666667,14.666666666666666,True,-0.14666666666666672,0.18884120171673827,-2.666666666666666,0.1818181818181818
214,10003,0.025,12,14,0.565,11,0.9533333333333333,19.0,True,-0.3883333333333333,0.40734265734265734,-8.0,0.42105263157894735
214,10003,0.025,33,14,0.61,12,0.8383333333333334,16.666666666666668,True,-0.2283333333333334,0.2723658051689861,-4.666666666666668,0.28
214,10003,0.1,1,14,1.0,20,0.9966666666666667,19.666666666666668,True,0.0033333333333332993,-0.0033444816053511362,0.33333333333333215,-0.01694915254237282
214,10003,0.1,12,14,0.985,19,1.0,20.0,True,-0.015000000000000013,0.015000000000000013,-1.0,0.05
214,10003,0.1,33,14,1.0,20,1.0,20.0,True,0.0,-0.0,0.0,-0.0
214,10004,0.0,1,14,0.05,1,0.05000000000000001,1.0,True,-6.938893903907228e-18,1.3877787807814454e-16,0.0,-0.0
214,10004,0.0,12,14,0.05,1,0.05000000000000001,1.0,True,-6.938893903907228e-18,1.3877787807814454e-16,0.0,-0.0
214,10004,0.0,33,14,0.05,1,0.05000000000000001,1.0,False,-6.938893903907228e-18,1.3877787807814454e-16,0.0,-0.0
214,10004,0.01,1,14,0.11,2,0.11333333333333334,2.0,True,-0.003333333333333341,0.02941176470588242,0.0,-0.0
214,10004,0.01,12,14,0.115,2,0.115,2.0,True,0.0,-0.0,0.0,-0.0
214,10004,0.01,33,14,0.115,2,0.115,2.0,False,0.0,-0.0,0.0,-0.0
214,10004,0.025,1,14,0.37,7,0.19833333333333333,3.6666666666666665,True,0.17166666666666666,-0.8655462184873949,3.3333333333333335,-0.9090909090909092
214,10004,0.025,12,14,0.115,2,0.11333333333333334,2.0,True,0.0016666666666666635,-0.014705882352941149,0.0,-0.0
214,10004,0.025,33,14,0.11,2,0.11,2.0,False,0.0,-0.0,0.0,-0.0
214,10004,0.1,1,14,1.0,20,0.9966666666666667,19.666666666666668,True,0.0033333333333332993,-0.0033444816053511362,0.33333333333333215,-0.01694915254237282
214,10004,0.1,12,14,1.0,20,0.995,19.666666666666668,True,0.0050000000000000044,-0.005025125628140708,0.33333333333333215,-0.01694915254237282
214,10004,0.1,33,14,1.0,20,1.0,20.0,True,0.0,-0.0,0.0,-0.0
215,10000,0.0,1,14,0.05,1,0.05000000000000001,1.0,True,-6.938893903907228e-18,1.3877787807814454e-16,0.0,-0.0
215,10000,0.0,12,14,0.05,1,0.05000000000000001,1.0,True,-6.938893903907228e-18,1.3877787807814454e-16,0.0,-0.0
215,10000,0.0,33,14,0.05,1,0.05000000000000001,1.0,True,-6.938893903907228e-18,1.3877787807814454e-16,0.0,-0.0
215,10000,0.01,1,14,0.12,2,0.115,2.0,True,0.0049999999999999906,-0.04347826086956513,0.0,-0.0
215,10000,0.01,12,14,0.065,1,0.10000000000000002,1.6666666666666667,True,-0.03500000000000002,0.3500000000000001,-0.6666666666666667,0.4
215,10000,0.01,33,14,0.12,2,0.11666666666666665,2.0,True,0.003333333333333341,-0.02857142857142864,0.0,-0.0
215,10000,0.025,1,14,0.355,7,0.3566666666666667,7.0,True,-0.0016666666666667052,0.00467289719626179,0.0,-0.0
215,10000,0.025,12,14,0.36,7,0.5483333333333333,10.333333333333334,True,-0.18833333333333335,0.3434650455927052,-3.333333333333334,0.32258064516129037
215,10000,0.025,33,14,0.63,13,0.595,11.666666666666666,True,0.03500000000000003,-0.05882352941176476,1.333333333333334,-0.11428571428571434
215,10000,0.1,1,14,1.0,20,1.0,20.0,True,0.0,-0.0,0.0,-0.0
215,10000,0.1,12,14,1.0,20,1.0,20.0,True,0.0,-0.0,0.0,-0.0
215,10000,0.1,33,14,1.0,20,1.0,20.0,True,0.0,-0.0,0.0,-0.0
215,10001,0.0,1,14,0.05,1,0.05000000000000001,1.0,True,-6.938893903907228e-18,1.3877787807814454e-16,0.0,-0.0
215,10001,0.0,12,14,0.05,1,0.05000000000000001,1.0,True,-6.938893903907228e-18,1.3877787807814454e-16,0.0,-0.0
215,10001,0.0,33,14,0.05,1,0.05000000000000001,1.0,False,-6.938893903907228e-18,1.3877787807814454e-16,0.0,-0.0
215,10001,0.01,1,14,0.1,2,0.10000000000000002,2.0,True,-1.3877787807814457e-17,1.3877787807814454e-16,0.0,-0.0
215,10001,0.01,12,14,0.1,2,0.10000000000000002,2.0,True,-1.3877787807814457e-17,1.3877787807814454e-16,0.0,-0.0
215,10001,0.01,33,14,0.1,2,0.10000000000000002,2.0,False,-1.3877787807814457e-17,1.3877787807814454e-16,0.0,-0.0
215,10001,0.025,1,14,0.1,2,0.10000000000000002,2.0,True,-1.3877787807814457e-17,1.3877787807814454e-16,0.0,-0.0
215,10001,0.025,12,14,0.1,2,0.10000000000000002,2.0,True,-1.3877787807814457e-17,1.3877787807814454e-16,0.0,-0.0
215,10001,0.025,33,14,0.1,2,0.10000000000000002,2.0,False,-1.3877787807814457e-17,1.3877787807814454e-16,0.0,-0.0
215,10001,0.1,1,14,1.0,20,1.0,20.0,True,0.0,-0.0,0.0,-0.0
215,10001,0.1,12,14,1.0,20,1.0,20.0,True,0.0,-0.0,0.0,-0.0
215,10001,0.1,33,14,1.0,20,0.7633333333333333,15.0,True,0.2366666666666667,-0.3100436681222708,5.0,-0.3333333333333333
215,10002,0.0,1,14,0.05,1,0.05000000000000001,1.0,True,-6.938893903907228e-18,1.3877787807814454e-16,0.0,-0.0
215,10002,0.0,12,14,0.05,1,0.05000000000000001,1.0,True,-6.938893903907228e-18,1.3877787807814454e-16,0.0,-0.0
215,10002,0.0,33,14,0.05,1,0.05000000000000001,1.0,False,-6.938893903907228e-18,1.3877787807814454e-16,0.0,-0.0
215,10002,0.01,1,14,0.155,3,0.1366666666666667,2.6666666666666665,True,0.018333333333333313,-0.13414634146341448,0.3333333333333335,-0.12500000000000006
215,10002,0.01,12,14,0.155,3,0.15333333333333332,3.0,True,0.0016666666666666774,-0.010869565217391375,0.0,-0.0
215,10002,0.01,33,14,0.155,3,0.155,3.0,True,0.0,-0.0,0.0,-0.0
215,10002,0.025,1,14,0.425,9,0.36833333333333335,7.333333333333333,True,0.05666666666666664,-0.15384615384615377,1.666666666666667,-0.22727272727272732
215,10002,0.025,12,14,0.205,4,0.20333333333333334,4.0,True,0.0016666666666666496,-0.008196721311475325,0.0,-0.0
215,10002,0.025,33,14,0.205,4,0.205,4.0,True,0.0,-0.0,0.0,-0.0
215,10002,0.1,1,14,1.0,20,1.0,20.0,True,0.0,-0.0,0.0,-0.0
215,10002,0.1,12,14,1.0,20,0.75,15.0,True,0.25,-0.3333333333333333,5.0,-0.3333333333333333
215,10002,0.1,33,14,1.0,20,1.0,20.0,True,0.0,-0.0,0.0,-0.0
215,10003,0.0,1,14,0.05,1,0.05000000000000001,1.0,True,-6.938893903907228e-18,1.3877787807814454e-16,0.0,-0.0
215,10003,0.0,12,14,0.05,1,0.05000000000000001,1.0,True,-6.938893903907228e-18,1.3877787807814454e-16,0.0,-0.0
215,10003,0.0,33,14,0.05,1,0.05000000000000001,1.0,False,-6.938893903907228e-18,1.3877787807814454e-16,0.0,-0.0
215,10003,0.01,1,14,0.05,1,0.23333333333333336,4.333333333333333,True,-0.18333333333333335,0.7857142857142857,-3.333333333333333,0.7692307692307692
215,10003,0.01,12,14,0.27,5,0.265,5.0,True,0.0050000000000000044,-0.018867924528301903,0.0,-0.0
215,10003,0.01,33,14,0.275,5,0.275,5.0,True,0.0,-0.0,0.0,-0.0
215,10003,0.025,1,14,0.08,1,0.49666666666666665,9.666666666666666,True,-0.41666666666666663,0.8389261744966443,-8.666666666666666,0.896551724137931
215,10003,0.025,12,14,0.555,11,0.5033333333333333,11.0,True,0.05166666666666675,-0.10264900662251673,0.0,-0.0
215,10003,0.025,33,14,0.645,12,0.715,13.333333333333334,True,-0.06999999999999995,0.09790209790209783,-1.333333333333334,0.10000000000000003
215,10003,0.1,1,14,1.0,20,0.9983333333333334,20.0,True,0.0016666666666665941,-0.0016694490818029322,0.0,-0.0
215,10003,0.1,12,14,1.0,20,0.9983333333333334,20.0,True,0.0016666666666665941,-0.0016694490818029322,0.0,-0.0
215,10003,0.1,33,14,1.0,20,1.0,20.0,True,0.0,-0.0,0.0,-0.0
215,10004,0.0,1,14,0.05,1,0.05000000000000001,1.0,True,-6.938893903907228e-18,1.3877787807814454e-16,0.0,-0.0
215,10004,0.0,12,14,0.05,1,0.05000000000000001,1.0,True,-6.938893903907228e-18,1.3877787807814454e-16,0.0,-0.0
215,10004,0.0,33,14,0.05,1,0.05000000000000001,1.0,False,-6.938893903907228e-18,1.3877787807814454e-16,0.0,-0.0
215,10004,0.01,1,14,0.095,2,0.09500000000000001,2.0,True,-1.3877787807814457e-17,1.460819769243627e-16,0.0,-0.0
215,10004,0.01,12,14,0.095,2,0.09500000000000001,2.0,True,-1.3877787807814457e-17,1.460819769243627e-16,0.0,-0.0
215,10004,0.01,33,14,0.095,2,0.09500000000000001,2.0,False,-1.3877787807814457e-17,1.460819769243627e-16,0.0,-0.0
215,10004,0.025,1,14,0.105,2,0.18833333333333332,3.6666666666666665,True,-0.08333333333333333,0.4424778761061947,-1.6666666666666665,0.45454545454545453
215,10004,0.025,12,14,0.115,2,0.10833333333333334,2.0,True,0.006666666666666668,-0.06153846153846155,0.0,-0.0
215,10004,0.025,33,14,0.11,2,0.11,2.0,False,0.0,-0.0,0.0,-0.0
215,10004,0.1,1,14,1.0,20,1.0,20.0,True,0.0,-0.0,0.0,-0.0
215,10004,0.1,12,14,1.0,20,1.0,20.0,True,0.0,-0.0,0.0,-0.0
215,10004,0.1,33,14,1.0,20,1.0,20.0,True,0.0,-0.0,0.0,-0.0
216,10000,0.0,1,14,0.05,1,0.05000000000000001,1.0,True,-6.938893903907228e-18,1.3877787807814454e-16,0.0,-0.0
216,10000,0.0,12,14,0.05,1,0.05000000000000001,1.0,True,-6.938893903907228e-18,1.3877787807814454e-16,0.0,-0.0
216,10000,0.0,33,14,0.05,1,0.05000000000000001,1.0,True,-6.938893903907228e-18,1.3877787807814454e-16,0.0,-0.0
216,10000,0.01,1,14,0.065,1,0.06,1.0,True,0.0050000000000000044,-0.08333333333333341,0.0,-0.0
216,10000,0.01,12,14,0.065,1,0.06166666666666667,1.0,True,0.003333333333333334,-0.054054054054054064,0.0,-0.0
216,10000,0.01,33,14,0.065,1,0.08,1.3333333333333333,True,-0.015,0.1875,-0.33333333333333326,0.24999999999999994
216,10000,0.025,1,14,0.17,3,0.315,6.0,True,-0.145,0.4603174603174603,-3.0,0.5
216,10000,0.025,12,14,0.25,4,0.24666666666666667,4.333333333333333,True,0.003333333333333327,-0.013513513513513488,-0.33333333333333304,0.07692307692307686
216,10000,0.025,33,14,0.225,4,0.20833333333333334,3.6666666666666665,True,0.016666666666666663,-0.07999999999999997,0.3333333333333335,-0.09090909090909095
216,10000,0.1,1,14,0.32,6,0.545,10.666666666666666,True,-0.22500000000000003,0.41284403669724773,-4.666666666666666,0.43749999999999994
216,10000,0.1,12,14,0.63,12,0.9583333333333334,19.0,True,-0.32833333333333337,0.34260869565217394,-7.0,0.3684210526315789
216,10000,0.1,33,14,0.63,12,0.875,17.333333333333332,True,-0.245,0.27999999999999997,-5.333333333333332,0.30769230769230765
216,10001,0.0,1,14,0.05,1,0.05000000000000001,1.0,True,-6.938893903907228e-18,1.3877787807814454e-16,0.0,-0.0
216,10001,0.0,12,14,0.05,1,0.05000000000000001,1.0,True,-6.938893903907228e-18,1.3877787807814454e-16,0.0,-0.0
216,10001,0.0,33,14,0.05,1,0.05000000000000001,1.0,False,-6.938893903907228e-18,1.3877787807814454e-16,0.0,-0.0
216,10001,0.01,1,14,0.17,3,0.16166666666666665,3.0,True,0.00833333333333336,-0.05154639175257748,0.0,-0.0
216,10001,0.01,12,14,0.17,3,0.165,3.0,True,0.0050000000000000044,-0.030303030303030328,0.0,-0.0
216,10001,0.01,33,14,0.16,3,0.16,3.0,True,0.0,-0.0,0.0,-0.0
216,10001,0.025,1,14,0.21,4,0.21666666666666665,4.666666666666667,True,-0.006666666666666654,0.030769230769230715,-0.666666666666667,0.1428571428571429
216,10001,0.025,12,14,0.3,6,0.22166666666666668,4.333333333333333,True,0.07833333333333331,-0.3533834586466164,1.666666666666667,-0.3846153846153847
216,10001,0.025,33,14,0.26,5,0.25666666666666665,5.0,True,0.003333333333333355,-0.012987012987013071,0.0,-0.0
216,10001,0.1,1,14,1.0,20,0.7433333333333333,15.0,True,0.2566666666666667,-0.34529147982062786,5.0,-0.3333333333333333
216,10001,0.1,12,14,0.305,6,0.645,12.666666666666666,True,-0.34,0.5271317829457365,-6.666666666666666,0.5263157894736842
216,10001,0.1,33,14,0.51,10,0.7366666666666667,14.666666666666666,True,-0.22666666666666668,0.3076923076923077,-4.666666666666666,0.3181818181818182
216,10002,0.0,1,14,0.05,1,0.05000000000000001,1.0,True,-6.938893903907228e-18,1.3877787807814454e-16,0.0,-0.0
216,10002,0.0,12,14,0.05,1,0.05000000000000001,1.0,True,-6.938893903907228e-18,1.3877787807814454e-16,0.0,-0.0
216,10002,0.0,33,14,0.05,1,0.05000000000000001,1.0,False,-6.938893903907228e-18,1.3877787807814454e-16,0.0,-0.0
216,10002,0.01,1,14,0.15,3,0.16,3.0,True,-0.010000000000000009,0.06250000000000006,0.0,-0.0
216,10002,0.01,12,14,0.165,3,0.165,3.0,True,0.0,-0.0,0.0,-0.0
216,10002,0.01,33,14,0.165,3,0.165,3.0,True,0.0,-0.0,0.0,-0.0
216,10002,0.025,1,14,0.28,5,0.23166666666666666,4.333333333333333,True,0.04833333333333337,-0.20863309352518,0.666666666666667,-0.15384615384615394
216,10002,0.025,12,14,0.205,4,0.20666666666666667,4.0,True,-0.0016666666666666774,0.00806451612903231,0.0,-0.0
216,10002,0.025,33,14,0.205,4,0.205,4.0,True,0.0,-0.0,0.0,-0.0
216,10002,0.1,1,14,0.43,8,0.42,8.0,True,0.010000000000000009,-0.023809523809523832,0.0,-0.0
216,10002,0.1,12,14,0.405,8,0.615,12.0,True,-0.20999999999999996,0.3414634146341463,-4.0,0.3333333333333333
216,10002,0.1,33,14,0.42,8,0.42333333333333334,8.0,True,-0.003333333333333355,0.007874015748031546,0.0,-0.0
216,10003,0.0,1,14,0.05,1,0.05000000000000001,1.0,True,-6.938893903907228e-18,1.3877787807814454e-16,0.0,-0.0
216,10003,0.0,12,14,0.05,1,0.05000000000000001,1.0,True,-6.938893903907228e-18,1.3877787807814454e-16,0.0,-0.0
216,10003,0.0,33,14,0.05,1,0.05000000000000001,1.0,False,-6.938893903907228e-18,1.3877787807814454e-16,0.0,-0.0
216,10003,0.01,1,14,0.16,3,0.29,5.666666666666667,True,-0.12999999999999998,0.44827586206896547,-2.666666666666667,0.4705882352941177
216,10003,0.01,12,14,0.17,3,0.3133333333333333,6.0,True,-0.14333333333333328,0.4574468085106382,-3.0,0.5
216,10003,0.01,33,14,0.35,7,0.3499999999999999,7.0,True,5.551115123125783e-17,-1.5860328923216525e-16,0.0,-0.0
216,10003,0.025,1,14,0.175,3,0.29333333333333333,6.0,True,-0.11833333333333335,0.40340909090909094,-3.0,0.5
216,10003,0.025,12,14,0.51,10,0.48500000000000004,9.333333333333334,True,0.024999999999999967,-0.05154639175257725,0.6666666666666661,-0.07142857142857136
216,10003,0.025,33,14,0.305,6,0.30833333333333335,6.0,True,-0.003333333333333355,0.010810810810810879,0.0,-0.0
216,10003,0.1,1,14,1.0,20,0.87,17.666666666666668,True,0.13,-0.14942528735632185,2.333333333333332,-0.13207547169811312
216,10003,0.1,12,14,0.6,12,0.775,15.333333333333334,True,-0.17500000000000004,0.22580645161290328,-3.333333333333334,0.2173913043478261
216,10003,0.1,33,14,1.0,20,0.9916666666666667,19.666666666666668,True,0.008333333333333304,-0.008403361344537785,0.33333333333333215,-0.01694915254237282
216,10004,0.0,1,14,0.05,1,0.05000000000000001,1.0,True,-6.938893903907228e-18,1.3877787807814454e-16,0.0,-0.0
216,10004,0.0,12,14,0.05,1,0.05000000000000001,1.0,True,-6.938893903907228e-18,1.3877787807814454e-16,0.0,-0.0
216,10004,0.0,33,14,0.05,1,0.05000000000000001,1.0,False,-6.938893903907228e-18,1.3877787807814454e-16,0.0,-0.0
216,10004,0.01,1,14,0.27,5,0.19833333333333333,3.6666666666666665,True,0.07166666666666668,-0.36134453781512615,1.3333333333333335,-0.3636363636363637
216,10004,0.01,12,14,0.27,5,0.33499999999999996,6.666666666666667,True,-0.06499999999999995,0.19402985074626852,-1.666666666666667,0.25000000000000006
216,10004,0.01,33,14,0.265,5,0.265,5.0,True,0.0,-0.0,0.0,-0.0
216,10004,0.025,1,14,0.27,5,0.2916666666666667,5.666666666666667,True,-0.021666666666666667,0.07428571428571429,-0.666666666666667,0.11764705882352945
216,10004,0.025,12,14,0.485,9,0.28,5.333333333333333,True,0.20499999999999996,-0.732142857142857,3.666666666666667,-0.6875000000000001
216,10004,0.025,33,14,0.265,5,0.26666666666666666,5.0,True,-0.0016666666666666496,0.006249999999999936,0.0,-0.0
216,10004,0.1,1,14,0.33,6,0.7383333333333333,14.666666666666666,True,-0.40833333333333327,0.5530474040632054,-8.666666666666666,0.5909090909090909
216,10004,0.1,12,14,0.3,6,0.7366666666666667,14.666666666666666,True,-0.4366666666666667,0.5927601809954751,-8.666666666666666,0.5909090909090909
216,10004,0.1,33,14,0.76,15,0.8783333333333334,17.0,True,-0.1183333333333334,0.13472485768500955,-2.0,0.11764705882352941
217,10000,0.0,1,14,0.05,1,0.05000000000000001,1.0,True,-6.938893903907228e-18,1.3877787807814454e-16,0.0,-0.0
217,10000,0.0,12,14,0.05,1,0.05000000000000001,1.0,True,-6.938893903907228e-18,1.3877787807814454e-16,0.0,-0.0
217,10000,0.0,33,14,0.05,1,0.05000000000000001,1.0,True,-6.938893903907228e-18,1.3877787807814454e-16,0.0,-0.0
217,10000,0.01,1,14,0.12,2,0.11499999999999999,2.0,True,0.0050000000000000044,-0.04347826086956526,0.0,-0.0
217,10000,0.01,12,14,0.115,2,0.10666666666666667,1.6666666666666667,True,0.008333333333333331,-0.07812499999999997,0.33333333333333326,-0.19999999999999996
217,10000,0.01,33,14,0.115,2,0.12,2.0,True,-0.0049999999999999906,0.04166666666666659,0.0,-0.0
217,10000,0.025,1,14,0.735,14,0.7266666666666666,14.0,True,0.008333333333333415,-0.011467889908256994,0.0,-0.0
217,10000,0.025,12,14,0.7,13,0.8683333333333333,16.666666666666668,True,-0.16833333333333333,0.19385796545105569,-3.666666666666668,0.22000000000000006
217,10000,0.025,33,14,0.59,11,0.8450000000000001,16.0,True,-0.2550000000000001,0.3017751479289942,-5.0,0.3125
217,10000,0.1,1,14,1.0,20,1.0,20.0,True,0.0,-0.0,0.0,-0.0
217,10000,0.1,12,14,1.0,20,1.0,20.0,True,0.0,-0.0,0.0,-0.0
217,10000,0.1,33,14,1.0,20,1.0,20.0,True,0.0,-0.0,0.0,-0.0
217,10001,0.0,1,14,0.05,1,0.05000000000000001,1.0,True,-6.938893903907228e-18,1.3877787807814454e-16,0.0,-0.0
217,10001,0.0,12,14,0.05,1,0.05000000000000001,1.0,True,-6.938893903907228e-18,1.3877787807814454e-16,0.0,-0.0
217,10001,0.0,33,14,0.05,1,0.05000000000000001,1.0,False,-6.938893903907228e-18,1.3877787807814454e-16,0.0,-0.0
217,10001,0.01,1,14,0.425,8,0.42,8.0,True,0.0050000000000000044,-0.011904761904761916,0.0,-0.0
217,10001,0.01,12,14,0.17,3,0.27166666666666667,5.0,True,-0.10166666666666666,0.3742331288343558,-2.0,0.4
217,10001,0.01,33,14,0.37,7,0.33166666666666667,6.333333333333333,True,0.03833333333333333,-0.11557788944723617,0.666666666666667,-0.10526315789473689
217,10001,0.025,1,14,0.335,6,0.3233333333333333,6.0,True,0.011666666666666714,-0.03608247422680427,0.0,-0.0
217,10001,0.025,12,14,0.335,7,0.29,5.333333333333333,True,0.04500000000000004,-0.1551724137931036,1.666666666666667,-0.31250000000000006
217,10001,0.025,33,14,0.23,4,0.23,4.0,True,0.0,-0.0,0.0,-0.0
217,10001,0.1,1,14,1.0,20,1.0,20.0,True,0.0,-0.0,0.0,-0.0
217,10001,0.1,12,14,1.0,20,0.9966666666666667,20.0,True,0.0033333333333332993,-0.0033444816053511362,0.0,-0.0
217,10001,0.1,33,14,1.0,20,1.0,20.0,True,0.0,-0.0,0.0,-0.0
217,10002,0.0,1,14,0.05,1,0.05000000000000001,1.0,True,-6.938893903907228e-18,1.3877787807814454e-16,0.0,-0.0
217,10002,0.0,12,14,0.05,1,0.05000000000000001,1.0,True,-6.938893903907228e-18,1.3877787807814454e-16,0.0,-0.0
217,10002,0.0,33,14,0.05,1,0.05000000000000001,1.0,False,-6.938893903907228e-18,1.3877787807814454e-16,0.0,-0.0
217,10002,0.01,1,14,0.175,3,0.19666666666666666,3.6666666666666665,True,-0.021666666666666667,0.11016949152542374,-0.6666666666666665,0.1818181818181818
217,10002,0.01,12,14,0.21,4,0.19833333333333333,3.6666666666666665,True,0.011666666666666659,-0.05882352941176466,0.3333333333333335,-0.09090909090909095
217,10002,0.01,33,14,0.21,4,0.21,4.0,True,0.0,-0.0,0.0,-0.0
217,10002,0.025,1,14,0.97,19,0.8433333333333334,16.0,True,0.1266666666666666,-0.15019762845849793,3.0,-0.1875
217,10002,0.025,12,14,0.895,18,0.92,17.666666666666668,True,-0.025000000000000022,0.027173913043478284,0.33333333333333215,-0.01886792452830182
217,10002,0.025,33,14,0.82,16,0.8633333333333333,16.666666666666668,True,-0.043333333333333335,0.0501930501930502,-0.6666666666666679,0.04000000000000007
217,10002,0.1,1,14,0.99,20,1.0,20.0,True,-0.010000000000000009,0.010000000000000009,0.0,-0.0
217,10002,0.1,12,14,1.0,20,1.0,20.0,True,0.0,-0.0,0.0,-0.0
217,10002,0.1,33,14,1.0,20,1.0,20.0,True,0.0,-0.0,0.0,-0.0
217,10003,0.0,1,14,0.05,1,0.05000000000000001,1.0,True,-6.938893903907228e-18,1.3877787807814454e-16,0.0,-0.0
217,10003,0.0,12,14,0.05,1,0.05000000000000001,1.0,True,-6.938893903907228e-18,1.3877787807814454e-16,0.0,-0.0
217,10003,0.0,33,14,0.05,1,0.05000000000000001,1.0,False,-6.938893903907228e-18,1.3877787807814454e-16,0.0,-0.0
217,10003,0.01,1,14,0.47,9,0.42,8.0,True,0.04999999999999999,-0.11904761904761903,1.0,-0.125
217,10003,0.01,12,14,0.365,7,0.48666666666666664,9.333333333333334,True,-0.12166666666666665,0.24999999999999997,-2.333333333333334,0.25000000000000006
217,10003,0.01,33,14,0.38,7,0.42333333333333334,8.0,True,-0.043333333333333335,0.10236220472440945,-1.0,0.125
217,10003,0.025,1,14,0.81,15,0.7316666666666666,14.0,True,0.07833333333333348,-0.1070615034168567,1.0,-0.07142857142857142
217,10003,0.025,12,14,0.955,19,0.7799999999999999,15.0,True,0.17500000000000004,-0.22435897435897445,4.0,-0.26666666666666666
217,10003,0.025,33,14,0.74,14,0.7566666666666667,15.0,True,-0.01666666666666672,0.02202643171806174,-1.0,0.06666666666666667
217,10003,0.1,1,14,1.0,20,1.0,20.0,True,0.0,-0.0,0.0,-0.0
217,10003,0.1,12,14,1.0,20,0.9983333333333334,20.0,True,0.0016666666666665941,-0.0016694490818029322,0.0,-0.0
217,10003,0.1,33,14,1.0,20,1.0,20.0,True,0.0,-0.0,0.0,-0.0
217,10004,0.0,1,14,0.05,1,0.05000000000000001,1.0,True,-6.938893903907228e-18,1.3877787807814454e-16,0.0,-0.0
217,10004,0.0,12,14,0.05,1,0.05000000000000001,1.0,True,-6.938893903907228e-18,1.3877787807814454e-16,0.0,-0.0
217,10004,0.0,33,14,0.05,1,0.05000000000000001,1.0,False,-6.938893903907228e-18,1.3877787807814454e-16,0.0,-0.0
217,10004,0.01,1,14,0.11,2,0.1366666666666667,2.6666666666666665,True,-0.026666666666666686,0.1951219512195123,-0.6666666666666665,0.24999999999999994
217,10004,0.01,12,14,0.155,3,0.15333333333333332,3.0,True,0.0016666666666666774,-0.010869565217391375,0.0,-0.0
217,10004,0.01,33,14,0.155,3,0.155,3.0,True,0.0,-0.0,0.0,-0.0
217,10004,0.025,1,14,0.36,7,0.5499999999999999,10.333333333333334,True,-0.18999999999999995,0.3454545454545454,-3.333333333333334,0.32258064516129037
217,10004,0.025,12,14,0.39,7,0.71,14.0,True,-0.31999999999999995,0.45070422535211263,-7.0,0.5
217,10004,0.025,33,14,0.375,7,0.3866666666666667,7.0,True,-0.011666666666666714,0.030172413793103568,0.0,-0.0
217,10004,0.1,1,14,1.0,20,1.0,20.0,True,0.0,-0.0,0.0,-0.0
217,10004,0.1,12,14,1.0,20,0.9883333333333333,19.666666666666668,True,0.011666666666666714,-0.011804384485666152,0.33333333333333215,-0.01694915254237282
217,10004,0.1,33,14,1.0,20,1.0,20.0,True,0.0,-0.0,0.0,-0.0
218,10000,0.0,1,14,0.05,1,0.05000000000000001,1.0,True,-6.938893903907228e-18,1.3877787807814454e-16,0.0,-0.0
218,10000,0.0,12,14,0.05,1,0.05000000000000001,1.0,True,-6.938893903907228e-18,1.3877787807814454e-16,0.0,-0.0
218,10000,0.0,33,14,0.05,1,0.05000000000000001,1.0,True,-6.938893903907228e-18,1.3877787807814454e-16,0.0,-0.0
218,10000,0.01,1,14,0.085,1,0.075,1.0,True,0.010000000000000009,-0.13333333333333347,0.0,-0.0
218,10000,0.01,12,14,0.075,1,0.075,1.0,True,0.0,-0.0,0.0,-0.0
218,10000,0.01,33,14,0.075,1,0.075,1.0,True,0.0,-0.0,0.0,-0.0
218,10000,0.025,1,14,0.965,19,0.7166666666666667,13.333333333333334,True,0.2483333333333333,-0.3465116279069767,5.666666666666666,-0.42499999999999993
218,10000,0.025,12,14,0.765,14,0.9633333333333333,18.666666666666668,True,-0.19833333333333325,0.2058823529411764,-4.666666666666668,0.25000000000000006
218,10000,0.025,33,14,0.93,18,0.9033333333333333,17.666666666666668,True,0.026666666666666727,-0.029520295202952098,0.33333333333333215,-0.01886792452830182
218,10000,0.1,1,14,1.0,20,1.0,20.0,True,0.0,-0.0,0.0,-0.0
218,10000,0.1,12,14,1.0,20,0.9883333333333333,19.333333333333332,True,0.011666666666666714,-0.011804384485666152,0.6666666666666679,-0.03448275862068972
218,10000,0.1,33,14,1.0,20,1.0,20.0,True,0.0,-0.0,0.0,-0.0
218,10001,0.0,1,14,0.05,1,0.05000000000000001,1.0,True,-6.938893903907228e-18,1.3877787807814454e-16,0.0,-0.0
218,10001,0.0,12,14,0.05,1,0.05000000000000001,1.0,True,-6.938893903907228e-18,1.3877787807814454e-16,0.0,-0.0
218,10001,0.0,33,14,0.05,1,0.05000000000000001,1.0,False,-6.938893903907228e-18,1.3877787807814454e-16,0.0,-0.0
218,10001,0.01,1,14,0.165,3,0.18166666666666667,3.3333333333333335,True,-0.016666666666666663,0.09174311926605502,-0.3333333333333335,0.10000000000000003
218,10001,0.01,12,14,0.16,3,0.16,3.0,True,0.0,-0.0,0.0,-0.0
218,10001,0.01,33,14,0.155,3,0.15666666666666665,3.0,True,-0.0016666666666666496,0.010638297872340318,0.0,-0.0
218,10001,0.025,1,14,0.725,14,0.6016666666666667,11.666666666666666,True,0.1233333333333333,-0.20498614958448746,2.333333333333334,-0.20000000000000007
218,10001,0.025,12,14,0.58,11,0.6783333333333333,12.333333333333334,True,-0.09833333333333338,0.14496314496314502,-1.333333333333334,0.10810810810810816
218,10001,0.025,33,14,0.67,13,0.6683333333333333,13.0,True,0.0016666666666667052,-0.0024937655860349703,0.0,-0.0
218,10001,0.1,1,14,1.0,20,1.0,20.0,True,0.0,-0.0,0.0,-0.0
218,10001,0.1,12,14,0.995,20,0.9866666666666667,19.666666666666668,True,0.008333333333333304,-0.008445945945945915,0.33333333333333215,-0.01694915254237282
218,10001,0.1,33,14,1.0,20,1.0,20.0,True,0.0,-0.0,0.0,-0.0
218,10002,0.0,1,14,0.05,1,0.05000000000000001,1.0,True,-6.938893903907228e-18,1.3877787807814454e-16,0.0,-0.0
218,10002,0.0,12,14,0.05,1,0.05000000000000001,1.0,True,-6.938893903907228e-18,1.3877787807814454e-16,0.0,-0.0
218,10002,0.0,33,14,0.05,1,0.05000000000000001,1.0,False,-6.938893903907228e-18,1.3877787807814454e-16,0.0,-0.0
218,10002,0.01,1,14,0.16,3,0.22833333333333336,4.333333333333333,True,-0.06833333333333336,0.2992700729927008,-1.333333333333333,0.30769230769230765
218,10002,0.01,12,14,0.22,4,0.24,4.666666666666667,True,-0.01999999999999999,0.0833333333333333,-0.666666666666667,0.1428571428571429
218,10002,0.01,33,14,0.26,5,0.25833333333333336,5.0,True,0.0016666666666666496,-0.00645161290322574,0.0,-0.0
218,10002,0.025,1,14,0.57,11,0.6266666666666666,12.666666666666666,True,-0.05666666666666664,0.0904255319148936,-1.666666666666666,0.13157894736842102
218,10002,0.025,12,14,0.33,6,0.7083333333333334,13.666666666666666,True,-0.37833333333333335,0.5341176470588236,-7.666666666666666,0.5609756097560975
218,10002,0.025,33,14,0.325,6,0.5433333333333333,10.333333333333334,True,-0.21833333333333332,0.40184049079754597,-4.333333333333334,0.41935483870967744
218,10002,0.1,1,14,1.0,20,1.0,20.0,True,0.0,-0.0,0.0,-0.0
218,10002,0.1,12,14,1.0,20,1.0,20.0,True,0.0,-0.0,0.0,-0.0
218,10002,0.1,33,14,0.785,15,0.9316666666666666,18.333333333333332,True,-0.1466666666666666,0.1574239713774597,-3.333333333333332,0.18181818181818177
218,10003,0.0,1,14,0.05,1,0.05000000000000001,1.0,True,-6.938893903907228e-18,1.3877787807814454e-16,0.0,-0.0
218,10003,0.0,12,14,0.05,1,0.05000000000000001,1.0,True,-6.938893903907228e-18,1.3877787807814454e-16,0.0,-0.0
218,10003,0.0,33,14,0.05,1,0.05000000000000001,1.0,False,-6.938893903907228e-18,1.3877787807814454e-16,0.0,-0.0
218,10003,0.01,1,14,0.175,3,0.18333333333333335,3.3333333333333335,True,-0.00833333333333336,0.045454545454545595,-0.3333333333333335,0.10000000000000003
218,10003,0.01,12,14,0.175,3,0.17,3.0,True,0.004999999999999977,-0.029411764705882214,0.0,-0.0
218,10003,0.01,33,14,0.175,3,0.17499999999999996,3.0,False,2.7755575615628914e-17,-1.5860328923216525e-16,0.0,-0.0
218,10003,0.025,1,14,0.725,14,0.54,10.0,True,0.18499999999999994,-0.34259259259259245,4.0,-0.4
218,10003,0.025,12,14,0.505,10,0.4366666666666667,8.0,True,0.0683333333333333,-0.15648854961832054,2.0,-0.25
218,10003,0.025,33,14,0.385,7,0.36166666666666664,6.333333333333333,True,0.023333333333333373,-0.06451612903225817,0.666666666666667,-0.10526315789473689
218,10003,0.1,1,14,1.0,20,1.0,20.0,True,0.0,-0.0,0.0,-0.0
218,10003,0.1,12,14,0.98,20,1.0,20.0,True,-0.020000000000000018,0.020000000000000018,0.0,-0.0
218,10003,0.1,33,14,1.0,20,1.0,20.0,True,0.0,-0.0,0.0,-0.0
218,10004,0.0,1,14,0.05,1,0.05000000000000001,1.0,True,-6.938893903907228e-18,1.3877787807814454e-16,0.0,-0.0
218,10004,0.0,12,14,0.05,1,0.05000000000000001,1.0,True,-6.938893903907228e-18,1.3877787807814454e-16,0.0,-0.0
218,10004,0.0,33,14,0.05,1,0.05000000000000001,1.0,False,-6.938893903907228e-18,1.3877787807814454e-16,0.0,-0.0
218,10004,0.01,1,14,0.12,3,0.22,4.0,True,-0.1,0.4545454545454546,-1.0,0.25
218,10004,0.01,12,14,0.17,4,0.3216666666666667,6.333333333333333,True,-0.1516666666666667,0.47150259067357514,-2.333333333333333,0.3684210526315789
218,10004,0.01,33,14,0.395,7,0.37333333333333335,6.666666666666667,True,0.021666666666666667,-0.05803571428571429,0.33333333333333304,-0.049999999999999954
218,10004,0.025,1,14,0.975,19,0.6333333333333333,11.666666666666666,True,0.3416666666666667,-0.5394736842105263,7.333333333333334,-0.6285714285714287
218,10004,0.025,12,14,0.585,9,0.7633333333333333,14.333333333333334,True,-0.17833333333333334,0.23362445414847163,-5.333333333333334,0.372093023255814
218,10004,0.025,33,14,0.735,13,0.8633333333333333,16.0,True,-0.1283333333333333,0.14864864864864863,-3.0,0.1875
218,10004,0.1,1,14,1.0,20,1.0,20.0,True,0.0,-0.0,0.0,-0.0
218,10004,0.1,12,14,0.86,17,0.9983333333333334,20.0,True,-0.13833333333333342,0.1385642737896495,-3.0,0.15
218,10004,0.1,33,14,1.0,20,1.0,20.0,True,0.0,-0.0,0.0,-0.0
219,10000,0.0,1,14,0.05,1,0.05000000000000001,1.0,True,-6.938893903907228e-18,1.3877787807814454e-16,0.0,-0.0
219,10000,0.0,12,14,0.05,1,0.05000000000000001,1.0,True,-6.938893903907228e-18,1.3877787807814454e-16,0.0,-0.0
219,10000,0.0,33,14,0.05,1,0.05000000000000001,1.0,True,-6.938893903907228e-18,1.3877787807814454e-16,0.0,-0.0
219,10000,0.01,1,14,0.115,2,0.11666666666666665,2.0,True,-0.0016666666666666496,0.014285714285714141,0.0,-0.0
219,10000,0.01,12,14,0.09,1,0.11333333333333334,1.6666666666666667,True,-0.023333333333333345,0.20588235294117654,-0.6666666666666667,0.4
219,10000,0.01,33,14,0.075,1,0.12333333333333334,2.0,True,-0.04833333333333334,0.39189189189189194,-1.0,0.5
219,10000,0.025,1,14,1.0,20,0.9500000000000001,19.0,True,0.04999999999999993,-0.05263157894736835,1.0,-0.05263157894736842
219,10000,0.025,12,14,1.0,20,0.96,19.333333333333332,True,0.040000000000000036,-0.041666666666666706,0.6666666666666679,-0.03448275862068972
219,10000,0.025,33,14,0.98,20,0.9500000000000001,19.0,True,0.029999999999999916,-0.03157894736842096,1.0,-0.05263157894736842
219,10000,0.1,1,14,1.0,20,1.0,20.0,True,0.0,-0.0,0.0,-0.0
219,10000,0.1,12,14,1.0,20,1.0,20.0,True,0.0,-0.0,0.0,-0.0
219,10000,0.1,33,14,1.0,20,1.0,20.0,True,0.0,-0.0,0.0,-0.0
219,10001,0.0,1,14,0.05,1,0.05000000000000001,1.0,True,-6.938893903907228e-18,1.3877787807814454e-16,0.0,-0.0
219,10001,0.0,12,14,0.05,1,0.05000000000000001,1.0,True,-6.938893903907228e-18,1.3877787807814454e-16,0.0,-0.0
219,10001,0.0,33,14,0.05,1,0.05000000000000001,1.0,False,-6.938893903907228e-18,1.3877787807814454e-16,0.0,-0.0
219,10001,0.01,1,14,0.15,3,0.3283333333333333,6.0,True,-0.17833333333333332,0.5431472081218274,-3.0,0.5
219,10001,0.01,12,14,0.14,3,0.225,4.0,True,-0.08499999999999999,0.3777777777777777,-1.0,0.25
219,10001,0.01,33,14,0.155,3,0.155,3.0,True,0.0,-0.0,0.0,-0.0
219,10001,0.025,1,14,0.235,4,0.715,14.0,True,-0.48,0.6713286713286714,-10.0,0.7142857142857143
219,10001,0.025,12,14,0.92,18,0.8666666666666667,16.666666666666668,True,0.053333333333333344,-0.06153846153846155,1.3333333333333321,-0.07999999999999992
219,10001,0.025,33,14,0.225,4,0.40833333333333327,7.666666666666667,True,-0.18333333333333326,0.4489795918367346,-3.666666666666667,0.4782608695652174
219,10001,0.1,1,14,1.0,20,1.0,20.0,True,0.0,-0.0,0.0,-0.0
219,10001,0.1,12,14,0.99,20,0.9916666666666667,19.666666666666668,True,-0.0016666666666667052,0.0016806722689076017,0.33333333333333215,-0.01694915254237282
219,10001,0.1,33,14,0.935,18,0.9833333333333334,20.0,True,-0.04833333333333334,0.04915254237288136,-2.0,0.1
219,10002,0.0,1,14,0.05,1,0.05000000000000001,1.0,True,-6.938893903907228e-18,1.3877787807814454e-16,0.0,-0.0
219,10002,0.0,12,14,0.05,1,0.05000000000000001,1.0,True,-6.938893903907228e-18,1.3877787807814454e-16,0.0,-0.0
219,10002,0.0,33,14,0.05,1,0.05000000000000001,1.0,False,-6.938893903907228e-18,1.3877787807814454e-16,0.0,-0.0
219,10002,0.01,1,14,0.24,4,0.26499999999999996,5.0,True,-0.024999999999999967,0.09433962264150933,-1.0,0.2
219,10002,0.01,12,14,0.29,5,0.3416666666666666,6.0,True,-0.05166666666666664,0.1512195121951219,-1.0,0.16666666666666666
219,10002,0.01,33,14,0.36,6,0.42,7.333333333333333,True,-0.06,0.14285714285714285,-1.333333333333333,0.1818181818181818
219,10002,0.025,1,14,0.475,9,0.9033333333333333,18.0,True,-0.42833333333333334,0.474169741697417,-9.0,0.5
219,10002,0.025,12,14,0.415,8,0.7433333333333333,13.666666666666666,True,-0.3283333333333333,0.44170403587443946,-5.666666666666666,0.4146341463414634
219,10002,0.025,33,14,0.64,12,0.6016666666666667,11.0,True,0.03833333333333333,-0.06371191135734071,1.0,-0.09090909090909091
219,10002,0.1,1,14,1.0,20,1.0,20.0,True,0.0,-0.0,0.0,-0.0
219,10002,0.1,12,14,0.96,19,1.0,20.0,True,-0.040000000000000036,0.040000000000000036,-1.0,0.05
219,10002,0.1,33,14,0.995,20,0.9983333333333334,20.0,True,-0.0033333333333334103,0.003338898163606087,0.0,-0.0
219,10003,0.0,1,14,0.05,1,0.05000000000000001,1.0,True,-6.938893903907228e-18,1.3877787807814454e-16,0.0,-0.0
219,10003,0.0,12,14,0.05,1,0.05000000000000001,1.0,True,-6.938893903907228e-18,1.3877787807814454e-16,0.0,-0.0
219,10003,0.0,33,14,0.05,1,0.05000000000000001,1.0,False,-6.938893903907228e-18,1.3877787807814454e-16,0.0,-0.0
219,10003,0.01,1,14,0.22,4,0.22,4.0,True,0.0,-0.0,0.0,-0.0
219,10003,0.01,12,14,0.18,3,0.16333333333333333,3.0,True,0.016666666666666663,-0.10204081632653059,0.0,-0.0
219,10003,0.01,33,14,0.18,3,0.17333333333333334,3.0,True,0.006666666666666654,-0.03846153846153839,0.0,-0.0
219,10003,0.025,1,14,0.865,16,0.6066666666666666,10.666666666666666,True,0.2583333333333334,-0.42582417582417603,5.333333333333334,-0.5000000000000001
219,10003,0.025,12,14,0.7,12,0.6866666666666666,12.0,True,0.013333333333333308,-0.019417475728155303,0.0,-0.0
219,10003,0.025,33,14,0.805,15,0.9516666666666667,18.666666666666668,True,-0.1466666666666666,0.15411558669001746,-3.666666666666668,0.19642857142857148
219,10003,0.1,1,14,1.0,20,1.0,20.0,True,0.0,-0.0,0.0,-0.0
219,10003,0.1,12,14,1.0,20,1.0,20.0,True,0.0,-0.0,0.0,-0.0
219,10003,0.1,33,14,1.0,20,1.0,20.0,True,0.0,-0.0,0.0,-0.0
219,10004,0.0,1,14,0.05,1,0.05000000000000001,1.0,True,-6.938893903907228e-18,1.3877787807814454e-16,0.0,-0.0
219,10004,0.0,12,14,0.05,1,0.05000000000000001,1.0,True,-6.938893903907228e-18,1.3877787807814454e-16,0.0,-0.0
219,10004,0.0,33,14,0.05,1,0.05000000000000001,1.0,False,-6.938893903907228e-18,1.3877787807814454e-16,0.0,-0.0
219,10004,0.01,1,14,0.1,2,0.15166666666666667,2.3333333333333335,True,-0.051666666666666666,0.34065934065934067,-0.3333333333333335,0.1428571428571429
219,10004,0.01,12,14,0.175,3,0.18666666666666668,3.0,True,-0.011666666666666686,0.0625000000000001,0.0,-0.0
219,10004,0.01,33,14,0.18,3,0.18166666666666664,3.0,True,-0.0016666666666666496,0.009174311926605411,0.0,-0.0
219,10004,0.025,1,14,0.23,5,0.8083333333333332,15.666666666666666,True,-0.5783333333333333,0.7154639175257732,-10.666666666666666,0.6808510638297872
219,10004,0.025,12,14,0.79,15,0.81,14.333333333333334,True,-0.020000000000000018,0.024691358024691377,0.6666666666666661,-0.0465116279069767
219,10004,0.025,33,14,0.78,15,0.8216666666666667,15.0,True,-0.04166666666666663,0.05070993914807298,0.0,-0.0
219,10004,0.1,1,14,0.985,19,1.0,20.0,True,-0.015000000000000013,0.015000000000000013,-1.0,0.05
219,10004,0.1,12,14,0.995,20,1.0,20.0,True,-0.0050000000000000044,0.0050000000000000044,0.0,-0.0
219,10004,0.1,33,14,1.0,20,1.0,20.0,True,0.0,-0.0,0.0,-0.0
